{"type":"FeatureCollection","features":[{"type":"Feature","geometry":{"type":"Point","coordinates":[19.931438,50.088956]},"properties":{"name":"Krowodrza Górka P+R","band":0,"modes":"tram,bus","arr":["3","5","102","137","150","168","194","207","220","227","240","267","290","937"],"off":[0,-0.8],"sc":0.95}},{"type":"Feature","geometry":{"type":"Point","coordinates":[19.931438,50.088956]},"properties":{"line":"3","mode":"tram","color":"#d6212b","colorDark":"#7c1116","band":0,"sc":0.95,"off":[-6.8,1.1]}},{"type":"Feature","geometry":{"type":"Point","coordinates":[19.931438,50.088956]},"properties":{"line":"5","mode":"tram","color":"#d6212b","colorDark":"#7c1116","band":0,"sc":0.95,"off":[-3.4,1.1]}},{"type":"Feature","geometry":{"type":"Point","coordinates":[19.931438,50.088956]},"properties":{"line":"102","mode":"bus","color":"#0059a9","colorDark":"#00294f","band":0,"sc":0.95,"off":[0,1.1]}},{"type":"Feature","geometry":{"type":"Point","coordinates":[19.931438,50.088956]},"properties":{"line":"137","mode":"bus","color":"#0059a9","colorDark":"#00294f","band":0,"sc":0.95,"off":[3.4,1.1]}},{"type":"Feature","geometry":{"type":"Point","coordinates":[19.931438,50.088956]},"properties":{"line":"150","mode":"bus","color":"#0059a9","colorDark":"#00294f","band":0,"sc":0.95,"off":[6.8,1.1]}},{"type":"Feature","geometry":{"type":"Point","coordinates":[19.931438,50.088956]},"properties":{"line":"168","mode":"bus","color":"#0059a9","colorDark":"#00294f","band":0,"sc":0.95,"off":[-6.8,3.1]}},{"type":"Feature","geometry":{"type":"Point","coordinates":[19.931438,50.088956]},"properties":{"line":"194","mode":"bus","color":"#0059a9","colorDark":"#00294f","band":0,"sc":0.95,"off":[-3.4,3.1]}},{"type":"Feature","geometry":{"type":"Point","coordinates":[19.931438,50.088956]},"properties":{"line":"207","mode":"bus","color":"#0059a9","colorDark":"#00294f","band":0,"sc":0.95,"off":[0,3.1]}},{"type":"Feature","geometry":{"type":"Point","coordinates":[19.931438,50.088956]},"properties":{"line":"220","mode":"bus","color":"#0059a9","colorDark":"#00294f","band":0,"sc":0.95,"off":[3.4,3.1]}},{"type":"Feature","geometry":{"type":"Point","coordinates":[19.931438,50.088956]},"properties":{"line":"227","mode":"bus","color":"#0059a9","colorDark":"#00294f","band":0,"sc":0.95,"off":[6.8,3.1]}},{"type":"Feature","geometry":{"type":"Point","coordinates":[19.931438,50.088956]},"properties":{"line":"240","mode":"bus","color":"#0059a9","colorDark":"#00294f","band":0,"sc":0.95,"off":[-5.1,5.1]}},{"type":"Feature","geometry":{"type":"Point","coordinates":[19.931438,50.088956]},"properties":{"line":"267","mode":"bus","color":"#0059a9","colorDark":"#00294f","band":0,"sc":0.95,"off":[-1.7,5.1]}},{"type":"Feature","geometry":{"type":"Point","coordinates":[19.931438,50.088956]},"properties":{"line":"290","mode":"bus","color":"#0059a9","colorDark":"#00294f","band":0,"sc":0.95,"off":[1.7,5.1]}},{"type":"Feature","geometry":{"type":"Point","coordinates":[19.931438,50.088956]},"properties":{"line":"937","mode":"bus","color":"#000000","colorDark":"#000000","band":0,"sc":0.95,"off":[5.1,5.1]}},{"type":"Feature","geometry":{"type":"Point","coordinates":[19.819855,50.043295]},"properties":{"name":"Bielany","band":0,"modes":"bus","arr":["102","609"],"off":[0,-0.8]}},{"type":"Feature","geometry":{"type":"Point","coordinates":[19.819855,50.043295]},"properties":{"line":"102","mode":"bus","color":"#0059a9","colorDark":"#00294f","band":0,"off":[-1.7,1.1]}},{"type":"Feature","geometry":{"type":"Point","coordinates":[19.819855,50.043295]},"properties":{"line":"609","mode":"bus","color":"#000000","colorDark":"#000000","band":0,"off":[1.7,1.1]}},{"type":"Feature","geometry":{"type":"Point","coordinates":[19.847207,50.067862]},"properties":{"name":"Chełm","band":0,"modes":"bus","arr":["126"],"off":[0,-0.8]}},{"type":"Feature","geometry":{"type":"Point","coordinates":[19.847207,50.067862]},"properties":{"line":"126","mode":"bus","color":"#0059a9","colorDark":"#00294f","band":0,"off":[0,1.1]}},{"type":"Feature","geometry":{"type":"Point","coordinates":[19.92774,49.999783]},"properties":{"name":"Swoszowice SKA P+R","band":0,"modes":"bus","arr":["104","155"],"off":[0,-0.8]}},{"type":"Feature","geometry":{"type":"Point","coordinates":[19.92774,49.999783]},"properties":{"line":"104","mode":"bus","color":"#0059a9","colorDark":"#00294f","band":0,"off":[-1.7,1.1]}},{"type":"Feature","geometry":{"type":"Point","coordinates":[19.92774,49.999783]},"properties":{"line":"155","mode":"bus","color":"#0059a9","colorDark":"#00294f","band":0,"off":[1.7,1.1]}},{"type":"Feature","geometry":{"type":"Point","coordinates":[19.897178,49.998655]},"properties":{"name":"Kliny","band":0,"modes":"bus","arr":["151","191","194","494","608"],"off":[0,-0.8]}},{"type":"Feature","geometry":{"type":"Point","coordinates":[19.897178,49.998655]},"properties":{"line":"151","mode":"bus","color":"#0059a9","colorDark":"#00294f","band":0,"off":[-6.8,1.1]}},{"type":"Feature","geometry":{"type":"Point","coordinates":[19.897178,49.998655]},"properties":{"line":"191","mode":"bus","color":"#0059a9","colorDark":"#00294f","band":0,"off":[-3.4,1.1]}},{"type":"Feature","geometry":{"type":"Point","coordinates":[19.897178,49.998655]},"properties":{"line":"194","mode":"bus","color":"#0059a9","colorDark":"#00294f","band":0,"off":[0,1.1]}},{"type":"Feature","geometry":{"type":"Point","coordinates":[19.897178,49.998655]},"properties":{"line":"494","mode":"bus","color":"#0059a9","colorDark":"#00294f","band":0,"off":[3.4,1.1]}},{"type":"Feature","geometry":{"type":"Point","coordinates":[19.897178,49.998655]},"properties":{"line":"608","mode":"bus","color":"#000000","colorDark":"#000000","band":0,"off":[6.8,1.1]}},{"type":"Feature","geometry":{"type":"Point","coordinates":[19.889249,50.018088]},"properties":{"name":"Czerwone Maki P+R","band":0,"modes":"tram,bus","arr":["11","18","52","77","104","116","156","203","204","223","233","253","283","476","62","662","903"],"off":[0,-0.8],"sc":0.9}},{"type":"Feature","geometry":{"type":"Point","coordinates":[19.889249,50.018088]},"properties":{"line":"11","mode":"tram","color":"#d6212b","colorDark":"#7c1116","band":0,"sc":0.9,"off":[-6.8,1.1]}},{"type":"Feature","geometry":{"type":"Point","coordinates":[19.889249,50.018088]},"properties":{"line":"18","mode":"tram","color":"#d6212b","colorDark":"#7c1116","band":0,"sc":0.9,"off":[-3.4,1.1]}},{"type":"Feature","geometry":{"type":"Point","coordinates":[19.889249,50.018088]},"properties":{"line":"52","mode":"tram","color":"#d6212b","colorDark":"#7c1116","band":0,"sc":0.9,"off":[0,1.1]}},{"type":"Feature","geometry":{"type":"Point","coordinates":[19.889249,50.018088]},"properties":{"line":"77","mode":"tram","color":"#d6212b","colorDark":"#7c1116","band":0,"sc":0.9,"off":[3.4,1.1]}},{"type":"Feature","geometry":{"type":"Point","coordinates":[19.889249,50.018088]},"properties":{"line":"104","mode":"bus","color":"#0059a9","colorDark":"#00294f","band":0,"sc":0.9,"off":[6.8,1.1]}},{"type":"Feature","geometry":{"type":"Point","coordinates":[19.889249,50.018088]},"properties":{"line":"116","mode":"bus","color":"#0059a9","colorDark":"#00294f","band":0,"sc":0.9,"off":[-6.8,3.1]}},{"type":"Feature","geometry":{"type":"Point","coordinates":[19.889249,50.018088]},"properties":{"line":"156","mode":"bus","color":"#0059a9","colorDark":"#00294f","band":0,"sc":0.9,"off":[-3.4,3.1]}},{"type":"Feature","geometry":{"type":"Point","coordinates":[19.889249,50.018088]},"properties":{"line":"203","mode":"bus","color":"#0059a9","colorDark":"#00294f","band":0,"sc":0.9,"off":[0,3.1]}},{"type":"Feature","geometry":{"type":"Point","coordinates":[19.889249,50.018088]},"properties":{"line":"204","mode":"bus","color":"#0059a9","colorDark":"#00294f","band":0,"sc":0.9,"off":[3.4,3.1]}},{"type":"Feature","geometry":{"type":"Point","coordinates":[19.889249,50.018088]},"properties":{"line":"223","mode":"bus","color":"#0059a9","colorDark":"#00294f","band":0,"sc":0.9,"off":[6.8,3.1]}},{"type":"Feature","geometry":{"type":"Point","coordinates":[19.889249,50.018088]},"properties":{"line":"233","mode":"bus","color":"#0059a9","colorDark":"#00294f","band":0,"sc":0.9,"off":[-6.8,5.1]}},{"type":"Feature","geometry":{"type":"Point","coordinates":[19.889249,50.018088]},"properties":{"line":"253","mode":"bus","color":"#0059a9","colorDark":"#00294f","band":0,"sc":0.9,"off":[-3.4,5.1]}},{"type":"Feature","geometry":{"type":"Point","coordinates":[19.889249,50.018088]},"properties":{"line":"283","mode":"bus","color":"#0059a9","colorDark":"#00294f","band":0,"sc":0.9,"off":[0,5.1]}},{"type":"Feature","geometry":{"type":"Point","coordinates":[19.889249,50.018088]},"properties":{"line":"476","mode":"bus","color":"#0059a9","colorDark":"#00294f","band":0,"sc":0.9,"off":[3.4,5.1]}},{"type":"Feature","geometry":{"type":"Point","coordinates":[19.889249,50.018088]},"properties":{"line":"62","mode":"tram","color":"#000000","colorDark":"#000000","band":0,"sc":0.9,"off":[6.8,5.1]}},{"type":"Feature","geometry":{"type":"Point","coordinates":[19.889249,50.018088]},"properties":{"line":"662","mode":"bus","color":"#000000","colorDark":"#000000","band":0,"sc":0.9,"off":[-1.7,7.1]}},{"type":"Feature","geometry":{"type":"Point","coordinates":[19.889249,50.018088]},"properties":{"line":"903","mode":"bus","color":"#000000","colorDark":"#000000","band":0,"sc":0.9,"off":[1.7,7.1]}},{"type":"Feature","geometry":{"type":"Point","coordinates":[20.012427,50.102006]},"properties":{"name":"Os. Piastów","band":0,"modes":"tram,bus","arr":["21","52","105","664"],"off":[0,-0.8]}},{"type":"Feature","geometry":{"type":"Point","coordinates":[20.012427,50.102006]},"properties":{"line":"21","mode":"tram","color":"#d6212b","colorDark":"#7c1116","band":0,"off":[-5.1,1.1]}},{"type":"Feature","geometry":{"type":"Point","coordinates":[20.012427,50.102006]},"properties":{"line":"52","mode":"tram","color":"#d6212b","colorDark":"#7c1116","band":0,"off":[-1.7,1.1]}},{"type":"Feature","geometry":{"type":"Point","coordinates":[20.012427,50.102006]},"properties":{"line":"105","mode":"bus","color":"#0059a9","colorDark":"#00294f","band":0,"off":[1.7,1.1]}},{"type":"Feature","geometry":{"type":"Point","coordinates":[20.012427,50.102006]},"properties":{"line":"664","mode":"bus","color":"#000000","colorDark":"#000000","band":0,"off":[5.1,1.1]}},{"type":"Feature","geometry":{"type":"Point","coordinates":[19.974275,50.096778]},"properties":{"name":"Prądnik Czerwony P+R","band":0,"modes":"bus","arr":["199","250","260","270","405","610"],"off":[0,-0.8]}},{"type":"Feature","geometry":{"type":"Point","coordinates":[19.974275,50.096778]},"properties":{"line":"199","mode":"bus","color":"#0059a9","colorDark":"#00294f","band":0,"off":[-6.8,1.1]}},{"type":"Feature","geometry":{"type":"Point","coordinates":[19.974275,50.096778]},"properties":{"line":"250","mode":"bus","color":"#0059a9","colorDark":"#00294f","band":0,"off":[-3.4,1.1]}},{"type":"Feature","geometry":{"type":"Point","coordinates":[19.974275,50.096778]},"properties":{"line":"260","mode":"bus","color":"#0059a9","colorDark":"#00294f","band":0,"off":[0,1.1]}},{"type":"Feature","geometry":{"type":"Point","coordinates":[19.974275,50.096778]},"properties":{"line":"270","mode":"bus","color":"#0059a9","colorDark":"#00294f","band":0,"off":[3.4,1.1]}},{"type":"Feature","geometry":{"type":"Point","coordinates":[19.974275,50.096778]},"properties":{"line":"405","mode":"bus","color":"#0059a9","colorDark":"#00294f","band":0,"off":[6.8,1.1]}},{"type":"Feature","geometry":{"type":"Point","coordinates":[19.974275,50.096778]},"properties":{"line":"610","mode":"bus","color":"#000000","colorDark":"#000000","band":0,"off":[0,3.1]}},{"type":"Feature","geometry":{"type":"Point","coordinates":[19.947343,50.07017]},"properties":{"name":"Kraków Główny","band":0,"modes":"bus,metro","arr":["105","125","130","132","179","182","192","304","317","405","482","Dunajec","Hubal","Luxtorpeda","SKA1","SKA2","SKA3","609","902"],"off":[0,-0.8],"sc":0.87}},{"type":"Feature","geometry":{"type":"Point","coordinates":[19.947343,50.07017]},"properties":{"name":"Dworzec Główny Zachód","band":0,"modes":"bus,metro","arr":["105","125","130","132","179","182","192","304","317","405","482","Dunajec","Hubal","Luxtorpeda","SKA1","SKA2","SKA3","609","902"],"off":[0,-1.9],"sc":0.87}},{"type":"Feature","geometry":{"type":"Point","coordinates":[19.947343,50.07017]},"properties":{"name":"Dworzec Główny Wschód","band":0,"modes":"bus,metro","arr":["105","125","130","132","179","182","192","304","317","405","482","Dunajec","Hubal","Luxtorpeda","SKA1","SKA2","SKA3","609","902"],"off":[0,-4.1],"sc":0.87}},{"type":"Feature","geometry":{"type":"Point","coordinates":[19.947343,50.07017]},"properties":{"line":"105","mode":"bus","color":"#0059a9","colorDark":"#00294f","band":0,"sc":0.87,"off":[-6.8,1.1]}},{"type":"Feature","geometry":{"type":"Point","coordinates":[19.947343,50.07017]},"properties":{"line":"125","mode":"bus","color":"#0059a9","colorDark":"#00294f","band":0,"sc":0.87,"off":[-3.4,1.1]}},{"type":"Feature","geometry":{"type":"Point","coordinates":[19.947343,50.07017]},"properties":{"line":"130","mode":"bus","color":"#0059a9","colorDark":"#00294f","band":0,"sc":0.87,"off":[0,1.1]}},{"type":"Feature","geometry":{"type":"Point","coordinates":[19.947343,50.07017]},"properties":{"line":"132","mode":"bus","color":"#0059a9","colorDark":"#00294f","band":0,"sc":0.87,"off":[3.4,1.1]}},{"type":"Feature","geometry":{"type":"Point","coordinates":[19.947343,50.07017]},"properties":{"line":"179","mode":"bus","color":"#0059a9","colorDark":"#00294f","band":0,"sc":0.87,"off":[6.8,1.1]}},{"type":"Feature","geometry":{"type":"Point","coordinates":[19.947343,50.07017]},"properties":{"line":"182","mode":"bus","color":"#0059a9","colorDark":"#00294f","band":0,"sc":0.87,"off":[-6.8,3.1]}},{"type":"Feature","geometry":{"type":"Point","coordinates":[19.947343,50.07017]},"properties":{"line":"192","mode":"bus","color":"#0059a9","colorDark":"#00294f","band":0,"sc":0.87,"off":[-3.4,3.1]}},{"type":"Feature","geometry":{"type":"Point","coordinates":[19.947343,50.07017]},"properties":{"line":"304","mode":"bus","color":"#0059a9","colorDark":"#00294f","band":0,"sc":0.87,"off":[0,3.1]}},{"type":"Feature","geometry":{"type":"Point","coordinates":[19.947343,50.07017]},"properties":{"line":"317","mode":"bus","color":"#0059a9","colorDark":"#00294f","band":0,"sc":0.87,"off":[3.4,3.1]}},{"type":"Feature","geometry":{"type":"Point","coordinates":[19.947343,50.07017]},"properties":{"line":"405","mode":"bus","color":"#0059a9","colorDark":"#00294f","band":0,"sc":0.87,"off":[6.8,3.1]}},{"type":"Feature","geometry":{"type":"Point","coordinates":[19.947343,50.07017]},"properties":{"line":"482","mode":"bus","color":"#0059a9","colorDark":"#00294f","band":0,"sc":0.87,"off":[-6.8,5.1]}},{"type":"Feature","geometry":{"type":"Point","coordinates":[19.947343,50.07017]},"properties":{"line":"Dunajec","mode":"tram","color":"#a518a3","colorDark":"#5a0c59","band":0,"metro":1,"sc":0.87,"off":[-3.4,5.1]}},{"type":"Feature","geometry":{"type":"Point","coordinates":[19.947343,50.07017]},"properties":{"line":"Hubal","mode":"tram","color":"#a518a3","colorDark":"#5a0c59","band":0,"metro":1,"sc":0.87,"off":[0,5.1]}},{"type":"Feature","geometry":{"type":"Point","coordinates":[19.947343,50.07017]},"properties":{"line":"Luxtorpeda","mode":"tram","color":"#a518a3","colorDark":"#5a0c59","band":0,"metro":1,"sc":0.87,"off":[3.4,5.1]}},{"type":"Feature","geometry":{"type":"Point","coordinates":[19.947343,50.07017]},"properties":{"line":"SKA1","mode":"tram","color":"#60B6F0","colorDark":"#356484","band":0,"metro":1,"sc":0.87,"off":[6.8,5.1]}},{"type":"Feature","geometry":{"type":"Point","coordinates":[19.947343,50.07017]},"properties":{"line":"SKA2","mode":"tram","color":"#D4328A","colorDark":"#751c4c","band":0,"metro":1,"sc":0.87,"off":[-5.1,7.1]}},{"type":"Feature","geometry":{"type":"Point","coordinates":[19.947343,50.07017]},"properties":{"line":"SKA3","mode":"tram","color":"#F2C43B","colorDark":"#856c20","band":0,"metro":1,"sc":0.87,"off":[-1.7,7.1]}},{"type":"Feature","geometry":{"type":"Point","coordinates":[19.947343,50.07017]},"properties":{"line":"609","mode":"bus","color":"#000000","colorDark":"#000000","band":0,"sc":0.87,"off":[1.7,7.1]}},{"type":"Feature","geometry":{"type":"Point","coordinates":[19.947343,50.07017]},"properties":{"line":"902","mode":"bus","color":"#000000","colorDark":"#000000","band":0,"sc":0.87,"off":[5.1,7.1]}},{"type":"Feature","geometry":{"type":"Point","coordinates":[19.960381,50.023326]},"properties":{"name":"Zajezdnia Wola Duchacka","band":0,"modes":"bus","arr":["107","169"],"off":[0,-0.8]}},{"type":"Feature","geometry":{"type":"Point","coordinates":[19.960381,50.023326]},"properties":{"line":"107","mode":"bus","color":"#0059a9","colorDark":"#00294f","band":0,"off":[-1.7,1.1]}},{"type":"Feature","geometry":{"type":"Point","coordinates":[19.960381,50.023326]},"properties":{"line":"169","mode":"bus","color":"#0059a9","colorDark":"#00294f","band":0,"off":[1.7,1.1]}},{"type":"Feature","geometry":{"type":"Point","coordinates":[19.990106,49.979671]},"properties":{"name":"Soboniowice","band":0,"modes":"bus","arr":["107"],"off":[0,-0.8]}},{"type":"Feature","geometry":{"type":"Point","coordinates":[19.990106,49.979671]},"properties":{"line":"107","mode":"bus","color":"#0059a9","colorDark":"#00294f","band":0,"off":[0,1.1]}},{"type":"Feature","geometry":{"type":"Point","coordinates":[20.117115,50.072826]},"properties":{"name":"Pleszów","band":0,"modes":"tram,bus","arr":["10","21","111","160","161","171","211","271"],"off":[0,-0.8]}},{"type":"Feature","geometry":{"type":"Point","coordinates":[20.117115,50.072826]},"properties":{"line":"10","mode":"tram","color":"#d6212b","colorDark":"#7c1116","band":0,"off":[-6.8,1.1]}},{"type":"Feature","geometry":{"type":"Point","coordinates":[20.117115,50.072826]},"properties":{"line":"21","mode":"tram","color":"#d6212b","colorDark":"#7c1116","band":0,"off":[-3.4,1.1]}},{"type":"Feature","geometry":{"type":"Point","coordinates":[20.117115,50.072826]},"properties":{"line":"111","mode":"bus","color":"#0059a9","colorDark":"#00294f","band":0,"off":[0,1.1]}},{"type":"Feature","geometry":{"type":"Point","coordinates":[20.117115,50.072826]},"properties":{"line":"160","mode":"bus","color":"#0059a9","colorDark":"#00294f","band":0,"off":[3.4,1.1]}},{"type":"Feature","geometry":{"type":"Point","coordinates":[20.117115,50.072826]},"properties":{"line":"161","mode":"bus","color":"#0059a9","colorDark":"#00294f","band":0,"off":[6.8,1.1]}},{"type":"Feature","geometry":{"type":"Point","coordinates":[20.117115,50.072826]},"properties":{"line":"171","mode":"bus","color":"#0059a9","colorDark":"#00294f","band":0,"off":[-3.4,3.1]}},{"type":"Feature","geometry":{"type":"Point","coordinates":[20.117115,50.072826]},"properties":{"line":"211","mode":"bus","color":"#0059a9","colorDark":"#00294f","band":0,"off":[0,3.1]}},{"type":"Feature","geometry":{"type":"Point","coordinates":[20.117115,50.072826]},"properties":{"line":"271","mode":"bus","color":"#0059a9","colorDark":"#00294f","band":0,"off":[3.4,3.1]}},{"type":"Feature","geometry":{"type":"Point","coordinates":[19.814497,50.008312]},"properties":{"name":"Tyniec Kamieniołom","band":0,"modes":"bus","arr":["112"],"off":[0,-0.8]}},{"type":"Feature","geometry":{"type":"Point","coordinates":[19.814497,50.008312]},"properties":{"line":"112","mode":"bus","color":"#0059a9","colorDark":"#00294f","band":0,"off":[0,1.1]}},{"type":"Feature","geometry":{"type":"Point","coordinates":[19.932909,50.04668]},"properties":{"name":"Os. Podwawelskie","band":0,"modes":"bus","arr":["112","124","126","146","162","219","300","424","708","A49","A60","LR0"],"off":[0,-0.8]}},{"type":"Feature","geometry":{"type":"Point","coordinates":[19.932909,50.04668]},"properties":{"name":"Kraków Os. Podwawelskie","band":0,"modes":"bus","arr":["112","124","126","146","162","219","300","424","708","A49","A60","LR0"],"off":[0,-1.9]}},{"type":"Feature","geometry":{"type":"Point","coordinates":[19.932909,50.04668]},"properties":{"line":"112","mode":"bus","color":"#0059a9","colorDark":"#00294f","band":0,"off":[-6.8,1.1]}},{"type":"Feature","geometry":{"type":"Point","coordinates":[19.932909,50.04668]},"properties":{"line":"124","mode":"bus","color":"#0059a9","colorDark":"#00294f","band":0,"off":[-3.4,1.1]}},{"type":"Feature","geometry":{"type":"Point","coordinates":[19.932909,50.04668]},"properties":{"line":"126","mode":"bus","color":"#0059a9","colorDark":"#00294f","band":0,"off":[0,1.1]}},{"type":"Feature","geometry":{"type":"Point","coordinates":[19.932909,50.04668]},"properties":{"line":"146","mode":"bus","color":"#0059a9","colorDark":"#00294f","band":0,"off":[3.4,1.1]}},{"type":"Feature","geometry":{"type":"Point","coordinates":[19.932909,50.04668]},"properties":{"line":"162","mode":"bus","color":"#0059a9","colorDark":"#00294f","band":0,"off":[6.8,1.1]}},{"type":"Feature","geometry":{"type":"Point","coordinates":[19.932909,50.04668]},"properties":{"line":"219","mode":"bus","color":"#0059a9","colorDark":"#00294f","band":0,"off":[-6.8,3.1]}},{"type":"Feature","geometry":{"type":"Point","coordinates":[19.932909,50.04668]},"properties":{"line":"300","mode":"bus","color":"#0059a9","colorDark":"#00294f","band":0,"off":[-3.4,3.1]}},{"type":"Feature","geometry":{"type":"Point","coordinates":[19.932909,50.04668]},"properties":{"line":"424","mode":"bus","color":"#0059a9","colorDark":"#00294f","band":0,"off":[0,3.1]}},{"type":"Feature","geometry":{"type":"Point","coordinates":[19.932909,50.04668]},"properties":{"line":"708","mode":"bus","color":"#0059a9","colorDark":"#00294f","band":0,"off":[3.4,3.1]}},{"type":"Feature","geometry":{"type":"Point","coordinates":[19.932909,50.04668]},"properties":{"line":"A49","mode":"bus","color":"#0059a9","colorDark":"#00294f","band":0,"off":[6.8,3.1]}},{"type":"Feature","geometry":{"type":"Point","coordinates":[19.932909,50.04668]},"properties":{"line":"A60","mode":"bus","color":"#0059a9","colorDark":"#00294f","band":0,"off":[-1.7,5.1]}},{"type":"Feature","geometry":{"type":"Point","coordinates":[19.932909,50.04668]},"properties":{"line":"LR0","mode":"bus","color":"#0059a9","colorDark":"#00294f","band":0,"off":[1.7,5.1]}},{"type":"Feature","geometry":{"type":"Point","coordinates":[20.005434,50.058021]},"properties":{"name":"Galicyjska","band":0,"modes":"bus","arr":["113"],"off":[0,-0.8]}},{"type":"Feature","geometry":{"type":"Point","coordinates":[20.005434,50.058021]},"properties":{"line":"113","mode":"bus","color":"#0059a9","colorDark":"#00294f","band":0,"off":[0,1.1]}},{"type":"Feature","geometry":{"type":"Point","coordinates":[20.015237,50.075143]},"properties":{"name":"Czyżyny Dworzec","band":0,"modes":"bus","arr":["113","148","202","212","222","232","262","A50","A57","611"],"off":[0,-0.8]}},{"type":"Feature","geometry":{"type":"Point","coordinates":[20.015237,50.075143]},"properties":{"line":"113","mode":"bus","color":"#0059a9","colorDark":"#00294f","band":0,"off":[-6.8,1.1]}},{"type":"Feature","geometry":{"type":"Point","coordinates":[20.015237,50.075143]},"properties":{"line":"148","mode":"bus","color":"#0059a9","colorDark":"#00294f","band":0,"off":[-3.4,1.1]}},{"type":"Feature","geometry":{"type":"Point","coordinates":[20.015237,50.075143]},"properties":{"line":"202","mode":"bus","color":"#0059a9","colorDark":"#00294f","band":0,"off":[0,1.1]}},{"type":"Feature","geometry":{"type":"Point","coordinates":[20.015237,50.075143]},"properties":{"line":"212","mode":"bus","color":"#0059a9","colorDark":"#00294f","band":0,"off":[3.4,1.1]}},{"type":"Feature","geometry":{"type":"Point","coordinates":[20.015237,50.075143]},"properties":{"line":"222","mode":"bus","color":"#0059a9","colorDark":"#00294f","band":0,"off":[6.8,1.1]}},{"type":"Feature","geometry":{"type":"Point","coordinates":[20.015237,50.075143]},"properties":{"line":"232","mode":"bus","color":"#0059a9","colorDark":"#00294f","band":0,"off":[-6.8,3.1]}},{"type":"Feature","geometry":{"type":"Point","coordinates":[20.015237,50.075143]},"properties":{"line":"262","mode":"bus","color":"#0059a9","colorDark":"#00294f","band":0,"off":[-3.4,3.1]}},{"type":"Feature","geometry":{"type":"Point","coordinates":[20.015237,50.075143]},"properties":{"line":"A50","mode":"bus","color":"#0059a9","colorDark":"#00294f","band":0,"off":[0,3.1]}},{"type":"Feature","geometry":{"type":"Point","coordinates":[20.015237,50.075143]},"properties":{"line":"A57","mode":"bus","color":"#0059a9","colorDark":"#00294f","band":0,"off":[3.4,3.1]}},{"type":"Feature","geometry":{"type":"Point","coordinates":[20.015237,50.075143]},"properties":{"line":"611","mode":"bus","color":"#000000","colorDark":"#000000","band":0,"off":[6.8,3.1]}},{"type":"Feature","geometry":{"type":"Point","coordinates":[19.844449,50.006404]},"properties":{"name":"Podgórki Tynieckie","band":0,"modes":"bus","arr":["116","162"],"off":[0,-0.8]}},{"type":"Feature","geometry":{"type":"Point","coordinates":[19.844449,50.006404]},"properties":{"line":"116","mode":"bus","color":"#0059a9","colorDark":"#00294f","band":0,"off":[-1.7,1.1]}},{"type":"Feature","geometry":{"type":"Point","coordinates":[19.844449,50.006404]},"properties":{"line":"162","mode":"bus","color":"#0059a9","colorDark":"#00294f","band":0,"off":[1.7,1.1]}},{"type":"Feature","geometry":{"type":"Point","coordinates":[19.938258,50.075392]},"properties":{"name":"Nowy Kleparz","band":0,"modes":"tram,bus","arr":["14","20","120","140","189","301","337","420","502"],"off":[0,-0.8]}},{"type":"Feature","geometry":{"type":"Point","coordinates":[19.938258,50.075392]},"properties":{"name":"Dworzec Towarowy","band":0,"modes":"tram,bus","arr":["14","20","120","140","189","301","337","420","502"],"off":[0,-1.9]}},{"type":"Feature","geometry":{"type":"Point","coordinates":[19.938258,50.075392]},"properties":{"line":"14","mode":"tram","color":"#d6212b","colorDark":"#7c1116","band":0,"off":[-6.8,1.1]}},{"type":"Feature","geometry":{"type":"Point","coordinates":[19.938258,50.075392]},"properties":{"line":"20","mode":"tram","color":"#d6212b","colorDark":"#7c1116","band":0,"off":[-3.4,1.1]}},{"type":"Feature","geometry":{"type":"Point","coordinates":[19.938258,50.075392]},"properties":{"line":"120","mode":"bus","color":"#0059a9","colorDark":"#00294f","band":0,"off":[0,1.1]}},{"type":"Feature","geometry":{"type":"Point","coordinates":[19.938258,50.075392]},"properties":{"line":"140","mode":"bus","color":"#0059a9","colorDark":"#00294f","band":0,"off":[3.4,1.1]}},{"type":"Feature","geometry":{"type":"Point","coordinates":[19.938258,50.075392]},"properties":{"line":"189","mode":"bus","color":"#0059a9","colorDark":"#00294f","band":0,"off":[6.8,1.1]}},{"type":"Feature","geometry":{"type":"Point","coordinates":[19.938258,50.075392]},"properties":{"line":"301","mode":"bus","color":"#0059a9","colorDark":"#00294f","band":0,"off":[-5.1,3.1]}},{"type":"Feature","geometry":{"type":"Point","coordinates":[19.938258,50.075392]},"properties":{"line":"337","mode":"bus","color":"#0059a9","colorDark":"#00294f","band":0,"off":[-1.7,3.1]}},{"type":"Feature","geometry":{"type":"Point","coordinates":[19.938258,50.075392]},"properties":{"line":"420","mode":"bus","color":"#0059a9","colorDark":"#00294f","band":0,"off":[1.7,3.1]}},{"type":"Feature","geometry":{"type":"Point","coordinates":[19.938258,50.075392]},"properties":{"line":"502","mode":"bus","color":"#0059a9","colorDark":"#00294f","band":0,"off":[5.1,3.1]}},{"type":"Feature","geometry":{"type":"Point","coordinates":[19.87802,50.081091]},"properties":{"name":"Lindego","band":0,"modes":"bus","arr":["120","200","210","218","228","230","238","248","258","268","278","288","298","572","704","708","664","910","918","948"],"off":[0,-0.8],"sc":0.86}},{"type":"Feature","geometry":{"type":"Point","coordinates":[19.87802,50.081091]},"properties":{"name":"Bronowice Małe","band":0,"modes":"bus","arr":["120","200","210","218","228","230","238","248","258","268","278","288","298","572","704","708","664","910","918","948"],"off":[0,-1.9],"sc":0.86}},{"type":"Feature","geometry":{"type":"Point","coordinates":[19.87802,50.081091]},"properties":{"line":"120","mode":"bus","color":"#0059a9","colorDark":"#00294f","band":0,"sc":0.86,"off":[-6.8,1.1]}},{"type":"Feature","geometry":{"type":"Point","coordinates":[19.87802,50.081091]},"properties":{"line":"200","mode":"bus","color":"#0059a9","colorDark":"#00294f","band":0,"sc":0.86,"off":[-3.4,1.1]}},{"type":"Feature","geometry":{"type":"Point","coordinates":[19.87802,50.081091]},"properties":{"line":"210","mode":"bus","color":"#0059a9","colorDark":"#00294f","band":0,"sc":0.86,"off":[0,1.1]}},{"type":"Feature","geometry":{"type":"Point","coordinates":[19.87802,50.081091]},"properties":{"line":"218","mode":"bus","color":"#0059a9","colorDark":"#00294f","band":0,"sc":0.86,"off":[3.4,1.1]}},{"type":"Feature","geometry":{"type":"Point","coordinates":[19.87802,50.081091]},"properties":{"line":"228","mode":"bus","color":"#0059a9","colorDark":"#00294f","band":0,"sc":0.86,"off":[6.8,1.1]}},{"type":"Feature","geometry":{"type":"Point","coordinates":[19.87802,50.081091]},"properties":{"line":"230","mode":"bus","color":"#0059a9","colorDark":"#00294f","band":0,"sc":0.86,"off":[-6.8,3.1]}},{"type":"Feature","geometry":{"type":"Point","coordinates":[19.87802,50.081091]},"properties":{"line":"238","mode":"bus","color":"#0059a9","colorDark":"#00294f","band":0,"sc":0.86,"off":[-3.4,3.1]}},{"type":"Feature","geometry":{"type":"Point","coordinates":[19.87802,50.081091]},"properties":{"line":"248","mode":"bus","color":"#0059a9","colorDark":"#00294f","band":0,"sc":0.86,"off":[0,3.1]}},{"type":"Feature","geometry":{"type":"Point","coordinates":[19.87802,50.081091]},"properties":{"line":"258","mode":"bus","color":"#0059a9","colorDark":"#00294f","band":0,"sc":0.86,"off":[3.4,3.1]}},{"type":"Feature","geometry":{"type":"Point","coordinates":[19.87802,50.081091]},"properties":{"line":"268","mode":"bus","color":"#0059a9","colorDark":"#00294f","band":0,"sc":0.86,"off":[6.8,3.1]}},{"type":"Feature","geometry":{"type":"Point","coordinates":[19.87802,50.081091]},"properties":{"line":"278","mode":"bus","color":"#0059a9","colorDark":"#00294f","band":0,"sc":0.86,"off":[-6.8,5.1]}},{"type":"Feature","geometry":{"type":"Point","coordinates":[19.87802,50.081091]},"properties":{"line":"288","mode":"bus","color":"#0059a9","colorDark":"#00294f","band":0,"sc":0.86,"off":[-3.4,5.1]}},{"type":"Feature","geometry":{"type":"Point","coordinates":[19.87802,50.081091]},"properties":{"line":"298","mode":"bus","color":"#0059a9","colorDark":"#00294f","band":0,"sc":0.86,"off":[0,5.1]}},{"type":"Feature","geometry":{"type":"Point","coordinates":[19.87802,50.081091]},"properties":{"line":"572","mode":"bus","color":"#0059a9","colorDark":"#00294f","band":0,"sc":0.86,"off":[3.4,5.1]}},{"type":"Feature","geometry":{"type":"Point","coordinates":[19.87802,50.081091]},"properties":{"line":"704","mode":"bus","color":"#0059a9","colorDark":"#00294f","band":0,"sc":0.86,"off":[6.8,5.1]}},{"type":"Feature","geometry":{"type":"Point","coordinates":[19.87802,50.081091]},"properties":{"line":"708","mode":"bus","color":"#0059a9","colorDark":"#00294f","band":0,"sc":0.86,"off":[-6.8,7.1]}},{"type":"Feature","geometry":{"type":"Point","coordinates":[19.87802,50.081091]},"properties":{"line":"664","mode":"bus","color":"#000000","colorDark":"#000000","band":0,"sc":0.86,"off":[-3.4,7.1]}},{"type":"Feature","geometry":{"type":"Point","coordinates":[19.87802,50.081091]},"properties":{"line":"910","mode":"bus","color":"#000000","colorDark":"#000000","band":0,"sc":0.86,"off":[0,7.1]}},{"type":"Feature","geometry":{"type":"Point","coordinates":[19.87802,50.081091]},"properties":{"line":"918","mode":"bus","color":"#000000","colorDark":"#000000","band":0,"sc":0.86,"off":[3.4,7.1]}},{"type":"Feature","geometry":{"type":"Point","coordinates":[19.87802,50.081091]},"properties":{"line":"948","mode":"bus","color":"#000000","colorDark":"#000000","band":0,"sc":0.86,"off":[6.8,7.1]}},{"type":"Feature","geometry":{"type":"Point","coordinates":[19.892409,50.086934]},"properties":{"name":"Rondo Ofiar Katynia","band":0,"modes":"bus","arr":["140","258"],"off":[0,-0.8]}},{"type":"Feature","geometry":{"type":"Point","coordinates":[19.892409,50.086934]},"properties":{"name":"Radzikowskiego Osiedle","band":0,"modes":"bus","arr":["140","258"],"off":[0,-3]}},{"type":"Feature","geometry":{"type":"Point","coordinates":[19.892409,50.086934]},"properties":{"line":"140","mode":"bus","color":"#0059a9","colorDark":"#00294f","band":0,"off":[-1.7,1.1]}},{"type":"Feature","geometry":{"type":"Point","coordinates":[19.892409,50.086934]},"properties":{"line":"258","mode":"bus","color":"#0059a9","colorDark":"#00294f","band":0,"off":[1.7,1.1]}},{"type":"Feature","geometry":{"type":"Point","coordinates":[19.911619,49.995364]},"properties":{"name":"Kliny Poranne","band":0,"modes":"bus","arr":["121"],"off":[0,-0.8]}},{"type":"Feature","geometry":{"type":"Point","coordinates":[19.911619,49.995364]},"properties":{"line":"121","mode":"bus","color":"#0059a9","colorDark":"#00294f","band":0,"off":[0,1.1]}},{"type":"Feature","geometry":{"type":"Point","coordinates":[19.926829,50.012217]},"properties":{"name":"Borek Fałęcki","band":0,"modes":"tram,bus","arr":["8","22","50","121","151","175","191","214","215","225","235","243","245","254","255","265","275","285","293","475"],"off":[0,-0.8],"sc":0.86}},{"type":"Feature","geometry":{"type":"Point","coordinates":[19.926829,50.012217]},"properties":{"line":"8","mode":"tram","color":"#d6212b","colorDark":"#7c1116","band":0,"sc":0.86,"off":[-6.8,1.1]}},{"type":"Feature","geometry":{"type":"Point","coordinates":[19.926829,50.012217]},"properties":{"line":"22","mode":"tram","color":"#d6212b","colorDark":"#7c1116","band":0,"sc":0.86,"off":[-3.4,1.1]}},{"type":"Feature","geometry":{"type":"Point","coordinates":[19.926829,50.012217]},"properties":{"line":"50","mode":"tram","color":"#d6212b","colorDark":"#7c1116","band":0,"sc":0.86,"off":[0,1.1]}},{"type":"Feature","geometry":{"type":"Point","coordinates":[19.926829,50.012217]},"properties":{"line":"121","mode":"bus","color":"#0059a9","colorDark":"#00294f","band":0,"sc":0.86,"off":[3.4,1.1]}},{"type":"Feature","geometry":{"type":"Point","coordinates":[19.926829,50.012217]},"properties":{"line":"151","mode":"bus","color":"#0059a9","colorDark":"#00294f","band":0,"sc":0.86,"off":[6.8,1.1]}},{"type":"Feature","geometry":{"type":"Point","coordinates":[19.926829,50.012217]},"properties":{"line":"175","mode":"bus","color":"#0059a9","colorDark":"#00294f","band":0,"sc":0.86,"off":[-6.8,3.1]}},{"type":"Feature","geometry":{"type":"Point","coordinates":[19.926829,50.012217]},"properties":{"line":"191","mode":"bus","color":"#0059a9","colorDark":"#00294f","band":0,"sc":0.86,"off":[-3.4,3.1]}},{"type":"Feature","geometry":{"type":"Point","coordinates":[19.926829,50.012217]},"properties":{"line":"214","mode":"bus","color":"#0059a9","colorDark":"#00294f","band":0,"sc":0.86,"off":[0,3.1]}},{"type":"Feature","geometry":{"type":"Point","coordinates":[19.926829,50.012217]},"properties":{"line":"215","mode":"bus","color":"#0059a9","colorDark":"#00294f","band":0,"sc":0.86,"off":[3.4,3.1]}},{"type":"Feature","geometry":{"type":"Point","coordinates":[19.926829,50.012217]},"properties":{"line":"225","mode":"bus","color":"#0059a9","colorDark":"#00294f","band":0,"sc":0.86,"off":[6.8,3.1]}},{"type":"Feature","geometry":{"type":"Point","coordinates":[19.926829,50.012217]},"properties":{"line":"235","mode":"bus","color":"#0059a9","colorDark":"#00294f","band":0,"sc":0.86,"off":[-6.8,5.1]}},{"type":"Feature","geometry":{"type":"Point","coordinates":[19.926829,50.012217]},"properties":{"line":"243","mode":"bus","color":"#0059a9","colorDark":"#00294f","band":0,"sc":0.86,"off":[-3.4,5.1]}},{"type":"Feature","geometry":{"type":"Point","coordinates":[19.926829,50.012217]},"properties":{"line":"245","mode":"bus","color":"#0059a9","colorDark":"#00294f","band":0,"sc":0.86,"off":[0,5.1]}},{"type":"Feature","geometry":{"type":"Point","coordinates":[19.926829,50.012217]},"properties":{"line":"254","mode":"bus","color":"#0059a9","colorDark":"#00294f","band":0,"sc":0.86,"off":[3.4,5.1]}},{"type":"Feature","geometry":{"type":"Point","coordinates":[19.926829,50.012217]},"properties":{"line":"255","mode":"bus","color":"#0059a9","colorDark":"#00294f","band":0,"sc":0.86,"off":[6.8,5.1]}},{"type":"Feature","geometry":{"type":"Point","coordinates":[19.926829,50.012217]},"properties":{"line":"265","mode":"bus","color":"#0059a9","colorDark":"#00294f","band":0,"sc":0.86,"off":[-6.8,7.1]}},{"type":"Feature","geometry":{"type":"Point","coordinates":[19.926829,50.012217]},"properties":{"line":"275","mode":"bus","color":"#0059a9","colorDark":"#00294f","band":0,"sc":0.86,"off":[-3.4,7.1]}},{"type":"Feature","geometry":{"type":"Point","coordinates":[19.926829,50.012217]},"properties":{"line":"285","mode":"bus","color":"#0059a9","colorDark":"#00294f","band":0,"sc":0.86,"off":[0,7.1]}},{"type":"Feature","geometry":{"type":"Point","coordinates":[19.926829,50.012217]},"properties":{"line":"293","mode":"bus","color":"#0059a9","colorDark":"#00294f","band":0,"sc":0.86,"off":[3.4,7.1]}},{"type":"Feature","geometry":{"type":"Point","coordinates":[19.926829,50.012217]},"properties":{"line":"475","mode":"bus","color":"#0059a9","colorDark":"#00294f","band":0,"sc":0.86,"off":[6.8,7.1]}},{"type":"Feature","geometry":{"type":"Point","coordinates":[20.043855,50.106216]},"properties":{"name":"Zesławice","band":0,"modes":"bus","arr":["122"],"off":[0,-0.8]}},{"type":"Feature","geometry":{"type":"Point","coordinates":[20.043855,50.106216]},"properties":{"line":"122","mode":"bus","color":"#0059a9","colorDark":"#00294f","band":0,"off":[0,1.1]}},{"type":"Feature","geometry":{"type":"Point","coordinates":[20.033993,50.075238]},"properties":{"name":"Aleja Przyjaźni","band":0,"modes":"bus","arr":["122","160","502","572"],"off":[0,-0.8]}},{"type":"Feature","geometry":{"type":"Point","coordinates":[20.033993,50.075238]},"properties":{"line":"122","mode":"bus","color":"#0059a9","colorDark":"#00294f","band":0,"off":[-5.1,1.1]}},{"type":"Feature","geometry":{"type":"Point","coordinates":[20.033993,50.075238]},"properties":{"line":"160","mode":"bus","color":"#0059a9","colorDark":"#00294f","band":0,"off":[-1.7,1.1]}},{"type":"Feature","geometry":{"type":"Point","coordinates":[20.033993,50.075238]},"properties":{"line":"502","mode":"bus","color":"#0059a9","colorDark":"#00294f","band":0,"off":[1.7,1.1]}},{"type":"Feature","geometry":{"type":"Point","coordinates":[20.033993,50.075238]},"properties":{"line":"572","mode":"bus","color":"#0059a9","colorDark":"#00294f","band":0,"off":[5.1,1.1]}},{"type":"Feature","geometry":{"type":"Point","coordinates":[20.032761,50.091186]},"properties":{"name":"Zajezdnia Bieńczyce","band":0,"modes":"bus","arr":["601"],"off":[0,-0.8]}},{"type":"Feature","geometry":{"type":"Point","coordinates":[20.032761,50.091186]},"properties":{"line":"601","mode":"bus","color":"#000000","colorDark":"#000000","band":0,"off":[0,1.1]}},{"type":"Feature","geometry":{"type":"Point","coordinates":[19.995842,50.095377]},"properties":{"name":"Mistrzejowice","band":0,"modes":"tram,bus","arr":["14","16","123","183","482"],"off":[0,-0.8]}},{"type":"Feature","geometry":{"type":"Point","coordinates":[19.995842,50.095377]},"properties":{"line":"14","mode":"tram","color":"#d6212b","colorDark":"#7c1116","band":0,"off":[-6.8,1.1]}},{"type":"Feature","geometry":{"type":"Point","coordinates":[19.995842,50.095377]},"properties":{"line":"16","mode":"tram","color":"#d6212b","colorDark":"#7c1116","band":0,"off":[-3.4,1.1]}},{"type":"Feature","geometry":{"type":"Point","coordinates":[19.995842,50.095377]},"properties":{"line":"123","mode":"bus","color":"#0059a9","colorDark":"#00294f","band":0,"off":[0,1.1]}},{"type":"Feature","geometry":{"type":"Point","coordinates":[19.995842,50.095377]},"properties":{"line":"183","mode":"bus","color":"#0059a9","colorDark":"#00294f","band":0,"off":[3.4,1.1]}},{"type":"Feature","geometry":{"type":"Point","coordinates":[19.995842,50.095377]},"properties":{"line":"482","mode":"bus","color":"#0059a9","colorDark":"#00294f","band":0,"off":[6.8,1.1]}},{"type":"Feature","geometry":{"type":"Point","coordinates":[20.0006,50.040065]},"properties":{"name":"Mały Płaszów P+R","band":0,"modes":"tram,bus","arr":["11","20","76","123","195","221","264","A58"],"off":[0,-0.8]}},{"type":"Feature","geometry":{"type":"Point","coordinates":[20.0006,50.040065]},"properties":{"name":"Kraków Mały Płaszów P+R","band":0,"modes":"tram,bus","arr":["11","20","76","123","195","221","264","A58"],"off":[0,-1.9]}},{"type":"Feature","geometry":{"type":"Point","coordinates":[20.0006,50.040065]},"properties":{"line":"11","mode":"tram","color":"#d6212b","colorDark":"#7c1116","band":0,"off":[-6.8,1.1]}},{"type":"Feature","geometry":{"type":"Point","coordinates":[20.0006,50.040065]},"properties":{"line":"20","mode":"tram","color":"#d6212b","colorDark":"#7c1116","band":0,"off":[-3.4,1.1]}},{"type":"Feature","geometry":{"type":"Point","coordinates":[20.0006,50.040065]},"properties":{"line":"76","mode":"tram","color":"#d6212b","colorDark":"#7c1116","band":0,"off":[0,1.1]}},{"type":"Feature","geometry":{"type":"Point","coordinates":[20.0006,50.040065]},"properties":{"line":"123","mode":"bus","color":"#0059a9","colorDark":"#00294f","band":0,"off":[3.4,1.1]}},{"type":"Feature","geometry":{"type":"Point","coordinates":[20.0006,50.040065]},"properties":{"line":"195","mode":"bus","color":"#0059a9","colorDark":"#00294f","band":0,"off":[6.8,1.1]}},{"type":"Feature","geometry":{"type":"Point","coordinates":[20.0006,50.040065]},"properties":{"line":"221","mode":"bus","color":"#0059a9","colorDark":"#00294f","band":0,"off":[-3.4,3.1]}},{"type":"Feature","geometry":{"type":"Point","coordinates":[20.0006,50.040065]},"properties":{"line":"264","mode":"bus","color":"#0059a9","colorDark":"#00294f","band":0,"off":[0,3.1]}},{"type":"Feature","geometry":{"type":"Point","coordinates":[20.0006,50.040065]},"properties":{"line":"A58","mode":"bus","color":"#0059a9","colorDark":"#00294f","band":0,"off":[3.4,3.1]}},{"type":"Feature","geometry":{"type":"Point","coordinates":[20.045374,50.054047]},"properties":{"name":"Lesisko","band":0,"modes":"bus","arr":["149","183"],"off":[0,-0.8]}},{"type":"Feature","geometry":{"type":"Point","coordinates":[20.045374,50.054047]},"properties":{"line":"149","mode":"bus","color":"#0059a9","colorDark":"#00294f","band":0,"off":[-1.7,1.1]}},{"type":"Feature","geometry":{"type":"Point","coordinates":[20.045374,50.054047]},"properties":{"line":"183","mode":"bus","color":"#0059a9","colorDark":"#00294f","band":0,"off":[1.7,1.1]}},{"type":"Feature","geometry":{"type":"Point","coordinates":[19.983886,50.07199]},"properties":{"name":"TAURON Arena Kraków Wieczysta","band":0,"modes":"tram,bus","arr":["49","124"],"off":[0,-0.8]}},{"type":"Feature","geometry":{"type":"Point","coordinates":[19.983886,50.07199]},"properties":{"line":"49","mode":"tram","color":"#d6212b","colorDark":"#7c1116","band":0,"off":[-1.7,1.1]}},{"type":"Feature","geometry":{"type":"Point","coordinates":[19.983886,50.07199]},"properties":{"line":"124","mode":"bus","color":"#0059a9","colorDark":"#00294f","band":0,"off":[1.7,1.1]}},{"type":"Feature","geometry":{"type":"Point","coordinates":[19.946806,50.064726]},"properties":{"name":"Teatr Słowackiego","band":0,"modes":"bus","arr":["704","A1","A12","A13","A14","A40","A44","A56","A64","A67","A73","605"],"off":[0,-0.8]}},{"type":"Feature","geometry":{"type":"Point","coordinates":[19.946806,50.064726]},"properties":{"name":"Kraków MDA","band":0,"modes":"bus","arr":["704","A1","A12","A13","A14","A40","A44","A56","A64","A67","A73","605"],"off":[0,-1.9]}},{"type":"Feature","geometry":{"type":"Point","coordinates":[19.946806,50.064726]},"properties":{"line":"704","mode":"bus","color":"#0059a9","colorDark":"#00294f","band":0,"off":[-6.8,1.1]}},{"type":"Feature","geometry":{"type":"Point","coordinates":[19.946806,50.064726]},"properties":{"line":"A1","mode":"bus","color":"#0059a9","colorDark":"#00294f","band":0,"off":[-3.4,1.1]}},{"type":"Feature","geometry":{"type":"Point","coordinates":[19.946806,50.064726]},"properties":{"line":"A12","mode":"bus","color":"#0059a9","colorDark":"#00294f","band":0,"off":[0,1.1]}},{"type":"Feature","geometry":{"type":"Point","coordinates":[19.946806,50.064726]},"properties":{"line":"A13","mode":"bus","color":"#0059a9","colorDark":"#00294f","band":0,"off":[3.4,1.1]}},{"type":"Feature","geometry":{"type":"Point","coordinates":[19.946806,50.064726]},"properties":{"line":"A14","mode":"bus","color":"#0059a9","colorDark":"#00294f","band":0,"off":[6.8,1.1]}},{"type":"Feature","geometry":{"type":"Point","coordinates":[19.946806,50.064726]},"properties":{"line":"A40","mode":"bus","color":"#0059a9","colorDark":"#00294f","band":0,"off":[-6.8,3.1]}},{"type":"Feature","geometry":{"type":"Point","coordinates":[19.946806,50.064726]},"properties":{"line":"A44","mode":"bus","color":"#0059a9","colorDark":"#00294f","band":0,"off":[-3.4,3.1]}},{"type":"Feature","geometry":{"type":"Point","coordinates":[19.946806,50.064726]},"properties":{"line":"A56","mode":"bus","color":"#0059a9","colorDark":"#00294f","band":0,"off":[0,3.1]}},{"type":"Feature","geometry":{"type":"Point","coordinates":[19.946806,50.064726]},"properties":{"line":"A64","mode":"bus","color":"#0059a9","colorDark":"#00294f","band":0,"off":[3.4,3.1]}},{"type":"Feature","geometry":{"type":"Point","coordinates":[19.946806,50.064726]},"properties":{"line":"A67","mode":"bus","color":"#0059a9","colorDark":"#00294f","band":0,"off":[6.8,3.1]}},{"type":"Feature","geometry":{"type":"Point","coordinates":[19.946806,50.064726]},"properties":{"line":"A73","mode":"bus","color":"#0059a9","colorDark":"#00294f","band":0,"off":[-1.7,5.1]}},{"type":"Feature","geometry":{"type":"Point","coordinates":[19.946806,50.064726]},"properties":{"line":"605","mode":"bus","color":"#000000","colorDark":"#000000","band":0,"off":[1.7,5.1]}},{"type":"Feature","geometry":{"type":"Point","coordinates":[20.051306,50.021807]},"properties":{"name":"Złocień","band":0,"modes":"bus","arr":["125","605"],"off":[0,-0.8]}},{"type":"Feature","geometry":{"type":"Point","coordinates":[20.051306,50.021807]},"properties":{"line":"125","mode":"bus","color":"#0059a9","colorDark":"#00294f","band":0,"off":[-1.7,1.1]}},{"type":"Feature","geometry":{"type":"Point","coordinates":[20.051306,50.021807]},"properties":{"line":"605","mode":"bus","color":"#000000","colorDark":"#000000","band":0,"off":[1.7,1.1]}},{"type":"Feature","geometry":{"type":"Point","coordinates":[19.962876,50.042123]},"properties":{"name":"Podgórze SKA","band":0,"modes":"bus","arr":["127","155","158"],"off":[0,-0.8]}},{"type":"Feature","geometry":{"type":"Point","coordinates":[19.962876,50.042123]},"properties":{"line":"127","mode":"bus","color":"#0059a9","colorDark":"#00294f","band":0,"off":[-3.4,1.1]}},{"type":"Feature","geometry":{"type":"Point","coordinates":[19.962876,50.042123]},"properties":{"line":"155","mode":"bus","color":"#0059a9","colorDark":"#00294f","band":0,"off":[0,1.1]}},{"type":"Feature","geometry":{"type":"Point","coordinates":[19.962876,50.042123]},"properties":{"line":"158","mode":"bus","color":"#0059a9","colorDark":"#00294f","band":0,"off":[3.4,1.1]}},{"type":"Feature","geometry":{"type":"Point","coordinates":[19.995291,50.034047]},"properties":{"name":"Bagry","band":0,"modes":"bus","arr":["127"],"off":[0,-0.8]}},{"type":"Feature","geometry":{"type":"Point","coordinates":[19.995291,50.034047]},"properties":{"line":"127","mode":"bus","color":"#0059a9","colorDark":"#00294f","band":0,"off":[0,1.1]}},{"type":"Feature","geometry":{"type":"Point","coordinates":[20.011679,50.035489]},"properties":{"name":"Zajezdnia Płaszów","band":0,"modes":"bus","arr":["128","148"],"off":[0,-0.8]}},{"type":"Feature","geometry":{"type":"Point","coordinates":[20.011679,50.035489]},"properties":{"line":"128","mode":"bus","color":"#0059a9","colorDark":"#00294f","band":0,"off":[-1.7,1.1]}},{"type":"Feature","geometry":{"type":"Point","coordinates":[20.011679,50.035489]},"properties":{"line":"148","mode":"bus","color":"#0059a9","colorDark":"#00294f","band":0,"off":[1.7,1.1]}},{"type":"Feature","geometry":{"type":"Point","coordinates":[19.963066,50.104982]},"properties":{"name":"Górka Narodowa P+R","band":0,"modes":"tram,bus","arr":["18","50","75","128","169","217","247","257","277","280","297","469","503","69","669","917"],"off":[0,-0.8],"sc":0.92}},{"type":"Feature","geometry":{"type":"Point","coordinates":[19.963066,50.104982]},"properties":{"line":"18","mode":"tram","color":"#d6212b","colorDark":"#7c1116","band":0,"sc":0.92,"off":[-6.8,1.1]}},{"type":"Feature","geometry":{"type":"Point","coordinates":[19.963066,50.104982]},"properties":{"line":"50","mode":"tram","color":"#d6212b","colorDark":"#7c1116","band":0,"sc":0.92,"off":[-3.4,1.1]}},{"type":"Feature","geometry":{"type":"Point","coordinates":[19.963066,50.104982]},"properties":{"line":"75","mode":"tram","color":"#d6212b","colorDark":"#7c1116","band":0,"sc":0.92,"off":[0,1.1]}},{"type":"Feature","geometry":{"type":"Point","coordinates":[19.963066,50.104982]},"properties":{"line":"128","mode":"bus","color":"#0059a9","colorDark":"#00294f","band":0,"sc":0.92,"off":[3.4,1.1]}},{"type":"Feature","geometry":{"type":"Point","coordinates":[19.963066,50.104982]},"properties":{"line":"169","mode":"bus","color":"#0059a9","colorDark":"#00294f","band":0,"sc":0.92,"off":[6.8,1.1]}},{"type":"Feature","geometry":{"type":"Point","coordinates":[19.963066,50.104982]},"properties":{"line":"217","mode":"bus","color":"#0059a9","colorDark":"#00294f","band":0,"sc":0.92,"off":[-6.8,3.1]}},{"type":"Feature","geometry":{"type":"Point","coordinates":[19.963066,50.104982]},"properties":{"line":"247","mode":"bus","color":"#0059a9","colorDark":"#00294f","band":0,"sc":0.92,"off":[-3.4,3.1]}},{"type":"Feature","geometry":{"type":"Point","coordinates":[19.963066,50.104982]},"properties":{"line":"257","mode":"bus","color":"#0059a9","colorDark":"#00294f","band":0,"sc":0.92,"off":[0,3.1]}},{"type":"Feature","geometry":{"type":"Point","coordinates":[19.963066,50.104982]},"properties":{"line":"277","mode":"bus","color":"#0059a9","colorDark":"#00294f","band":0,"sc":0.92,"off":[3.4,3.1]}},{"type":"Feature","geometry":{"type":"Point","coordinates":[19.963066,50.104982]},"properties":{"line":"280","mode":"bus","color":"#0059a9","colorDark":"#00294f","band":0,"sc":0.92,"off":[6.8,3.1]}},{"type":"Feature","geometry":{"type":"Point","coordinates":[19.963066,50.104982]},"properties":{"line":"297","mode":"bus","color":"#0059a9","colorDark":"#00294f","band":0,"sc":0.92,"off":[-6.8,5.1]}},{"type":"Feature","geometry":{"type":"Point","coordinates":[19.963066,50.104982]},"properties":{"line":"469","mode":"bus","color":"#0059a9","colorDark":"#00294f","band":0,"sc":0.92,"off":[-3.4,5.1]}},{"type":"Feature","geometry":{"type":"Point","coordinates":[19.963066,50.104982]},"properties":{"line":"503","mode":"bus","color":"#0059a9","colorDark":"#00294f","band":0,"sc":0.92,"off":[0,5.1]}},{"type":"Feature","geometry":{"type":"Point","coordinates":[19.963066,50.104982]},"properties":{"line":"69","mode":"tram","color":"#000000","colorDark":"#000000","band":0,"sc":0.92,"off":[3.4,5.1]}},{"type":"Feature","geometry":{"type":"Point","coordinates":[19.963066,50.104982]},"properties":{"line":"669","mode":"bus","color":"#000000","colorDark":"#000000","band":0,"sc":0.92,"off":[6.8,5.1]}},{"type":"Feature","geometry":{"type":"Point","coordinates":[19.963066,50.104982]},"properties":{"line":"917","mode":"bus","color":"#000000","colorDark":"#000000","band":0,"sc":0.92,"off":[0,7.1]}},{"type":"Feature","geometry":{"type":"Point","coordinates":[19.908847,50.086785]},"properties":{"name":"Azory","band":0,"modes":"bus","arr":["130","138","173","494"],"off":[0,-0.8]}},{"type":"Feature","geometry":{"type":"Point","coordinates":[19.908847,50.086785]},"properties":{"line":"130","mode":"bus","color":"#0059a9","colorDark":"#00294f","band":0,"off":[-5.1,1.1]}},{"type":"Feature","geometry":{"type":"Point","coordinates":[19.908847,50.086785]},"properties":{"line":"138","mode":"bus","color":"#0059a9","colorDark":"#00294f","band":0,"off":[-1.7,1.1]}},{"type":"Feature","geometry":{"type":"Point","coordinates":[19.908847,50.086785]},"properties":{"line":"173","mode":"bus","color":"#0059a9","colorDark":"#00294f","band":0,"off":[1.7,1.1]}},{"type":"Feature","geometry":{"type":"Point","coordinates":[19.908847,50.086785]},"properties":{"line":"494","mode":"bus","color":"#0059a9","colorDark":"#00294f","band":0,"off":[5.1,1.1]}},{"type":"Feature","geometry":{"type":"Point","coordinates":[20.066521,50.078572]},"properties":{"name":"Kombinat","band":0,"modes":"bus","arr":["132","138","139","174","242","272"],"off":[0,-0.8]}},{"type":"Feature","geometry":{"type":"Point","coordinates":[20.066521,50.078572]},"properties":{"line":"132","mode":"bus","color":"#0059a9","colorDark":"#00294f","band":0,"off":[-6.8,1.1]}},{"type":"Feature","geometry":{"type":"Point","coordinates":[20.066521,50.078572]},"properties":{"line":"138","mode":"bus","color":"#0059a9","colorDark":"#00294f","band":0,"off":[-3.4,1.1]}},{"type":"Feature","geometry":{"type":"Point","coordinates":[20.066521,50.078572]},"properties":{"line":"139","mode":"bus","color":"#0059a9","colorDark":"#00294f","band":0,"off":[0,1.1]}},{"type":"Feature","geometry":{"type":"Point","coordinates":[20.066521,50.078572]},"properties":{"line":"174","mode":"bus","color":"#0059a9","colorDark":"#00294f","band":0,"off":[3.4,1.1]}},{"type":"Feature","geometry":{"type":"Point","coordinates":[20.066521,50.078572]},"properties":{"line":"242","mode":"bus","color":"#0059a9","colorDark":"#00294f","band":0,"off":[6.8,1.1]}},{"type":"Feature","geometry":{"type":"Point","coordinates":[20.066521,50.078572]},"properties":{"line":"272","mode":"bus","color":"#0059a9","colorDark":"#00294f","band":0,"off":[0,3.1]}},{"type":"Feature","geometry":{"type":"Point","coordinates":[19.855383,50.055084]},"properties":{"name":"ZOO","band":0,"modes":"bus","arr":["134","434"],"off":[0,-0.8]}},{"type":"Feature","geometry":{"type":"Point","coordinates":[19.855383,50.055084]},"properties":{"line":"134","mode":"bus","color":"#0059a9","colorDark":"#00294f","band":0,"off":[-1.7,1.1]}},{"type":"Feature","geometry":{"type":"Point","coordinates":[19.855383,50.055084]},"properties":{"line":"434","mode":"bus","color":"#0059a9","colorDark":"#00294f","band":0,"off":[1.7,1.1]}},{"type":"Feature","geometry":{"type":"Point","coordinates":[19.92259,50.058487]},"properties":{"name":"Cracovia Stadion","band":0,"modes":"bus","arr":["134","307"],"off":[0,-0.8]}},{"type":"Feature","geometry":{"type":"Point","coordinates":[19.92259,50.058487]},"properties":{"line":"134","mode":"bus","color":"#0059a9","colorDark":"#00294f","band":0,"off":[-1.7,1.1]}},{"type":"Feature","geometry":{"type":"Point","coordinates":[19.92259,50.058487]},"properties":{"line":"307","mode":"bus","color":"#0059a9","colorDark":"#00294f","band":0,"off":[1.7,1.1]}},{"type":"Feature","geometry":{"type":"Point","coordinates":[19.862334,50.059102]},"properties":{"name":"Baba Jaga","band":0,"modes":"bus","arr":["434"],"off":[0,-0.8]}},{"type":"Feature","geometry":{"type":"Point","coordinates":[19.862334,50.059102]},"properties":{"line":"434","mode":"bus","color":"#0059a9","colorDark":"#00294f","band":0,"off":[0,1.1]}},{"type":"Feature","geometry":{"type":"Point","coordinates":[19.964453,50.099858]},"properties":{"name":"Os. Gotyk","band":0,"modes":"bus","arr":["137"],"off":[0,-0.8]}},{"type":"Feature","geometry":{"type":"Point","coordinates":[19.964453,50.099858]},"properties":{"line":"137","mode":"bus","color":"#0059a9","colorDark":"#00294f","band":0,"off":[0,1.1]}},{"type":"Feature","geometry":{"type":"Point","coordinates":[19.899012,50.070695]},"properties":{"name":"Przybyszewskiego","band":0,"modes":"bus","arr":["139"],"off":[0,-0.8]}},{"type":"Feature","geometry":{"type":"Point","coordinates":[19.899012,50.070695]},"properties":{"line":"139","mode":"bus","color":"#0059a9","colorDark":"#00294f","band":0,"off":[0,1.1]}},{"type":"Feature","geometry":{"type":"Point","coordinates":[20.011009,50.006305]},"properties":{"name":"Rżąka","band":0,"modes":"bus","arr":["144","195"],"off":[0,-0.8]}},{"type":"Feature","geometry":{"type":"Point","coordinates":[20.011009,50.006305]},"properties":{"line":"144","mode":"bus","color":"#0059a9","colorDark":"#00294f","band":0,"off":[-1.7,1.1]}},{"type":"Feature","geometry":{"type":"Point","coordinates":[20.011009,50.006305]},"properties":{"line":"195","mode":"bus","color":"#0059a9","colorDark":"#00294f","band":0,"off":[1.7,1.1]}},{"type":"Feature","geometry":{"type":"Point","coordinates":[19.93031,50.096261]},"properties":{"name":"Prądnik Biały","band":0,"modes":"bus","arr":["144","904"],"off":[0,-0.8]}},{"type":"Feature","geometry":{"type":"Point","coordinates":[19.93031,50.096261]},"properties":{"line":"144","mode":"bus","color":"#0059a9","colorDark":"#00294f","band":0,"off":[-1.7,1.1]}},{"type":"Feature","geometry":{"type":"Point","coordinates":[19.93031,50.096261]},"properties":{"line":"904","mode":"bus","color":"#000000","colorDark":"#000000","band":0,"off":[1.7,1.1]}},{"type":"Feature","geometry":{"type":"Point","coordinates":[19.811858,50.041919]},"properties":{"name":"Bielany Obwodnica","band":0,"modes":"bus","arr":["146"],"off":[0,-0.8]}},{"type":"Feature","geometry":{"type":"Point","coordinates":[19.811858,50.041919]},"properties":{"line":"146","mode":"bus","color":"#0059a9","colorDark":"#00294f","band":0,"off":[0,1.1]}},{"type":"Feature","geometry":{"type":"Point","coordinates":[20.064061,50.099456]},"properties":{"name":"Szpital Okulistyczny","band":0,"modes":"bus","arr":["149"],"off":[0,-0.8]}},{"type":"Feature","geometry":{"type":"Point","coordinates":[20.064061,50.099456]},"properties":{"line":"149","mode":"bus","color":"#0059a9","colorDark":"#00294f","band":0,"off":[0,1.1]}},{"type":"Feature","geometry":{"type":"Point","coordinates":[19.897422,50.09416]},"properties":{"name":"Piaskowa","band":0,"modes":"bus","arr":["150","168","611"],"off":[0,-0.8]}},{"type":"Feature","geometry":{"type":"Point","coordinates":[19.897422,50.09416]},"properties":{"name":"Bronowice Wielkie Wschód","band":0,"modes":"bus","arr":["150","168","611"],"off":[0,-1.9]}},{"type":"Feature","geometry":{"type":"Point","coordinates":[19.897422,50.09416]},"properties":{"line":"150","mode":"bus","color":"#0059a9","colorDark":"#00294f","band":0,"off":[-3.4,1.1]}},{"type":"Feature","geometry":{"type":"Point","coordinates":[19.897422,50.09416]},"properties":{"line":"168","mode":"bus","color":"#0059a9","colorDark":"#00294f","band":0,"off":[0,1.1]}},{"type":"Feature","geometry":{"type":"Point","coordinates":[19.897422,50.09416]},"properties":{"line":"611","mode":"bus","color":"#000000","colorDark":"#000000","band":0,"off":[3.4,1.1]}},{"type":"Feature","geometry":{"type":"Point","coordinates":[20.003626,50.009332]},"properties":{"name":"Miejskie Centrum Opieki","band":0,"modes":"bus","arr":["153","163","513"],"off":[0,-0.8]}},{"type":"Feature","geometry":{"type":"Point","coordinates":[20.003626,50.009332]},"properties":{"line":"153","mode":"bus","color":"#0059a9","colorDark":"#00294f","band":0,"off":[-3.4,1.1]}},{"type":"Feature","geometry":{"type":"Point","coordinates":[20.003626,50.009332]},"properties":{"line":"163","mode":"bus","color":"#0059a9","colorDark":"#00294f","band":0,"off":[0,1.1]}},{"type":"Feature","geometry":{"type":"Point","coordinates":[20.003626,50.009332]},"properties":{"line":"513","mode":"bus","color":"#0059a9","colorDark":"#00294f","band":0,"off":[3.4,1.1]}},{"type":"Feature","geometry":{"type":"Point","coordinates":[20.052867,50.008398]},"properties":{"name":"Bieżanów Potrzask","band":0,"modes":"bus","arr":["153"],"off":[0,-0.8]}},{"type":"Feature","geometry":{"type":"Point","coordinates":[20.052867,50.008398]},"properties":{"line":"153","mode":"bus","color":"#0059a9","colorDark":"#00294f","band":0,"off":[0,1.1]}},{"type":"Feature","geometry":{"type":"Point","coordinates":[20.020577,50.014486]},"properties":{"name":"Nowy Bieżanów Południe","band":0,"modes":"tram,bus","arr":["3","9","13","49","173","234","244","274","284","503","69","669"],"off":[0,-0.8]}},{"type":"Feature","geometry":{"type":"Point","coordinates":[20.020577,50.014486]},"properties":{"name":"Nowy Bieżanów P+R","band":0,"modes":"tram,bus","arr":["3","9","13","49","173","234","244","274","284","503","69","669"],"off":[0,-3]}},{"type":"Feature","geometry":{"type":"Point","coordinates":[20.020577,50.014486]},"properties":{"line":"3","mode":"tram","color":"#d6212b","colorDark":"#7c1116","band":0,"off":[-6.8,1.1]}},{"type":"Feature","geometry":{"type":"Point","coordinates":[20.020577,50.014486]},"properties":{"line":"9","mode":"tram","color":"#d6212b","colorDark":"#7c1116","band":0,"off":[-3.4,1.1]}},{"type":"Feature","geometry":{"type":"Point","coordinates":[20.020577,50.014486]},"properties":{"line":"13","mode":"tram","color":"#d6212b","colorDark":"#7c1116","band":0,"off":[0,1.1]}},{"type":"Feature","geometry":{"type":"Point","coordinates":[20.020577,50.014486]},"properties":{"line":"49","mode":"tram","color":"#d6212b","colorDark":"#7c1116","band":0,"off":[3.4,1.1]}},{"type":"Feature","geometry":{"type":"Point","coordinates":[20.020577,50.014486]},"properties":{"line":"173","mode":"bus","color":"#0059a9","colorDark":"#00294f","band":0,"off":[6.8,1.1]}},{"type":"Feature","geometry":{"type":"Point","coordinates":[20.020577,50.014486]},"properties":{"line":"234","mode":"bus","color":"#0059a9","colorDark":"#00294f","band":0,"off":[-6.8,3.1]}},{"type":"Feature","geometry":{"type":"Point","coordinates":[20.020577,50.014486]},"properties":{"line":"244","mode":"bus","color":"#0059a9","colorDark":"#00294f","band":0,"off":[-3.4,3.1]}},{"type":"Feature","geometry":{"type":"Point","coordinates":[20.020577,50.014486]},"properties":{"line":"274","mode":"bus","color":"#0059a9","colorDark":"#00294f","band":0,"off":[0,3.1]}},{"type":"Feature","geometry":{"type":"Point","coordinates":[20.020577,50.014486]},"properties":{"line":"284","mode":"bus","color":"#0059a9","colorDark":"#00294f","band":0,"off":[3.4,3.1]}},{"type":"Feature","geometry":{"type":"Point","coordinates":[20.020577,50.014486]},"properties":{"line":"503","mode":"bus","color":"#0059a9","colorDark":"#00294f","band":0,"off":[6.8,3.1]}},{"type":"Feature","geometry":{"type":"Point","coordinates":[20.020577,50.014486]},"properties":{"line":"69","mode":"tram","color":"#000000","colorDark":"#000000","band":0,"off":[-1.7,5.1]}},{"type":"Feature","geometry":{"type":"Point","coordinates":[20.020577,50.014486]},"properties":{"line":"669","mode":"bus","color":"#000000","colorDark":"#000000","band":0,"off":[1.7,5.1]}},{"type":"Feature","geometry":{"type":"Point","coordinates":[19.872222,49.988466]},"properties":{"name":"Sidzina","band":0,"modes":"bus","arr":["156","175","475","610"],"off":[0,-0.8]}},{"type":"Feature","geometry":{"type":"Point","coordinates":[19.872222,49.988466]},"properties":{"line":"156","mode":"bus","color":"#0059a9","colorDark":"#00294f","band":0,"off":[-5.1,1.1]}},{"type":"Feature","geometry":{"type":"Point","coordinates":[19.872222,49.988466]},"properties":{"line":"175","mode":"bus","color":"#0059a9","colorDark":"#00294f","band":0,"off":[-1.7,1.1]}},{"type":"Feature","geometry":{"type":"Point","coordinates":[19.872222,49.988466]},"properties":{"line":"475","mode":"bus","color":"#0059a9","colorDark":"#00294f","band":0,"off":[1.7,1.1]}},{"type":"Feature","geometry":{"type":"Point","coordinates":[19.872222,49.988466]},"properties":{"line":"610","mode":"bus","color":"#000000","colorDark":"#000000","band":0,"off":[5.1,1.1]}},{"type":"Feature","geometry":{"type":"Point","coordinates":[20.060017,50.047632]},"properties":{"name":"Podwierzbie","band":0,"modes":"bus","arr":["158"],"off":[0,-0.8]}},{"type":"Feature","geometry":{"type":"Point","coordinates":[20.060017,50.047632]},"properties":{"line":"158","mode":"bus","color":"#0059a9","colorDark":"#00294f","band":0,"off":[0,1.1]}},{"type":"Feature","geometry":{"type":"Point","coordinates":[19.852133,50.028655]},"properties":{"name":"Kostrze OSP","band":0,"modes":"bus","arr":["176","476"],"off":[0,-0.8]}},{"type":"Feature","geometry":{"type":"Point","coordinates":[19.852133,50.028655]},"properties":{"line":"176","mode":"bus","color":"#0059a9","colorDark":"#00294f","band":0,"off":[-1.7,1.1]}},{"type":"Feature","geometry":{"type":"Point","coordinates":[19.852133,50.028655]},"properties":{"line":"476","mode":"bus","color":"#0059a9","colorDark":"#00294f","band":0,"off":[1.7,1.1]}},{"type":"Feature","geometry":{"type":"Point","coordinates":[20.021588,50.092618]},"properties":{"name":"Szpital Rydygiera","band":0,"modes":"bus","arr":["163"],"off":[0,-0.8]}},{"type":"Feature","geometry":{"type":"Point","coordinates":[20.021588,50.092618]},"properties":{"line":"163","mode":"bus","color":"#0059a9","colorDark":"#00294f","band":0,"off":[0,1.1]}},{"type":"Feature","geometry":{"type":"Point","coordinates":[19.970085,50.015255]},"properties":{"name":"Piaski Nowe","band":0,"modes":"bus","arr":["164"],"off":[0,-0.8]}},{"type":"Feature","geometry":{"type":"Point","coordinates":[19.970085,50.015255]},"properties":{"line":"164","mode":"bus","color":"#0059a9","colorDark":"#00294f","band":0,"off":[0,1.1]}},{"type":"Feature","geometry":{"type":"Point","coordinates":[19.840192,50.090889]},"properties":{"name":"Mydlniki Wapiennik SKA P+R","band":0,"modes":"bus","arr":["164","199","601"],"off":[0,-0.8]}},{"type":"Feature","geometry":{"type":"Point","coordinates":[19.840192,50.090889]},"properties":{"line":"164","mode":"bus","color":"#0059a9","colorDark":"#00294f","band":0,"off":[-3.4,1.1]}},{"type":"Feature","geometry":{"type":"Point","coordinates":[19.840192,50.090889]},"properties":{"line":"199","mode":"bus","color":"#0059a9","colorDark":"#00294f","band":0,"off":[0,1.1]}},{"type":"Feature","geometry":{"type":"Point","coordinates":[19.840192,50.090889]},"properties":{"line":"601","mode":"bus","color":"#000000","colorDark":"#000000","band":0,"off":[3.4,1.1]}},{"type":"Feature","geometry":{"type":"Point","coordinates":[19.982919,50.005788]},"properties":{"name":"Piaski Wielkie","band":0,"modes":"bus","arr":["169","469"],"off":[0,-0.8]}},{"type":"Feature","geometry":{"type":"Point","coordinates":[19.982919,50.005788]},"properties":{"line":"169","mode":"bus","color":"#0059a9","colorDark":"#00294f","band":0,"off":[-1.7,1.1]}},{"type":"Feature","geometry":{"type":"Point","coordinates":[19.982919,50.005788]},"properties":{"line":"469","mode":"bus","color":"#0059a9","colorDark":"#00294f","band":0,"off":[1.7,1.1]}},{"type":"Feature","geometry":{"type":"Point","coordinates":[20.189654,50.113617]},"properties":{"name":"Wróżenice","band":0,"modes":"bus","arr":["171"],"off":[0,-0.8]}},{"type":"Feature","geometry":{"type":"Point","coordinates":[20.189654,50.113617]},"properties":{"line":"171","mode":"bus","color":"#0059a9","colorDark":"#00294f","band":0,"off":[0,1.1]}},{"type":"Feature","geometry":{"type":"Point","coordinates":[19.960373,50.004486]},"properties":{"name":"Kurdwanów Południe","band":0,"modes":"bus","arr":["174","179"],"off":[0,-0.8]}},{"type":"Feature","geometry":{"type":"Point","coordinates":[19.960373,50.004486]},"properties":{"line":"174","mode":"bus","color":"#0059a9","colorDark":"#00294f","band":0,"off":[-1.7,1.1]}},{"type":"Feature","geometry":{"type":"Point","coordinates":[19.960373,50.004486]},"properties":{"line":"179","mode":"bus","color":"#0059a9","colorDark":"#00294f","band":0,"off":[1.7,1.1]}},{"type":"Feature","geometry":{"type":"Point","coordinates":[20.035572,50.071743]},"properties":{"name":"Plac Centralny im. R. Reagana","band":0,"modes":"bus,tram","arr":["189","62","662"],"off":[0,-0.8]}},{"type":"Feature","geometry":{"type":"Point","coordinates":[20.035572,50.071743]},"properties":{"line":"189","mode":"bus","color":"#0059a9","colorDark":"#00294f","band":0,"off":[-3.4,1.1]}},{"type":"Feature","geometry":{"type":"Point","coordinates":[20.035572,50.071743]},"properties":{"line":"62","mode":"tram","color":"#000000","colorDark":"#000000","band":0,"off":[0,1.1]}},{"type":"Feature","geometry":{"type":"Point","coordinates":[20.035572,50.071743]},"properties":{"line":"662","mode":"bus","color":"#000000","colorDark":"#000000","band":0,"off":[3.4,1.1]}},{"type":"Feature","geometry":{"type":"Point","coordinates":[19.867555,50.038703]},"properties":{"name":"Bodzów","band":0,"modes":"bus","arr":["176"],"off":[0,-0.8]}},{"type":"Feature","geometry":{"type":"Point","coordinates":[19.867555,50.038703]},"properties":{"line":"176","mode":"bus","color":"#0059a9","colorDark":"#00294f","band":0,"off":[0,1.1]}},{"type":"Feature","geometry":{"type":"Point","coordinates":[20.050115,50.097851]},"properties":{"name":"Os. Na Stoku","band":0,"modes":"bus","arr":["180","182","608"],"off":[0,-0.8]}},{"type":"Feature","geometry":{"type":"Point","coordinates":[20.050115,50.097851]},"properties":{"line":"180","mode":"bus","color":"#0059a9","colorDark":"#00294f","band":0,"off":[-3.4,1.1]}},{"type":"Feature","geometry":{"type":"Point","coordinates":[20.050115,50.097851]},"properties":{"line":"182","mode":"bus","color":"#0059a9","colorDark":"#00294f","band":0,"off":[0,1.1]}},{"type":"Feature","geometry":{"type":"Point","coordinates":[20.050115,50.097851]},"properties":{"line":"608","mode":"bus","color":"#000000","colorDark":"#000000","band":0,"off":[3.4,1.1]}},{"type":"Feature","geometry":{"type":"Point","coordinates":[20.073158,50.097325]},"properties":{"name":"Grębałów","band":0,"modes":"bus","arr":["180"],"off":[0,-0.8]}},{"type":"Feature","geometry":{"type":"Point","coordinates":[20.073158,50.097325]},"properties":{"line":"180","mode":"bus","color":"#0059a9","colorDark":"#00294f","band":0,"off":[0,1.1]}},{"type":"Feature","geometry":{"type":"Point","coordinates":[19.805887,50.06186]},"properties":{"name":"Olszanica Bory","band":0,"modes":"bus","arr":["192"],"off":[0,-0.8]}},{"type":"Feature","geometry":{"type":"Point","coordinates":[19.805887,50.06186]},"properties":{"line":"192","mode":"bus","color":"#0059a9","colorDark":"#00294f","band":0,"off":[0,1.1]}},{"type":"Feature","geometry":{"type":"Point","coordinates":[19.685758,50.237651]},"properties":{"name":"Przeginia Kościół","band":0,"modes":"bus","arr":["200"],"off":[0,-0.8]}},{"type":"Feature","geometry":{"type":"Point","coordinates":[19.685758,50.237651]},"properties":{"line":"200","mode":"bus","color":"#0059a9","colorDark":"#00294f","band":0,"off":[0,1.1]}},{"type":"Feature","geometry":{"type":"Point","coordinates":[20.160161,50.187681]},"properties":{"name":"Łososkowice Remiza","band":0,"modes":"bus","arr":["202"],"off":[0,-0.8]}},{"type":"Feature","geometry":{"type":"Point","coordinates":[20.160161,50.187681]},"properties":{"line":"202","mode":"bus","color":"#0059a9","colorDark":"#00294f","band":0,"off":[0,1.1]}},{"type":"Feature","geometry":{"type":"Point","coordinates":[20.11313,50.135103]},"properties":{"name":"Kocmyrzów-Luborzyca Urząd Gminy","band":0,"modes":"bus","arr":["272"],"off":[0,-0.8]}},{"type":"Feature","geometry":{"type":"Point","coordinates":[20.11313,50.135103]},"properties":{"line":"272","mode":"bus","color":"#0059a9","colorDark":"#00294f","band":0,"off":[0,1.1]}},{"type":"Feature","geometry":{"type":"Point","coordinates":[19.829836,49.968549]},"properties":{"name":"Skawina","band":0,"modes":"bus","arr":["203","243","245","283","293","903"],"off":[0,-0.8]}},{"type":"Feature","geometry":{"type":"Point","coordinates":[19.829836,49.968549]},"properties":{"line":"203","mode":"bus","color":"#0059a9","colorDark":"#00294f","band":0,"off":[-6.8,1.1]}},{"type":"Feature","geometry":{"type":"Point","coordinates":[19.829836,49.968549]},"properties":{"line":"243","mode":"bus","color":"#0059a9","colorDark":"#00294f","band":0,"off":[-3.4,1.1]}},{"type":"Feature","geometry":{"type":"Point","coordinates":[19.829836,49.968549]},"properties":{"line":"245","mode":"bus","color":"#0059a9","colorDark":"#00294f","band":0,"off":[0,1.1]}},{"type":"Feature","geometry":{"type":"Point","coordinates":[19.829836,49.968549]},"properties":{"line":"283","mode":"bus","color":"#0059a9","colorDark":"#00294f","band":0,"off":[3.4,1.1]}},{"type":"Feature","geometry":{"type":"Point","coordinates":[19.829836,49.968549]},"properties":{"line":"293","mode":"bus","color":"#0059a9","colorDark":"#00294f","band":0,"off":[6.8,1.1]}},{"type":"Feature","geometry":{"type":"Point","coordinates":[19.829836,49.968549]},"properties":{"line":"903","mode":"bus","color":"#000000","colorDark":"#000000","band":0,"off":[0,3.1]}},{"type":"Feature","geometry":{"type":"Point","coordinates":[20.076008,49.98643]},"properties":{"name":"Wieliczka Kampus","band":0,"modes":"bus","arr":["204","224","244","304"],"off":[0,-0.8]}},{"type":"Feature","geometry":{"type":"Point","coordinates":[20.076008,49.98643]},"properties":{"line":"204","mode":"bus","color":"#0059a9","colorDark":"#00294f","band":0,"off":[-5.1,1.1]}},{"type":"Feature","geometry":{"type":"Point","coordinates":[20.076008,49.98643]},"properties":{"line":"224","mode":"bus","color":"#0059a9","colorDark":"#00294f","band":0,"off":[-1.7,1.1]}},{"type":"Feature","geometry":{"type":"Point","coordinates":[20.076008,49.98643]},"properties":{"line":"244","mode":"bus","color":"#0059a9","colorDark":"#00294f","band":0,"off":[1.7,1.1]}},{"type":"Feature","geometry":{"type":"Point","coordinates":[20.076008,49.98643]},"properties":{"line":"304","mode":"bus","color":"#0059a9","colorDark":"#00294f","band":0,"off":[5.1,1.1]}},{"type":"Feature","geometry":{"type":"Point","coordinates":[20.059653,49.987723]},"properties":{"name":"Wieliczka Rynek-Kopalnia","band":0,"modes":"bus,metro","arr":["B2","D2","G3","G4","J1","L1","P2","R2","SKA1","W2","Z1","904"],"off":[0,-0.8]}},{"type":"Feature","geometry":{"type":"Point","coordinates":[20.059653,49.987723]},"properties":{"name":"Wieliczka Cmentarz","band":0,"modes":"bus,metro","arr":["B2","D2","G3","G4","J1","L1","P2","R2","SKA1","W2","Z1","904"],"off":[0,-3]}},{"type":"Feature","geometry":{"type":"Point","coordinates":[20.059653,49.987723]},"properties":{"name":"Wieliczka Centrum Dw.","band":0,"modes":"bus,metro","arr":["B2","D2","G3","G4","J1","L1","P2","R2","SKA1","W2","Z1","904"],"off":[0,-4.1]}},{"type":"Feature","geometry":{"type":"Point","coordinates":[20.059653,49.987723]},"properties":{"line":"B2","mode":"bus","color":"#0059a9","colorDark":"#00294f","band":0,"off":[-6.8,1.1]}},{"type":"Feature","geometry":{"type":"Point","coordinates":[20.059653,49.987723]},"properties":{"line":"D2","mode":"bus","color":"#0059a9","colorDark":"#00294f","band":0,"off":[-3.4,1.1]}},{"type":"Feature","geometry":{"type":"Point","coordinates":[20.059653,49.987723]},"properties":{"line":"G3","mode":"bus","color":"#0059a9","colorDark":"#00294f","band":0,"off":[0,1.1]}},{"type":"Feature","geometry":{"type":"Point","coordinates":[20.059653,49.987723]},"properties":{"line":"G4","mode":"bus","color":"#0059a9","colorDark":"#00294f","band":0,"off":[3.4,1.1]}},{"type":"Feature","geometry":{"type":"Point","coordinates":[20.059653,49.987723]},"properties":{"line":"J1","mode":"bus","color":"#0059a9","colorDark":"#00294f","band":0,"off":[6.8,1.1]}},{"type":"Feature","geometry":{"type":"Point","coordinates":[20.059653,49.987723]},"properties":{"line":"L1","mode":"bus","color":"#0059a9","colorDark":"#00294f","band":0,"off":[-6.8,3.1]}},{"type":"Feature","geometry":{"type":"Point","coordinates":[20.059653,49.987723]},"properties":{"line":"P2","mode":"bus","color":"#0059a9","colorDark":"#00294f","band":0,"off":[-3.4,3.1]}},{"type":"Feature","geometry":{"type":"Point","coordinates":[20.059653,49.987723]},"properties":{"line":"R2","mode":"bus","color":"#0059a9","colorDark":"#00294f","band":0,"off":[0,3.1]}},{"type":"Feature","geometry":{"type":"Point","coordinates":[20.059653,49.987723]},"properties":{"line":"SKA1","mode":"tram","color":"#60B6F0","colorDark":"#356484","band":0,"metro":1,"off":[3.4,3.1]}},{"type":"Feature","geometry":{"type":"Point","coordinates":[20.059653,49.987723]},"properties":{"line":"W2","mode":"bus","color":"#0059a9","colorDark":"#00294f","band":0,"off":[6.8,3.1]}},{"type":"Feature","geometry":{"type":"Point","coordinates":[20.059653,49.987723]},"properties":{"line":"Z1","mode":"bus","color":"#0059a9","colorDark":"#00294f","band":0,"off":[-1.7,5.1]}},{"type":"Feature","geometry":{"type":"Point","coordinates":[20.059653,49.987723]},"properties":{"line":"904","mode":"bus","color":"#000000","colorDark":"#000000","band":0,"off":[1.7,5.1]}},{"type":"Feature","geometry":{"type":"Point","coordinates":[19.910909,50.141]},"properties":{"name":"Trojanowice Pętla","band":0,"modes":"bus","arr":["207"],"off":[0,-0.8]}},{"type":"Feature","geometry":{"type":"Point","coordinates":[19.910909,50.141]},"properties":{"line":"207","mode":"bus","color":"#0059a9","colorDark":"#00294f","band":0,"off":[0,1.1]}},{"type":"Feature","geometry":{"type":"Point","coordinates":[19.915232,50.052901]},"properties":{"name":"Salwator","band":0,"modes":"tram,bus","arr":["1","13","209","229","239","249","259","269","279","310"],"off":[0,-0.8]}},{"type":"Feature","geometry":{"type":"Point","coordinates":[19.915232,50.052901]},"properties":{"line":"1","mode":"tram","color":"#d6212b","colorDark":"#7c1116","band":0,"off":[-6.8,1.1]}},{"type":"Feature","geometry":{"type":"Point","coordinates":[19.915232,50.052901]},"properties":{"line":"13","mode":"tram","color":"#d6212b","colorDark":"#7c1116","band":0,"off":[-3.4,1.1]}},{"type":"Feature","geometry":{"type":"Point","coordinates":[19.915232,50.052901]},"properties":{"line":"209","mode":"bus","color":"#0059a9","colorDark":"#00294f","band":0,"off":[0,1.1]}},{"type":"Feature","geometry":{"type":"Point","coordinates":[19.915232,50.052901]},"properties":{"line":"229","mode":"bus","color":"#0059a9","colorDark":"#00294f","band":0,"off":[3.4,1.1]}},{"type":"Feature","geometry":{"type":"Point","coordinates":[19.915232,50.052901]},"properties":{"line":"239","mode":"bus","color":"#0059a9","colorDark":"#00294f","band":0,"off":[6.8,1.1]}},{"type":"Feature","geometry":{"type":"Point","coordinates":[19.915232,50.052901]},"properties":{"line":"249","mode":"bus","color":"#0059a9","colorDark":"#00294f","band":0,"off":[-6.8,3.1]}},{"type":"Feature","geometry":{"type":"Point","coordinates":[19.915232,50.052901]},"properties":{"line":"259","mode":"bus","color":"#0059a9","colorDark":"#00294f","band":0,"off":[-3.4,3.1]}},{"type":"Feature","geometry":{"type":"Point","coordinates":[19.915232,50.052901]},"properties":{"line":"269","mode":"bus","color":"#0059a9","colorDark":"#00294f","band":0,"off":[0,3.1]}},{"type":"Feature","geometry":{"type":"Point","coordinates":[19.915232,50.052901]},"properties":{"line":"279","mode":"bus","color":"#0059a9","colorDark":"#00294f","band":0,"off":[3.4,3.1]}},{"type":"Feature","geometry":{"type":"Point","coordinates":[19.915232,50.052901]},"properties":{"line":"310","mode":"bus","color":"#0059a9","colorDark":"#00294f","band":0,"off":[6.8,3.1]}},{"type":"Feature","geometry":{"type":"Point","coordinates":[19.707349,50.068851]},"properties":{"name":"Mników Skały","band":0,"modes":"bus","arr":["209"],"off":[0,-0.8]}},{"type":"Feature","geometry":{"type":"Point","coordinates":[19.707349,50.068851]},"properties":{"line":"209","mode":"bus","color":"#0059a9","colorDark":"#00294f","band":0,"off":[0,1.1]}},{"type":"Feature","geometry":{"type":"Point","coordinates":[19.800769,50.071336]},"properties":{"name":"Kraków Lotnisko","band":0,"modes":"bus,metro","arr":["300","SKA1","902"],"off":[0,-0.8]}},{"type":"Feature","geometry":{"type":"Point","coordinates":[19.800769,50.071336]},"properties":{"name":"Kraków Airport","band":0,"modes":"bus,metro","arr":["300","SKA1","902"],"off":[0,-1.9]}},{"type":"Feature","geometry":{"type":"Point","coordinates":[19.800769,50.071336]},"properties":{"line":"300","mode":"bus","color":"#0059a9","colorDark":"#00294f","band":0,"off":[-3.4,1.1]}},{"type":"Feature","geometry":{"type":"Point","coordinates":[19.800769,50.071336]},"properties":{"line":"SKA1","mode":"tram","color":"#60B6F0","colorDark":"#356484","band":0,"metro":1,"off":[0,1.1]}},{"type":"Feature","geometry":{"type":"Point","coordinates":[19.800769,50.071336]},"properties":{"line":"902","mode":"bus","color":"#000000","colorDark":"#000000","band":0,"off":[3.4,1.1]}},{"type":"Feature","geometry":{"type":"Point","coordinates":[19.840837,50.114289]},"properties":{"name":"Modlniczka Centrum Logistyczne","band":0,"modes":"bus","arr":["210"],"off":[0,-0.8]}},{"type":"Feature","geometry":{"type":"Point","coordinates":[19.840837,50.114289]},"properties":{"line":"210","mode":"bus","color":"#0059a9","colorDark":"#00294f","band":0,"off":[0,1.1]}},{"type":"Feature","geometry":{"type":"Point","coordinates":[20.352597,50.080185]},"properties":{"name":"Chobot Leśniczówka","band":0,"modes":"bus","arr":["211"],"off":[0,-0.8]}},{"type":"Feature","geometry":{"type":"Point","coordinates":[20.352597,50.080185]},"properties":{"line":"211","mode":"bus","color":"#0059a9","colorDark":"#00294f","band":0,"off":[0,1.1]}},{"type":"Feature","geometry":{"type":"Point","coordinates":[20.188001,50.126996]},"properties":{"name":"Czulice Kościół","band":0,"modes":"bus","arr":["212","271"],"off":[0,-0.8]}},{"type":"Feature","geometry":{"type":"Point","coordinates":[20.188001,50.126996]},"properties":{"line":"212","mode":"bus","color":"#0059a9","colorDark":"#00294f","band":0,"off":[-1.7,1.1]}},{"type":"Feature","geometry":{"type":"Point","coordinates":[20.188001,50.126996]},"properties":{"line":"271","mode":"bus","color":"#0059a9","colorDark":"#00294f","band":0,"off":[1.7,1.1]}},{"type":"Feature","geometry":{"type":"Point","coordinates":[19.997666,49.958498]},"properties":{"name":"Podstolice Centrum","band":0,"modes":"bus","arr":["214","P2"],"off":[0,-0.8]}},{"type":"Feature","geometry":{"type":"Point","coordinates":[19.997666,49.958498]},"properties":{"line":"214","mode":"bus","color":"#0059a9","colorDark":"#00294f","band":0,"off":[-1.7,1.1]}},{"type":"Feature","geometry":{"type":"Point","coordinates":[19.997666,49.958498]},"properties":{"line":"P2","mode":"bus","color":"#0059a9","colorDark":"#00294f","band":0,"off":[1.7,1.1]}},{"type":"Feature","geometry":{"type":"Point","coordinates":[19.999363,49.934869]},"properties":{"name":"Rzeszotary Panciawa Pętla","band":0,"modes":"bus","arr":["215"],"off":[0,-0.8]}},{"type":"Feature","geometry":{"type":"Point","coordinates":[19.999363,49.934869]},"properties":{"line":"215","mode":"bus","color":"#0059a9","colorDark":"#00294f","band":0,"off":[0,1.1]}},{"type":"Feature","geometry":{"type":"Point","coordinates":[19.946656,49.934314]},"properties":{"name":"Świątniki Górne Urząd Miasta i Gminy","band":0,"modes":"bus","arr":["225","915"],"off":[0,-0.8]}},{"type":"Feature","geometry":{"type":"Point","coordinates":[19.946656,49.934314]},"properties":{"line":"225","mode":"bus","color":"#0059a9","colorDark":"#00294f","band":0,"off":[-1.7,1.1]}},{"type":"Feature","geometry":{"type":"Point","coordinates":[19.946656,49.934314]},"properties":{"line":"915","mode":"bus","color":"#000000","colorDark":"#000000","band":0,"off":[1.7,1.1]}},{"type":"Feature","geometry":{"type":"Point","coordinates":[19.974789,50.128752]},"properties":{"name":"Węgrzce Pętla","band":0,"modes":"bus","arr":["217"],"off":[0,-0.8]}},{"type":"Feature","geometry":{"type":"Point","coordinates":[19.974789,50.128752]},"properties":{"line":"217","mode":"bus","color":"#0059a9","colorDark":"#00294f","band":0,"off":[0,1.1]}},{"type":"Feature","geometry":{"type":"Point","coordinates":[19.801249,50.119521]},"properties":{"name":"Zabierzów Młyn","band":0,"modes":"bus","arr":["218","288"],"off":[0,-0.8]}},{"type":"Feature","geometry":{"type":"Point","coordinates":[19.801249,50.119521]},"properties":{"line":"218","mode":"bus","color":"#0059a9","colorDark":"#00294f","band":0,"off":[-1.7,1.1]}},{"type":"Feature","geometry":{"type":"Point","coordinates":[19.801249,50.119521]},"properties":{"line":"288","mode":"bus","color":"#0059a9","colorDark":"#00294f","band":0,"off":[1.7,1.1]}},{"type":"Feature","geometry":{"type":"Point","coordinates":[19.778521,49.98714]},"properties":{"name":"Jeziorzany Pętla","band":0,"modes":"bus","arr":["219"],"off":[0,-0.8]}},{"type":"Feature","geometry":{"type":"Point","coordinates":[19.778521,49.98714]},"properties":{"line":"219","mode":"bus","color":"#0059a9","colorDark":"#00294f","band":0,"off":[0,1.1]}},{"type":"Feature","geometry":{"type":"Point","coordinates":[19.87103,50.151601]},"properties":{"name":"Giebułtów Morgi","band":0,"modes":"bus","arr":["220"],"off":[0,-0.8]}},{"type":"Feature","geometry":{"type":"Point","coordinates":[19.87103,50.151601]},"properties":{"line":"220","mode":"bus","color":"#0059a9","colorDark":"#00294f","band":0,"off":[0,1.1]}},{"type":"Feature","geometry":{"type":"Point","coordinates":[20.216381,50.037958]},"properties":{"name":"Niepołomice Dworzec","band":0,"modes":"bus","arr":["221","301","A18"],"off":[0,-0.8]}},{"type":"Feature","geometry":{"type":"Point","coordinates":[20.216381,50.037958]},"properties":{"line":"221","mode":"bus","color":"#0059a9","colorDark":"#00294f","band":0,"off":[-3.4,1.1]}},{"type":"Feature","geometry":{"type":"Point","coordinates":[20.216381,50.037958]},"properties":{"line":"301","mode":"bus","color":"#0059a9","colorDark":"#00294f","band":0,"off":[0,1.1]}},{"type":"Feature","geometry":{"type":"Point","coordinates":[20.216381,50.037958]},"properties":{"line":"A18","mode":"bus","color":"#0059a9","colorDark":"#00294f","band":0,"off":[3.4,1.1]}},{"type":"Feature","geometry":{"type":"Point","coordinates":[20.084491,50.245302]},"properties":{"name":"Słomniki Osiedle","band":0,"modes":"bus","arr":["222"],"off":[0,-0.8]}},{"type":"Feature","geometry":{"type":"Point","coordinates":[20.084491,50.245302]},"properties":{"line":"222","mode":"bus","color":"#0059a9","colorDark":"#00294f","band":0,"off":[0,1.1]}},{"type":"Feature","geometry":{"type":"Point","coordinates":[19.628389,49.967166]},"properties":{"name":"Brzeźnica Dworzec","band":0,"modes":"bus","arr":["223"],"off":[0,-0.8]}},{"type":"Feature","geometry":{"type":"Point","coordinates":[19.628389,49.967166]},"properties":{"line":"223","mode":"bus","color":"#0059a9","colorDark":"#00294f","band":0,"off":[0,1.1]}},{"type":"Feature","geometry":{"type":"Point","coordinates":[19.937099,50.012394]},"properties":{"name":"Centrum JP II","band":0,"modes":"bus","arr":["224"],"off":[0,-0.8]}},{"type":"Feature","geometry":{"type":"Point","coordinates":[19.937099,50.012394]},"properties":{"line":"224","mode":"bus","color":"#0059a9","colorDark":"#00294f","band":0,"off":[0,1.1]}},{"type":"Feature","geometry":{"type":"Point","coordinates":[19.936107,50.162466]},"properties":{"name":"Górna Wieś Pętla","band":0,"modes":"bus","arr":["227","917"],"off":[0,-0.8]}},{"type":"Feature","geometry":{"type":"Point","coordinates":[19.936107,50.162466]},"properties":{"line":"227","mode":"bus","color":"#0059a9","colorDark":"#00294f","band":0,"off":[-1.7,1.1]}},{"type":"Feature","geometry":{"type":"Point","coordinates":[19.936107,50.162466]},"properties":{"line":"917","mode":"bus","color":"#000000","colorDark":"#000000","band":0,"off":[1.7,1.1]}},{"type":"Feature","geometry":{"type":"Point","coordinates":[19.709535,50.082165]},"properties":{"name":"Chrosna Pętla","band":0,"modes":"bus","arr":["228"],"off":[0,-0.8]}},{"type":"Feature","geometry":{"type":"Point","coordinates":[19.709535,50.082165]},"properties":{"line":"228","mode":"bus","color":"#0059a9","colorDark":"#00294f","band":0,"off":[0,1.1]}},{"type":"Feature","geometry":{"type":"Point","coordinates":[19.586718,50.014952]},"properties":{"name":"Kamień Szkoła","band":0,"modes":"bus","arr":["229"],"off":[0,-0.8]}},{"type":"Feature","geometry":{"type":"Point","coordinates":[19.586718,50.014952]},"properties":{"line":"229","mode":"bus","color":"#0059a9","colorDark":"#00294f","band":0,"off":[0,1.1]}},{"type":"Feature","geometry":{"type":"Point","coordinates":[19.676514,49.987181]},"properties":{"name":"Czernichów Rynek","band":0,"modes":"bus","arr":["249","259","A14"],"off":[0,-0.8]}},{"type":"Feature","geometry":{"type":"Point","coordinates":[19.676514,49.987181]},"properties":{"line":"249","mode":"bus","color":"#0059a9","colorDark":"#00294f","band":0,"off":[-3.4,1.1]}},{"type":"Feature","geometry":{"type":"Point","coordinates":[19.676514,49.987181]},"properties":{"line":"259","mode":"bus","color":"#0059a9","colorDark":"#00294f","band":0,"off":[0,1.1]}},{"type":"Feature","geometry":{"type":"Point","coordinates":[19.676514,49.987181]},"properties":{"line":"A14","mode":"bus","color":"#0059a9","colorDark":"#00294f","band":0,"off":[3.4,1.1]}},{"type":"Feature","geometry":{"type":"Point","coordinates":[19.820316,50.135831]},"properties":{"name":"Ujazd Pętla","band":0,"modes":"bus","arr":["230"],"off":[0,-0.8]}},{"type":"Feature","geometry":{"type":"Point","coordinates":[19.820316,50.135831]},"properties":{"line":"230","mode":"bus","color":"#0059a9","colorDark":"#00294f","band":0,"off":[0,1.1]}},{"type":"Feature","geometry":{"type":"Point","coordinates":[20.109786,50.177533]},"properties":{"name":"Wilków Pętla","band":0,"modes":"bus","arr":["232"],"off":[0,-0.8]}},{"type":"Feature","geometry":{"type":"Point","coordinates":[20.109786,50.177533]},"properties":{"line":"232","mode":"bus","color":"#0059a9","colorDark":"#00294f","band":0,"off":[0,1.1]}},{"type":"Feature","geometry":{"type":"Point","coordinates":[19.822205,49.976867]},"properties":{"name":"Skawina SCK","band":0,"modes":"bus,metro","arr":["233","A43","A53","SKA2"],"off":[0,-0.8]}},{"type":"Feature","geometry":{"type":"Point","coordinates":[19.822205,49.976867]},"properties":{"name":"Skawina","band":0,"modes":"bus,metro","arr":["233","A43","A53","SKA2"],"off":[0,-1.9]}},{"type":"Feature","geometry":{"type":"Point","coordinates":[19.822205,49.976867]},"properties":{"line":"233","mode":"bus","color":"#0059a9","colorDark":"#00294f","band":0,"off":[-5.1,1.1]}},{"type":"Feature","geometry":{"type":"Point","coordinates":[19.822205,49.976867]},"properties":{"line":"A43","mode":"bus","color":"#0059a9","colorDark":"#00294f","band":0,"off":[-1.7,1.1]}},{"type":"Feature","geometry":{"type":"Point","coordinates":[19.822205,49.976867]},"properties":{"line":"A53","mode":"bus","color":"#0059a9","colorDark":"#00294f","band":0,"off":[1.7,1.1]}},{"type":"Feature","geometry":{"type":"Point","coordinates":[19.822205,49.976867]},"properties":{"line":"SKA2","mode":"tram","color":"#D4328A","colorDark":"#751c4c","band":0,"metro":1,"off":[5.1,1.1]}},{"type":"Feature","geometry":{"type":"Point","coordinates":[20.115211,50.01476]},"properties":{"name":"Węgrzce Wielkie Pętla","band":0,"modes":"bus","arr":["234","W2","Z1"],"off":[0,-0.8]}},{"type":"Feature","geometry":{"type":"Point","coordinates":[20.115211,50.01476]},"properties":{"line":"234","mode":"bus","color":"#0059a9","colorDark":"#00294f","band":0,"off":[-3.4,1.1]}},{"type":"Feature","geometry":{"type":"Point","coordinates":[20.115211,50.01476]},"properties":{"line":"W2","mode":"bus","color":"#0059a9","colorDark":"#00294f","band":0,"off":[0,1.1]}},{"type":"Feature","geometry":{"type":"Point","coordinates":[20.115211,50.01476]},"properties":{"line":"Z1","mode":"bus","color":"#0059a9","colorDark":"#00294f","band":0,"off":[3.4,1.1]}},{"type":"Feature","geometry":{"type":"Point","coordinates":[19.750438,49.9778]},"properties":{"name":"Ochodza Odwiśle","band":0,"modes":"bus","arr":["235"],"off":[0,-0.8]}},{"type":"Feature","geometry":{"type":"Point","coordinates":[19.750438,49.9778]},"properties":{"line":"235","mode":"bus","color":"#0059a9","colorDark":"#00294f","band":0,"off":[0,1.1]}},{"type":"Feature","geometry":{"type":"Point","coordinates":[19.692373,50.111969]},"properties":{"name":"Młynka Pętla","band":0,"modes":"bus","arr":["238"],"off":[0,-0.8]}},{"type":"Feature","geometry":{"type":"Point","coordinates":[19.692373,50.111969]},"properties":{"line":"238","mode":"bus","color":"#0059a9","colorDark":"#00294f","band":0,"off":[0,1.1]}},{"type":"Feature","geometry":{"type":"Point","coordinates":[19.711842,50.122248]},"properties":{"name":"Rudawa Rynek","band":0,"modes":"bus","arr":["918"],"off":[0,-0.8]}},{"type":"Feature","geometry":{"type":"Point","coordinates":[19.711842,50.122248]},"properties":{"line":"918","mode":"bus","color":"#000000","colorDark":"#000000","band":0,"off":[0,1.1]}},{"type":"Feature","geometry":{"type":"Point","coordinates":[19.727926,49.986355]},"properties":{"name":"Wołowice Kapliczka","band":0,"modes":"bus","arr":["239"],"off":[0,-0.8]}},{"type":"Feature","geometry":{"type":"Point","coordinates":[19.727926,49.986355]},"properties":{"line":"239","mode":"bus","color":"#0059a9","colorDark":"#00294f","band":0,"off":[0,1.1]}},{"type":"Feature","geometry":{"type":"Point","coordinates":[19.897806,50.12819]},"properties":{"name":"Pękowice Ojcowska","band":0,"modes":"bus","arr":["240","290"],"off":[0,-0.8]}},{"type":"Feature","geometry":{"type":"Point","coordinates":[19.897806,50.12819]},"properties":{"line":"240","mode":"bus","color":"#0059a9","colorDark":"#00294f","band":0,"off":[-1.7,1.1]}},{"type":"Feature","geometry":{"type":"Point","coordinates":[19.897806,50.12819]},"properties":{"line":"290","mode":"bus","color":"#0059a9","colorDark":"#00294f","band":0,"off":[1.7,1.1]}},{"type":"Feature","geometry":{"type":"Point","coordinates":[20.13828,50.115926]},"properties":{"name":"Krzysztoforzyce Pętla","band":0,"modes":"bus","arr":["242"],"off":[0,-0.8]}},{"type":"Feature","geometry":{"type":"Point","coordinates":[20.13828,50.115926]},"properties":{"line":"242","mode":"bus","color":"#0059a9","colorDark":"#00294f","band":0,"off":[0,1.1]}},{"type":"Feature","geometry":{"type":"Point","coordinates":[19.870839,49.944031]},"properties":{"name":"Mogilany Pętla","band":0,"modes":"bus","arr":["255"],"off":[0,-0.8]}},{"type":"Feature","geometry":{"type":"Point","coordinates":[19.870839,49.944031]},"properties":{"line":"255","mode":"bus","color":"#0059a9","colorDark":"#00294f","band":0,"off":[0,1.1]}},{"type":"Feature","geometry":{"type":"Point","coordinates":[19.939792,50.123608]},"properties":{"name":"Zielonki Marszowiec Pętla","band":0,"modes":"bus","arr":["247","317"],"off":[0,-0.8]}},{"type":"Feature","geometry":{"type":"Point","coordinates":[19.939792,50.123608]},"properties":{"line":"247","mode":"bus","color":"#0059a9","colorDark":"#00294f","band":0,"off":[-1.7,1.1]}},{"type":"Feature","geometry":{"type":"Point","coordinates":[19.939792,50.123608]},"properties":{"line":"317","mode":"bus","color":"#0059a9","colorDark":"#00294f","band":0,"off":[1.7,1.1]}},{"type":"Feature","geometry":{"type":"Point","coordinates":[19.811558,50.161429]},"properties":{"name":"Zelków Pętla","band":0,"modes":"bus","arr":["248","948"],"off":[0,-0.8]}},{"type":"Feature","geometry":{"type":"Point","coordinates":[19.811558,50.161429]},"properties":{"line":"248","mode":"bus","color":"#0059a9","colorDark":"#00294f","band":0,"off":[-1.7,1.1]}},{"type":"Feature","geometry":{"type":"Point","coordinates":[19.811558,50.161429]},"properties":{"line":"948","mode":"bus","color":"#000000","colorDark":"#000000","band":0,"off":[1.7,1.1]}},{"type":"Feature","geometry":{"type":"Point","coordinates":[19.725598,50.039289]},"properties":{"name":"Kaszów Remiza","band":0,"modes":"bus","arr":["269"],"off":[0,-0.8]}},{"type":"Feature","geometry":{"type":"Point","coordinates":[19.725598,50.039289]},"properties":{"line":"269","mode":"bus","color":"#0059a9","colorDark":"#00294f","band":0,"off":[0,1.1]}},{"type":"Feature","geometry":{"type":"Point","coordinates":[20.050674,50.121266]},"properties":{"name":"Zastów Pętla","band":0,"modes":"bus","arr":["250"],"off":[0,-0.8]}},{"type":"Feature","geometry":{"type":"Point","coordinates":[20.050674,50.121266]},"properties":{"line":"250","mode":"bus","color":"#0059a9","colorDark":"#00294f","band":0,"off":[0,1.1]}},{"type":"Feature","geometry":{"type":"Point","coordinates":[19.7684,49.902494]},"properties":{"name":"Wola Radziszowska Pętla","band":0,"modes":"bus","arr":["253"],"off":[0,-0.8]}},{"type":"Feature","geometry":{"type":"Point","coordinates":[19.7684,49.902494]},"properties":{"line":"253","mode":"bus","color":"#0059a9","colorDark":"#00294f","band":0,"off":[0,1.1]}},{"type":"Feature","geometry":{"type":"Point","coordinates":[19.967323,49.973872]},"properties":{"name":"Golkowice Pętla","band":0,"modes":"bus","arr":["254","G3"],"off":[0,-0.8]}},{"type":"Feature","geometry":{"type":"Point","coordinates":[19.967323,49.973872]},"properties":{"line":"254","mode":"bus","color":"#0059a9","colorDark":"#00294f","band":0,"off":[-1.7,1.1]}},{"type":"Feature","geometry":{"type":"Point","coordinates":[19.967323,49.973872]},"properties":{"line":"G3","mode":"bus","color":"#0059a9","colorDark":"#00294f","band":0,"off":[1.7,1.1]}},{"type":"Feature","geometry":{"type":"Point","coordinates":[19.932575,50.180683]},"properties":{"name":"Narama Remiza","band":0,"modes":"bus","arr":["257"],"off":[0,-0.8]}},{"type":"Feature","geometry":{"type":"Point","coordinates":[19.932575,50.180683]},"properties":{"line":"257","mode":"bus","color":"#0059a9","colorDark":"#00294f","band":0,"off":[0,1.1]}},{"type":"Feature","geometry":{"type":"Point","coordinates":[19.709609,50.106673]},"properties":{"name":"Nielepice Pętla","band":0,"modes":"bus","arr":["258","298"],"off":[0,-0.8]}},{"type":"Feature","geometry":{"type":"Point","coordinates":[19.709609,50.106673]},"properties":{"line":"258","mode":"bus","color":"#0059a9","colorDark":"#00294f","band":0,"off":[-1.7,1.1]}},{"type":"Feature","geometry":{"type":"Point","coordinates":[19.709609,50.106673]},"properties":{"line":"298","mode":"bus","color":"#0059a9","colorDark":"#00294f","band":0,"off":[1.7,1.1]}},{"type":"Feature","geometry":{"type":"Point","coordinates":[19.739157,49.999294]},"properties":{"name":"Dąbrowa Szlachecka Krzemiennik","band":0,"modes":"bus","arr":["279"],"off":[0,-0.8]}},{"type":"Feature","geometry":{"type":"Point","coordinates":[19.739157,49.999294]},"properties":{"line":"279","mode":"bus","color":"#0059a9","colorDark":"#00294f","band":0,"off":[0,1.1]}},{"type":"Feature","geometry":{"type":"Point","coordinates":[20.048382,50.147231]},"properties":{"name":"Pielgrzymowice Pętla","band":0,"modes":"bus","arr":["260","270"],"off":[0,-0.8]}},{"type":"Feature","geometry":{"type":"Point","coordinates":[20.048382,50.147231]},"properties":{"line":"260","mode":"bus","color":"#0059a9","colorDark":"#00294f","band":0,"off":[-1.7,1.1]}},{"type":"Feature","geometry":{"type":"Point","coordinates":[20.048382,50.147231]},"properties":{"line":"270","mode":"bus","color":"#0059a9","colorDark":"#00294f","band":0,"off":[1.7,1.1]}},{"type":"Feature","geometry":{"type":"Point","coordinates":[20.15545,50.166445]},"properties":{"name":"Rawałowice Kapliczka","band":0,"modes":"bus","arr":["262"],"off":[0,-0.8]}},{"type":"Feature","geometry":{"type":"Point","coordinates":[20.15545,50.166445]},"properties":{"line":"262","mode":"bus","color":"#0059a9","colorDark":"#00294f","band":0,"off":[0,1.1]}},{"type":"Feature","geometry":{"type":"Point","coordinates":[20.139403,50.040557]},"properties":{"name":"Grabie Kościół","band":0,"modes":"bus","arr":["264"],"off":[0,-0.8]}},{"type":"Feature","geometry":{"type":"Point","coordinates":[20.139403,50.040557]},"properties":{"line":"264","mode":"bus","color":"#0059a9","colorDark":"#00294f","band":0,"off":[0,1.1]}},{"type":"Feature","geometry":{"type":"Point","coordinates":[19.921216,49.944229]},"properties":{"name":"Konary Pętla","band":0,"modes":"bus","arr":["265"],"off":[0,-0.8]}},{"type":"Feature","geometry":{"type":"Point","coordinates":[19.921216,49.944229]},"properties":{"line":"265","mode":"bus","color":"#0059a9","colorDark":"#00294f","band":0,"off":[0,1.1]}},{"type":"Feature","geometry":{"type":"Point","coordinates":[19.853859,50.230311]},"properties":{"name":"Skała Rynek","band":0,"modes":"bus","arr":["267"],"off":[0,-0.8]}},{"type":"Feature","geometry":{"type":"Point","coordinates":[19.853859,50.230311]},"properties":{"line":"267","mode":"bus","color":"#0059a9","colorDark":"#00294f","band":0,"off":[0,1.1]}},{"type":"Feature","geometry":{"type":"Point","coordinates":[19.77392,50.152471]},"properties":{"name":"Karniowice Pętla","band":0,"modes":"bus","arr":["268"],"off":[0,-0.8]}},{"type":"Feature","geometry":{"type":"Point","coordinates":[19.77392,50.152471]},"properties":{"line":"268","mode":"bus","color":"#0059a9","colorDark":"#00294f","band":0,"off":[0,1.1]}},{"type":"Feature","geometry":{"type":"Point","coordinates":[20.147053,49.957328]},"properties":{"name":"Trąbki P+R","band":0,"modes":"bus","arr":["274"],"off":[0,-0.8]}},{"type":"Feature","geometry":{"type":"Point","coordinates":[20.147053,49.957328]},"properties":{"line":"274","mode":"bus","color":"#0059a9","colorDark":"#00294f","band":0,"off":[0,1.1]}},{"type":"Feature","geometry":{"type":"Point","coordinates":[19.902954,49.913619]},"properties":{"name":"Włosań Centrum","band":0,"modes":"bus","arr":["275"],"off":[0,-0.8]}},{"type":"Feature","geometry":{"type":"Point","coordinates":[19.902954,49.913619]},"properties":{"line":"275","mode":"bus","color":"#0059a9","colorDark":"#00294f","band":0,"off":[0,1.1]}},{"type":"Feature","geometry":{"type":"Point","coordinates":[19.979671,50.22053]},"properties":{"name":"Iwanowice Dworskie Pętla","band":0,"modes":"bus","arr":["277"],"off":[0,-0.8]}},{"type":"Feature","geometry":{"type":"Point","coordinates":[19.979671,50.22053]},"properties":{"line":"277","mode":"bus","color":"#0059a9","colorDark":"#00294f","band":0,"off":[0,1.1]}},{"type":"Feature","geometry":{"type":"Point","coordinates":[19.709393,50.148281]},"properties":{"name":"Radwanowice Pętla","band":0,"modes":"bus","arr":["278"],"off":[0,-0.8]}},{"type":"Feature","geometry":{"type":"Point","coordinates":[19.709393,50.148281]},"properties":{"line":"278","mode":"bus","color":"#0059a9","colorDark":"#00294f","band":0,"off":[0,1.1]}},{"type":"Feature","geometry":{"type":"Point","coordinates":[19.91321,50.17427]},"properties":{"name":"Owczary Pętla","band":0,"modes":"bus","arr":["280","337","937"],"off":[0,-0.8]}},{"type":"Feature","geometry":{"type":"Point","coordinates":[19.91321,50.17427]},"properties":{"line":"280","mode":"bus","color":"#0059a9","colorDark":"#00294f","band":0,"off":[-3.4,1.1]}},{"type":"Feature","geometry":{"type":"Point","coordinates":[19.91321,50.17427]},"properties":{"line":"337","mode":"bus","color":"#0059a9","colorDark":"#00294f","band":0,"off":[0,1.1]}},{"type":"Feature","geometry":{"type":"Point","coordinates":[19.91321,50.17427]},"properties":{"line":"937","mode":"bus","color":"#000000","colorDark":"#000000","band":0,"off":[3.4,1.1]}},{"type":"Feature","geometry":{"type":"Point","coordinates":[20.05702,49.983394]},"properties":{"name":"Wieliczka Centrum","band":0,"modes":"bus","arr":["284","A2","A6","A8","A9","A16","A17","A19","A58","A59"],"off":[0,-0.8]}},{"type":"Feature","geometry":{"type":"Point","coordinates":[20.05702,49.983394]},"properties":{"line":"284","mode":"bus","color":"#0059a9","colorDark":"#00294f","band":0,"off":[-6.8,1.1]}},{"type":"Feature","geometry":{"type":"Point","coordinates":[20.05702,49.983394]},"properties":{"line":"A2","mode":"bus","color":"#0059a9","colorDark":"#00294f","band":0,"off":[-3.4,1.1]}},{"type":"Feature","geometry":{"type":"Point","coordinates":[20.05702,49.983394]},"properties":{"line":"A6","mode":"bus","color":"#0059a9","colorDark":"#00294f","band":0,"off":[0,1.1]}},{"type":"Feature","geometry":{"type":"Point","coordinates":[20.05702,49.983394]},"properties":{"line":"A8","mode":"bus","color":"#0059a9","colorDark":"#00294f","band":0,"off":[3.4,1.1]}},{"type":"Feature","geometry":{"type":"Point","coordinates":[20.05702,49.983394]},"properties":{"line":"A9","mode":"bus","color":"#0059a9","colorDark":"#00294f","band":0,"off":[6.8,1.1]}},{"type":"Feature","geometry":{"type":"Point","coordinates":[20.05702,49.983394]},"properties":{"line":"A16","mode":"bus","color":"#0059a9","colorDark":"#00294f","band":0,"off":[-6.8,3.1]}},{"type":"Feature","geometry":{"type":"Point","coordinates":[20.05702,49.983394]},"properties":{"line":"A17","mode":"bus","color":"#0059a9","colorDark":"#00294f","band":0,"off":[-3.4,3.1]}},{"type":"Feature","geometry":{"type":"Point","coordinates":[20.05702,49.983394]},"properties":{"line":"A19","mode":"bus","color":"#0059a9","colorDark":"#00294f","band":0,"off":[0,3.1]}},{"type":"Feature","geometry":{"type":"Point","coordinates":[20.05702,49.983394]},"properties":{"line":"A58","mode":"bus","color":"#0059a9","colorDark":"#00294f","band":0,"off":[3.4,3.1]}},{"type":"Feature","geometry":{"type":"Point","coordinates":[20.05702,49.983394]},"properties":{"line":"A59","mode":"bus","color":"#0059a9","colorDark":"#00294f","band":0,"off":[6.8,3.1]}},{"type":"Feature","geometry":{"type":"Point","coordinates":[19.973934,49.954175]},"properties":{"name":"Ochojno Remiza","band":0,"modes":"bus","arr":["285"],"off":[0,-0.8]}},{"type":"Feature","geometry":{"type":"Point","coordinates":[19.973934,49.954175]},"properties":{"line":"285","mode":"bus","color":"#0059a9","colorDark":"#00294f","band":0,"off":[0,1.1]}},{"type":"Feature","geometry":{"type":"Point","coordinates":[20.0121,50.117109]},"properties":{"name":"Dziekanowice Kapliczka","band":0,"modes":"bus","arr":["297"],"off":[0,-0.8]}},{"type":"Feature","geometry":{"type":"Point","coordinates":[20.0121,50.117109]},"properties":{"line":"297","mode":"bus","color":"#0059a9","colorDark":"#00294f","band":0,"off":[0,1.1]}},{"type":"Feature","geometry":{"type":"Point","coordinates":[19.978456,50.158875]},"properties":{"name":"Michałowice P+R","band":0,"modes":"bus","arr":["307"],"off":[0,-0.8]}},{"type":"Feature","geometry":{"type":"Point","coordinates":[19.978456,50.158875]},"properties":{"line":"307","mode":"bus","color":"#0059a9","colorDark":"#00294f","band":0,"off":[0,1.1]}},{"type":"Feature","geometry":{"type":"Point","coordinates":[19.747301,50.158629]},"properties":{"name":"Będkowice Pętla","band":0,"modes":"bus","arr":["310","910"],"off":[0,-0.8]}},{"type":"Feature","geometry":{"type":"Point","coordinates":[19.747301,50.158629]},"properties":{"line":"310","mode":"bus","color":"#0059a9","colorDark":"#00294f","band":0,"off":[-1.7,1.1]}},{"type":"Feature","geometry":{"type":"Point","coordinates":[19.747301,50.158629]},"properties":{"line":"910","mode":"bus","color":"#000000","colorDark":"#000000","band":0,"off":[1.7,1.1]}},{"type":"Feature","geometry":{"type":"Point","coordinates":[19.885916,50.10939]},"properties":{"name":"Tonie","band":0,"modes":"bus","arr":["420"],"off":[0,-0.8]}},{"type":"Feature","geometry":{"type":"Point","coordinates":[19.885916,50.10939]},"properties":{"line":"420","mode":"bus","color":"#0059a9","colorDark":"#00294f","band":0,"off":[0,1.1]}},{"type":"Feature","geometry":{"type":"Point","coordinates":[19.984161,50.077034]},"properties":{"name":"Ugorek","band":0,"modes":"bus","arr":["424"],"off":[0,-0.8]}},{"type":"Feature","geometry":{"type":"Point","coordinates":[19.984161,50.077034]},"properties":{"line":"424","mode":"bus","color":"#0059a9","colorDark":"#00294f","band":0,"off":[0,1.1]}},{"type":"Feature","geometry":{"type":"Point","coordinates":[19.923684,50.100575]},"properties":{"name":"Prądnik Biały Zachód","band":0,"modes":"bus","arr":["513"],"off":[0,-0.8]}},{"type":"Feature","geometry":{"type":"Point","coordinates":[19.923684,50.100575]},"properties":{"line":"513","mode":"bus","color":"#0059a9","colorDark":"#00294f","band":0,"off":[0,1.1]}},{"type":"Feature","geometry":{"type":"Point","coordinates":[19.831268,50.212833]},"properties":{"name":"Ojców Zamek","band":0,"modes":"bus","arr":["LR0"],"off":[0,-0.8]}},{"type":"Feature","geometry":{"type":"Point","coordinates":[19.831268,50.212833]},"properties":{"line":"LR0","mode":"bus","color":"#0059a9","colorDark":"#00294f","band":0,"off":[0,1.1]}},{"type":"Feature","geometry":{"type":"Point","coordinates":[19.936843,50.03044]},"properties":{"name":"Łagiewniki","band":0,"modes":"bus","arr":["915"],"off":[0,-0.8]}},{"type":"Feature","geometry":{"type":"Point","coordinates":[19.936843,50.03044]},"properties":{"line":"915","mode":"bus","color":"#000000","colorDark":"#000000","band":0,"off":[0,1.1]}},{"type":"Feature","geometry":{"type":"Point","coordinates":[19.948389,49.834494]},"properties":{"name":"Myślenice D.A.","band":0,"modes":"bus","arr":["A1","A2","A11","A16","A41"],"off":[0,-0.8]}},{"type":"Feature","geometry":{"type":"Point","coordinates":[19.948389,49.834494]},"properties":{"line":"A1","mode":"bus","color":"#0059a9","colorDark":"#00294f","band":0,"off":[-6.8,1.1]}},{"type":"Feature","geometry":{"type":"Point","coordinates":[19.948389,49.834494]},"properties":{"line":"A2","mode":"bus","color":"#0059a9","colorDark":"#00294f","band":0,"off":[-3.4,1.1]}},{"type":"Feature","geometry":{"type":"Point","coordinates":[19.948389,49.834494]},"properties":{"line":"A11","mode":"bus","color":"#0059a9","colorDark":"#00294f","band":0,"off":[0,1.1]}},{"type":"Feature","geometry":{"type":"Point","coordinates":[19.948389,49.834494]},"properties":{"line":"A16","mode":"bus","color":"#0059a9","colorDark":"#00294f","band":0,"off":[3.4,1.1]}},{"type":"Feature","geometry":{"type":"Point","coordinates":[19.948389,49.834494]},"properties":{"line":"A41","mode":"bus","color":"#0059a9","colorDark":"#00294f","band":0,"off":[6.8,1.1]}},{"type":"Feature","geometry":{"type":"Point","coordinates":[20.420482,49.699222]},"properties":{"name":"Limanowa Zygmunta Augusta","band":0,"modes":"bus","arr":["A3","A9"],"off":[0,-0.8]}},{"type":"Feature","geometry":{"type":"Point","coordinates":[20.420482,49.699222]},"properties":{"line":"A3","mode":"bus","color":"#0059a9","colorDark":"#00294f","band":0,"off":[-1.7,1.1]}},{"type":"Feature","geometry":{"type":"Point","coordinates":[20.420482,49.699222]},"properties":{"line":"A9","mode":"bus","color":"#0059a9","colorDark":"#00294f","band":0,"off":[1.7,1.1]}},{"type":"Feature","geometry":{"type":"Point","coordinates":[20.432592,49.970108]},"properties":{"name":"Bochnia pl. Gen. Kazimierza Pułaskiego","band":0,"modes":"bus","arr":["A26"],"off":[0,-0.8]}},{"type":"Feature","geometry":{"type":"Point","coordinates":[20.432592,49.970108]},"properties":{"line":"A26","mode":"bus","color":"#0059a9","colorDark":"#00294f","band":0,"off":[0,1.1]}},{"type":"Feature","geometry":{"type":"Point","coordinates":[20.431759,49.976893]},"properties":{"name":"Bochnia Dworzec PKP","band":0,"modes":"bus","arr":["A3","A4","A20","A65"],"off":[0,-0.8]}},{"type":"Feature","geometry":{"type":"Point","coordinates":[20.431759,49.976893]},"properties":{"line":"A3","mode":"bus","color":"#0059a9","colorDark":"#00294f","band":0,"off":[-5.1,1.1]}},{"type":"Feature","geometry":{"type":"Point","coordinates":[20.431759,49.976893]},"properties":{"line":"A4","mode":"bus","color":"#0059a9","colorDark":"#00294f","band":0,"off":[-1.7,1.1]}},{"type":"Feature","geometry":{"type":"Point","coordinates":[20.431759,49.976893]},"properties":{"line":"A20","mode":"bus","color":"#0059a9","colorDark":"#00294f","band":0,"off":[1.7,1.1]}},{"type":"Feature","geometry":{"type":"Point","coordinates":[20.431759,49.976893]},"properties":{"line":"A65","mode":"bus","color":"#0059a9","colorDark":"#00294f","band":0,"off":[5.1,1.1]}},{"type":"Feature","geometry":{"type":"Point","coordinates":[20.376855,50.132109]},"properties":{"name":"Nowe Brzesko Rynek","band":0,"modes":"bus","arr":["A4","A65"],"off":[0,-0.8]}},{"type":"Feature","geometry":{"type":"Point","coordinates":[20.376855,50.132109]},"properties":{"line":"A4","mode":"bus","color":"#0059a9","colorDark":"#00294f","band":0,"off":[-1.7,1.1]}},{"type":"Feature","geometry":{"type":"Point","coordinates":[20.376855,50.132109]},"properties":{"line":"A65","mode":"bus","color":"#0059a9","colorDark":"#00294f","band":0,"off":[1.7,1.1]}},{"type":"Feature","geometry":{"type":"Point","coordinates":[20.58182,50.17511]},"properties":{"name":"Koszyce","band":0,"modes":"bus","arr":["A5","A57"],"off":[0,-0.8]}},{"type":"Feature","geometry":{"type":"Point","coordinates":[20.58182,50.17511]},"properties":{"line":"A5","mode":"bus","color":"#0059a9","colorDark":"#00294f","band":0,"off":[-1.7,1.1]}},{"type":"Feature","geometry":{"type":"Point","coordinates":[20.58182,50.17511]},"properties":{"line":"A57","mode":"bus","color":"#0059a9","colorDark":"#00294f","band":0,"off":[1.7,1.1]}},{"type":"Feature","geometry":{"type":"Point","coordinates":[20.61639,49.9716]},"properties":{"name":"Brzesko D.A.","band":0,"modes":"bus","arr":["A5"],"off":[0,-0.8]}},{"type":"Feature","geometry":{"type":"Point","coordinates":[20.61639,49.9716]},"properties":{"line":"A5","mode":"bus","color":"#0059a9","colorDark":"#00294f","band":0,"off":[0,1.1]}},{"type":"Feature","geometry":{"type":"Point","coordinates":[20.291618,49.864491]},"properties":{"name":"Łapanów Rynek","band":0,"modes":"bus","arr":["A6"],"off":[0,-0.8]}},{"type":"Feature","geometry":{"type":"Point","coordinates":[20.291618,49.864491]},"properties":{"line":"A6","mode":"bus","color":"#0059a9","colorDark":"#00294f","band":0,"off":[0,1.1]}},{"type":"Feature","geometry":{"type":"Point","coordinates":[20.27517,50.19502]},"properties":{"name":"Proszowice P+R Kościuszki","band":0,"modes":"bus","arr":["A7","A37","A50"],"off":[0,-0.8]}},{"type":"Feature","geometry":{"type":"Point","coordinates":[20.27517,50.19502]},"properties":{"line":"A7","mode":"bus","color":"#0059a9","colorDark":"#00294f","band":0,"off":[-3.4,1.1]}},{"type":"Feature","geometry":{"type":"Point","coordinates":[20.27517,50.19502]},"properties":{"line":"A37","mode":"bus","color":"#0059a9","colorDark":"#00294f","band":0,"off":[0,1.1]}},{"type":"Feature","geometry":{"type":"Point","coordinates":[20.27517,50.19502]},"properties":{"line":"A50","mode":"bus","color":"#0059a9","colorDark":"#00294f","band":0,"off":[3.4,1.1]}},{"type":"Feature","geometry":{"type":"Point","coordinates":[20.297952,50.186246]},"properties":{"name":"Proszowice Szpital","band":0,"modes":"bus","arr":["A67"],"off":[0,-0.8]}},{"type":"Feature","geometry":{"type":"Point","coordinates":[20.297952,50.186246]},"properties":{"line":"A67","mode":"bus","color":"#0059a9","colorDark":"#00294f","band":0,"off":[0,1.1]}},{"type":"Feature","geometry":{"type":"Point","coordinates":[20.16978,50.01855]},"properties":{"name":"Podłęże P+R Północ","band":0,"modes":"bus","arr":["A7","A37"],"off":[0,-0.8]}},{"type":"Feature","geometry":{"type":"Point","coordinates":[20.16978,50.01855]},"properties":{"line":"A7","mode":"bus","color":"#0059a9","colorDark":"#00294f","band":0,"off":[-1.7,1.1]}},{"type":"Feature","geometry":{"type":"Point","coordinates":[20.16978,50.01855]},"properties":{"line":"A37","mode":"bus","color":"#0059a9","colorDark":"#00294f","band":0,"off":[1.7,1.1]}},{"type":"Feature","geometry":{"type":"Point","coordinates":[20.094816,49.879614]},"properties":{"name":"Dobczyce Witosa (pętla)","band":0,"modes":"bus","arr":["A17","A49"],"off":[0,-0.8]}},{"type":"Feature","geometry":{"type":"Point","coordinates":[20.094816,49.879614]},"properties":{"line":"A17","mode":"bus","color":"#0059a9","colorDark":"#00294f","band":0,"off":[-1.7,1.1]}},{"type":"Feature","geometry":{"type":"Point","coordinates":[20.094816,49.879614]},"properties":{"line":"A49","mode":"bus","color":"#0059a9","colorDark":"#00294f","band":0,"off":[1.7,1.1]}},{"type":"Feature","geometry":{"type":"Point","coordinates":[20.171366,49.802898]},"properties":{"name":"Pogorzany Diabli Kamień","band":0,"modes":"bus","arr":["A8"],"off":[0,-0.8]}},{"type":"Feature","geometry":{"type":"Point","coordinates":[20.171366,49.802898]},"properties":{"line":"A8","mode":"bus","color":"#0059a9","colorDark":"#00294f","band":0,"off":[0,1.1]}},{"type":"Feature","geometry":{"type":"Point","coordinates":[19.574696,50.274863]},"properties":{"name":"Olkusz Dworzec PKS","band":0,"modes":"bus","arr":["A10","A12","A13","A48"],"off":[0,-0.8]}},{"type":"Feature","geometry":{"type":"Point","coordinates":[19.574696,50.274863]},"properties":{"name":"Olkusz Dworzec PKP","band":0,"modes":"bus","arr":["A10","A12","A13","A48"],"off":[0,-1.9]}},{"type":"Feature","geometry":{"type":"Point","coordinates":[19.574696,50.274863]},"properties":{"line":"A10","mode":"bus","color":"#0059a9","colorDark":"#00294f","band":0,"off":[-5.1,1.1]}},{"type":"Feature","geometry":{"type":"Point","coordinates":[19.574696,50.274863]},"properties":{"line":"A12","mode":"bus","color":"#0059a9","colorDark":"#00294f","band":0,"off":[-1.7,1.1]}},{"type":"Feature","geometry":{"type":"Point","coordinates":[19.574696,50.274863]},"properties":{"line":"A13","mode":"bus","color":"#0059a9","colorDark":"#00294f","band":0,"off":[1.7,1.1]}},{"type":"Feature","geometry":{"type":"Point","coordinates":[19.574696,50.274863]},"properties":{"line":"A48","mode":"bus","color":"#0059a9","colorDark":"#00294f","band":0,"off":[5.1,1.1]}},{"type":"Feature","geometry":{"type":"Point","coordinates":[19.633728,50.131202]},"properties":{"name":"Krzeszowice Dworzec PKP","band":0,"modes":"bus","arr":["A10","A42"],"off":[0,-0.8]}},{"type":"Feature","geometry":{"type":"Point","coordinates":[19.633728,50.131202]},"properties":{"line":"A10","mode":"bus","color":"#0059a9","colorDark":"#00294f","band":0,"off":[-1.7,1.1]}},{"type":"Feature","geometry":{"type":"Point","coordinates":[19.633728,50.131202]},"properties":{"line":"A42","mode":"bus","color":"#0059a9","colorDark":"#00294f","band":0,"off":[1.7,1.1]}},{"type":"Feature","geometry":{"type":"Point","coordinates":[20.084014,49.583957]},"properties":{"name":"Poręba Wielka Koninki Ośrodek Narciarski","band":0,"modes":"bus","arr":["A11"],"off":[0,-0.8]}},{"type":"Feature","geometry":{"type":"Point","coordinates":[20.084014,49.583957]},"properties":{"line":"A11","mode":"bus","color":"#0059a9","colorDark":"#00294f","band":0,"off":[0,1.1]}},{"type":"Feature","geometry":{"type":"Point","coordinates":[20.076793,49.674979]},"properties":{"name":"Mszana Dolna Dworzec Autobusowy","band":0,"modes":"bus","arr":["A41"],"off":[0,-0.8]}},{"type":"Feature","geometry":{"type":"Point","coordinates":[20.076793,49.674979]},"properties":{"line":"A41","mode":"bus","color":"#0059a9","colorDark":"#00294f","band":0,"off":[0,1.1]}},{"type":"Feature","geometry":{"type":"Point","coordinates":[19.82097,49.35166]},"properties":{"name":"Chochołów Chochołowskie Termy","band":0,"modes":"bus","arr":["A15"],"off":[0,-0.8]}},{"type":"Feature","geometry":{"type":"Point","coordinates":[19.82097,49.35166]},"properties":{"line":"A15","mode":"bus","color":"#0059a9","colorDark":"#00294f","band":0,"off":[0,1.1]}},{"type":"Feature","geometry":{"type":"Point","coordinates":[20.097066,49.330218]},"properties":{"name":"Bukowina Tatrzańska Klin","band":0,"modes":"bus","arr":["A32"],"off":[0,-0.8]}},{"type":"Feature","geometry":{"type":"Point","coordinates":[20.097066,49.330218]},"properties":{"line":"A32","mode":"bus","color":"#0059a9","colorDark":"#00294f","band":0,"off":[0,1.1]}},{"type":"Feature","geometry":{"type":"Point","coordinates":[20.323252,49.960628]},"properties":{"name":"Siedlec Centrum","band":0,"modes":"bus","arr":["A18"],"off":[0,-0.8]}},{"type":"Feature","geometry":{"type":"Point","coordinates":[20.323252,49.960628]},"properties":{"line":"A18","mode":"bus","color":"#0059a9","colorDark":"#00294f","band":0,"off":[0,1.1]}},{"type":"Feature","geometry":{"type":"Point","coordinates":[19.930844,49.914014]},"properties":{"name":"Olszowice Pętla","band":0,"modes":"bus","arr":["A19"],"off":[0,-0.8]}},{"type":"Feature","geometry":{"type":"Point","coordinates":[19.930844,49.914014]},"properties":{"line":"A19","mode":"bus","color":"#0059a9","colorDark":"#00294f","band":0,"off":[0,1.1]}},{"type":"Feature","geometry":{"type":"Point","coordinates":[20.532861,49.827572]},"properties":{"name":"Iwkowa Nagórze Pętla","band":0,"modes":"bus","arr":["A20"],"off":[0,-0.8]}},{"type":"Feature","geometry":{"type":"Point","coordinates":[20.532861,49.827572]},"properties":{"line":"A20","mode":"bus","color":"#0059a9","colorDark":"#00294f","band":0,"off":[0,1.1]}},{"type":"Feature","geometry":{"type":"Point","coordinates":[20.698473,49.617217]},"properties":{"name":"Nowy Sącz MDA","band":0,"modes":"bus","arr":["A21","A22"],"off":[0,-0.8]}},{"type":"Feature","geometry":{"type":"Point","coordinates":[20.698473,49.617217]},"properties":{"line":"A21","mode":"bus","color":"#0059a9","colorDark":"#00294f","band":0,"off":[-1.7,1.1]}},{"type":"Feature","geometry":{"type":"Point","coordinates":[20.698473,49.617217]},"properties":{"line":"A22","mode":"bus","color":"#0059a9","colorDark":"#00294f","band":0,"off":[1.7,1.1]}},{"type":"Feature","geometry":{"type":"Point","coordinates":[20.015455,49.473924]},"properties":{"name":"Nowy Targ Dworzec Kolejowy","band":0,"modes":"bus","arr":["A21","A45"],"off":[0,-0.8]}},{"type":"Feature","geometry":{"type":"Point","coordinates":[20.015455,49.473924]},"properties":{"line":"A21","mode":"bus","color":"#0059a9","colorDark":"#00294f","band":0,"off":[-1.7,1.1]}},{"type":"Feature","geometry":{"type":"Point","coordinates":[20.015455,49.473924]},"properties":{"line":"A45","mode":"bus","color":"#0059a9","colorDark":"#00294f","band":0,"off":[1.7,1.1]}},{"type":"Feature","geometry":{"type":"Point","coordinates":[20.84848,49.960321]},"properties":{"name":"Wojnicz Cmentarz","band":0,"modes":"bus","arr":["A74"],"off":[0,-0.8]}},{"type":"Feature","geometry":{"type":"Point","coordinates":[20.84848,49.960321]},"properties":{"line":"A74","mode":"bus","color":"#0059a9","colorDark":"#00294f","band":0,"off":[0,1.1]}},{"type":"Feature","geometry":{"type":"Point","coordinates":[20.974679,50.006311]},"properties":{"name":"Tarnów Krakowska – Planty","band":0,"modes":"bus,metro","arr":["A22","A23","A26","A28","A34","A36","A38","A39","A46","A51","A52","A54","A55","A62","A63","SKA3"],"off":[0,-0.8],"sc":0.92}},{"type":"Feature","geometry":{"type":"Point","coordinates":[20.974679,50.006311]},"properties":{"name":"Tarnów Dworzec Autobusowy","band":0,"modes":"bus,metro","arr":["A22","A23","A26","A28","A34","A36","A38","A39","A46","A51","A52","A54","A55","A62","A63","SKA3"],"off":[0,-3],"sc":0.92}},{"type":"Feature","geometry":{"type":"Point","coordinates":[20.974679,50.006311]},"properties":{"name":"Tarnów","band":0,"modes":"bus,metro","arr":["A22","A23","A26","A28","A34","A36","A38","A39","A46","A51","A52","A54","A55","A62","A63","SKA3"],"off":[0,-5.2],"sc":0.92}},{"type":"Feature","geometry":{"type":"Point","coordinates":[20.974679,50.006311]},"properties":{"line":"A22","mode":"bus","color":"#0059a9","colorDark":"#00294f","band":0,"sc":0.92,"off":[-6.8,1.1]}},{"type":"Feature","geometry":{"type":"Point","coordinates":[20.974679,50.006311]},"properties":{"line":"A23","mode":"bus","color":"#0059a9","colorDark":"#00294f","band":0,"sc":0.92,"off":[-3.4,1.1]}},{"type":"Feature","geometry":{"type":"Point","coordinates":[20.974679,50.006311]},"properties":{"line":"A26","mode":"bus","color":"#0059a9","colorDark":"#00294f","band":0,"sc":0.92,"off":[0,1.1]}},{"type":"Feature","geometry":{"type":"Point","coordinates":[20.974679,50.006311]},"properties":{"line":"A28","mode":"bus","color":"#0059a9","colorDark":"#00294f","band":0,"sc":0.92,"off":[3.4,1.1]}},{"type":"Feature","geometry":{"type":"Point","coordinates":[20.974679,50.006311]},"properties":{"line":"A34","mode":"bus","color":"#0059a9","colorDark":"#00294f","band":0,"sc":0.92,"off":[6.8,1.1]}},{"type":"Feature","geometry":{"type":"Point","coordinates":[20.974679,50.006311]},"properties":{"line":"A36","mode":"bus","color":"#0059a9","colorDark":"#00294f","band":0,"sc":0.92,"off":[-6.8,3.1]}},{"type":"Feature","geometry":{"type":"Point","coordinates":[20.974679,50.006311]},"properties":{"line":"A38","mode":"bus","color":"#0059a9","colorDark":"#00294f","band":0,"sc":0.92,"off":[-3.4,3.1]}},{"type":"Feature","geometry":{"type":"Point","coordinates":[20.974679,50.006311]},"properties":{"line":"A39","mode":"bus","color":"#0059a9","colorDark":"#00294f","band":0,"sc":0.92,"off":[0,3.1]}},{"type":"Feature","geometry":{"type":"Point","coordinates":[20.974679,50.006311]},"properties":{"line":"A46","mode":"bus","color":"#0059a9","colorDark":"#00294f","band":0,"sc":0.92,"off":[3.4,3.1]}},{"type":"Feature","geometry":{"type":"Point","coordinates":[20.974679,50.006311]},"properties":{"line":"A51","mode":"bus","color":"#0059a9","colorDark":"#00294f","band":0,"sc":0.92,"off":[6.8,3.1]}},{"type":"Feature","geometry":{"type":"Point","coordinates":[20.974679,50.006311]},"properties":{"line":"A52","mode":"bus","color":"#0059a9","colorDark":"#00294f","band":0,"sc":0.92,"off":[-6.8,5.1]}},{"type":"Feature","geometry":{"type":"Point","coordinates":[20.974679,50.006311]},"properties":{"line":"A54","mode":"bus","color":"#0059a9","colorDark":"#00294f","band":0,"sc":0.92,"off":[-3.4,5.1]}},{"type":"Feature","geometry":{"type":"Point","coordinates":[20.974679,50.006311]},"properties":{"line":"A55","mode":"bus","color":"#0059a9","colorDark":"#00294f","band":0,"sc":0.92,"off":[0,5.1]}},{"type":"Feature","geometry":{"type":"Point","coordinates":[20.974679,50.006311]},"properties":{"line":"A62","mode":"bus","color":"#0059a9","colorDark":"#00294f","band":0,"sc":0.92,"off":[3.4,5.1]}},{"type":"Feature","geometry":{"type":"Point","coordinates":[20.974679,50.006311]},"properties":{"line":"A63","mode":"bus","color":"#0059a9","colorDark":"#00294f","band":0,"sc":0.92,"off":[6.8,5.1]}},{"type":"Feature","geometry":{"type":"Point","coordinates":[20.974679,50.006311]},"properties":{"line":"SKA3","mode":"tram","color":"#F2C43B","colorDark":"#856c20","band":0,"metro":1,"sc":0.92,"off":[0,7.1]}},{"type":"Feature","geometry":{"type":"Point","coordinates":[20.976542,50.010794]},"properties":{"name":"Tarnów Sikorskiego","band":0,"modes":"bus","arr":["A26","A51","A52","A54"],"off":[0,-0.8]}},{"type":"Feature","geometry":{"type":"Point","coordinates":[20.976542,50.010794]},"properties":{"line":"A26","mode":"bus","color":"#0059a9","colorDark":"#00294f","band":0,"off":[-5.1,1.1]}},{"type":"Feature","geometry":{"type":"Point","coordinates":[20.976542,50.010794]},"properties":{"line":"A51","mode":"bus","color":"#0059a9","colorDark":"#00294f","band":0,"off":[-1.7,1.1]}},{"type":"Feature","geometry":{"type":"Point","coordinates":[20.976542,50.010794]},"properties":{"line":"A52","mode":"bus","color":"#0059a9","colorDark":"#00294f","band":0,"off":[1.7,1.1]}},{"type":"Feature","geometry":{"type":"Point","coordinates":[20.976542,50.010794]},"properties":{"line":"A54","mode":"bus","color":"#0059a9","colorDark":"#00294f","band":0,"off":[5.1,1.1]}},{"type":"Feature","geometry":{"type":"Point","coordinates":[21.181862,49.441463]},"properties":{"name":"Wysowa Zdrój Sanatorium Beskid","band":0,"modes":"bus","arr":["A23"],"off":[0,-0.8]}},{"type":"Feature","geometry":{"type":"Point","coordinates":[21.181862,49.441463]},"properties":{"line":"A23","mode":"bus","color":"#0059a9","colorDark":"#00294f","band":0,"off":[0,1.1]}},{"type":"Feature","geometry":{"type":"Point","coordinates":[21.044587,50.080646]},"properties":{"name":"Lisia Góra Szkoła","band":0,"modes":"bus","arr":["A24"],"off":[0,-0.8]}},{"type":"Feature","geometry":{"type":"Point","coordinates":[21.044587,50.080646]},"properties":{"line":"A24","mode":"bus","color":"#0059a9","colorDark":"#00294f","band":0,"off":[0,1.1]}},{"type":"Feature","geometry":{"type":"Point","coordinates":[20.924457,50.014914]},"properties":{"name":"Tarnów Mościce - Plac","band":0,"modes":"bus","arr":["A24","A27","A74"],"off":[0,-0.8]}},{"type":"Feature","geometry":{"type":"Point","coordinates":[20.924457,50.014914]},"properties":{"line":"A24","mode":"bus","color":"#0059a9","colorDark":"#00294f","band":0,"off":[-3.4,1.1]}},{"type":"Feature","geometry":{"type":"Point","coordinates":[20.924457,50.014914]},"properties":{"line":"A27","mode":"bus","color":"#0059a9","colorDark":"#00294f","band":0,"off":[0,1.1]}},{"type":"Feature","geometry":{"type":"Point","coordinates":[20.924457,50.014914]},"properties":{"line":"A74","mode":"bus","color":"#0059a9","colorDark":"#00294f","band":0,"off":[3.4,1.1]}},{"type":"Feature","geometry":{"type":"Point","coordinates":[19.350868,49.855681]},"properties":{"name":"Andrychów D.A.","band":0,"modes":"bus","arr":["A25","A47"],"off":[0,-0.8]}},{"type":"Feature","geometry":{"type":"Point","coordinates":[19.350868,49.855681]},"properties":{"line":"A25","mode":"bus","color":"#0059a9","colorDark":"#00294f","band":0,"off":[-1.7,1.1]}},{"type":"Feature","geometry":{"type":"Point","coordinates":[19.350868,49.855681]},"properties":{"line":"A47","mode":"bus","color":"#0059a9","colorDark":"#00294f","band":0,"off":[1.7,1.1]}},{"type":"Feature","geometry":{"type":"Point","coordinates":[19.488261,50.02428]},"properties":{"name":"Smolice Lipowa","band":0,"modes":"bus","arr":["A25"],"off":[0,-0.8]}},{"type":"Feature","geometry":{"type":"Point","coordinates":[19.488261,50.02428]},"properties":{"line":"A25","mode":"bus","color":"#0059a9","colorDark":"#00294f","band":0,"off":[0,1.1]}},{"type":"Feature","geometry":{"type":"Point","coordinates":[21.011654,49.97332]},"properties":{"name":"Zawada - Pętla","band":0,"modes":"bus","arr":["A27"],"off":[0,-0.8]}},{"type":"Feature","geometry":{"type":"Point","coordinates":[21.011654,49.97332]},"properties":{"line":"A27","mode":"bus","color":"#0059a9","colorDark":"#00294f","band":0,"off":[0,1.1]}},{"type":"Feature","geometry":{"type":"Point","coordinates":[20.992546,50.020025]},"properties":{"name":"Tarnów Marszałka","band":0,"modes":"bus","arr":["A29","A30"],"off":[0,-0.8]}},{"type":"Feature","geometry":{"type":"Point","coordinates":[20.992546,50.020025]},"properties":{"line":"A29","mode":"bus","color":"#0059a9","colorDark":"#00294f","band":0,"off":[-1.7,1.1]}},{"type":"Feature","geometry":{"type":"Point","coordinates":[20.992546,50.020025]},"properties":{"line":"A30","mode":"bus","color":"#0059a9","colorDark":"#00294f","band":0,"off":[1.7,1.1]}},{"type":"Feature","geometry":{"type":"Point","coordinates":[20.899626,49.946644]},"properties":{"name":"Szczepanowice - Zatoka","band":0,"modes":"bus","arr":["A31"],"off":[0,-0.8]}},{"type":"Feature","geometry":{"type":"Point","coordinates":[20.899626,49.946644]},"properties":{"line":"A31","mode":"bus","color":"#0059a9","colorDark":"#00294f","band":0,"off":[0,1.1]}},{"type":"Feature","geometry":{"type":"Point","coordinates":[20.957349,49.953033]},"properties":{"name":"Świebodzin - Kłokowa PKP","band":0,"modes":"bus","arr":["A31"],"off":[0,-0.8]}},{"type":"Feature","geometry":{"type":"Point","coordinates":[20.957349,49.953033]},"properties":{"line":"A31","mode":"bus","color":"#0059a9","colorDark":"#00294f","band":0,"off":[0,1.1]}},{"type":"Feature","geometry":{"type":"Point","coordinates":[19.784212,49.569497]},"properties":{"name":"Spytkowice Szkoła","band":0,"modes":"bus","arr":["A32"],"off":[0,-0.8]}},{"type":"Feature","geometry":{"type":"Point","coordinates":[19.784212,49.569497]},"properties":{"line":"A32","mode":"bus","color":"#0059a9","colorDark":"#00294f","band":0,"off":[0,1.1]}},{"type":"Feature","geometry":{"type":"Point","coordinates":[20.191908,49.413044]},"properties":{"name":"Dursztyn Kościół","band":0,"modes":"bus","arr":["A33"],"off":[0,-0.8]}},{"type":"Feature","geometry":{"type":"Point","coordinates":[20.191908,49.413044]},"properties":{"line":"A33","mode":"bus","color":"#0059a9","colorDark":"#00294f","band":0,"off":[0,1.1]}},{"type":"Feature","geometry":{"type":"Point","coordinates":[20.55239,49.407955]},"properties":{"name":"Jaworki Czarna Woda","band":0,"modes":"bus","arr":["A33"],"off":[0,-0.8]}},{"type":"Feature","geometry":{"type":"Point","coordinates":[20.55239,49.407955]},"properties":{"line":"A33","mode":"bus","color":"#0059a9","colorDark":"#00294f","band":0,"off":[0,1.1]}},{"type":"Feature","geometry":{"type":"Point","coordinates":[21.135156,50.066939]},"properties":{"name":"Jodłówka - Wałki - Dół","band":0,"modes":"bus","arr":["A34","A35"],"off":[0,-0.8]}},{"type":"Feature","geometry":{"type":"Point","coordinates":[21.135156,50.066939]},"properties":{"line":"A34","mode":"bus","color":"#0059a9","colorDark":"#00294f","band":0,"off":[-1.7,1.1]}},{"type":"Feature","geometry":{"type":"Point","coordinates":[21.135156,50.066939]},"properties":{"line":"A35","mode":"bus","color":"#0059a9","colorDark":"#00294f","band":0,"off":[1.7,1.1]}},{"type":"Feature","geometry":{"type":"Point","coordinates":[20.957142,49.888792]},"properties":{"name":"Lichwin - Centrum","band":0,"modes":"bus","arr":["A35"],"off":[0,-0.8]}},{"type":"Feature","geometry":{"type":"Point","coordinates":[20.957142,49.888792]},"properties":{"line":"A35","mode":"bus","color":"#0059a9","colorDark":"#00294f","band":0,"off":[0,1.1]}},{"type":"Feature","geometry":{"type":"Point","coordinates":[20.975936,50.177928]},"properties":{"name":"Dąbrowa Tarnowska Szpitalna","band":0,"modes":"bus","arr":["A36"],"off":[0,-0.8]}},{"type":"Feature","geometry":{"type":"Point","coordinates":[20.975936,50.177928]},"properties":{"line":"A36","mode":"bus","color":"#0059a9","colorDark":"#00294f","band":0,"off":[0,1.1]}},{"type":"Feature","geometry":{"type":"Point","coordinates":[21.182811,50.117828]},"properties":{"name":"Nowa Jastrząbka - Podlesie","band":0,"modes":"bus","arr":["A38"],"off":[0,-0.8]}},{"type":"Feature","geometry":{"type":"Point","coordinates":[21.182811,50.117828]},"properties":{"line":"A38","mode":"bus","color":"#0059a9","colorDark":"#00294f","band":0,"off":[0,1.1]}},{"type":"Feature","geometry":{"type":"Point","coordinates":[21.09366,50.073005]},"properties":{"name":"Zaczarnie - Pętla","band":0,"modes":"bus","arr":["A39"],"off":[0,-0.8]}},{"type":"Feature","geometry":{"type":"Point","coordinates":[21.09366,50.073005]},"properties":{"line":"A39","mode":"bus","color":"#0059a9","colorDark":"#00294f","band":0,"off":[0,1.1]}},{"type":"Feature","geometry":{"type":"Point","coordinates":[19.226801,49.866277]},"properties":{"name":"Kęty Grupa Kęty","band":0,"modes":"bus","arr":["A40"],"off":[0,-0.8]}},{"type":"Feature","geometry":{"type":"Point","coordinates":[19.226801,49.866277]},"properties":{"line":"A40","mode":"bus","color":"#0059a9","colorDark":"#00294f","band":0,"off":[0,1.1]}},{"type":"Feature","geometry":{"type":"Point","coordinates":[19.681939,49.86638]},"properties":{"name":"Kalwaria Zebrzydowska D.A.","band":0,"modes":"bus","arr":["A43"],"off":[0,-0.8]}},{"type":"Feature","geometry":{"type":"Point","coordinates":[19.681939,49.86638]},"properties":{"line":"A43","mode":"bus","color":"#0059a9","colorDark":"#00294f","band":0,"off":[0,1.1]}},{"type":"Feature","geometry":{"type":"Point","coordinates":[19.427167,50.137783]},"properties":{"name":"Chrzanów Szpital","band":0,"modes":"bus","arr":["A42","A48"],"off":[0,-0.8]}},{"type":"Feature","geometry":{"type":"Point","coordinates":[19.427167,50.137783]},"properties":{"line":"A42","mode":"bus","color":"#0059a9","colorDark":"#00294f","band":0,"off":[-1.7,1.1]}},{"type":"Feature","geometry":{"type":"Point","coordinates":[19.427167,50.137783]},"properties":{"line":"A48","mode":"bus","color":"#0059a9","colorDark":"#00294f","band":0,"off":[1.7,1.1]}},{"type":"Feature","geometry":{"type":"Point","coordinates":[19.523555,50.05483]},"properties":{"name":"Alwernia Zakłady Chemiczne","band":0,"modes":"bus","arr":["A44","A60","A64","A66"],"off":[0,-0.8]}},{"type":"Feature","geometry":{"type":"Point","coordinates":[19.523555,50.05483]},"properties":{"line":"A44","mode":"bus","color":"#0059a9","colorDark":"#00294f","band":0,"off":[-5.1,1.1]}},{"type":"Feature","geometry":{"type":"Point","coordinates":[19.523555,50.05483]},"properties":{"line":"A60","mode":"bus","color":"#0059a9","colorDark":"#00294f","band":0,"off":[-1.7,1.1]}},{"type":"Feature","geometry":{"type":"Point","coordinates":[19.523555,50.05483]},"properties":{"line":"A64","mode":"bus","color":"#0059a9","colorDark":"#00294f","band":0,"off":[1.7,1.1]}},{"type":"Feature","geometry":{"type":"Point","coordinates":[19.523555,50.05483]},"properties":{"line":"A66","mode":"bus","color":"#0059a9","colorDark":"#00294f","band":0,"off":[5.1,1.1]}},{"type":"Feature","geometry":{"type":"Point","coordinates":[21.254034,49.906703]},"properties":{"name":"Lubcza Centrum","band":0,"modes":"bus","arr":["A46","A62"],"off":[0,-0.8]}},{"type":"Feature","geometry":{"type":"Point","coordinates":[21.254034,49.906703]},"properties":{"line":"A46","mode":"bus","color":"#0059a9","colorDark":"#00294f","band":0,"off":[-1.7,1.1]}},{"type":"Feature","geometry":{"type":"Point","coordinates":[21.254034,49.906703]},"properties":{"line":"A62","mode":"bus","color":"#0059a9","colorDark":"#00294f","band":0,"off":[1.7,1.1]}},{"type":"Feature","geometry":{"type":"Point","coordinates":[21.137668,49.879679]},"properties":{"name":"Ryglice Węzeł Przesiadkowy","band":0,"modes":"bus","arr":["A63"],"off":[0,-0.8]}},{"type":"Feature","geometry":{"type":"Point","coordinates":[21.137668,49.879679]},"properties":{"line":"A63","mode":"bus","color":"#0059a9","colorDark":"#00294f","band":0,"off":[0,1.1]}},{"type":"Feature","geometry":{"type":"Point","coordinates":[19.253279,50.034698]},"properties":{"name":"Oświęcim Lodowisko","band":0,"modes":"bus","arr":["A47"],"off":[0,-0.8]}},{"type":"Feature","geometry":{"type":"Point","coordinates":[19.253279,50.034698]},"properties":{"line":"A47","mode":"bus","color":"#0059a9","colorDark":"#00294f","band":0,"off":[0,1.1]}},{"type":"Feature","geometry":{"type":"Point","coordinates":[19.200526,50.041626]},"properties":{"name":"Oświęcim Dworzec PKP","band":0,"modes":"bus,metro","arr":["A66","Dunajec","SKA2","SKA3"],"off":[0,-0.8]}},{"type":"Feature","geometry":{"type":"Point","coordinates":[19.200526,50.041626]},"properties":{"name":"Oświęcim","band":0,"modes":"bus,metro","arr":["A66","Dunajec","SKA2","SKA3"],"off":[0,-3]}},{"type":"Feature","geometry":{"type":"Point","coordinates":[19.200526,50.041626]},"properties":{"line":"A66","mode":"bus","color":"#0059a9","colorDark":"#00294f","band":0,"off":[-5.1,1.1]}},{"type":"Feature","geometry":{"type":"Point","coordinates":[19.200526,50.041626]},"properties":{"line":"Dunajec","mode":"tram","color":"#a518a3","colorDark":"#5a0c59","band":0,"metro":1,"off":[-1.7,1.1]}},{"type":"Feature","geometry":{"type":"Point","coordinates":[19.200526,50.041626]},"properties":{"line":"SKA2","mode":"tram","color":"#D4328A","colorDark":"#751c4c","band":0,"metro":1,"off":[1.7,1.1]}},{"type":"Feature","geometry":{"type":"Point","coordinates":[19.200526,50.041626]},"properties":{"line":"SKA3","mode":"tram","color":"#F2C43B","colorDark":"#856c20","band":0,"metro":1,"off":[5.1,1.1]}},{"type":"Feature","geometry":{"type":"Point","coordinates":[19.582797,49.5891]},"properties":{"name":"Zawoja Krowiarki","band":0,"modes":"bus","arr":["A53"],"off":[0,-0.8]}},{"type":"Feature","geometry":{"type":"Point","coordinates":[19.582797,49.5891]},"properties":{"line":"A53","mode":"bus","color":"#0059a9","colorDark":"#00294f","band":0,"off":[0,1.1]}},{"type":"Feature","geometry":{"type":"Point","coordinates":[20.849404,50.08365]},"properties":{"name":"Radłów Plac Kościuszki","band":0,"modes":"bus","arr":["A54"],"off":[0,-0.8]}},{"type":"Feature","geometry":{"type":"Point","coordinates":[20.849404,50.08365]},"properties":{"line":"A54","mode":"bus","color":"#0059a9","colorDark":"#00294f","band":0,"off":[0,1.1]}},{"type":"Feature","geometry":{"type":"Point","coordinates":[20.650879,49.802467]},"properties":{"name":"Wytrzyszczka","band":0,"modes":"bus","arr":["A55"],"off":[0,-0.8]}},{"type":"Feature","geometry":{"type":"Point","coordinates":[20.650879,49.802467]},"properties":{"line":"A55","mode":"bus","color":"#0059a9","colorDark":"#00294f","band":0,"off":[0,1.1]}},{"type":"Feature","geometry":{"type":"Point","coordinates":[19.717175,49.844617]},"properties":{"name":"Lanckorona Centrum","band":0,"modes":"bus","arr":["A56"],"off":[0,-0.8]}},{"type":"Feature","geometry":{"type":"Point","coordinates":[19.717175,49.844617]},"properties":{"line":"A56","mode":"bus","color":"#0059a9","colorDark":"#00294f","band":0,"off":[0,1.1]}},{"type":"Feature","geometry":{"type":"Point","coordinates":[20.356923,49.935133]},"properties":{"name":"Dąbrowica Szkoła","band":0,"modes":"bus","arr":["A59"],"off":[0,-0.8]}},{"type":"Feature","geometry":{"type":"Point","coordinates":[20.356923,49.935133]},"properties":{"line":"A59","mode":"bus","color":"#0059a9","colorDark":"#00294f","band":0,"off":[0,1.1]}},{"type":"Feature","geometry":{"type":"Point","coordinates":[20.03268,49.54936]},"properties":{"name":"Obidowa Pętla","band":0,"modes":"bus","arr":["A61","A71"],"off":[0,-0.8]}},{"type":"Feature","geometry":{"type":"Point","coordinates":[20.03268,49.54936]},"properties":{"line":"A61","mode":"bus","color":"#0059a9","colorDark":"#00294f","band":0,"off":[-1.7,1.1]}},{"type":"Feature","geometry":{"type":"Point","coordinates":[20.03268,49.54936]},"properties":{"line":"A71","mode":"bus","color":"#0059a9","colorDark":"#00294f","band":0,"off":[1.7,1.1]}},{"type":"Feature","geometry":{"type":"Point","coordinates":[19.79231,49.972648]},"properties":{"name":"Skawina Zachodnia P+ R","band":0,"modes":"bus","arr":["A73"],"off":[0,-0.8]}},{"type":"Feature","geometry":{"type":"Point","coordinates":[19.79231,49.972648]},"properties":{"line":"A73","mode":"bus","color":"#0059a9","colorDark":"#00294f","band":0,"off":[0,1.1]}},{"type":"Feature","geometry":{"type":"Point","coordinates":[20.094776,50.03133]},"properties":{"name":"Brzegi Pętla","band":0,"modes":"bus","arr":["B2","G4"],"off":[0,-0.8]}},{"type":"Feature","geometry":{"type":"Point","coordinates":[20.094776,50.03133]},"properties":{"line":"B2","mode":"bus","color":"#0059a9","colorDark":"#00294f","band":0,"off":[-1.7,1.1]}},{"type":"Feature","geometry":{"type":"Point","coordinates":[20.094776,50.03133]},"properties":{"line":"G4","mode":"bus","color":"#0059a9","colorDark":"#00294f","band":0,"off":[1.7,1.1]}},{"type":"Feature","geometry":{"type":"Point","coordinates":[20.116625,49.942639]},"properties":{"name":"Dobranowice Szkoła","band":0,"modes":"bus","arr":["D2"],"off":[0,-0.8]}},{"type":"Feature","geometry":{"type":"Point","coordinates":[20.116625,49.942639]},"properties":{"line":"D2","mode":"bus","color":"#0059a9","colorDark":"#00294f","band":0,"off":[0,1.1]}},{"type":"Feature","geometry":{"type":"Point","coordinates":[20.013111,49.95408]},"properties":{"name":"Janowice Szkoła","band":0,"modes":"bus","arr":["J1"],"off":[0,-0.8]}},{"type":"Feature","geometry":{"type":"Point","coordinates":[20.013111,49.95408]},"properties":{"line":"J1","mode":"bus","color":"#0059a9","colorDark":"#00294f","band":0,"off":[0,1.1]}},{"type":"Feature","geometry":{"type":"Point","coordinates":[20.086376,49.977513]},"properties":{"name":"Lednica Górna Zakręt","band":0,"modes":"bus","arr":["L1"],"off":[0,-0.8]}},{"type":"Feature","geometry":{"type":"Point","coordinates":[20.086376,49.977513]},"properties":{"line":"L1","mode":"bus","color":"#0059a9","colorDark":"#00294f","band":0,"off":[0,1.1]}},{"type":"Feature","geometry":{"type":"Point","coordinates":[20.062191,49.924355]},"properties":{"name":"Jankówka Skrzyżowanie","band":0,"modes":"bus","arr":["R2"],"off":[0,-0.8]}},{"type":"Feature","geometry":{"type":"Point","coordinates":[20.062191,49.924355]},"properties":{"line":"R2","mode":"bus","color":"#0059a9","colorDark":"#00294f","band":0,"off":[0,1.1]}},{"type":"Feature","geometry":{"type":"Point","coordinates":[20.064855,50.094596]},"properties":{"name":"Wzgórza Krzesławickie","band":0,"modes":"tram","arr":["1","5","74"],"off":[0,-0.8]}},{"type":"Feature","geometry":{"type":"Point","coordinates":[20.064855,50.094596]},"properties":{"line":"1","mode":"tram","color":"#d6212b","colorDark":"#7c1116","band":0,"off":[-3.4,1.1]}},{"type":"Feature","geometry":{"type":"Point","coordinates":[20.064855,50.094596]},"properties":{"line":"5","mode":"tram","color":"#d6212b","colorDark":"#7c1116","band":0,"off":[0,1.1]}},{"type":"Feature","geometry":{"type":"Point","coordinates":[20.064855,50.094596]},"properties":{"line":"74","mode":"tram","color":"#d6212b","colorDark":"#7c1116","band":0,"off":[3.4,1.1]}},{"type":"Feature","geometry":{"type":"Point","coordinates":[19.903375,50.062937]},"properties":{"name":"Cichy Kącik","band":0,"modes":"tram","arr":["8","77"],"off":[0,-0.8]}},{"type":"Feature","geometry":{"type":"Point","coordinates":[19.903375,50.062937]},"properties":{"line":"8","mode":"tram","color":"#d6212b","colorDark":"#7c1116","band":0,"off":[-1.7,1.1]}},{"type":"Feature","geometry":{"type":"Point","coordinates":[19.903375,50.062937]},"properties":{"line":"77","mode":"tram","color":"#d6212b","colorDark":"#7c1116","band":0,"off":[1.7,1.1]}},{"type":"Feature","geometry":{"type":"Point","coordinates":[20.021371,50.090091]},"properties":{"name":"Rondo Hipokratesa","band":0,"modes":"tram","arr":["9"],"off":[0,-0.8]}},{"type":"Feature","geometry":{"type":"Point","coordinates":[20.021371,50.090091]},"properties":{"line":"9","mode":"tram","color":"#d6212b","colorDark":"#7c1116","band":0,"off":[0,1.1]}},{"type":"Feature","geometry":{"type":"Point","coordinates":[20.065994,50.068712]},"properties":{"name":"Kopiec Wandy","band":0,"modes":"tram","arr":["16","22","75"],"off":[0,-0.8]}},{"type":"Feature","geometry":{"type":"Point","coordinates":[20.065994,50.068712]},"properties":{"name":"Bardosa","band":0,"modes":"tram","arr":["16","22","75"],"off":[0,-1.9]}},{"type":"Feature","geometry":{"type":"Point","coordinates":[20.065994,50.068712]},"properties":{"line":"16","mode":"tram","color":"#d6212b","colorDark":"#7c1116","band":0,"off":[-3.4,1.1]}},{"type":"Feature","geometry":{"type":"Point","coordinates":[20.065994,50.068712]},"properties":{"line":"22","mode":"tram","color":"#d6212b","colorDark":"#7c1116","band":0,"off":[0,1.1]}},{"type":"Feature","geometry":{"type":"Point","coordinates":[20.065994,50.068712]},"properties":{"line":"75","mode":"tram","color":"#d6212b","colorDark":"#7c1116","band":0,"off":[3.4,1.1]}},{"type":"Feature","geometry":{"type":"Point","coordinates":[19.948094,50.014078]},"properties":{"name":"Kurdwanów P+R","band":0,"modes":"tram","arr":["10","74"],"off":[0,-0.8]}},{"type":"Feature","geometry":{"type":"Point","coordinates":[19.948094,50.014078]},"properties":{"line":"10","mode":"tram","color":"#d6212b","colorDark":"#7c1116","band":0,"off":[-1.7,1.1]}},{"type":"Feature","geometry":{"type":"Point","coordinates":[19.948094,50.014078]},"properties":{"line":"74","mode":"tram","color":"#d6212b","colorDark":"#7c1116","band":0,"off":[1.7,1.1]}},{"type":"Feature","geometry":{"type":"Point","coordinates":[19.9574,50.074278]},"properties":{"name":"Cmentarz Rakowicki","band":0,"modes":"tram","arr":["76"],"off":[0,-0.8]}},{"type":"Feature","geometry":{"type":"Point","coordinates":[19.9574,50.074278]},"properties":{"line":"76","mode":"tram","color":"#d6212b","colorDark":"#7c1116","band":0,"off":[0,1.1]}},{"type":"Feature","geometry":{"type":"Point","coordinates":[20.702702,49.606498]},"properties":{"name":"Nowy Sącz","band":0,"modes":"metro","arr":["Dunajec","KML"],"off":[0,-0.8]}},{"type":"Feature","geometry":{"type":"Point","coordinates":[20.702702,49.606498]},"properties":{"line":"Dunajec","mode":"tram","color":"#a518a3","colorDark":"#5a0c59","band":0,"metro":1,"off":[-1.7,1.1]}},{"type":"Feature","geometry":{"type":"Point","coordinates":[20.702702,49.606498]},"properties":{"line":"KML","mode":"tram","color":"#a518a3","colorDark":"#5a0c59","band":0,"metro":1,"off":[1.7,1.1]}},{"type":"Feature","geometry":{"type":"Point","coordinates":[21.470438,49.737429]},"properties":{"name":"Jasło","band":0,"modes":"metro","arr":["Hubal","KML"],"off":[0,-0.8]}},{"type":"Feature","geometry":{"type":"Point","coordinates":[21.470438,49.737429]},"properties":{"line":"Hubal","mode":"tram","color":"#a518a3","colorDark":"#5a0c59","band":0,"metro":1,"off":[-1.7,1.1]}},{"type":"Feature","geometry":{"type":"Point","coordinates":[21.470438,49.737429]},"properties":{"line":"KML","mode":"tram","color":"#a518a3","colorDark":"#5a0c59","band":0,"metro":1,"off":[1.7,1.1]}},{"type":"Feature","geometry":{"type":"Point","coordinates":[19.963011,49.300907]},"properties":{"name":"Zakopane","band":0,"modes":"metro","arr":["Luxtorpeda"],"off":[0,-0.8]}},{"type":"Feature","geometry":{"type":"Point","coordinates":[19.963011,49.300907]},"properties":{"line":"Luxtorpeda","mode":"tram","color":"#a518a3","colorDark":"#5a0c59","band":0,"metro":1,"off":[0,1.1]}},{"type":"Feature","geometry":{"type":"Point","coordinates":[20.012188,50.475212]},"properties":{"name":"Kozłów","band":0,"modes":"metro","arr":["SKA2"],"off":[0,-0.8]}},{"type":"Feature","geometry":{"type":"Point","coordinates":[20.012188,50.475212]},"properties":{"line":"SKA2","mode":"tram","color":"#D4328A","colorDark":"#751c4c","band":0,"metro":1,"off":[0,1.1]}},{"type":"Feature","geometry":{"type":"Point","coordinates":[20.054997,50.565865]},"properties":{"name":"Sędziszów","band":0,"modes":"metro","arr":["SKA2"],"off":[0,-0.8]}},{"type":"Feature","geometry":{"type":"Point","coordinates":[20.054997,50.565865]},"properties":{"line":"SKA2","mode":"tram","color":"#D4328A","colorDark":"#751c4c","band":0,"metro":1,"off":[0,1.1]}},{"type":"Feature","geometry":{"type":"Point","coordinates":[19.931438,50.088956]},"properties":{"name":"Krowodrza Górka P+R","band":1,"modes":"tram,bus","arr":["3","5","102","137","150","168","194","207","220","227","240","267","290","937"],"off":[0,-0.8],"sc":0.95}},{"type":"Feature","geometry":{"type":"Point","coordinates":[19.931438,50.088956]},"properties":{"line":"3","mode":"tram","color":"#d6212b","colorDark":"#7c1116","band":1,"sc":0.95,"off":[-6.8,1.1]}},{"type":"Feature","geometry":{"type":"Point","coordinates":[19.931438,50.088956]},"properties":{"line":"5","mode":"tram","color":"#d6212b","colorDark":"#7c1116","band":1,"sc":0.95,"off":[-3.4,1.1]}},{"type":"Feature","geometry":{"type":"Point","coordinates":[19.931438,50.088956]},"properties":{"line":"102","mode":"bus","color":"#0059a9","colorDark":"#00294f","band":1,"sc":0.95,"off":[0,1.1]}},{"type":"Feature","geometry":{"type":"Point","coordinates":[19.931438,50.088956]},"properties":{"line":"137","mode":"bus","color":"#0059a9","colorDark":"#00294f","band":1,"sc":0.95,"off":[3.4,1.1]}},{"type":"Feature","geometry":{"type":"Point","coordinates":[19.931438,50.088956]},"properties":{"line":"150","mode":"bus","color":"#0059a9","colorDark":"#00294f","band":1,"sc":0.95,"off":[6.8,1.1]}},{"type":"Feature","geometry":{"type":"Point","coordinates":[19.931438,50.088956]},"properties":{"line":"168","mode":"bus","color":"#0059a9","colorDark":"#00294f","band":1,"sc":0.95,"off":[-6.8,3.1]}},{"type":"Feature","geometry":{"type":"Point","coordinates":[19.931438,50.088956]},"properties":{"line":"194","mode":"bus","color":"#0059a9","colorDark":"#00294f","band":1,"sc":0.95,"off":[-3.4,3.1]}},{"type":"Feature","geometry":{"type":"Point","coordinates":[19.931438,50.088956]},"properties":{"line":"207","mode":"bus","color":"#0059a9","colorDark":"#00294f","band":1,"sc":0.95,"off":[0,3.1]}},{"type":"Feature","geometry":{"type":"Point","coordinates":[19.931438,50.088956]},"properties":{"line":"220","mode":"bus","color":"#0059a9","colorDark":"#00294f","band":1,"sc":0.95,"off":[3.4,3.1]}},{"type":"Feature","geometry":{"type":"Point","coordinates":[19.931438,50.088956]},"properties":{"line":"227","mode":"bus","color":"#0059a9","colorDark":"#00294f","band":1,"sc":0.95,"off":[6.8,3.1]}},{"type":"Feature","geometry":{"type":"Point","coordinates":[19.931438,50.088956]},"properties":{"line":"240","mode":"bus","color":"#0059a9","colorDark":"#00294f","band":1,"sc":0.95,"off":[-5.1,5.1]}},{"type":"Feature","geometry":{"type":"Point","coordinates":[19.931438,50.088956]},"properties":{"line":"267","mode":"bus","color":"#0059a9","colorDark":"#00294f","band":1,"sc":0.95,"off":[-1.7,5.1]}},{"type":"Feature","geometry":{"type":"Point","coordinates":[19.931438,50.088956]},"properties":{"line":"290","mode":"bus","color":"#0059a9","colorDark":"#00294f","band":1,"sc":0.95,"off":[1.7,5.1]}},{"type":"Feature","geometry":{"type":"Point","coordinates":[19.931438,50.088956]},"properties":{"line":"937","mode":"bus","color":"#000000","colorDark":"#000000","band":1,"sc":0.95,"off":[5.1,5.1]}},{"type":"Feature","geometry":{"type":"Point","coordinates":[19.819855,50.043295]},"properties":{"name":"Bielany","band":1,"modes":"bus","arr":["102","609"],"off":[0,-0.8]}},{"type":"Feature","geometry":{"type":"Point","coordinates":[19.819855,50.043295]},"properties":{"line":"102","mode":"bus","color":"#0059a9","colorDark":"#00294f","band":1,"off":[-1.7,1.1]}},{"type":"Feature","geometry":{"type":"Point","coordinates":[19.819855,50.043295]},"properties":{"line":"609","mode":"bus","color":"#000000","colorDark":"#000000","band":1,"off":[1.7,1.1]}},{"type":"Feature","geometry":{"type":"Point","coordinates":[19.847207,50.067862]},"properties":{"name":"Chełm","band":1,"modes":"bus","arr":["126"],"off":[0,-0.8]}},{"type":"Feature","geometry":{"type":"Point","coordinates":[19.847207,50.067862]},"properties":{"line":"126","mode":"bus","color":"#0059a9","colorDark":"#00294f","band":1,"off":[0,1.1]}},{"type":"Feature","geometry":{"type":"Point","coordinates":[19.92774,49.999783]},"properties":{"name":"Swoszowice SKA P+R","band":1,"modes":"bus","arr":["104","155"],"off":[0,-0.8]}},{"type":"Feature","geometry":{"type":"Point","coordinates":[19.92774,49.999783]},"properties":{"line":"104","mode":"bus","color":"#0059a9","colorDark":"#00294f","band":1,"off":[-1.7,1.1]}},{"type":"Feature","geometry":{"type":"Point","coordinates":[19.92774,49.999783]},"properties":{"line":"155","mode":"bus","color":"#0059a9","colorDark":"#00294f","band":1,"off":[1.7,1.1]}},{"type":"Feature","geometry":{"type":"Point","coordinates":[19.897178,49.998655]},"properties":{"name":"Kliny","band":1,"modes":"bus","arr":["151","191","194","494","608"],"off":[0,-0.8]}},{"type":"Feature","geometry":{"type":"Point","coordinates":[19.897178,49.998655]},"properties":{"line":"151","mode":"bus","color":"#0059a9","colorDark":"#00294f","band":1,"off":[-6.8,1.1]}},{"type":"Feature","geometry":{"type":"Point","coordinates":[19.897178,49.998655]},"properties":{"line":"191","mode":"bus","color":"#0059a9","colorDark":"#00294f","band":1,"off":[-3.4,1.1]}},{"type":"Feature","geometry":{"type":"Point","coordinates":[19.897178,49.998655]},"properties":{"line":"194","mode":"bus","color":"#0059a9","colorDark":"#00294f","band":1,"off":[0,1.1]}},{"type":"Feature","geometry":{"type":"Point","coordinates":[19.897178,49.998655]},"properties":{"line":"494","mode":"bus","color":"#0059a9","colorDark":"#00294f","band":1,"off":[3.4,1.1]}},{"type":"Feature","geometry":{"type":"Point","coordinates":[19.897178,49.998655]},"properties":{"line":"608","mode":"bus","color":"#000000","colorDark":"#000000","band":1,"off":[6.8,1.1]}},{"type":"Feature","geometry":{"type":"Point","coordinates":[19.889249,50.018088]},"properties":{"name":"Czerwone Maki P+R","band":1,"modes":"tram,bus","arr":["11","18","52","77","104","116","156","203","204","223","233","253","283","476","62","662","903"],"off":[0,-0.8],"sc":0.9}},{"type":"Feature","geometry":{"type":"Point","coordinates":[19.889249,50.018088]},"properties":{"line":"11","mode":"tram","color":"#d6212b","colorDark":"#7c1116","band":1,"sc":0.9,"off":[-6.8,1.1]}},{"type":"Feature","geometry":{"type":"Point","coordinates":[19.889249,50.018088]},"properties":{"line":"18","mode":"tram","color":"#d6212b","colorDark":"#7c1116","band":1,"sc":0.9,"off":[-3.4,1.1]}},{"type":"Feature","geometry":{"type":"Point","coordinates":[19.889249,50.018088]},"properties":{"line":"52","mode":"tram","color":"#d6212b","colorDark":"#7c1116","band":1,"sc":0.9,"off":[0,1.1]}},{"type":"Feature","geometry":{"type":"Point","coordinates":[19.889249,50.018088]},"properties":{"line":"77","mode":"tram","color":"#d6212b","colorDark":"#7c1116","band":1,"sc":0.9,"off":[3.4,1.1]}},{"type":"Feature","geometry":{"type":"Point","coordinates":[19.889249,50.018088]},"properties":{"line":"104","mode":"bus","color":"#0059a9","colorDark":"#00294f","band":1,"sc":0.9,"off":[6.8,1.1]}},{"type":"Feature","geometry":{"type":"Point","coordinates":[19.889249,50.018088]},"properties":{"line":"116","mode":"bus","color":"#0059a9","colorDark":"#00294f","band":1,"sc":0.9,"off":[-6.8,3.1]}},{"type":"Feature","geometry":{"type":"Point","coordinates":[19.889249,50.018088]},"properties":{"line":"156","mode":"bus","color":"#0059a9","colorDark":"#00294f","band":1,"sc":0.9,"off":[-3.4,3.1]}},{"type":"Feature","geometry":{"type":"Point","coordinates":[19.889249,50.018088]},"properties":{"line":"203","mode":"bus","color":"#0059a9","colorDark":"#00294f","band":1,"sc":0.9,"off":[0,3.1]}},{"type":"Feature","geometry":{"type":"Point","coordinates":[19.889249,50.018088]},"properties":{"line":"204","mode":"bus","color":"#0059a9","colorDark":"#00294f","band":1,"sc":0.9,"off":[3.4,3.1]}},{"type":"Feature","geometry":{"type":"Point","coordinates":[19.889249,50.018088]},"properties":{"line":"223","mode":"bus","color":"#0059a9","colorDark":"#00294f","band":1,"sc":0.9,"off":[6.8,3.1]}},{"type":"Feature","geometry":{"type":"Point","coordinates":[19.889249,50.018088]},"properties":{"line":"233","mode":"bus","color":"#0059a9","colorDark":"#00294f","band":1,"sc":0.9,"off":[-6.8,5.1]}},{"type":"Feature","geometry":{"type":"Point","coordinates":[19.889249,50.018088]},"properties":{"line":"253","mode":"bus","color":"#0059a9","colorDark":"#00294f","band":1,"sc":0.9,"off":[-3.4,5.1]}},{"type":"Feature","geometry":{"type":"Point","coordinates":[19.889249,50.018088]},"properties":{"line":"283","mode":"bus","color":"#0059a9","colorDark":"#00294f","band":1,"sc":0.9,"off":[0,5.1]}},{"type":"Feature","geometry":{"type":"Point","coordinates":[19.889249,50.018088]},"properties":{"line":"476","mode":"bus","color":"#0059a9","colorDark":"#00294f","band":1,"sc":0.9,"off":[3.4,5.1]}},{"type":"Feature","geometry":{"type":"Point","coordinates":[19.889249,50.018088]},"properties":{"line":"62","mode":"tram","color":"#000000","colorDark":"#000000","band":1,"sc":0.9,"off":[6.8,5.1]}},{"type":"Feature","geometry":{"type":"Point","coordinates":[19.889249,50.018088]},"properties":{"line":"662","mode":"bus","color":"#000000","colorDark":"#000000","band":1,"sc":0.9,"off":[-1.7,7.1]}},{"type":"Feature","geometry":{"type":"Point","coordinates":[19.889249,50.018088]},"properties":{"line":"903","mode":"bus","color":"#000000","colorDark":"#000000","band":1,"sc":0.9,"off":[1.7,7.1]}},{"type":"Feature","geometry":{"type":"Point","coordinates":[20.012427,50.102006]},"properties":{"name":"Os. Piastów","band":1,"modes":"tram,bus","arr":["21","52","105","664"],"off":[0,-0.8]}},{"type":"Feature","geometry":{"type":"Point","coordinates":[20.012427,50.102006]},"properties":{"line":"21","mode":"tram","color":"#d6212b","colorDark":"#7c1116","band":1,"off":[-5.1,1.1]}},{"type":"Feature","geometry":{"type":"Point","coordinates":[20.012427,50.102006]},"properties":{"line":"52","mode":"tram","color":"#d6212b","colorDark":"#7c1116","band":1,"off":[-1.7,1.1]}},{"type":"Feature","geometry":{"type":"Point","coordinates":[20.012427,50.102006]},"properties":{"line":"105","mode":"bus","color":"#0059a9","colorDark":"#00294f","band":1,"off":[1.7,1.1]}},{"type":"Feature","geometry":{"type":"Point","coordinates":[20.012427,50.102006]},"properties":{"line":"664","mode":"bus","color":"#000000","colorDark":"#000000","band":1,"off":[5.1,1.1]}},{"type":"Feature","geometry":{"type":"Point","coordinates":[19.974275,50.096778]},"properties":{"name":"Prądnik Czerwony P+R","band":1,"modes":"bus","arr":["199","250","260","270","405","610"],"off":[0,-0.8]}},{"type":"Feature","geometry":{"type":"Point","coordinates":[19.974275,50.096778]},"properties":{"line":"199","mode":"bus","color":"#0059a9","colorDark":"#00294f","band":1,"off":[-6.8,1.1]}},{"type":"Feature","geometry":{"type":"Point","coordinates":[19.974275,50.096778]},"properties":{"line":"250","mode":"bus","color":"#0059a9","colorDark":"#00294f","band":1,"off":[-3.4,1.1]}},{"type":"Feature","geometry":{"type":"Point","coordinates":[19.974275,50.096778]},"properties":{"line":"260","mode":"bus","color":"#0059a9","colorDark":"#00294f","band":1,"off":[0,1.1]}},{"type":"Feature","geometry":{"type":"Point","coordinates":[19.974275,50.096778]},"properties":{"line":"270","mode":"bus","color":"#0059a9","colorDark":"#00294f","band":1,"off":[3.4,1.1]}},{"type":"Feature","geometry":{"type":"Point","coordinates":[19.974275,50.096778]},"properties":{"line":"405","mode":"bus","color":"#0059a9","colorDark":"#00294f","band":1,"off":[6.8,1.1]}},{"type":"Feature","geometry":{"type":"Point","coordinates":[19.974275,50.096778]},"properties":{"line":"610","mode":"bus","color":"#000000","colorDark":"#000000","band":1,"off":[0,3.1]}},{"type":"Feature","geometry":{"type":"Point","coordinates":[19.947343,50.069917]},"properties":{"name":"Kraków Główny","band":1,"modes":"bus,metro","arr":["105","125","130","132","179","182","192","304","317","405","482","Dunajec","Hubal","Luxtorpeda","SKA1","SKA2","SKA3","609","902"],"off":[0,-0.8],"sc":0.87}},{"type":"Feature","geometry":{"type":"Point","coordinates":[19.947343,50.069917]},"properties":{"name":"Dworzec Główny Zachód","band":1,"modes":"bus,metro","arr":["105","125","130","132","179","182","192","304","317","405","482","Dunajec","Hubal","Luxtorpeda","SKA1","SKA2","SKA3","609","902"],"off":[0,-1.9],"sc":0.87}},{"type":"Feature","geometry":{"type":"Point","coordinates":[19.947343,50.069917]},"properties":{"name":"Dworzec Główny Wschód","band":1,"modes":"bus,metro","arr":["105","125","130","132","179","182","192","304","317","405","482","Dunajec","Hubal","Luxtorpeda","SKA1","SKA2","SKA3","609","902"],"off":[0,-4.1],"sc":0.87}},{"type":"Feature","geometry":{"type":"Point","coordinates":[19.947343,50.069917]},"properties":{"line":"105","mode":"bus","color":"#0059a9","colorDark":"#00294f","band":1,"sc":0.87,"off":[-6.8,1.1]}},{"type":"Feature","geometry":{"type":"Point","coordinates":[19.947343,50.069917]},"properties":{"line":"125","mode":"bus","color":"#0059a9","colorDark":"#00294f","band":1,"sc":0.87,"off":[-3.4,1.1]}},{"type":"Feature","geometry":{"type":"Point","coordinates":[19.947343,50.069917]},"properties":{"line":"130","mode":"bus","color":"#0059a9","colorDark":"#00294f","band":1,"sc":0.87,"off":[0,1.1]}},{"type":"Feature","geometry":{"type":"Point","coordinates":[19.947343,50.069917]},"properties":{"line":"132","mode":"bus","color":"#0059a9","colorDark":"#00294f","band":1,"sc":0.87,"off":[3.4,1.1]}},{"type":"Feature","geometry":{"type":"Point","coordinates":[19.947343,50.069917]},"properties":{"line":"179","mode":"bus","color":"#0059a9","colorDark":"#00294f","band":1,"sc":0.87,"off":[6.8,1.1]}},{"type":"Feature","geometry":{"type":"Point","coordinates":[19.947343,50.069917]},"properties":{"line":"182","mode":"bus","color":"#0059a9","colorDark":"#00294f","band":1,"sc":0.87,"off":[-6.8,3.1]}},{"type":"Feature","geometry":{"type":"Point","coordinates":[19.947343,50.069917]},"properties":{"line":"192","mode":"bus","color":"#0059a9","colorDark":"#00294f","band":1,"sc":0.87,"off":[-3.4,3.1]}},{"type":"Feature","geometry":{"type":"Point","coordinates":[19.947343,50.069917]},"properties":{"line":"304","mode":"bus","color":"#0059a9","colorDark":"#00294f","band":1,"sc":0.87,"off":[0,3.1]}},{"type":"Feature","geometry":{"type":"Point","coordinates":[19.947343,50.069917]},"properties":{"line":"317","mode":"bus","color":"#0059a9","colorDark":"#00294f","band":1,"sc":0.87,"off":[3.4,3.1]}},{"type":"Feature","geometry":{"type":"Point","coordinates":[19.947343,50.069917]},"properties":{"line":"405","mode":"bus","color":"#0059a9","colorDark":"#00294f","band":1,"sc":0.87,"off":[6.8,3.1]}},{"type":"Feature","geometry":{"type":"Point","coordinates":[19.947343,50.069917]},"properties":{"line":"482","mode":"bus","color":"#0059a9","colorDark":"#00294f","band":1,"sc":0.87,"off":[-6.8,5.1]}},{"type":"Feature","geometry":{"type":"Point","coordinates":[19.947343,50.069917]},"properties":{"line":"Dunajec","mode":"tram","color":"#a518a3","colorDark":"#5a0c59","band":1,"metro":1,"sc":0.87,"off":[-3.4,5.1]}},{"type":"Feature","geometry":{"type":"Point","coordinates":[19.947343,50.069917]},"properties":{"line":"Hubal","mode":"tram","color":"#a518a3","colorDark":"#5a0c59","band":1,"metro":1,"sc":0.87,"off":[0,5.1]}},{"type":"Feature","geometry":{"type":"Point","coordinates":[19.947343,50.069917]},"properties":{"line":"Luxtorpeda","mode":"tram","color":"#a518a3","colorDark":"#5a0c59","band":1,"metro":1,"sc":0.87,"off":[3.4,5.1]}},{"type":"Feature","geometry":{"type":"Point","coordinates":[19.947343,50.069917]},"properties":{"line":"SKA1","mode":"tram","color":"#60B6F0","colorDark":"#356484","band":1,"metro":1,"sc":0.87,"off":[6.8,5.1]}},{"type":"Feature","geometry":{"type":"Point","coordinates":[19.947343,50.069917]},"properties":{"line":"SKA2","mode":"tram","color":"#D4328A","colorDark":"#751c4c","band":1,"metro":1,"sc":0.87,"off":[-5.1,7.1]}},{"type":"Feature","geometry":{"type":"Point","coordinates":[19.947343,50.069917]},"properties":{"line":"SKA3","mode":"tram","color":"#F2C43B","colorDark":"#856c20","band":1,"metro":1,"sc":0.87,"off":[-1.7,7.1]}},{"type":"Feature","geometry":{"type":"Point","coordinates":[19.947343,50.069917]},"properties":{"line":"609","mode":"bus","color":"#000000","colorDark":"#000000","band":1,"sc":0.87,"off":[1.7,7.1]}},{"type":"Feature","geometry":{"type":"Point","coordinates":[19.947343,50.069917]},"properties":{"line":"902","mode":"bus","color":"#000000","colorDark":"#000000","band":1,"sc":0.87,"off":[5.1,7.1]}},{"type":"Feature","geometry":{"type":"Point","coordinates":[19.960381,50.023326]},"properties":{"name":"Zajezdnia Wola Duchacka","band":1,"modes":"bus","arr":["107","169"],"off":[0,-0.8]}},{"type":"Feature","geometry":{"type":"Point","coordinates":[19.960381,50.023326]},"properties":{"line":"107","mode":"bus","color":"#0059a9","colorDark":"#00294f","band":1,"off":[-1.7,1.1]}},{"type":"Feature","geometry":{"type":"Point","coordinates":[19.960381,50.023326]},"properties":{"line":"169","mode":"bus","color":"#0059a9","colorDark":"#00294f","band":1,"off":[1.7,1.1]}},{"type":"Feature","geometry":{"type":"Point","coordinates":[19.990106,49.979671]},"properties":{"name":"Soboniowice","band":1,"modes":"bus","arr":["107"],"off":[0,-0.8]}},{"type":"Feature","geometry":{"type":"Point","coordinates":[19.990106,49.979671]},"properties":{"line":"107","mode":"bus","color":"#0059a9","colorDark":"#00294f","band":1,"off":[0,1.1]}},{"type":"Feature","geometry":{"type":"Point","coordinates":[20.117115,50.072826]},"properties":{"name":"Pleszów","band":1,"modes":"tram,bus","arr":["10","21","111","160","161","171","211","271"],"off":[0,-0.8]}},{"type":"Feature","geometry":{"type":"Point","coordinates":[20.117115,50.072826]},"properties":{"line":"10","mode":"tram","color":"#d6212b","colorDark":"#7c1116","band":1,"off":[-6.8,1.1]}},{"type":"Feature","geometry":{"type":"Point","coordinates":[20.117115,50.072826]},"properties":{"line":"21","mode":"tram","color":"#d6212b","colorDark":"#7c1116","band":1,"off":[-3.4,1.1]}},{"type":"Feature","geometry":{"type":"Point","coordinates":[20.117115,50.072826]},"properties":{"line":"111","mode":"bus","color":"#0059a9","colorDark":"#00294f","band":1,"off":[0,1.1]}},{"type":"Feature","geometry":{"type":"Point","coordinates":[20.117115,50.072826]},"properties":{"line":"160","mode":"bus","color":"#0059a9","colorDark":"#00294f","band":1,"off":[3.4,1.1]}},{"type":"Feature","geometry":{"type":"Point","coordinates":[20.117115,50.072826]},"properties":{"line":"161","mode":"bus","color":"#0059a9","colorDark":"#00294f","band":1,"off":[6.8,1.1]}},{"type":"Feature","geometry":{"type":"Point","coordinates":[20.117115,50.072826]},"properties":{"line":"171","mode":"bus","color":"#0059a9","colorDark":"#00294f","band":1,"off":[-3.4,3.1]}},{"type":"Feature","geometry":{"type":"Point","coordinates":[20.117115,50.072826]},"properties":{"line":"211","mode":"bus","color":"#0059a9","colorDark":"#00294f","band":1,"off":[0,3.1]}},{"type":"Feature","geometry":{"type":"Point","coordinates":[20.117115,50.072826]},"properties":{"line":"271","mode":"bus","color":"#0059a9","colorDark":"#00294f","band":1,"off":[3.4,3.1]}},{"type":"Feature","geometry":{"type":"Point","coordinates":[19.814497,50.008312]},"properties":{"name":"Tyniec Kamieniołom","band":1,"modes":"bus","arr":["112"],"off":[0,-0.8]}},{"type":"Feature","geometry":{"type":"Point","coordinates":[19.814497,50.008312]},"properties":{"line":"112","mode":"bus","color":"#0059a9","colorDark":"#00294f","band":1,"off":[0,1.1]}},{"type":"Feature","geometry":{"type":"Point","coordinates":[19.932909,50.04668]},"properties":{"name":"Os. Podwawelskie","band":1,"modes":"bus","arr":["112","124","126","146","162","219","300","424","708","A49","A60","LR0"],"off":[0,-0.8]}},{"type":"Feature","geometry":{"type":"Point","coordinates":[19.932909,50.04668]},"properties":{"name":"Kraków Os. Podwawelskie","band":1,"modes":"bus","arr":["112","124","126","146","162","219","300","424","708","A49","A60","LR0"],"off":[0,-1.9]}},{"type":"Feature","geometry":{"type":"Point","coordinates":[19.932909,50.04668]},"properties":{"line":"112","mode":"bus","color":"#0059a9","colorDark":"#00294f","band":1,"off":[-6.8,1.1]}},{"type":"Feature","geometry":{"type":"Point","coordinates":[19.932909,50.04668]},"properties":{"line":"124","mode":"bus","color":"#0059a9","colorDark":"#00294f","band":1,"off":[-3.4,1.1]}},{"type":"Feature","geometry":{"type":"Point","coordinates":[19.932909,50.04668]},"properties":{"line":"126","mode":"bus","color":"#0059a9","colorDark":"#00294f","band":1,"off":[0,1.1]}},{"type":"Feature","geometry":{"type":"Point","coordinates":[19.932909,50.04668]},"properties":{"line":"146","mode":"bus","color":"#0059a9","colorDark":"#00294f","band":1,"off":[3.4,1.1]}},{"type":"Feature","geometry":{"type":"Point","coordinates":[19.932909,50.04668]},"properties":{"line":"162","mode":"bus","color":"#0059a9","colorDark":"#00294f","band":1,"off":[6.8,1.1]}},{"type":"Feature","geometry":{"type":"Point","coordinates":[19.932909,50.04668]},"properties":{"line":"219","mode":"bus","color":"#0059a9","colorDark":"#00294f","band":1,"off":[-6.8,3.1]}},{"type":"Feature","geometry":{"type":"Point","coordinates":[19.932909,50.04668]},"properties":{"line":"300","mode":"bus","color":"#0059a9","colorDark":"#00294f","band":1,"off":[-3.4,3.1]}},{"type":"Feature","geometry":{"type":"Point","coordinates":[19.932909,50.04668]},"properties":{"line":"424","mode":"bus","color":"#0059a9","colorDark":"#00294f","band":1,"off":[0,3.1]}},{"type":"Feature","geometry":{"type":"Point","coordinates":[19.932909,50.04668]},"properties":{"line":"708","mode":"bus","color":"#0059a9","colorDark":"#00294f","band":1,"off":[3.4,3.1]}},{"type":"Feature","geometry":{"type":"Point","coordinates":[19.932909,50.04668]},"properties":{"line":"A49","mode":"bus","color":"#0059a9","colorDark":"#00294f","band":1,"off":[6.8,3.1]}},{"type":"Feature","geometry":{"type":"Point","coordinates":[19.932909,50.04668]},"properties":{"line":"A60","mode":"bus","color":"#0059a9","colorDark":"#00294f","band":1,"off":[-1.7,5.1]}},{"type":"Feature","geometry":{"type":"Point","coordinates":[19.932909,50.04668]},"properties":{"line":"LR0","mode":"bus","color":"#0059a9","colorDark":"#00294f","band":1,"off":[1.7,5.1]}},{"type":"Feature","geometry":{"type":"Point","coordinates":[20.005434,50.058021]},"properties":{"name":"Galicyjska","band":1,"modes":"bus","arr":["113"],"off":[0,-0.8]}},{"type":"Feature","geometry":{"type":"Point","coordinates":[20.005434,50.058021]},"properties":{"line":"113","mode":"bus","color":"#0059a9","colorDark":"#00294f","band":1,"off":[0,1.1]}},{"type":"Feature","geometry":{"type":"Point","coordinates":[20.015237,50.075143]},"properties":{"name":"Czyżyny Dworzec","band":1,"modes":"bus","arr":["113","148","202","212","222","232","262","A50","A57","611"],"off":[0,-0.8]}},{"type":"Feature","geometry":{"type":"Point","coordinates":[20.015237,50.075143]},"properties":{"line":"113","mode":"bus","color":"#0059a9","colorDark":"#00294f","band":1,"off":[-6.8,1.1]}},{"type":"Feature","geometry":{"type":"Point","coordinates":[20.015237,50.075143]},"properties":{"line":"148","mode":"bus","color":"#0059a9","colorDark":"#00294f","band":1,"off":[-3.4,1.1]}},{"type":"Feature","geometry":{"type":"Point","coordinates":[20.015237,50.075143]},"properties":{"line":"202","mode":"bus","color":"#0059a9","colorDark":"#00294f","band":1,"off":[0,1.1]}},{"type":"Feature","geometry":{"type":"Point","coordinates":[20.015237,50.075143]},"properties":{"line":"212","mode":"bus","color":"#0059a9","colorDark":"#00294f","band":1,"off":[3.4,1.1]}},{"type":"Feature","geometry":{"type":"Point","coordinates":[20.015237,50.075143]},"properties":{"line":"222","mode":"bus","color":"#0059a9","colorDark":"#00294f","band":1,"off":[6.8,1.1]}},{"type":"Feature","geometry":{"type":"Point","coordinates":[20.015237,50.075143]},"properties":{"line":"232","mode":"bus","color":"#0059a9","colorDark":"#00294f","band":1,"off":[-6.8,3.1]}},{"type":"Feature","geometry":{"type":"Point","coordinates":[20.015237,50.075143]},"properties":{"line":"262","mode":"bus","color":"#0059a9","colorDark":"#00294f","band":1,"off":[-3.4,3.1]}},{"type":"Feature","geometry":{"type":"Point","coordinates":[20.015237,50.075143]},"properties":{"line":"A50","mode":"bus","color":"#0059a9","colorDark":"#00294f","band":1,"off":[0,3.1]}},{"type":"Feature","geometry":{"type":"Point","coordinates":[20.015237,50.075143]},"properties":{"line":"A57","mode":"bus","color":"#0059a9","colorDark":"#00294f","band":1,"off":[3.4,3.1]}},{"type":"Feature","geometry":{"type":"Point","coordinates":[20.015237,50.075143]},"properties":{"line":"611","mode":"bus","color":"#000000","colorDark":"#000000","band":1,"off":[6.8,3.1]}},{"type":"Feature","geometry":{"type":"Point","coordinates":[19.844449,50.006404]},"properties":{"name":"Podgórki Tynieckie","band":1,"modes":"bus","arr":["116","162"],"off":[0,-0.8]}},{"type":"Feature","geometry":{"type":"Point","coordinates":[19.844449,50.006404]},"properties":{"line":"116","mode":"bus","color":"#0059a9","colorDark":"#00294f","band":1,"off":[-1.7,1.1]}},{"type":"Feature","geometry":{"type":"Point","coordinates":[19.844449,50.006404]},"properties":{"line":"162","mode":"bus","color":"#0059a9","colorDark":"#00294f","band":1,"off":[1.7,1.1]}},{"type":"Feature","geometry":{"type":"Point","coordinates":[19.938258,50.075392]},"properties":{"name":"Nowy Kleparz","band":1,"modes":"tram,bus","arr":["14","20","120","140","189","301","337","420","502"],"off":[0,-0.8]}},{"type":"Feature","geometry":{"type":"Point","coordinates":[19.938258,50.075392]},"properties":{"name":"Dworzec Towarowy","band":1,"modes":"tram,bus","arr":["14","20","120","140","189","301","337","420","502"],"off":[0,-1.9]}},{"type":"Feature","geometry":{"type":"Point","coordinates":[19.938258,50.075392]},"properties":{"line":"14","mode":"tram","color":"#d6212b","colorDark":"#7c1116","band":1,"off":[-6.8,1.1]}},{"type":"Feature","geometry":{"type":"Point","coordinates":[19.938258,50.075392]},"properties":{"line":"20","mode":"tram","color":"#d6212b","colorDark":"#7c1116","band":1,"off":[-3.4,1.1]}},{"type":"Feature","geometry":{"type":"Point","coordinates":[19.938258,50.075392]},"properties":{"line":"120","mode":"bus","color":"#0059a9","colorDark":"#00294f","band":1,"off":[0,1.1]}},{"type":"Feature","geometry":{"type":"Point","coordinates":[19.938258,50.075392]},"properties":{"line":"140","mode":"bus","color":"#0059a9","colorDark":"#00294f","band":1,"off":[3.4,1.1]}},{"type":"Feature","geometry":{"type":"Point","coordinates":[19.938258,50.075392]},"properties":{"line":"189","mode":"bus","color":"#0059a9","colorDark":"#00294f","band":1,"off":[6.8,1.1]}},{"type":"Feature","geometry":{"type":"Point","coordinates":[19.938258,50.075392]},"properties":{"line":"301","mode":"bus","color":"#0059a9","colorDark":"#00294f","band":1,"off":[-5.1,3.1]}},{"type":"Feature","geometry":{"type":"Point","coordinates":[19.938258,50.075392]},"properties":{"line":"337","mode":"bus","color":"#0059a9","colorDark":"#00294f","band":1,"off":[-1.7,3.1]}},{"type":"Feature","geometry":{"type":"Point","coordinates":[19.938258,50.075392]},"properties":{"line":"420","mode":"bus","color":"#0059a9","colorDark":"#00294f","band":1,"off":[1.7,3.1]}},{"type":"Feature","geometry":{"type":"Point","coordinates":[19.938258,50.075392]},"properties":{"line":"502","mode":"bus","color":"#0059a9","colorDark":"#00294f","band":1,"off":[5.1,3.1]}},{"type":"Feature","geometry":{"type":"Point","coordinates":[19.87051,50.08006]},"properties":{"name":"Lindego","band":1,"modes":"bus","arr":["120","572"],"off":[0,-0.8]}},{"type":"Feature","geometry":{"type":"Point","coordinates":[19.87051,50.08006]},"properties":{"line":"120","mode":"bus","color":"#0059a9","colorDark":"#00294f","band":1,"off":[-1.7,1.1]}},{"type":"Feature","geometry":{"type":"Point","coordinates":[19.87051,50.08006]},"properties":{"line":"572","mode":"bus","color":"#0059a9","colorDark":"#00294f","band":1,"off":[1.7,1.1]}},{"type":"Feature","geometry":{"type":"Point","coordinates":[19.881775,50.081607]},"properties":{"name":"Bronowice Małe","band":1,"modes":"bus","arr":["200","210","218","228","230","238","248","258","268","278","288","298","704","708","664","910","918","948"],"off":[0,-0.8],"sc":0.89}},{"type":"Feature","geometry":{"type":"Point","coordinates":[19.881775,50.081607]},"properties":{"line":"200","mode":"bus","color":"#0059a9","colorDark":"#00294f","band":1,"sc":0.89,"off":[-6.8,1.1]}},{"type":"Feature","geometry":{"type":"Point","coordinates":[19.881775,50.081607]},"properties":{"line":"210","mode":"bus","color":"#0059a9","colorDark":"#00294f","band":1,"sc":0.89,"off":[-3.4,1.1]}},{"type":"Feature","geometry":{"type":"Point","coordinates":[19.881775,50.081607]},"properties":{"line":"218","mode":"bus","color":"#0059a9","colorDark":"#00294f","band":1,"sc":0.89,"off":[0,1.1]}},{"type":"Feature","geometry":{"type":"Point","coordinates":[19.881775,50.081607]},"properties":{"line":"228","mode":"bus","color":"#0059a9","colorDark":"#00294f","band":1,"sc":0.89,"off":[3.4,1.1]}},{"type":"Feature","geometry":{"type":"Point","coordinates":[19.881775,50.081607]},"properties":{"line":"230","mode":"bus","color":"#0059a9","colorDark":"#00294f","band":1,"sc":0.89,"off":[6.8,1.1]}},{"type":"Feature","geometry":{"type":"Point","coordinates":[19.881775,50.081607]},"properties":{"line":"238","mode":"bus","color":"#0059a9","colorDark":"#00294f","band":1,"sc":0.89,"off":[-6.8,3.1]}},{"type":"Feature","geometry":{"type":"Point","coordinates":[19.881775,50.081607]},"properties":{"line":"248","mode":"bus","color":"#0059a9","colorDark":"#00294f","band":1,"sc":0.89,"off":[-3.4,3.1]}},{"type":"Feature","geometry":{"type":"Point","coordinates":[19.881775,50.081607]},"properties":{"line":"258","mode":"bus","color":"#0059a9","colorDark":"#00294f","band":1,"sc":0.89,"off":[0,3.1]}},{"type":"Feature","geometry":{"type":"Point","coordinates":[19.881775,50.081607]},"properties":{"line":"268","mode":"bus","color":"#0059a9","colorDark":"#00294f","band":1,"sc":0.89,"off":[3.4,3.1]}},{"type":"Feature","geometry":{"type":"Point","coordinates":[19.881775,50.081607]},"properties":{"line":"278","mode":"bus","color":"#0059a9","colorDark":"#00294f","band":1,"sc":0.89,"off":[6.8,3.1]}},{"type":"Feature","geometry":{"type":"Point","coordinates":[19.881775,50.081607]},"properties":{"line":"288","mode":"bus","color":"#0059a9","colorDark":"#00294f","band":1,"sc":0.89,"off":[-6.8,5.1]}},{"type":"Feature","geometry":{"type":"Point","coordinates":[19.881775,50.081607]},"properties":{"line":"298","mode":"bus","color":"#0059a9","colorDark":"#00294f","band":1,"sc":0.89,"off":[-3.4,5.1]}},{"type":"Feature","geometry":{"type":"Point","coordinates":[19.881775,50.081607]},"properties":{"line":"704","mode":"bus","color":"#0059a9","colorDark":"#00294f","band":1,"sc":0.89,"off":[0,5.1]}},{"type":"Feature","geometry":{"type":"Point","coordinates":[19.881775,50.081607]},"properties":{"line":"708","mode":"bus","color":"#0059a9","colorDark":"#00294f","band":1,"sc":0.89,"off":[3.4,5.1]}},{"type":"Feature","geometry":{"type":"Point","coordinates":[19.881775,50.081607]},"properties":{"line":"664","mode":"bus","color":"#000000","colorDark":"#000000","band":1,"sc":0.89,"off":[6.8,5.1]}},{"type":"Feature","geometry":{"type":"Point","coordinates":[19.881775,50.081607]},"properties":{"line":"910","mode":"bus","color":"#000000","colorDark":"#000000","band":1,"sc":0.89,"off":[-3.4,7.1]}},{"type":"Feature","geometry":{"type":"Point","coordinates":[19.881775,50.081607]},"properties":{"line":"918","mode":"bus","color":"#000000","colorDark":"#000000","band":1,"sc":0.89,"off":[0,7.1]}},{"type":"Feature","geometry":{"type":"Point","coordinates":[19.881775,50.081607]},"properties":{"line":"948","mode":"bus","color":"#000000","colorDark":"#000000","band":1,"sc":0.89,"off":[3.4,7.1]}},{"type":"Feature","geometry":{"type":"Point","coordinates":[19.892409,50.086934]},"properties":{"name":"Rondo Ofiar Katynia","band":1,"modes":"bus","arr":["140","258"],"off":[0,-0.8]}},{"type":"Feature","geometry":{"type":"Point","coordinates":[19.892409,50.086934]},"properties":{"name":"Radzikowskiego Osiedle","band":1,"modes":"bus","arr":["140","258"],"off":[0,-3]}},{"type":"Feature","geometry":{"type":"Point","coordinates":[19.892409,50.086934]},"properties":{"line":"140","mode":"bus","color":"#0059a9","colorDark":"#00294f","band":1,"off":[-1.7,1.1]}},{"type":"Feature","geometry":{"type":"Point","coordinates":[19.892409,50.086934]},"properties":{"line":"258","mode":"bus","color":"#0059a9","colorDark":"#00294f","band":1,"off":[1.7,1.1]}},{"type":"Feature","geometry":{"type":"Point","coordinates":[19.911619,49.995364]},"properties":{"name":"Kliny Poranne","band":1,"modes":"bus","arr":["121"],"off":[0,-0.8]}},{"type":"Feature","geometry":{"type":"Point","coordinates":[19.911619,49.995364]},"properties":{"line":"121","mode":"bus","color":"#0059a9","colorDark":"#00294f","band":1,"off":[0,1.1]}},{"type":"Feature","geometry":{"type":"Point","coordinates":[19.926646,50.011341]},"properties":{"name":"Borek Fałęcki","band":1,"modes":"bus","arr":["121","151","175","191","214","215","225","235","243","245","254","255","265","275","285","293","475"],"off":[0,-0.8],"sc":0.9}},{"type":"Feature","geometry":{"type":"Point","coordinates":[19.926646,50.011341]},"properties":{"line":"121","mode":"bus","color":"#0059a9","colorDark":"#00294f","band":1,"sc":0.9,"off":[-6.8,1.1]}},{"type":"Feature","geometry":{"type":"Point","coordinates":[19.926646,50.011341]},"properties":{"line":"151","mode":"bus","color":"#0059a9","colorDark":"#00294f","band":1,"sc":0.9,"off":[-3.4,1.1]}},{"type":"Feature","geometry":{"type":"Point","coordinates":[19.926646,50.011341]},"properties":{"line":"175","mode":"bus","color":"#0059a9","colorDark":"#00294f","band":1,"sc":0.9,"off":[0,1.1]}},{"type":"Feature","geometry":{"type":"Point","coordinates":[19.926646,50.011341]},"properties":{"line":"191","mode":"bus","color":"#0059a9","colorDark":"#00294f","band":1,"sc":0.9,"off":[3.4,1.1]}},{"type":"Feature","geometry":{"type":"Point","coordinates":[19.926646,50.011341]},"properties":{"line":"214","mode":"bus","color":"#0059a9","colorDark":"#00294f","band":1,"sc":0.9,"off":[6.8,1.1]}},{"type":"Feature","geometry":{"type":"Point","coordinates":[19.926646,50.011341]},"properties":{"line":"215","mode":"bus","color":"#0059a9","colorDark":"#00294f","band":1,"sc":0.9,"off":[-6.8,3.1]}},{"type":"Feature","geometry":{"type":"Point","coordinates":[19.926646,50.011341]},"properties":{"line":"225","mode":"bus","color":"#0059a9","colorDark":"#00294f","band":1,"sc":0.9,"off":[-3.4,3.1]}},{"type":"Feature","geometry":{"type":"Point","coordinates":[19.926646,50.011341]},"properties":{"line":"235","mode":"bus","color":"#0059a9","colorDark":"#00294f","band":1,"sc":0.9,"off":[0,3.1]}},{"type":"Feature","geometry":{"type":"Point","coordinates":[19.926646,50.011341]},"properties":{"line":"243","mode":"bus","color":"#0059a9","colorDark":"#00294f","band":1,"sc":0.9,"off":[3.4,3.1]}},{"type":"Feature","geometry":{"type":"Point","coordinates":[19.926646,50.011341]},"properties":{"line":"245","mode":"bus","color":"#0059a9","colorDark":"#00294f","band":1,"sc":0.9,"off":[6.8,3.1]}},{"type":"Feature","geometry":{"type":"Point","coordinates":[19.926646,50.011341]},"properties":{"line":"254","mode":"bus","color":"#0059a9","colorDark":"#00294f","band":1,"sc":0.9,"off":[-6.8,5.1]}},{"type":"Feature","geometry":{"type":"Point","coordinates":[19.926646,50.011341]},"properties":{"line":"255","mode":"bus","color":"#0059a9","colorDark":"#00294f","band":1,"sc":0.9,"off":[-3.4,5.1]}},{"type":"Feature","geometry":{"type":"Point","coordinates":[19.926646,50.011341]},"properties":{"line":"265","mode":"bus","color":"#0059a9","colorDark":"#00294f","band":1,"sc":0.9,"off":[0,5.1]}},{"type":"Feature","geometry":{"type":"Point","coordinates":[19.926646,50.011341]},"properties":{"line":"275","mode":"bus","color":"#0059a9","colorDark":"#00294f","band":1,"sc":0.9,"off":[3.4,5.1]}},{"type":"Feature","geometry":{"type":"Point","coordinates":[19.926646,50.011341]},"properties":{"line":"285","mode":"bus","color":"#0059a9","colorDark":"#00294f","band":1,"sc":0.9,"off":[6.8,5.1]}},{"type":"Feature","geometry":{"type":"Point","coordinates":[19.926646,50.011341]},"properties":{"line":"293","mode":"bus","color":"#0059a9","colorDark":"#00294f","band":1,"sc":0.9,"off":[-1.7,7.1]}},{"type":"Feature","geometry":{"type":"Point","coordinates":[19.926646,50.011341]},"properties":{"line":"475","mode":"bus","color":"#0059a9","colorDark":"#00294f","band":1,"sc":0.9,"off":[1.7,7.1]}},{"type":"Feature","geometry":{"type":"Point","coordinates":[20.043855,50.106216]},"properties":{"name":"Zesławice","band":1,"modes":"bus","arr":["122"],"off":[0,-0.8]}},{"type":"Feature","geometry":{"type":"Point","coordinates":[20.043855,50.106216]},"properties":{"line":"122","mode":"bus","color":"#0059a9","colorDark":"#00294f","band":1,"off":[0,1.1]}},{"type":"Feature","geometry":{"type":"Point","coordinates":[20.033993,50.075238]},"properties":{"name":"Aleja Przyjaźni","band":1,"modes":"bus","arr":["122","160","502","572"],"off":[0,-0.8]}},{"type":"Feature","geometry":{"type":"Point","coordinates":[20.033993,50.075238]},"properties":{"line":"122","mode":"bus","color":"#0059a9","colorDark":"#00294f","band":1,"off":[-5.1,1.1]}},{"type":"Feature","geometry":{"type":"Point","coordinates":[20.033993,50.075238]},"properties":{"line":"160","mode":"bus","color":"#0059a9","colorDark":"#00294f","band":1,"off":[-1.7,1.1]}},{"type":"Feature","geometry":{"type":"Point","coordinates":[20.033993,50.075238]},"properties":{"line":"502","mode":"bus","color":"#0059a9","colorDark":"#00294f","band":1,"off":[1.7,1.1]}},{"type":"Feature","geometry":{"type":"Point","coordinates":[20.033993,50.075238]},"properties":{"line":"572","mode":"bus","color":"#0059a9","colorDark":"#00294f","band":1,"off":[5.1,1.1]}},{"type":"Feature","geometry":{"type":"Point","coordinates":[20.032761,50.091186]},"properties":{"name":"Zajezdnia Bieńczyce","band":1,"modes":"bus","arr":["601"],"off":[0,-0.8]}},{"type":"Feature","geometry":{"type":"Point","coordinates":[20.032761,50.091186]},"properties":{"line":"601","mode":"bus","color":"#000000","colorDark":"#000000","band":1,"off":[0,1.1]}},{"type":"Feature","geometry":{"type":"Point","coordinates":[19.995842,50.095377]},"properties":{"name":"Mistrzejowice","band":1,"modes":"tram,bus","arr":["14","16","123","183","482"],"off":[0,-0.8]}},{"type":"Feature","geometry":{"type":"Point","coordinates":[19.995842,50.095377]},"properties":{"line":"14","mode":"tram","color":"#d6212b","colorDark":"#7c1116","band":1,"off":[-6.8,1.1]}},{"type":"Feature","geometry":{"type":"Point","coordinates":[19.995842,50.095377]},"properties":{"line":"16","mode":"tram","color":"#d6212b","colorDark":"#7c1116","band":1,"off":[-3.4,1.1]}},{"type":"Feature","geometry":{"type":"Point","coordinates":[19.995842,50.095377]},"properties":{"line":"123","mode":"bus","color":"#0059a9","colorDark":"#00294f","band":1,"off":[0,1.1]}},{"type":"Feature","geometry":{"type":"Point","coordinates":[19.995842,50.095377]},"properties":{"line":"183","mode":"bus","color":"#0059a9","colorDark":"#00294f","band":1,"off":[3.4,1.1]}},{"type":"Feature","geometry":{"type":"Point","coordinates":[19.995842,50.095377]},"properties":{"line":"482","mode":"bus","color":"#0059a9","colorDark":"#00294f","band":1,"off":[6.8,1.1]}},{"type":"Feature","geometry":{"type":"Point","coordinates":[20.0006,50.040065]},"properties":{"name":"Mały Płaszów P+R","band":1,"modes":"tram,bus","arr":["11","20","76","123","195","221","264","A58"],"off":[0,-0.8]}},{"type":"Feature","geometry":{"type":"Point","coordinates":[20.0006,50.040065]},"properties":{"name":"Kraków Mały Płaszów P+R","band":1,"modes":"tram,bus","arr":["11","20","76","123","195","221","264","A58"],"off":[0,-1.9]}},{"type":"Feature","geometry":{"type":"Point","coordinates":[20.0006,50.040065]},"properties":{"line":"11","mode":"tram","color":"#d6212b","colorDark":"#7c1116","band":1,"off":[-6.8,1.1]}},{"type":"Feature","geometry":{"type":"Point","coordinates":[20.0006,50.040065]},"properties":{"line":"20","mode":"tram","color":"#d6212b","colorDark":"#7c1116","band":1,"off":[-3.4,1.1]}},{"type":"Feature","geometry":{"type":"Point","coordinates":[20.0006,50.040065]},"properties":{"line":"76","mode":"tram","color":"#d6212b","colorDark":"#7c1116","band":1,"off":[0,1.1]}},{"type":"Feature","geometry":{"type":"Point","coordinates":[20.0006,50.040065]},"properties":{"line":"123","mode":"bus","color":"#0059a9","colorDark":"#00294f","band":1,"off":[3.4,1.1]}},{"type":"Feature","geometry":{"type":"Point","coordinates":[20.0006,50.040065]},"properties":{"line":"195","mode":"bus","color":"#0059a9","colorDark":"#00294f","band":1,"off":[6.8,1.1]}},{"type":"Feature","geometry":{"type":"Point","coordinates":[20.0006,50.040065]},"properties":{"line":"221","mode":"bus","color":"#0059a9","colorDark":"#00294f","band":1,"off":[-3.4,3.1]}},{"type":"Feature","geometry":{"type":"Point","coordinates":[20.0006,50.040065]},"properties":{"line":"264","mode":"bus","color":"#0059a9","colorDark":"#00294f","band":1,"off":[0,3.1]}},{"type":"Feature","geometry":{"type":"Point","coordinates":[20.0006,50.040065]},"properties":{"line":"A58","mode":"bus","color":"#0059a9","colorDark":"#00294f","band":1,"off":[3.4,3.1]}},{"type":"Feature","geometry":{"type":"Point","coordinates":[20.045374,50.054047]},"properties":{"name":"Lesisko","band":1,"modes":"bus","arr":["149","183"],"off":[0,-0.8]}},{"type":"Feature","geometry":{"type":"Point","coordinates":[20.045374,50.054047]},"properties":{"line":"149","mode":"bus","color":"#0059a9","colorDark":"#00294f","band":1,"off":[-1.7,1.1]}},{"type":"Feature","geometry":{"type":"Point","coordinates":[20.045374,50.054047]},"properties":{"line":"183","mode":"bus","color":"#0059a9","colorDark":"#00294f","band":1,"off":[1.7,1.1]}},{"type":"Feature","geometry":{"type":"Point","coordinates":[19.983886,50.07199]},"properties":{"name":"TAURON Arena Kraków Wieczysta","band":1,"modes":"tram,bus","arr":["49","124"],"off":[0,-0.8]}},{"type":"Feature","geometry":{"type":"Point","coordinates":[19.983886,50.07199]},"properties":{"line":"49","mode":"tram","color":"#d6212b","colorDark":"#7c1116","band":1,"off":[-1.7,1.1]}},{"type":"Feature","geometry":{"type":"Point","coordinates":[19.983886,50.07199]},"properties":{"line":"124","mode":"bus","color":"#0059a9","colorDark":"#00294f","band":1,"off":[1.7,1.1]}},{"type":"Feature","geometry":{"type":"Point","coordinates":[19.944201,50.064643]},"properties":{"name":"Teatr Słowackiego","band":1,"modes":"bus","arr":["704","605"],"off":[0,-0.8]}},{"type":"Feature","geometry":{"type":"Point","coordinates":[19.944201,50.064643]},"properties":{"line":"704","mode":"bus","color":"#0059a9","colorDark":"#00294f","band":1,"off":[-1.7,1.1]}},{"type":"Feature","geometry":{"type":"Point","coordinates":[19.944201,50.064643]},"properties":{"line":"605","mode":"bus","color":"#000000","colorDark":"#000000","band":1,"off":[1.7,1.1]}},{"type":"Feature","geometry":{"type":"Point","coordinates":[20.051306,50.021807]},"properties":{"name":"Złocień","band":1,"modes":"bus","arr":["125","605"],"off":[0,-0.8]}},{"type":"Feature","geometry":{"type":"Point","coordinates":[20.051306,50.021807]},"properties":{"line":"125","mode":"bus","color":"#0059a9","colorDark":"#00294f","band":1,"off":[-1.7,1.1]}},{"type":"Feature","geometry":{"type":"Point","coordinates":[20.051306,50.021807]},"properties":{"line":"605","mode":"bus","color":"#000000","colorDark":"#000000","band":1,"off":[1.7,1.1]}},{"type":"Feature","geometry":{"type":"Point","coordinates":[19.962876,50.042123]},"properties":{"name":"Podgórze SKA","band":1,"modes":"bus","arr":["127","155","158"],"off":[0,-0.8]}},{"type":"Feature","geometry":{"type":"Point","coordinates":[19.962876,50.042123]},"properties":{"line":"127","mode":"bus","color":"#0059a9","colorDark":"#00294f","band":1,"off":[-3.4,1.1]}},{"type":"Feature","geometry":{"type":"Point","coordinates":[19.962876,50.042123]},"properties":{"line":"155","mode":"bus","color":"#0059a9","colorDark":"#00294f","band":1,"off":[0,1.1]}},{"type":"Feature","geometry":{"type":"Point","coordinates":[19.962876,50.042123]},"properties":{"line":"158","mode":"bus","color":"#0059a9","colorDark":"#00294f","band":1,"off":[3.4,1.1]}},{"type":"Feature","geometry":{"type":"Point","coordinates":[19.995291,50.034047]},"properties":{"name":"Bagry","band":1,"modes":"bus","arr":["127"],"off":[0,-0.8]}},{"type":"Feature","geometry":{"type":"Point","coordinates":[19.995291,50.034047]},"properties":{"line":"127","mode":"bus","color":"#0059a9","colorDark":"#00294f","band":1,"off":[0,1.1]}},{"type":"Feature","geometry":{"type":"Point","coordinates":[20.011679,50.035489]},"properties":{"name":"Zajezdnia Płaszów","band":1,"modes":"bus","arr":["128","148"],"off":[0,-0.8]}},{"type":"Feature","geometry":{"type":"Point","coordinates":[20.011679,50.035489]},"properties":{"line":"128","mode":"bus","color":"#0059a9","colorDark":"#00294f","band":1,"off":[-1.7,1.1]}},{"type":"Feature","geometry":{"type":"Point","coordinates":[20.011679,50.035489]},"properties":{"line":"148","mode":"bus","color":"#0059a9","colorDark":"#00294f","band":1,"off":[1.7,1.1]}},{"type":"Feature","geometry":{"type":"Point","coordinates":[19.963066,50.104982]},"properties":{"name":"Górka Narodowa P+R","band":1,"modes":"tram,bus","arr":["18","50","75","128","169","217","247","257","277","280","297","469","503","69","669","917"],"off":[0,-0.8],"sc":0.92}},{"type":"Feature","geometry":{"type":"Point","coordinates":[19.963066,50.104982]},"properties":{"line":"18","mode":"tram","color":"#d6212b","colorDark":"#7c1116","band":1,"sc":0.92,"off":[-6.8,1.1]}},{"type":"Feature","geometry":{"type":"Point","coordinates":[19.963066,50.104982]},"properties":{"line":"50","mode":"tram","color":"#d6212b","colorDark":"#7c1116","band":1,"sc":0.92,"off":[-3.4,1.1]}},{"type":"Feature","geometry":{"type":"Point","coordinates":[19.963066,50.104982]},"properties":{"line":"75","mode":"tram","color":"#d6212b","colorDark":"#7c1116","band":1,"sc":0.92,"off":[0,1.1]}},{"type":"Feature","geometry":{"type":"Point","coordinates":[19.963066,50.104982]},"properties":{"line":"128","mode":"bus","color":"#0059a9","colorDark":"#00294f","band":1,"sc":0.92,"off":[3.4,1.1]}},{"type":"Feature","geometry":{"type":"Point","coordinates":[19.963066,50.104982]},"properties":{"line":"169","mode":"bus","color":"#0059a9","colorDark":"#00294f","band":1,"sc":0.92,"off":[6.8,1.1]}},{"type":"Feature","geometry":{"type":"Point","coordinates":[19.963066,50.104982]},"properties":{"line":"217","mode":"bus","color":"#0059a9","colorDark":"#00294f","band":1,"sc":0.92,"off":[-6.8,3.1]}},{"type":"Feature","geometry":{"type":"Point","coordinates":[19.963066,50.104982]},"properties":{"line":"247","mode":"bus","color":"#0059a9","colorDark":"#00294f","band":1,"sc":0.92,"off":[-3.4,3.1]}},{"type":"Feature","geometry":{"type":"Point","coordinates":[19.963066,50.104982]},"properties":{"line":"257","mode":"bus","color":"#0059a9","colorDark":"#00294f","band":1,"sc":0.92,"off":[0,3.1]}},{"type":"Feature","geometry":{"type":"Point","coordinates":[19.963066,50.104982]},"properties":{"line":"277","mode":"bus","color":"#0059a9","colorDark":"#00294f","band":1,"sc":0.92,"off":[3.4,3.1]}},{"type":"Feature","geometry":{"type":"Point","coordinates":[19.963066,50.104982]},"properties":{"line":"280","mode":"bus","color":"#0059a9","colorDark":"#00294f","band":1,"sc":0.92,"off":[6.8,3.1]}},{"type":"Feature","geometry":{"type":"Point","coordinates":[19.963066,50.104982]},"properties":{"line":"297","mode":"bus","color":"#0059a9","colorDark":"#00294f","band":1,"sc":0.92,"off":[-6.8,5.1]}},{"type":"Feature","geometry":{"type":"Point","coordinates":[19.963066,50.104982]},"properties":{"line":"469","mode":"bus","color":"#0059a9","colorDark":"#00294f","band":1,"sc":0.92,"off":[-3.4,5.1]}},{"type":"Feature","geometry":{"type":"Point","coordinates":[19.963066,50.104982]},"properties":{"line":"503","mode":"bus","color":"#0059a9","colorDark":"#00294f","band":1,"sc":0.92,"off":[0,5.1]}},{"type":"Feature","geometry":{"type":"Point","coordinates":[19.963066,50.104982]},"properties":{"line":"69","mode":"tram","color":"#000000","colorDark":"#000000","band":1,"sc":0.92,"off":[3.4,5.1]}},{"type":"Feature","geometry":{"type":"Point","coordinates":[19.963066,50.104982]},"properties":{"line":"669","mode":"bus","color":"#000000","colorDark":"#000000","band":1,"sc":0.92,"off":[6.8,5.1]}},{"type":"Feature","geometry":{"type":"Point","coordinates":[19.963066,50.104982]},"properties":{"line":"917","mode":"bus","color":"#000000","colorDark":"#000000","band":1,"sc":0.92,"off":[0,7.1]}},{"type":"Feature","geometry":{"type":"Point","coordinates":[19.908847,50.086785]},"properties":{"name":"Azory","band":1,"modes":"bus","arr":["130","138","173","494"],"off":[0,-0.8]}},{"type":"Feature","geometry":{"type":"Point","coordinates":[19.908847,50.086785]},"properties":{"line":"130","mode":"bus","color":"#0059a9","colorDark":"#00294f","band":1,"off":[-5.1,1.1]}},{"type":"Feature","geometry":{"type":"Point","coordinates":[19.908847,50.086785]},"properties":{"line":"138","mode":"bus","color":"#0059a9","colorDark":"#00294f","band":1,"off":[-1.7,1.1]}},{"type":"Feature","geometry":{"type":"Point","coordinates":[19.908847,50.086785]},"properties":{"line":"173","mode":"bus","color":"#0059a9","colorDark":"#00294f","band":1,"off":[1.7,1.1]}},{"type":"Feature","geometry":{"type":"Point","coordinates":[19.908847,50.086785]},"properties":{"line":"494","mode":"bus","color":"#0059a9","colorDark":"#00294f","band":1,"off":[5.1,1.1]}},{"type":"Feature","geometry":{"type":"Point","coordinates":[20.066521,50.078572]},"properties":{"name":"Kombinat","band":1,"modes":"bus","arr":["132","138","139","174","242","272"],"off":[0,-0.8]}},{"type":"Feature","geometry":{"type":"Point","coordinates":[20.066521,50.078572]},"properties":{"line":"132","mode":"bus","color":"#0059a9","colorDark":"#00294f","band":1,"off":[-6.8,1.1]}},{"type":"Feature","geometry":{"type":"Point","coordinates":[20.066521,50.078572]},"properties":{"line":"138","mode":"bus","color":"#0059a9","colorDark":"#00294f","band":1,"off":[-3.4,1.1]}},{"type":"Feature","geometry":{"type":"Point","coordinates":[20.066521,50.078572]},"properties":{"line":"139","mode":"bus","color":"#0059a9","colorDark":"#00294f","band":1,"off":[0,1.1]}},{"type":"Feature","geometry":{"type":"Point","coordinates":[20.066521,50.078572]},"properties":{"line":"174","mode":"bus","color":"#0059a9","colorDark":"#00294f","band":1,"off":[3.4,1.1]}},{"type":"Feature","geometry":{"type":"Point","coordinates":[20.066521,50.078572]},"properties":{"line":"242","mode":"bus","color":"#0059a9","colorDark":"#00294f","band":1,"off":[6.8,1.1]}},{"type":"Feature","geometry":{"type":"Point","coordinates":[20.066521,50.078572]},"properties":{"line":"272","mode":"bus","color":"#0059a9","colorDark":"#00294f","band":1,"off":[0,3.1]}},{"type":"Feature","geometry":{"type":"Point","coordinates":[19.855383,50.055084]},"properties":{"name":"ZOO","band":1,"modes":"bus","arr":["134","434"],"off":[0,-0.8]}},{"type":"Feature","geometry":{"type":"Point","coordinates":[19.855383,50.055084]},"properties":{"line":"134","mode":"bus","color":"#0059a9","colorDark":"#00294f","band":1,"off":[-1.7,1.1]}},{"type":"Feature","geometry":{"type":"Point","coordinates":[19.855383,50.055084]},"properties":{"line":"434","mode":"bus","color":"#0059a9","colorDark":"#00294f","band":1,"off":[1.7,1.1]}},{"type":"Feature","geometry":{"type":"Point","coordinates":[19.92259,50.058487]},"properties":{"name":"Cracovia Stadion","band":1,"modes":"bus","arr":["134","307"],"off":[0,-0.8]}},{"type":"Feature","geometry":{"type":"Point","coordinates":[19.92259,50.058487]},"properties":{"line":"134","mode":"bus","color":"#0059a9","colorDark":"#00294f","band":1,"off":[-1.7,1.1]}},{"type":"Feature","geometry":{"type":"Point","coordinates":[19.92259,50.058487]},"properties":{"line":"307","mode":"bus","color":"#0059a9","colorDark":"#00294f","band":1,"off":[1.7,1.1]}},{"type":"Feature","geometry":{"type":"Point","coordinates":[19.862334,50.059102]},"properties":{"name":"Baba Jaga","band":1,"modes":"bus","arr":["434"],"off":[0,-0.8]}},{"type":"Feature","geometry":{"type":"Point","coordinates":[19.862334,50.059102]},"properties":{"line":"434","mode":"bus","color":"#0059a9","colorDark":"#00294f","band":1,"off":[0,1.1]}},{"type":"Feature","geometry":{"type":"Point","coordinates":[19.964453,50.099858]},"properties":{"name":"Os. Gotyk","band":1,"modes":"bus","arr":["137"],"off":[0,-0.8]}},{"type":"Feature","geometry":{"type":"Point","coordinates":[19.964453,50.099858]},"properties":{"line":"137","mode":"bus","color":"#0059a9","colorDark":"#00294f","band":1,"off":[0,1.1]}},{"type":"Feature","geometry":{"type":"Point","coordinates":[19.899012,50.070695]},"properties":{"name":"Przybyszewskiego","band":1,"modes":"bus","arr":["139"],"off":[0,-0.8]}},{"type":"Feature","geometry":{"type":"Point","coordinates":[19.899012,50.070695]},"properties":{"line":"139","mode":"bus","color":"#0059a9","colorDark":"#00294f","band":1,"off":[0,1.1]}},{"type":"Feature","geometry":{"type":"Point","coordinates":[20.011009,50.006305]},"properties":{"name":"Rżąka","band":1,"modes":"bus","arr":["144","195"],"off":[0,-0.8]}},{"type":"Feature","geometry":{"type":"Point","coordinates":[20.011009,50.006305]},"properties":{"line":"144","mode":"bus","color":"#0059a9","colorDark":"#00294f","band":1,"off":[-1.7,1.1]}},{"type":"Feature","geometry":{"type":"Point","coordinates":[20.011009,50.006305]},"properties":{"line":"195","mode":"bus","color":"#0059a9","colorDark":"#00294f","band":1,"off":[1.7,1.1]}},{"type":"Feature","geometry":{"type":"Point","coordinates":[19.93031,50.096261]},"properties":{"name":"Prądnik Biały","band":1,"modes":"bus","arr":["144","904"],"off":[0,-0.8]}},{"type":"Feature","geometry":{"type":"Point","coordinates":[19.93031,50.096261]},"properties":{"line":"144","mode":"bus","color":"#0059a9","colorDark":"#00294f","band":1,"off":[-1.7,1.1]}},{"type":"Feature","geometry":{"type":"Point","coordinates":[19.93031,50.096261]},"properties":{"line":"904","mode":"bus","color":"#000000","colorDark":"#000000","band":1,"off":[1.7,1.1]}},{"type":"Feature","geometry":{"type":"Point","coordinates":[19.811858,50.041919]},"properties":{"name":"Bielany Obwodnica","band":1,"modes":"bus","arr":["146"],"off":[0,-0.8]}},{"type":"Feature","geometry":{"type":"Point","coordinates":[19.811858,50.041919]},"properties":{"line":"146","mode":"bus","color":"#0059a9","colorDark":"#00294f","band":1,"off":[0,1.1]}},{"type":"Feature","geometry":{"type":"Point","coordinates":[20.064061,50.099456]},"properties":{"name":"Szpital Okulistyczny","band":1,"modes":"bus","arr":["149"],"off":[0,-0.8]}},{"type":"Feature","geometry":{"type":"Point","coordinates":[20.064061,50.099456]},"properties":{"line":"149","mode":"bus","color":"#0059a9","colorDark":"#00294f","band":1,"off":[0,1.1]}},{"type":"Feature","geometry":{"type":"Point","coordinates":[19.897422,50.09416]},"properties":{"name":"Piaskowa","band":1,"modes":"bus","arr":["150","168","611"],"off":[0,-0.8]}},{"type":"Feature","geometry":{"type":"Point","coordinates":[19.897422,50.09416]},"properties":{"name":"Bronowice Wielkie Wschód","band":1,"modes":"bus","arr":["150","168","611"],"off":[0,-1.9]}},{"type":"Feature","geometry":{"type":"Point","coordinates":[19.897422,50.09416]},"properties":{"line":"150","mode":"bus","color":"#0059a9","colorDark":"#00294f","band":1,"off":[-3.4,1.1]}},{"type":"Feature","geometry":{"type":"Point","coordinates":[19.897422,50.09416]},"properties":{"line":"168","mode":"bus","color":"#0059a9","colorDark":"#00294f","band":1,"off":[0,1.1]}},{"type":"Feature","geometry":{"type":"Point","coordinates":[19.897422,50.09416]},"properties":{"line":"611","mode":"bus","color":"#000000","colorDark":"#000000","band":1,"off":[3.4,1.1]}},{"type":"Feature","geometry":{"type":"Point","coordinates":[20.003626,50.009332]},"properties":{"name":"Miejskie Centrum Opieki","band":1,"modes":"bus","arr":["153","163","513"],"off":[0,-0.8]}},{"type":"Feature","geometry":{"type":"Point","coordinates":[20.003626,50.009332]},"properties":{"line":"153","mode":"bus","color":"#0059a9","colorDark":"#00294f","band":1,"off":[-3.4,1.1]}},{"type":"Feature","geometry":{"type":"Point","coordinates":[20.003626,50.009332]},"properties":{"line":"163","mode":"bus","color":"#0059a9","colorDark":"#00294f","band":1,"off":[0,1.1]}},{"type":"Feature","geometry":{"type":"Point","coordinates":[20.003626,50.009332]},"properties":{"line":"513","mode":"bus","color":"#0059a9","colorDark":"#00294f","band":1,"off":[3.4,1.1]}},{"type":"Feature","geometry":{"type":"Point","coordinates":[20.052867,50.008398]},"properties":{"name":"Bieżanów Potrzask","band":1,"modes":"bus","arr":["153"],"off":[0,-0.8]}},{"type":"Feature","geometry":{"type":"Point","coordinates":[20.052867,50.008398]},"properties":{"line":"153","mode":"bus","color":"#0059a9","colorDark":"#00294f","band":1,"off":[0,1.1]}},{"type":"Feature","geometry":{"type":"Point","coordinates":[20.023092,50.01539]},"properties":{"name":"Nowy Bieżanów P+R","band":1,"modes":"tram,bus","arr":["3","9","13","49","69","669"],"off":[0,-0.8]}},{"type":"Feature","geometry":{"type":"Point","coordinates":[20.023092,50.01539]},"properties":{"line":"3","mode":"tram","color":"#d6212b","colorDark":"#7c1116","band":1,"off":[-6.8,1.1]}},{"type":"Feature","geometry":{"type":"Point","coordinates":[20.023092,50.01539]},"properties":{"line":"9","mode":"tram","color":"#d6212b","colorDark":"#7c1116","band":1,"off":[-3.4,1.1]}},{"type":"Feature","geometry":{"type":"Point","coordinates":[20.023092,50.01539]},"properties":{"line":"13","mode":"tram","color":"#d6212b","colorDark":"#7c1116","band":1,"off":[0,1.1]}},{"type":"Feature","geometry":{"type":"Point","coordinates":[20.023092,50.01539]},"properties":{"line":"49","mode":"tram","color":"#d6212b","colorDark":"#7c1116","band":1,"off":[3.4,1.1]}},{"type":"Feature","geometry":{"type":"Point","coordinates":[20.023092,50.01539]},"properties":{"line":"69","mode":"tram","color":"#000000","colorDark":"#000000","band":1,"off":[6.8,1.1]}},{"type":"Feature","geometry":{"type":"Point","coordinates":[20.023092,50.01539]},"properties":{"line":"669","mode":"bus","color":"#000000","colorDark":"#000000","band":1,"off":[0,3.1]}},{"type":"Feature","geometry":{"type":"Point","coordinates":[19.872222,49.988466]},"properties":{"name":"Sidzina","band":1,"modes":"bus","arr":["156","175","475","610"],"off":[0,-0.8]}},{"type":"Feature","geometry":{"type":"Point","coordinates":[19.872222,49.988466]},"properties":{"line":"156","mode":"bus","color":"#0059a9","colorDark":"#00294f","band":1,"off":[-5.1,1.1]}},{"type":"Feature","geometry":{"type":"Point","coordinates":[19.872222,49.988466]},"properties":{"line":"175","mode":"bus","color":"#0059a9","colorDark":"#00294f","band":1,"off":[-1.7,1.1]}},{"type":"Feature","geometry":{"type":"Point","coordinates":[19.872222,49.988466]},"properties":{"line":"475","mode":"bus","color":"#0059a9","colorDark":"#00294f","band":1,"off":[1.7,1.1]}},{"type":"Feature","geometry":{"type":"Point","coordinates":[19.872222,49.988466]},"properties":{"line":"610","mode":"bus","color":"#000000","colorDark":"#000000","band":1,"off":[5.1,1.1]}},{"type":"Feature","geometry":{"type":"Point","coordinates":[20.060017,50.047632]},"properties":{"name":"Podwierzbie","band":1,"modes":"bus","arr":["158"],"off":[0,-0.8]}},{"type":"Feature","geometry":{"type":"Point","coordinates":[20.060017,50.047632]},"properties":{"line":"158","mode":"bus","color":"#0059a9","colorDark":"#00294f","band":1,"off":[0,1.1]}},{"type":"Feature","geometry":{"type":"Point","coordinates":[19.852133,50.028655]},"properties":{"name":"Kostrze OSP","band":1,"modes":"bus","arr":["176","476"],"off":[0,-0.8]}},{"type":"Feature","geometry":{"type":"Point","coordinates":[19.852133,50.028655]},"properties":{"line":"176","mode":"bus","color":"#0059a9","colorDark":"#00294f","band":1,"off":[-1.7,1.1]}},{"type":"Feature","geometry":{"type":"Point","coordinates":[19.852133,50.028655]},"properties":{"line":"476","mode":"bus","color":"#0059a9","colorDark":"#00294f","band":1,"off":[1.7,1.1]}},{"type":"Feature","geometry":{"type":"Point","coordinates":[20.021588,50.092618]},"properties":{"name":"Szpital Rydygiera","band":1,"modes":"bus","arr":["163"],"off":[0,-0.8]}},{"type":"Feature","geometry":{"type":"Point","coordinates":[20.021588,50.092618]},"properties":{"line":"163","mode":"bus","color":"#0059a9","colorDark":"#00294f","band":1,"off":[0,1.1]}},{"type":"Feature","geometry":{"type":"Point","coordinates":[19.970085,50.015255]},"properties":{"name":"Piaski Nowe","band":1,"modes":"bus","arr":["164"],"off":[0,-0.8]}},{"type":"Feature","geometry":{"type":"Point","coordinates":[19.970085,50.015255]},"properties":{"line":"164","mode":"bus","color":"#0059a9","colorDark":"#00294f","band":1,"off":[0,1.1]}},{"type":"Feature","geometry":{"type":"Point","coordinates":[19.840192,50.090889]},"properties":{"name":"Mydlniki Wapiennik SKA P+R","band":1,"modes":"bus","arr":["164","199","601"],"off":[0,-0.8]}},{"type":"Feature","geometry":{"type":"Point","coordinates":[19.840192,50.090889]},"properties":{"line":"164","mode":"bus","color":"#0059a9","colorDark":"#00294f","band":1,"off":[-3.4,1.1]}},{"type":"Feature","geometry":{"type":"Point","coordinates":[19.840192,50.090889]},"properties":{"line":"199","mode":"bus","color":"#0059a9","colorDark":"#00294f","band":1,"off":[0,1.1]}},{"type":"Feature","geometry":{"type":"Point","coordinates":[19.840192,50.090889]},"properties":{"line":"601","mode":"bus","color":"#000000","colorDark":"#000000","band":1,"off":[3.4,1.1]}},{"type":"Feature","geometry":{"type":"Point","coordinates":[19.982919,50.005788]},"properties":{"name":"Piaski Wielkie","band":1,"modes":"bus","arr":["169","469"],"off":[0,-0.8]}},{"type":"Feature","geometry":{"type":"Point","coordinates":[19.982919,50.005788]},"properties":{"line":"169","mode":"bus","color":"#0059a9","colorDark":"#00294f","band":1,"off":[-1.7,1.1]}},{"type":"Feature","geometry":{"type":"Point","coordinates":[19.982919,50.005788]},"properties":{"line":"469","mode":"bus","color":"#0059a9","colorDark":"#00294f","band":1,"off":[1.7,1.1]}},{"type":"Feature","geometry":{"type":"Point","coordinates":[20.189654,50.113617]},"properties":{"name":"Wróżenice","band":1,"modes":"bus","arr":["171"],"off":[0,-0.8]}},{"type":"Feature","geometry":{"type":"Point","coordinates":[20.189654,50.113617]},"properties":{"line":"171","mode":"bus","color":"#0059a9","colorDark":"#00294f","band":1,"off":[0,1.1]}},{"type":"Feature","geometry":{"type":"Point","coordinates":[20.015548,50.012677]},"properties":{"name":"Nowy Bieżanów Południe","band":1,"modes":"bus","arr":["173","234","244","274","284","503"],"off":[0,-0.8]}},{"type":"Feature","geometry":{"type":"Point","coordinates":[20.015548,50.012677]},"properties":{"line":"173","mode":"bus","color":"#0059a9","colorDark":"#00294f","band":1,"off":[-6.8,1.1]}},{"type":"Feature","geometry":{"type":"Point","coordinates":[20.015548,50.012677]},"properties":{"line":"234","mode":"bus","color":"#0059a9","colorDark":"#00294f","band":1,"off":[-3.4,1.1]}},{"type":"Feature","geometry":{"type":"Point","coordinates":[20.015548,50.012677]},"properties":{"line":"244","mode":"bus","color":"#0059a9","colorDark":"#00294f","band":1,"off":[0,1.1]}},{"type":"Feature","geometry":{"type":"Point","coordinates":[20.015548,50.012677]},"properties":{"line":"274","mode":"bus","color":"#0059a9","colorDark":"#00294f","band":1,"off":[3.4,1.1]}},{"type":"Feature","geometry":{"type":"Point","coordinates":[20.015548,50.012677]},"properties":{"line":"284","mode":"bus","color":"#0059a9","colorDark":"#00294f","band":1,"off":[6.8,1.1]}},{"type":"Feature","geometry":{"type":"Point","coordinates":[20.015548,50.012677]},"properties":{"line":"503","mode":"bus","color":"#0059a9","colorDark":"#00294f","band":1,"off":[0,3.1]}},{"type":"Feature","geometry":{"type":"Point","coordinates":[19.960373,50.004486]},"properties":{"name":"Kurdwanów Południe","band":1,"modes":"bus","arr":["174","179"],"off":[0,-0.8]}},{"type":"Feature","geometry":{"type":"Point","coordinates":[19.960373,50.004486]},"properties":{"line":"174","mode":"bus","color":"#0059a9","colorDark":"#00294f","band":1,"off":[-1.7,1.1]}},{"type":"Feature","geometry":{"type":"Point","coordinates":[19.960373,50.004486]},"properties":{"line":"179","mode":"bus","color":"#0059a9","colorDark":"#00294f","band":1,"off":[1.7,1.1]}},{"type":"Feature","geometry":{"type":"Point","coordinates":[20.035572,50.071743]},"properties":{"name":"Plac Centralny im. R. Reagana","band":1,"modes":"bus,tram","arr":["189","62","662"],"off":[0,-0.8]}},{"type":"Feature","geometry":{"type":"Point","coordinates":[20.035572,50.071743]},"properties":{"line":"189","mode":"bus","color":"#0059a9","colorDark":"#00294f","band":1,"off":[-3.4,1.1]}},{"type":"Feature","geometry":{"type":"Point","coordinates":[20.035572,50.071743]},"properties":{"line":"62","mode":"tram","color":"#000000","colorDark":"#000000","band":1,"off":[0,1.1]}},{"type":"Feature","geometry":{"type":"Point","coordinates":[20.035572,50.071743]},"properties":{"line":"662","mode":"bus","color":"#000000","colorDark":"#000000","band":1,"off":[3.4,1.1]}},{"type":"Feature","geometry":{"type":"Point","coordinates":[19.867555,50.038703]},"properties":{"name":"Bodzów","band":1,"modes":"bus","arr":["176"],"off":[0,-0.8]}},{"type":"Feature","geometry":{"type":"Point","coordinates":[19.867555,50.038703]},"properties":{"line":"176","mode":"bus","color":"#0059a9","colorDark":"#00294f","band":1,"off":[0,1.1]}},{"type":"Feature","geometry":{"type":"Point","coordinates":[20.050115,50.097851]},"properties":{"name":"Os. Na Stoku","band":1,"modes":"bus","arr":["180","182","608"],"off":[0,-0.8]}},{"type":"Feature","geometry":{"type":"Point","coordinates":[20.050115,50.097851]},"properties":{"line":"180","mode":"bus","color":"#0059a9","colorDark":"#00294f","band":1,"off":[-3.4,1.1]}},{"type":"Feature","geometry":{"type":"Point","coordinates":[20.050115,50.097851]},"properties":{"line":"182","mode":"bus","color":"#0059a9","colorDark":"#00294f","band":1,"off":[0,1.1]}},{"type":"Feature","geometry":{"type":"Point","coordinates":[20.050115,50.097851]},"properties":{"line":"608","mode":"bus","color":"#000000","colorDark":"#000000","band":1,"off":[3.4,1.1]}},{"type":"Feature","geometry":{"type":"Point","coordinates":[20.073158,50.097325]},"properties":{"name":"Grębałów","band":1,"modes":"bus","arr":["180"],"off":[0,-0.8]}},{"type":"Feature","geometry":{"type":"Point","coordinates":[20.073158,50.097325]},"properties":{"line":"180","mode":"bus","color":"#0059a9","colorDark":"#00294f","band":1,"off":[0,1.1]}},{"type":"Feature","geometry":{"type":"Point","coordinates":[19.805887,50.06186]},"properties":{"name":"Olszanica Bory","band":1,"modes":"bus","arr":["192"],"off":[0,-0.8]}},{"type":"Feature","geometry":{"type":"Point","coordinates":[19.805887,50.06186]},"properties":{"line":"192","mode":"bus","color":"#0059a9","colorDark":"#00294f","band":1,"off":[0,1.1]}},{"type":"Feature","geometry":{"type":"Point","coordinates":[19.685758,50.237651]},"properties":{"name":"Przeginia Kościół","band":1,"modes":"bus","arr":["200"],"off":[0,-0.8]}},{"type":"Feature","geometry":{"type":"Point","coordinates":[19.685758,50.237651]},"properties":{"line":"200","mode":"bus","color":"#0059a9","colorDark":"#00294f","band":1,"off":[0,1.1]}},{"type":"Feature","geometry":{"type":"Point","coordinates":[20.160161,50.187681]},"properties":{"name":"Łososkowice Remiza","band":1,"modes":"bus","arr":["202"],"off":[0,-0.8]}},{"type":"Feature","geometry":{"type":"Point","coordinates":[20.160161,50.187681]},"properties":{"line":"202","mode":"bus","color":"#0059a9","colorDark":"#00294f","band":1,"off":[0,1.1]}},{"type":"Feature","geometry":{"type":"Point","coordinates":[20.11313,50.135103]},"properties":{"name":"Kocmyrzów-Luborzyca Urząd Gminy","band":1,"modes":"bus","arr":["272"],"off":[0,-0.8]}},{"type":"Feature","geometry":{"type":"Point","coordinates":[20.11313,50.135103]},"properties":{"line":"272","mode":"bus","color":"#0059a9","colorDark":"#00294f","band":1,"off":[0,1.1]}},{"type":"Feature","geometry":{"type":"Point","coordinates":[19.829836,49.968549]},"properties":{"name":"Skawina","band":1,"modes":"bus","arr":["203","243","245","283","293","903"],"off":[0,-0.8]}},{"type":"Feature","geometry":{"type":"Point","coordinates":[19.829836,49.968549]},"properties":{"line":"203","mode":"bus","color":"#0059a9","colorDark":"#00294f","band":1,"off":[-6.8,1.1]}},{"type":"Feature","geometry":{"type":"Point","coordinates":[19.829836,49.968549]},"properties":{"line":"243","mode":"bus","color":"#0059a9","colorDark":"#00294f","band":1,"off":[-3.4,1.1]}},{"type":"Feature","geometry":{"type":"Point","coordinates":[19.829836,49.968549]},"properties":{"line":"245","mode":"bus","color":"#0059a9","colorDark":"#00294f","band":1,"off":[0,1.1]}},{"type":"Feature","geometry":{"type":"Point","coordinates":[19.829836,49.968549]},"properties":{"line":"283","mode":"bus","color":"#0059a9","colorDark":"#00294f","band":1,"off":[3.4,1.1]}},{"type":"Feature","geometry":{"type":"Point","coordinates":[19.829836,49.968549]},"properties":{"line":"293","mode":"bus","color":"#0059a9","colorDark":"#00294f","band":1,"off":[6.8,1.1]}},{"type":"Feature","geometry":{"type":"Point","coordinates":[19.829836,49.968549]},"properties":{"line":"903","mode":"bus","color":"#000000","colorDark":"#000000","band":1,"off":[0,3.1]}},{"type":"Feature","geometry":{"type":"Point","coordinates":[20.076008,49.98643]},"properties":{"name":"Wieliczka Kampus","band":1,"modes":"bus","arr":["204","224","244","304"],"off":[0,-0.8]}},{"type":"Feature","geometry":{"type":"Point","coordinates":[20.076008,49.98643]},"properties":{"line":"204","mode":"bus","color":"#0059a9","colorDark":"#00294f","band":1,"off":[-5.1,1.1]}},{"type":"Feature","geometry":{"type":"Point","coordinates":[20.076008,49.98643]},"properties":{"line":"224","mode":"bus","color":"#0059a9","colorDark":"#00294f","band":1,"off":[-1.7,1.1]}},{"type":"Feature","geometry":{"type":"Point","coordinates":[20.076008,49.98643]},"properties":{"line":"244","mode":"bus","color":"#0059a9","colorDark":"#00294f","band":1,"off":[1.7,1.1]}},{"type":"Feature","geometry":{"type":"Point","coordinates":[20.076008,49.98643]},"properties":{"line":"304","mode":"bus","color":"#0059a9","colorDark":"#00294f","band":1,"off":[5.1,1.1]}},{"type":"Feature","geometry":{"type":"Point","coordinates":[20.065133,49.987301]},"properties":{"name":"Wieliczka Cmentarz","band":1,"modes":"bus","arr":["904"],"off":[0,-0.8]}},{"type":"Feature","geometry":{"type":"Point","coordinates":[20.065133,49.987301]},"properties":{"line":"904","mode":"bus","color":"#000000","colorDark":"#000000","band":1,"off":[0,1.1]}},{"type":"Feature","geometry":{"type":"Point","coordinates":[19.910909,50.141]},"properties":{"name":"Trojanowice Pętla","band":1,"modes":"bus","arr":["207"],"off":[0,-0.8]}},{"type":"Feature","geometry":{"type":"Point","coordinates":[19.910909,50.141]},"properties":{"line":"207","mode":"bus","color":"#0059a9","colorDark":"#00294f","band":1,"off":[0,1.1]}},{"type":"Feature","geometry":{"type":"Point","coordinates":[19.915232,50.052901]},"properties":{"name":"Salwator","band":1,"modes":"tram,bus","arr":["1","13","209","229","239","249","259","269","279","310"],"off":[0,-0.8]}},{"type":"Feature","geometry":{"type":"Point","coordinates":[19.915232,50.052901]},"properties":{"line":"1","mode":"tram","color":"#d6212b","colorDark":"#7c1116","band":1,"off":[-6.8,1.1]}},{"type":"Feature","geometry":{"type":"Point","coordinates":[19.915232,50.052901]},"properties":{"line":"13","mode":"tram","color":"#d6212b","colorDark":"#7c1116","band":1,"off":[-3.4,1.1]}},{"type":"Feature","geometry":{"type":"Point","coordinates":[19.915232,50.052901]},"properties":{"line":"209","mode":"bus","color":"#0059a9","colorDark":"#00294f","band":1,"off":[0,1.1]}},{"type":"Feature","geometry":{"type":"Point","coordinates":[19.915232,50.052901]},"properties":{"line":"229","mode":"bus","color":"#0059a9","colorDark":"#00294f","band":1,"off":[3.4,1.1]}},{"type":"Feature","geometry":{"type":"Point","coordinates":[19.915232,50.052901]},"properties":{"line":"239","mode":"bus","color":"#0059a9","colorDark":"#00294f","band":1,"off":[6.8,1.1]}},{"type":"Feature","geometry":{"type":"Point","coordinates":[19.915232,50.052901]},"properties":{"line":"249","mode":"bus","color":"#0059a9","colorDark":"#00294f","band":1,"off":[-6.8,3.1]}},{"type":"Feature","geometry":{"type":"Point","coordinates":[19.915232,50.052901]},"properties":{"line":"259","mode":"bus","color":"#0059a9","colorDark":"#00294f","band":1,"off":[-3.4,3.1]}},{"type":"Feature","geometry":{"type":"Point","coordinates":[19.915232,50.052901]},"properties":{"line":"269","mode":"bus","color":"#0059a9","colorDark":"#00294f","band":1,"off":[0,3.1]}},{"type":"Feature","geometry":{"type":"Point","coordinates":[19.915232,50.052901]},"properties":{"line":"279","mode":"bus","color":"#0059a9","colorDark":"#00294f","band":1,"off":[3.4,3.1]}},{"type":"Feature","geometry":{"type":"Point","coordinates":[19.915232,50.052901]},"properties":{"line":"310","mode":"bus","color":"#0059a9","colorDark":"#00294f","band":1,"off":[6.8,3.1]}},{"type":"Feature","geometry":{"type":"Point","coordinates":[19.707349,50.068851]},"properties":{"name":"Mników Skały","band":1,"modes":"bus","arr":["209"],"off":[0,-0.8]}},{"type":"Feature","geometry":{"type":"Point","coordinates":[19.707349,50.068851]},"properties":{"line":"209","mode":"bus","color":"#0059a9","colorDark":"#00294f","band":1,"off":[0,1.1]}},{"type":"Feature","geometry":{"type":"Point","coordinates":[19.800769,50.071336]},"properties":{"name":"Kraków Lotnisko","band":1,"modes":"bus,metro","arr":["300","SKA1","902"],"off":[0,-0.8]}},{"type":"Feature","geometry":{"type":"Point","coordinates":[19.800769,50.071336]},"properties":{"name":"Kraków Airport","band":1,"modes":"bus,metro","arr":["300","SKA1","902"],"off":[0,-1.9]}},{"type":"Feature","geometry":{"type":"Point","coordinates":[19.800769,50.071336]},"properties":{"line":"300","mode":"bus","color":"#0059a9","colorDark":"#00294f","band":1,"off":[-3.4,1.1]}},{"type":"Feature","geometry":{"type":"Point","coordinates":[19.800769,50.071336]},"properties":{"line":"SKA1","mode":"tram","color":"#60B6F0","colorDark":"#356484","band":1,"metro":1,"off":[0,1.1]}},{"type":"Feature","geometry":{"type":"Point","coordinates":[19.800769,50.071336]},"properties":{"line":"902","mode":"bus","color":"#000000","colorDark":"#000000","band":1,"off":[3.4,1.1]}},{"type":"Feature","geometry":{"type":"Point","coordinates":[19.840837,50.114289]},"properties":{"name":"Modlniczka Centrum Logistyczne","band":1,"modes":"bus","arr":["210"],"off":[0,-0.8]}},{"type":"Feature","geometry":{"type":"Point","coordinates":[19.840837,50.114289]},"properties":{"line":"210","mode":"bus","color":"#0059a9","colorDark":"#00294f","band":1,"off":[0,1.1]}},{"type":"Feature","geometry":{"type":"Point","coordinates":[20.352597,50.080185]},"properties":{"name":"Chobot Leśniczówka","band":1,"modes":"bus","arr":["211"],"off":[0,-0.8]}},{"type":"Feature","geometry":{"type":"Point","coordinates":[20.352597,50.080185]},"properties":{"line":"211","mode":"bus","color":"#0059a9","colorDark":"#00294f","band":1,"off":[0,1.1]}},{"type":"Feature","geometry":{"type":"Point","coordinates":[20.188001,50.126996]},"properties":{"name":"Czulice Kościół","band":1,"modes":"bus","arr":["212","271"],"off":[0,-0.8]}},{"type":"Feature","geometry":{"type":"Point","coordinates":[20.188001,50.126996]},"properties":{"line":"212","mode":"bus","color":"#0059a9","colorDark":"#00294f","band":1,"off":[-1.7,1.1]}},{"type":"Feature","geometry":{"type":"Point","coordinates":[20.188001,50.126996]},"properties":{"line":"271","mode":"bus","color":"#0059a9","colorDark":"#00294f","band":1,"off":[1.7,1.1]}},{"type":"Feature","geometry":{"type":"Point","coordinates":[19.997666,49.958498]},"properties":{"name":"Podstolice Centrum","band":1,"modes":"bus","arr":["214","P2"],"off":[0,-0.8]}},{"type":"Feature","geometry":{"type":"Point","coordinates":[19.997666,49.958498]},"properties":{"line":"214","mode":"bus","color":"#0059a9","colorDark":"#00294f","band":1,"off":[-1.7,1.1]}},{"type":"Feature","geometry":{"type":"Point","coordinates":[19.997666,49.958498]},"properties":{"line":"P2","mode":"bus","color":"#0059a9","colorDark":"#00294f","band":1,"off":[1.7,1.1]}},{"type":"Feature","geometry":{"type":"Point","coordinates":[19.999363,49.934869]},"properties":{"name":"Rzeszotary Panciawa Pętla","band":1,"modes":"bus","arr":["215"],"off":[0,-0.8]}},{"type":"Feature","geometry":{"type":"Point","coordinates":[19.999363,49.934869]},"properties":{"line":"215","mode":"bus","color":"#0059a9","colorDark":"#00294f","band":1,"off":[0,1.1]}},{"type":"Feature","geometry":{"type":"Point","coordinates":[19.946656,49.934314]},"properties":{"name":"Świątniki Górne Urząd Miasta i Gminy","band":1,"modes":"bus","arr":["225","915"],"off":[0,-0.8]}},{"type":"Feature","geometry":{"type":"Point","coordinates":[19.946656,49.934314]},"properties":{"line":"225","mode":"bus","color":"#0059a9","colorDark":"#00294f","band":1,"off":[-1.7,1.1]}},{"type":"Feature","geometry":{"type":"Point","coordinates":[19.946656,49.934314]},"properties":{"line":"915","mode":"bus","color":"#000000","colorDark":"#000000","band":1,"off":[1.7,1.1]}},{"type":"Feature","geometry":{"type":"Point","coordinates":[19.974789,50.128752]},"properties":{"name":"Węgrzce Pętla","band":1,"modes":"bus","arr":["217"],"off":[0,-0.8]}},{"type":"Feature","geometry":{"type":"Point","coordinates":[19.974789,50.128752]},"properties":{"line":"217","mode":"bus","color":"#0059a9","colorDark":"#00294f","band":1,"off":[0,1.1]}},{"type":"Feature","geometry":{"type":"Point","coordinates":[19.801249,50.119521]},"properties":{"name":"Zabierzów Młyn","band":1,"modes":"bus","arr":["218","288"],"off":[0,-0.8]}},{"type":"Feature","geometry":{"type":"Point","coordinates":[19.801249,50.119521]},"properties":{"line":"218","mode":"bus","color":"#0059a9","colorDark":"#00294f","band":1,"off":[-1.7,1.1]}},{"type":"Feature","geometry":{"type":"Point","coordinates":[19.801249,50.119521]},"properties":{"line":"288","mode":"bus","color":"#0059a9","colorDark":"#00294f","band":1,"off":[1.7,1.1]}},{"type":"Feature","geometry":{"type":"Point","coordinates":[19.778521,49.98714]},"properties":{"name":"Jeziorzany Pętla","band":1,"modes":"bus","arr":["219"],"off":[0,-0.8]}},{"type":"Feature","geometry":{"type":"Point","coordinates":[19.778521,49.98714]},"properties":{"line":"219","mode":"bus","color":"#0059a9","colorDark":"#00294f","band":1,"off":[0,1.1]}},{"type":"Feature","geometry":{"type":"Point","coordinates":[19.87103,50.151601]},"properties":{"name":"Giebułtów Morgi","band":1,"modes":"bus","arr":["220"],"off":[0,-0.8]}},{"type":"Feature","geometry":{"type":"Point","coordinates":[19.87103,50.151601]},"properties":{"line":"220","mode":"bus","color":"#0059a9","colorDark":"#00294f","band":1,"off":[0,1.1]}},{"type":"Feature","geometry":{"type":"Point","coordinates":[20.216381,50.037958]},"properties":{"name":"Niepołomice Dworzec","band":1,"modes":"bus","arr":["221","301","A18"],"off":[0,-0.8]}},{"type":"Feature","geometry":{"type":"Point","coordinates":[20.216381,50.037958]},"properties":{"line":"221","mode":"bus","color":"#0059a9","colorDark":"#00294f","band":1,"off":[-3.4,1.1]}},{"type":"Feature","geometry":{"type":"Point","coordinates":[20.216381,50.037958]},"properties":{"line":"301","mode":"bus","color":"#0059a9","colorDark":"#00294f","band":1,"off":[0,1.1]}},{"type":"Feature","geometry":{"type":"Point","coordinates":[20.216381,50.037958]},"properties":{"line":"A18","mode":"bus","color":"#0059a9","colorDark":"#00294f","band":1,"off":[3.4,1.1]}},{"type":"Feature","geometry":{"type":"Point","coordinates":[20.084491,50.245302]},"properties":{"name":"Słomniki Osiedle","band":1,"modes":"bus","arr":["222"],"off":[0,-0.8]}},{"type":"Feature","geometry":{"type":"Point","coordinates":[20.084491,50.245302]},"properties":{"line":"222","mode":"bus","color":"#0059a9","colorDark":"#00294f","band":1,"off":[0,1.1]}},{"type":"Feature","geometry":{"type":"Point","coordinates":[19.628389,49.967166]},"properties":{"name":"Brzeźnica Dworzec","band":1,"modes":"bus","arr":["223"],"off":[0,-0.8]}},{"type":"Feature","geometry":{"type":"Point","coordinates":[19.628389,49.967166]},"properties":{"line":"223","mode":"bus","color":"#0059a9","colorDark":"#00294f","band":1,"off":[0,1.1]}},{"type":"Feature","geometry":{"type":"Point","coordinates":[19.937099,50.012394]},"properties":{"name":"Centrum JP II","band":1,"modes":"bus","arr":["224"],"off":[0,-0.8]}},{"type":"Feature","geometry":{"type":"Point","coordinates":[19.937099,50.012394]},"properties":{"line":"224","mode":"bus","color":"#0059a9","colorDark":"#00294f","band":1,"off":[0,1.1]}},{"type":"Feature","geometry":{"type":"Point","coordinates":[19.936107,50.162466]},"properties":{"name":"Górna Wieś Pętla","band":1,"modes":"bus","arr":["227","917"],"off":[0,-0.8]}},{"type":"Feature","geometry":{"type":"Point","coordinates":[19.936107,50.162466]},"properties":{"line":"227","mode":"bus","color":"#0059a9","colorDark":"#00294f","band":1,"off":[-1.7,1.1]}},{"type":"Feature","geometry":{"type":"Point","coordinates":[19.936107,50.162466]},"properties":{"line":"917","mode":"bus","color":"#000000","colorDark":"#000000","band":1,"off":[1.7,1.1]}},{"type":"Feature","geometry":{"type":"Point","coordinates":[19.709535,50.082165]},"properties":{"name":"Chrosna Pętla","band":1,"modes":"bus","arr":["228"],"off":[0,-0.8]}},{"type":"Feature","geometry":{"type":"Point","coordinates":[19.709535,50.082165]},"properties":{"line":"228","mode":"bus","color":"#0059a9","colorDark":"#00294f","band":1,"off":[0,1.1]}},{"type":"Feature","geometry":{"type":"Point","coordinates":[19.586718,50.014952]},"properties":{"name":"Kamień Szkoła","band":1,"modes":"bus","arr":["229"],"off":[0,-0.8]}},{"type":"Feature","geometry":{"type":"Point","coordinates":[19.586718,50.014952]},"properties":{"line":"229","mode":"bus","color":"#0059a9","colorDark":"#00294f","band":1,"off":[0,1.1]}},{"type":"Feature","geometry":{"type":"Point","coordinates":[19.676514,49.987181]},"properties":{"name":"Czernichów Rynek","band":1,"modes":"bus","arr":["249","259","A14"],"off":[0,-0.8]}},{"type":"Feature","geometry":{"type":"Point","coordinates":[19.676514,49.987181]},"properties":{"line":"249","mode":"bus","color":"#0059a9","colorDark":"#00294f","band":1,"off":[-3.4,1.1]}},{"type":"Feature","geometry":{"type":"Point","coordinates":[19.676514,49.987181]},"properties":{"line":"259","mode":"bus","color":"#0059a9","colorDark":"#00294f","band":1,"off":[0,1.1]}},{"type":"Feature","geometry":{"type":"Point","coordinates":[19.676514,49.987181]},"properties":{"line":"A14","mode":"bus","color":"#0059a9","colorDark":"#00294f","band":1,"off":[3.4,1.1]}},{"type":"Feature","geometry":{"type":"Point","coordinates":[19.820316,50.135831]},"properties":{"name":"Ujazd Pętla","band":1,"modes":"bus","arr":["230"],"off":[0,-0.8]}},{"type":"Feature","geometry":{"type":"Point","coordinates":[19.820316,50.135831]},"properties":{"line":"230","mode":"bus","color":"#0059a9","colorDark":"#00294f","band":1,"off":[0,1.1]}},{"type":"Feature","geometry":{"type":"Point","coordinates":[20.109786,50.177533]},"properties":{"name":"Wilków Pętla","band":1,"modes":"bus","arr":["232"],"off":[0,-0.8]}},{"type":"Feature","geometry":{"type":"Point","coordinates":[20.109786,50.177533]},"properties":{"line":"232","mode":"bus","color":"#0059a9","colorDark":"#00294f","band":1,"off":[0,1.1]}},{"type":"Feature","geometry":{"type":"Point","coordinates":[19.822205,49.976867]},"properties":{"name":"Skawina SCK","band":1,"modes":"bus,metro","arr":["233","A43","A53","SKA2"],"off":[0,-0.8]}},{"type":"Feature","geometry":{"type":"Point","coordinates":[19.822205,49.976867]},"properties":{"name":"Skawina","band":1,"modes":"bus,metro","arr":["233","A43","A53","SKA2"],"off":[0,-1.9]}},{"type":"Feature","geometry":{"type":"Point","coordinates":[19.822205,49.976867]},"properties":{"line":"233","mode":"bus","color":"#0059a9","colorDark":"#00294f","band":1,"off":[-5.1,1.1]}},{"type":"Feature","geometry":{"type":"Point","coordinates":[19.822205,49.976867]},"properties":{"line":"A43","mode":"bus","color":"#0059a9","colorDark":"#00294f","band":1,"off":[-1.7,1.1]}},{"type":"Feature","geometry":{"type":"Point","coordinates":[19.822205,49.976867]},"properties":{"line":"A53","mode":"bus","color":"#0059a9","colorDark":"#00294f","band":1,"off":[1.7,1.1]}},{"type":"Feature","geometry":{"type":"Point","coordinates":[19.822205,49.976867]},"properties":{"line":"SKA2","mode":"tram","color":"#D4328A","colorDark":"#751c4c","band":1,"metro":1,"off":[5.1,1.1]}},{"type":"Feature","geometry":{"type":"Point","coordinates":[20.115211,50.01476]},"properties":{"name":"Węgrzce Wielkie Pętla","band":1,"modes":"bus","arr":["234","W2","Z1"],"off":[0,-0.8]}},{"type":"Feature","geometry":{"type":"Point","coordinates":[20.115211,50.01476]},"properties":{"line":"234","mode":"bus","color":"#0059a9","colorDark":"#00294f","band":1,"off":[-3.4,1.1]}},{"type":"Feature","geometry":{"type":"Point","coordinates":[20.115211,50.01476]},"properties":{"line":"W2","mode":"bus","color":"#0059a9","colorDark":"#00294f","band":1,"off":[0,1.1]}},{"type":"Feature","geometry":{"type":"Point","coordinates":[20.115211,50.01476]},"properties":{"line":"Z1","mode":"bus","color":"#0059a9","colorDark":"#00294f","band":1,"off":[3.4,1.1]}},{"type":"Feature","geometry":{"type":"Point","coordinates":[19.750438,49.9778]},"properties":{"name":"Ochodza Odwiśle","band":1,"modes":"bus","arr":["235"],"off":[0,-0.8]}},{"type":"Feature","geometry":{"type":"Point","coordinates":[19.750438,49.9778]},"properties":{"line":"235","mode":"bus","color":"#0059a9","colorDark":"#00294f","band":1,"off":[0,1.1]}},{"type":"Feature","geometry":{"type":"Point","coordinates":[19.692373,50.111969]},"properties":{"name":"Młynka Pętla","band":1,"modes":"bus","arr":["238"],"off":[0,-0.8]}},{"type":"Feature","geometry":{"type":"Point","coordinates":[19.692373,50.111969]},"properties":{"line":"238","mode":"bus","color":"#0059a9","colorDark":"#00294f","band":1,"off":[0,1.1]}},{"type":"Feature","geometry":{"type":"Point","coordinates":[19.711842,50.122248]},"properties":{"name":"Rudawa Rynek","band":1,"modes":"bus","arr":["918"],"off":[0,-0.8]}},{"type":"Feature","geometry":{"type":"Point","coordinates":[19.711842,50.122248]},"properties":{"line":"918","mode":"bus","color":"#000000","colorDark":"#000000","band":1,"off":[0,1.1]}},{"type":"Feature","geometry":{"type":"Point","coordinates":[19.727926,49.986355]},"properties":{"name":"Wołowice Kapliczka","band":1,"modes":"bus","arr":["239"],"off":[0,-0.8]}},{"type":"Feature","geometry":{"type":"Point","coordinates":[19.727926,49.986355]},"properties":{"line":"239","mode":"bus","color":"#0059a9","colorDark":"#00294f","band":1,"off":[0,1.1]}},{"type":"Feature","geometry":{"type":"Point","coordinates":[19.897806,50.12819]},"properties":{"name":"Pękowice Ojcowska","band":1,"modes":"bus","arr":["240","290"],"off":[0,-0.8]}},{"type":"Feature","geometry":{"type":"Point","coordinates":[19.897806,50.12819]},"properties":{"line":"240","mode":"bus","color":"#0059a9","colorDark":"#00294f","band":1,"off":[-1.7,1.1]}},{"type":"Feature","geometry":{"type":"Point","coordinates":[19.897806,50.12819]},"properties":{"line":"290","mode":"bus","color":"#0059a9","colorDark":"#00294f","band":1,"off":[1.7,1.1]}},{"type":"Feature","geometry":{"type":"Point","coordinates":[20.13828,50.115926]},"properties":{"name":"Krzysztoforzyce Pętla","band":1,"modes":"bus","arr":["242"],"off":[0,-0.8]}},{"type":"Feature","geometry":{"type":"Point","coordinates":[20.13828,50.115926]},"properties":{"line":"242","mode":"bus","color":"#0059a9","colorDark":"#00294f","band":1,"off":[0,1.1]}},{"type":"Feature","geometry":{"type":"Point","coordinates":[19.870839,49.944031]},"properties":{"name":"Mogilany Pętla","band":1,"modes":"bus","arr":["255"],"off":[0,-0.8]}},{"type":"Feature","geometry":{"type":"Point","coordinates":[19.870839,49.944031]},"properties":{"line":"255","mode":"bus","color":"#0059a9","colorDark":"#00294f","band":1,"off":[0,1.1]}},{"type":"Feature","geometry":{"type":"Point","coordinates":[19.939792,50.123608]},"properties":{"name":"Zielonki Marszowiec Pętla","band":1,"modes":"bus","arr":["247","317"],"off":[0,-0.8]}},{"type":"Feature","geometry":{"type":"Point","coordinates":[19.939792,50.123608]},"properties":{"line":"247","mode":"bus","color":"#0059a9","colorDark":"#00294f","band":1,"off":[-1.7,1.1]}},{"type":"Feature","geometry":{"type":"Point","coordinates":[19.939792,50.123608]},"properties":{"line":"317","mode":"bus","color":"#0059a9","colorDark":"#00294f","band":1,"off":[1.7,1.1]}},{"type":"Feature","geometry":{"type":"Point","coordinates":[19.811558,50.161429]},"properties":{"name":"Zelków Pętla","band":1,"modes":"bus","arr":["248","948"],"off":[0,-0.8]}},{"type":"Feature","geometry":{"type":"Point","coordinates":[19.811558,50.161429]},"properties":{"line":"248","mode":"bus","color":"#0059a9","colorDark":"#00294f","band":1,"off":[-1.7,1.1]}},{"type":"Feature","geometry":{"type":"Point","coordinates":[19.811558,50.161429]},"properties":{"line":"948","mode":"bus","color":"#000000","colorDark":"#000000","band":1,"off":[1.7,1.1]}},{"type":"Feature","geometry":{"type":"Point","coordinates":[19.725598,50.039289]},"properties":{"name":"Kaszów Remiza","band":1,"modes":"bus","arr":["269"],"off":[0,-0.8]}},{"type":"Feature","geometry":{"type":"Point","coordinates":[19.725598,50.039289]},"properties":{"line":"269","mode":"bus","color":"#0059a9","colorDark":"#00294f","band":1,"off":[0,1.1]}},{"type":"Feature","geometry":{"type":"Point","coordinates":[20.050674,50.121266]},"properties":{"name":"Zastów Pętla","band":1,"modes":"bus","arr":["250"],"off":[0,-0.8]}},{"type":"Feature","geometry":{"type":"Point","coordinates":[20.050674,50.121266]},"properties":{"line":"250","mode":"bus","color":"#0059a9","colorDark":"#00294f","band":1,"off":[0,1.1]}},{"type":"Feature","geometry":{"type":"Point","coordinates":[19.7684,49.902494]},"properties":{"name":"Wola Radziszowska Pętla","band":1,"modes":"bus","arr":["253"],"off":[0,-0.8]}},{"type":"Feature","geometry":{"type":"Point","coordinates":[19.7684,49.902494]},"properties":{"line":"253","mode":"bus","color":"#0059a9","colorDark":"#00294f","band":1,"off":[0,1.1]}},{"type":"Feature","geometry":{"type":"Point","coordinates":[19.967323,49.973872]},"properties":{"name":"Golkowice Pętla","band":1,"modes":"bus","arr":["254","G3"],"off":[0,-0.8]}},{"type":"Feature","geometry":{"type":"Point","coordinates":[19.967323,49.973872]},"properties":{"line":"254","mode":"bus","color":"#0059a9","colorDark":"#00294f","band":1,"off":[-1.7,1.1]}},{"type":"Feature","geometry":{"type":"Point","coordinates":[19.967323,49.973872]},"properties":{"line":"G3","mode":"bus","color":"#0059a9","colorDark":"#00294f","band":1,"off":[1.7,1.1]}},{"type":"Feature","geometry":{"type":"Point","coordinates":[19.932575,50.180683]},"properties":{"name":"Narama Remiza","band":1,"modes":"bus","arr":["257"],"off":[0,-0.8]}},{"type":"Feature","geometry":{"type":"Point","coordinates":[19.932575,50.180683]},"properties":{"line":"257","mode":"bus","color":"#0059a9","colorDark":"#00294f","band":1,"off":[0,1.1]}},{"type":"Feature","geometry":{"type":"Point","coordinates":[19.709609,50.106673]},"properties":{"name":"Nielepice Pętla","band":1,"modes":"bus","arr":["258","298"],"off":[0,-0.8]}},{"type":"Feature","geometry":{"type":"Point","coordinates":[19.709609,50.106673]},"properties":{"line":"258","mode":"bus","color":"#0059a9","colorDark":"#00294f","band":1,"off":[-1.7,1.1]}},{"type":"Feature","geometry":{"type":"Point","coordinates":[19.709609,50.106673]},"properties":{"line":"298","mode":"bus","color":"#0059a9","colorDark":"#00294f","band":1,"off":[1.7,1.1]}},{"type":"Feature","geometry":{"type":"Point","coordinates":[19.739157,49.999294]},"properties":{"name":"Dąbrowa Szlachecka Krzemiennik","band":1,"modes":"bus","arr":["279"],"off":[0,-0.8]}},{"type":"Feature","geometry":{"type":"Point","coordinates":[19.739157,49.999294]},"properties":{"line":"279","mode":"bus","color":"#0059a9","colorDark":"#00294f","band":1,"off":[0,1.1]}},{"type":"Feature","geometry":{"type":"Point","coordinates":[20.048382,50.147231]},"properties":{"name":"Pielgrzymowice Pętla","band":1,"modes":"bus","arr":["260","270"],"off":[0,-0.8]}},{"type":"Feature","geometry":{"type":"Point","coordinates":[20.048382,50.147231]},"properties":{"line":"260","mode":"bus","color":"#0059a9","colorDark":"#00294f","band":1,"off":[-1.7,1.1]}},{"type":"Feature","geometry":{"type":"Point","coordinates":[20.048382,50.147231]},"properties":{"line":"270","mode":"bus","color":"#0059a9","colorDark":"#00294f","band":1,"off":[1.7,1.1]}},{"type":"Feature","geometry":{"type":"Point","coordinates":[20.15545,50.166445]},"properties":{"name":"Rawałowice Kapliczka","band":1,"modes":"bus","arr":["262"],"off":[0,-0.8]}},{"type":"Feature","geometry":{"type":"Point","coordinates":[20.15545,50.166445]},"properties":{"line":"262","mode":"bus","color":"#0059a9","colorDark":"#00294f","band":1,"off":[0,1.1]}},{"type":"Feature","geometry":{"type":"Point","coordinates":[20.139403,50.040557]},"properties":{"name":"Grabie Kościół","band":1,"modes":"bus","arr":["264"],"off":[0,-0.8]}},{"type":"Feature","geometry":{"type":"Point","coordinates":[20.139403,50.040557]},"properties":{"line":"264","mode":"bus","color":"#0059a9","colorDark":"#00294f","band":1,"off":[0,1.1]}},{"type":"Feature","geometry":{"type":"Point","coordinates":[19.921216,49.944229]},"properties":{"name":"Konary Pętla","band":1,"modes":"bus","arr":["265"],"off":[0,-0.8]}},{"type":"Feature","geometry":{"type":"Point","coordinates":[19.921216,49.944229]},"properties":{"line":"265","mode":"bus","color":"#0059a9","colorDark":"#00294f","band":1,"off":[0,1.1]}},{"type":"Feature","geometry":{"type":"Point","coordinates":[19.853859,50.230311]},"properties":{"name":"Skała Rynek","band":1,"modes":"bus","arr":["267"],"off":[0,-0.8]}},{"type":"Feature","geometry":{"type":"Point","coordinates":[19.853859,50.230311]},"properties":{"line":"267","mode":"bus","color":"#0059a9","colorDark":"#00294f","band":1,"off":[0,1.1]}},{"type":"Feature","geometry":{"type":"Point","coordinates":[19.77392,50.152471]},"properties":{"name":"Karniowice Pętla","band":1,"modes":"bus","arr":["268"],"off":[0,-0.8]}},{"type":"Feature","geometry":{"type":"Point","coordinates":[19.77392,50.152471]},"properties":{"line":"268","mode":"bus","color":"#0059a9","colorDark":"#00294f","band":1,"off":[0,1.1]}},{"type":"Feature","geometry":{"type":"Point","coordinates":[20.147053,49.957328]},"properties":{"name":"Trąbki P+R","band":1,"modes":"bus","arr":["274"],"off":[0,-0.8]}},{"type":"Feature","geometry":{"type":"Point","coordinates":[20.147053,49.957328]},"properties":{"line":"274","mode":"bus","color":"#0059a9","colorDark":"#00294f","band":1,"off":[0,1.1]}},{"type":"Feature","geometry":{"type":"Point","coordinates":[19.902954,49.913619]},"properties":{"name":"Włosań Centrum","band":1,"modes":"bus","arr":["275"],"off":[0,-0.8]}},{"type":"Feature","geometry":{"type":"Point","coordinates":[19.902954,49.913619]},"properties":{"line":"275","mode":"bus","color":"#0059a9","colorDark":"#00294f","band":1,"off":[0,1.1]}},{"type":"Feature","geometry":{"type":"Point","coordinates":[19.979671,50.22053]},"properties":{"name":"Iwanowice Dworskie Pętla","band":1,"modes":"bus","arr":["277"],"off":[0,-0.8]}},{"type":"Feature","geometry":{"type":"Point","coordinates":[19.979671,50.22053]},"properties":{"line":"277","mode":"bus","color":"#0059a9","colorDark":"#00294f","band":1,"off":[0,1.1]}},{"type":"Feature","geometry":{"type":"Point","coordinates":[19.709393,50.148281]},"properties":{"name":"Radwanowice Pętla","band":1,"modes":"bus","arr":["278"],"off":[0,-0.8]}},{"type":"Feature","geometry":{"type":"Point","coordinates":[19.709393,50.148281]},"properties":{"line":"278","mode":"bus","color":"#0059a9","colorDark":"#00294f","band":1,"off":[0,1.1]}},{"type":"Feature","geometry":{"type":"Point","coordinates":[19.91321,50.17427]},"properties":{"name":"Owczary Pętla","band":1,"modes":"bus","arr":["280","337","937"],"off":[0,-0.8]}},{"type":"Feature","geometry":{"type":"Point","coordinates":[19.91321,50.17427]},"properties":{"line":"280","mode":"bus","color":"#0059a9","colorDark":"#00294f","band":1,"off":[-3.4,1.1]}},{"type":"Feature","geometry":{"type":"Point","coordinates":[19.91321,50.17427]},"properties":{"line":"337","mode":"bus","color":"#0059a9","colorDark":"#00294f","band":1,"off":[0,1.1]}},{"type":"Feature","geometry":{"type":"Point","coordinates":[19.91321,50.17427]},"properties":{"line":"937","mode":"bus","color":"#000000","colorDark":"#000000","band":1,"off":[3.4,1.1]}},{"type":"Feature","geometry":{"type":"Point","coordinates":[20.05702,49.984323]},"properties":{"name":"Wieliczka Centrum Dw.","band":1,"modes":"bus","arr":["284","A2","A6","A8","A9","A16","A17","A19","A58","A59","B2","D2","G3","G4","J1","L1","P2","R2","W2","Z1"],"off":[0,-0.8],"sc":0.86}},{"type":"Feature","geometry":{"type":"Point","coordinates":[20.05702,49.984323]},"properties":{"name":"Wieliczka Centrum","band":1,"modes":"bus","arr":["284","A2","A6","A8","A9","A16","A17","A19","A58","A59","B2","D2","G3","G4","J1","L1","P2","R2","W2","Z1"],"off":[0,-3],"sc":0.86}},{"type":"Feature","geometry":{"type":"Point","coordinates":[20.05702,49.984323]},"properties":{"line":"284","mode":"bus","color":"#0059a9","colorDark":"#00294f","band":1,"sc":0.86,"off":[-6.8,1.1]}},{"type":"Feature","geometry":{"type":"Point","coordinates":[20.05702,49.984323]},"properties":{"line":"A2","mode":"bus","color":"#0059a9","colorDark":"#00294f","band":1,"sc":0.86,"off":[-3.4,1.1]}},{"type":"Feature","geometry":{"type":"Point","coordinates":[20.05702,49.984323]},"properties":{"line":"A6","mode":"bus","color":"#0059a9","colorDark":"#00294f","band":1,"sc":0.86,"off":[0,1.1]}},{"type":"Feature","geometry":{"type":"Point","coordinates":[20.05702,49.984323]},"properties":{"line":"A8","mode":"bus","color":"#0059a9","colorDark":"#00294f","band":1,"sc":0.86,"off":[3.4,1.1]}},{"type":"Feature","geometry":{"type":"Point","coordinates":[20.05702,49.984323]},"properties":{"line":"A9","mode":"bus","color":"#0059a9","colorDark":"#00294f","band":1,"sc":0.86,"off":[6.8,1.1]}},{"type":"Feature","geometry":{"type":"Point","coordinates":[20.05702,49.984323]},"properties":{"line":"A16","mode":"bus","color":"#0059a9","colorDark":"#00294f","band":1,"sc":0.86,"off":[-6.8,3.1]}},{"type":"Feature","geometry":{"type":"Point","coordinates":[20.05702,49.984323]},"properties":{"line":"A17","mode":"bus","color":"#0059a9","colorDark":"#00294f","band":1,"sc":0.86,"off":[-3.4,3.1]}},{"type":"Feature","geometry":{"type":"Point","coordinates":[20.05702,49.984323]},"properties":{"line":"A19","mode":"bus","color":"#0059a9","colorDark":"#00294f","band":1,"sc":0.86,"off":[0,3.1]}},{"type":"Feature","geometry":{"type":"Point","coordinates":[20.05702,49.984323]},"properties":{"line":"A58","mode":"bus","color":"#0059a9","colorDark":"#00294f","band":1,"sc":0.86,"off":[3.4,3.1]}},{"type":"Feature","geometry":{"type":"Point","coordinates":[20.05702,49.984323]},"properties":{"line":"A59","mode":"bus","color":"#0059a9","colorDark":"#00294f","band":1,"sc":0.86,"off":[6.8,3.1]}},{"type":"Feature","geometry":{"type":"Point","coordinates":[20.05702,49.984323]},"properties":{"line":"B2","mode":"bus","color":"#0059a9","colorDark":"#00294f","band":1,"sc":0.86,"off":[-6.8,5.1]}},{"type":"Feature","geometry":{"type":"Point","coordinates":[20.05702,49.984323]},"properties":{"line":"D2","mode":"bus","color":"#0059a9","colorDark":"#00294f","band":1,"sc":0.86,"off":[-3.4,5.1]}},{"type":"Feature","geometry":{"type":"Point","coordinates":[20.05702,49.984323]},"properties":{"line":"G3","mode":"bus","color":"#0059a9","colorDark":"#00294f","band":1,"sc":0.86,"off":[0,5.1]}},{"type":"Feature","geometry":{"type":"Point","coordinates":[20.05702,49.984323]},"properties":{"line":"G4","mode":"bus","color":"#0059a9","colorDark":"#00294f","band":1,"sc":0.86,"off":[3.4,5.1]}},{"type":"Feature","geometry":{"type":"Point","coordinates":[20.05702,49.984323]},"properties":{"line":"J1","mode":"bus","color":"#0059a9","colorDark":"#00294f","band":1,"sc":0.86,"off":[6.8,5.1]}},{"type":"Feature","geometry":{"type":"Point","coordinates":[20.05702,49.984323]},"properties":{"line":"L1","mode":"bus","color":"#0059a9","colorDark":"#00294f","band":1,"sc":0.86,"off":[-6.8,7.1]}},{"type":"Feature","geometry":{"type":"Point","coordinates":[20.05702,49.984323]},"properties":{"line":"P2","mode":"bus","color":"#0059a9","colorDark":"#00294f","band":1,"sc":0.86,"off":[-3.4,7.1]}},{"type":"Feature","geometry":{"type":"Point","coordinates":[20.05702,49.984323]},"properties":{"line":"R2","mode":"bus","color":"#0059a9","colorDark":"#00294f","band":1,"sc":0.86,"off":[0,7.1]}},{"type":"Feature","geometry":{"type":"Point","coordinates":[20.05702,49.984323]},"properties":{"line":"W2","mode":"bus","color":"#0059a9","colorDark":"#00294f","band":1,"sc":0.86,"off":[3.4,7.1]}},{"type":"Feature","geometry":{"type":"Point","coordinates":[20.05702,49.984323]},"properties":{"line":"Z1","mode":"bus","color":"#0059a9","colorDark":"#00294f","band":1,"sc":0.86,"off":[6.8,7.1]}},{"type":"Feature","geometry":{"type":"Point","coordinates":[19.973934,49.954175]},"properties":{"name":"Ochojno Remiza","band":1,"modes":"bus","arr":["285"],"off":[0,-0.8]}},{"type":"Feature","geometry":{"type":"Point","coordinates":[19.973934,49.954175]},"properties":{"line":"285","mode":"bus","color":"#0059a9","colorDark":"#00294f","band":1,"off":[0,1.1]}},{"type":"Feature","geometry":{"type":"Point","coordinates":[20.0121,50.117109]},"properties":{"name":"Dziekanowice Kapliczka","band":1,"modes":"bus","arr":["297"],"off":[0,-0.8]}},{"type":"Feature","geometry":{"type":"Point","coordinates":[20.0121,50.117109]},"properties":{"line":"297","mode":"bus","color":"#0059a9","colorDark":"#00294f","band":1,"off":[0,1.1]}},{"type":"Feature","geometry":{"type":"Point","coordinates":[19.978456,50.158875]},"properties":{"name":"Michałowice P+R","band":1,"modes":"bus","arr":["307"],"off":[0,-0.8]}},{"type":"Feature","geometry":{"type":"Point","coordinates":[19.978456,50.158875]},"properties":{"line":"307","mode":"bus","color":"#0059a9","colorDark":"#00294f","band":1,"off":[0,1.1]}},{"type":"Feature","geometry":{"type":"Point","coordinates":[19.747301,50.158629]},"properties":{"name":"Będkowice Pętla","band":1,"modes":"bus","arr":["310","910"],"off":[0,-0.8]}},{"type":"Feature","geometry":{"type":"Point","coordinates":[19.747301,50.158629]},"properties":{"line":"310","mode":"bus","color":"#0059a9","colorDark":"#00294f","band":1,"off":[-1.7,1.1]}},{"type":"Feature","geometry":{"type":"Point","coordinates":[19.747301,50.158629]},"properties":{"line":"910","mode":"bus","color":"#000000","colorDark":"#000000","band":1,"off":[1.7,1.1]}},{"type":"Feature","geometry":{"type":"Point","coordinates":[19.885916,50.10939]},"properties":{"name":"Tonie","band":1,"modes":"bus","arr":["420"],"off":[0,-0.8]}},{"type":"Feature","geometry":{"type":"Point","coordinates":[19.885916,50.10939]},"properties":{"line":"420","mode":"bus","color":"#0059a9","colorDark":"#00294f","band":1,"off":[0,1.1]}},{"type":"Feature","geometry":{"type":"Point","coordinates":[19.984161,50.077034]},"properties":{"name":"Ugorek","band":1,"modes":"bus","arr":["424"],"off":[0,-0.8]}},{"type":"Feature","geometry":{"type":"Point","coordinates":[19.984161,50.077034]},"properties":{"line":"424","mode":"bus","color":"#0059a9","colorDark":"#00294f","band":1,"off":[0,1.1]}},{"type":"Feature","geometry":{"type":"Point","coordinates":[19.923684,50.100575]},"properties":{"name":"Prądnik Biały Zachód","band":1,"modes":"bus","arr":["513"],"off":[0,-0.8]}},{"type":"Feature","geometry":{"type":"Point","coordinates":[19.923684,50.100575]},"properties":{"line":"513","mode":"bus","color":"#0059a9","colorDark":"#00294f","band":1,"off":[0,1.1]}},{"type":"Feature","geometry":{"type":"Point","coordinates":[19.831268,50.212833]},"properties":{"name":"Ojców Zamek","band":1,"modes":"bus","arr":["LR0"],"off":[0,-0.8]}},{"type":"Feature","geometry":{"type":"Point","coordinates":[19.831268,50.212833]},"properties":{"line":"LR0","mode":"bus","color":"#0059a9","colorDark":"#00294f","band":1,"off":[0,1.1]}},{"type":"Feature","geometry":{"type":"Point","coordinates":[19.936843,50.03044]},"properties":{"name":"Łagiewniki","band":1,"modes":"bus","arr":["915"],"off":[0,-0.8]}},{"type":"Feature","geometry":{"type":"Point","coordinates":[19.936843,50.03044]},"properties":{"line":"915","mode":"bus","color":"#000000","colorDark":"#000000","band":1,"off":[0,1.1]}},{"type":"Feature","geometry":{"type":"Point","coordinates":[19.948389,49.834494]},"properties":{"name":"Myślenice D.A.","band":1,"modes":"bus","arr":["A1","A2","A11","A16","A41"],"off":[0,-0.8]}},{"type":"Feature","geometry":{"type":"Point","coordinates":[19.948389,49.834494]},"properties":{"line":"A1","mode":"bus","color":"#0059a9","colorDark":"#00294f","band":1,"off":[-6.8,1.1]}},{"type":"Feature","geometry":{"type":"Point","coordinates":[19.948389,49.834494]},"properties":{"line":"A2","mode":"bus","color":"#0059a9","colorDark":"#00294f","band":1,"off":[-3.4,1.1]}},{"type":"Feature","geometry":{"type":"Point","coordinates":[19.948389,49.834494]},"properties":{"line":"A11","mode":"bus","color":"#0059a9","colorDark":"#00294f","band":1,"off":[0,1.1]}},{"type":"Feature","geometry":{"type":"Point","coordinates":[19.948389,49.834494]},"properties":{"line":"A16","mode":"bus","color":"#0059a9","colorDark":"#00294f","band":1,"off":[3.4,1.1]}},{"type":"Feature","geometry":{"type":"Point","coordinates":[19.948389,49.834494]},"properties":{"line":"A41","mode":"bus","color":"#0059a9","colorDark":"#00294f","band":1,"off":[6.8,1.1]}},{"type":"Feature","geometry":{"type":"Point","coordinates":[19.94941,50.066727]},"properties":{"name":"Kraków MDA","band":1,"modes":"bus","arr":["A1","A12","A13","A14","A40","A44","A56","A64","A67","A73"],"off":[0,-0.8]}},{"type":"Feature","geometry":{"type":"Point","coordinates":[19.94941,50.066727]},"properties":{"line":"A1","mode":"bus","color":"#0059a9","colorDark":"#00294f","band":1,"off":[-6.8,1.1]}},{"type":"Feature","geometry":{"type":"Point","coordinates":[19.94941,50.066727]},"properties":{"line":"A12","mode":"bus","color":"#0059a9","colorDark":"#00294f","band":1,"off":[-3.4,1.1]}},{"type":"Feature","geometry":{"type":"Point","coordinates":[19.94941,50.066727]},"properties":{"line":"A13","mode":"bus","color":"#0059a9","colorDark":"#00294f","band":1,"off":[0,1.1]}},{"type":"Feature","geometry":{"type":"Point","coordinates":[19.94941,50.066727]},"properties":{"line":"A14","mode":"bus","color":"#0059a9","colorDark":"#00294f","band":1,"off":[3.4,1.1]}},{"type":"Feature","geometry":{"type":"Point","coordinates":[19.94941,50.066727]},"properties":{"line":"A40","mode":"bus","color":"#0059a9","colorDark":"#00294f","band":1,"off":[6.8,1.1]}},{"type":"Feature","geometry":{"type":"Point","coordinates":[19.94941,50.066727]},"properties":{"line":"A44","mode":"bus","color":"#0059a9","colorDark":"#00294f","band":1,"off":[-6.8,3.1]}},{"type":"Feature","geometry":{"type":"Point","coordinates":[19.94941,50.066727]},"properties":{"line":"A56","mode":"bus","color":"#0059a9","colorDark":"#00294f","band":1,"off":[-3.4,3.1]}},{"type":"Feature","geometry":{"type":"Point","coordinates":[19.94941,50.066727]},"properties":{"line":"A64","mode":"bus","color":"#0059a9","colorDark":"#00294f","band":1,"off":[0,3.1]}},{"type":"Feature","geometry":{"type":"Point","coordinates":[19.94941,50.066727]},"properties":{"line":"A67","mode":"bus","color":"#0059a9","colorDark":"#00294f","band":1,"off":[3.4,3.1]}},{"type":"Feature","geometry":{"type":"Point","coordinates":[19.94941,50.066727]},"properties":{"line":"A73","mode":"bus","color":"#0059a9","colorDark":"#00294f","band":1,"off":[6.8,3.1]}},{"type":"Feature","geometry":{"type":"Point","coordinates":[20.420482,49.699222]},"properties":{"name":"Limanowa Zygmunta Augusta","band":1,"modes":"bus","arr":["A3","A9"],"off":[0,-0.8]}},{"type":"Feature","geometry":{"type":"Point","coordinates":[20.420482,49.699222]},"properties":{"line":"A3","mode":"bus","color":"#0059a9","colorDark":"#00294f","band":1,"off":[-1.7,1.1]}},{"type":"Feature","geometry":{"type":"Point","coordinates":[20.420482,49.699222]},"properties":{"line":"A9","mode":"bus","color":"#0059a9","colorDark":"#00294f","band":1,"off":[1.7,1.1]}},{"type":"Feature","geometry":{"type":"Point","coordinates":[20.432592,49.970108]},"properties":{"name":"Bochnia pl. Gen. Kazimierza Pułaskiego","band":1,"modes":"bus","arr":["A26"],"off":[0,-0.8]}},{"type":"Feature","geometry":{"type":"Point","coordinates":[20.432592,49.970108]},"properties":{"line":"A26","mode":"bus","color":"#0059a9","colorDark":"#00294f","band":1,"off":[0,1.1]}},{"type":"Feature","geometry":{"type":"Point","coordinates":[20.431759,49.976893]},"properties":{"name":"Bochnia Dworzec PKP","band":1,"modes":"bus","arr":["A3","A4","A20","A65"],"off":[0,-0.8]}},{"type":"Feature","geometry":{"type":"Point","coordinates":[20.431759,49.976893]},"properties":{"line":"A3","mode":"bus","color":"#0059a9","colorDark":"#00294f","band":1,"off":[-5.1,1.1]}},{"type":"Feature","geometry":{"type":"Point","coordinates":[20.431759,49.976893]},"properties":{"line":"A4","mode":"bus","color":"#0059a9","colorDark":"#00294f","band":1,"off":[-1.7,1.1]}},{"type":"Feature","geometry":{"type":"Point","coordinates":[20.431759,49.976893]},"properties":{"line":"A20","mode":"bus","color":"#0059a9","colorDark":"#00294f","band":1,"off":[1.7,1.1]}},{"type":"Feature","geometry":{"type":"Point","coordinates":[20.431759,49.976893]},"properties":{"line":"A65","mode":"bus","color":"#0059a9","colorDark":"#00294f","band":1,"off":[5.1,1.1]}},{"type":"Feature","geometry":{"type":"Point","coordinates":[20.376855,50.132109]},"properties":{"name":"Nowe Brzesko Rynek","band":1,"modes":"bus","arr":["A4","A65"],"off":[0,-0.8]}},{"type":"Feature","geometry":{"type":"Point","coordinates":[20.376855,50.132109]},"properties":{"line":"A4","mode":"bus","color":"#0059a9","colorDark":"#00294f","band":1,"off":[-1.7,1.1]}},{"type":"Feature","geometry":{"type":"Point","coordinates":[20.376855,50.132109]},"properties":{"line":"A65","mode":"bus","color":"#0059a9","colorDark":"#00294f","band":1,"off":[1.7,1.1]}},{"type":"Feature","geometry":{"type":"Point","coordinates":[20.58182,50.17511]},"properties":{"name":"Koszyce","band":1,"modes":"bus","arr":["A5","A57"],"off":[0,-0.8]}},{"type":"Feature","geometry":{"type":"Point","coordinates":[20.58182,50.17511]},"properties":{"line":"A5","mode":"bus","color":"#0059a9","colorDark":"#00294f","band":1,"off":[-1.7,1.1]}},{"type":"Feature","geometry":{"type":"Point","coordinates":[20.58182,50.17511]},"properties":{"line":"A57","mode":"bus","color":"#0059a9","colorDark":"#00294f","band":1,"off":[1.7,1.1]}},{"type":"Feature","geometry":{"type":"Point","coordinates":[20.61639,49.9716]},"properties":{"name":"Brzesko D.A.","band":1,"modes":"bus","arr":["A5"],"off":[0,-0.8]}},{"type":"Feature","geometry":{"type":"Point","coordinates":[20.61639,49.9716]},"properties":{"line":"A5","mode":"bus","color":"#0059a9","colorDark":"#00294f","band":1,"off":[0,1.1]}},{"type":"Feature","geometry":{"type":"Point","coordinates":[20.291618,49.864491]},"properties":{"name":"Łapanów Rynek","band":1,"modes":"bus","arr":["A6"],"off":[0,-0.8]}},{"type":"Feature","geometry":{"type":"Point","coordinates":[20.291618,49.864491]},"properties":{"line":"A6","mode":"bus","color":"#0059a9","colorDark":"#00294f","band":1,"off":[0,1.1]}},{"type":"Feature","geometry":{"type":"Point","coordinates":[20.27517,50.19502]},"properties":{"name":"Proszowice P+R Kościuszki","band":1,"modes":"bus","arr":["A7","A37","A50"],"off":[0,-0.8]}},{"type":"Feature","geometry":{"type":"Point","coordinates":[20.27517,50.19502]},"properties":{"line":"A7","mode":"bus","color":"#0059a9","colorDark":"#00294f","band":1,"off":[-3.4,1.1]}},{"type":"Feature","geometry":{"type":"Point","coordinates":[20.27517,50.19502]},"properties":{"line":"A37","mode":"bus","color":"#0059a9","colorDark":"#00294f","band":1,"off":[0,1.1]}},{"type":"Feature","geometry":{"type":"Point","coordinates":[20.27517,50.19502]},"properties":{"line":"A50","mode":"bus","color":"#0059a9","colorDark":"#00294f","band":1,"off":[3.4,1.1]}},{"type":"Feature","geometry":{"type":"Point","coordinates":[20.297952,50.186246]},"properties":{"name":"Proszowice Szpital","band":1,"modes":"bus","arr":["A67"],"off":[0,-0.8]}},{"type":"Feature","geometry":{"type":"Point","coordinates":[20.297952,50.186246]},"properties":{"line":"A67","mode":"bus","color":"#0059a9","colorDark":"#00294f","band":1,"off":[0,1.1]}},{"type":"Feature","geometry":{"type":"Point","coordinates":[20.16978,50.01855]},"properties":{"name":"Podłęże P+R Północ","band":1,"modes":"bus","arr":["A7","A37"],"off":[0,-0.8]}},{"type":"Feature","geometry":{"type":"Point","coordinates":[20.16978,50.01855]},"properties":{"line":"A7","mode":"bus","color":"#0059a9","colorDark":"#00294f","band":1,"off":[-1.7,1.1]}},{"type":"Feature","geometry":{"type":"Point","coordinates":[20.16978,50.01855]},"properties":{"line":"A37","mode":"bus","color":"#0059a9","colorDark":"#00294f","band":1,"off":[1.7,1.1]}},{"type":"Feature","geometry":{"type":"Point","coordinates":[20.094816,49.879614]},"properties":{"name":"Dobczyce Witosa (pętla)","band":1,"modes":"bus","arr":["A17","A49"],"off":[0,-0.8]}},{"type":"Feature","geometry":{"type":"Point","coordinates":[20.094816,49.879614]},"properties":{"line":"A17","mode":"bus","color":"#0059a9","colorDark":"#00294f","band":1,"off":[-1.7,1.1]}},{"type":"Feature","geometry":{"type":"Point","coordinates":[20.094816,49.879614]},"properties":{"line":"A49","mode":"bus","color":"#0059a9","colorDark":"#00294f","band":1,"off":[1.7,1.1]}},{"type":"Feature","geometry":{"type":"Point","coordinates":[20.171366,49.802898]},"properties":{"name":"Pogorzany Diabli Kamień","band":1,"modes":"bus","arr":["A8"],"off":[0,-0.8]}},{"type":"Feature","geometry":{"type":"Point","coordinates":[20.171366,49.802898]},"properties":{"line":"A8","mode":"bus","color":"#0059a9","colorDark":"#00294f","band":1,"off":[0,1.1]}},{"type":"Feature","geometry":{"type":"Point","coordinates":[19.574696,50.274863]},"properties":{"name":"Olkusz Dworzec PKS","band":1,"modes":"bus","arr":["A10","A12","A13","A48"],"off":[0,-0.8]}},{"type":"Feature","geometry":{"type":"Point","coordinates":[19.574696,50.274863]},"properties":{"name":"Olkusz Dworzec PKP","band":1,"modes":"bus","arr":["A10","A12","A13","A48"],"off":[0,-1.9]}},{"type":"Feature","geometry":{"type":"Point","coordinates":[19.574696,50.274863]},"properties":{"line":"A10","mode":"bus","color":"#0059a9","colorDark":"#00294f","band":1,"off":[-5.1,1.1]}},{"type":"Feature","geometry":{"type":"Point","coordinates":[19.574696,50.274863]},"properties":{"line":"A12","mode":"bus","color":"#0059a9","colorDark":"#00294f","band":1,"off":[-1.7,1.1]}},{"type":"Feature","geometry":{"type":"Point","coordinates":[19.574696,50.274863]},"properties":{"line":"A13","mode":"bus","color":"#0059a9","colorDark":"#00294f","band":1,"off":[1.7,1.1]}},{"type":"Feature","geometry":{"type":"Point","coordinates":[19.574696,50.274863]},"properties":{"line":"A48","mode":"bus","color":"#0059a9","colorDark":"#00294f","band":1,"off":[5.1,1.1]}},{"type":"Feature","geometry":{"type":"Point","coordinates":[19.633728,50.131202]},"properties":{"name":"Krzeszowice Dworzec PKP","band":1,"modes":"bus","arr":["A10","A42"],"off":[0,-0.8]}},{"type":"Feature","geometry":{"type":"Point","coordinates":[19.633728,50.131202]},"properties":{"line":"A10","mode":"bus","color":"#0059a9","colorDark":"#00294f","band":1,"off":[-1.7,1.1]}},{"type":"Feature","geometry":{"type":"Point","coordinates":[19.633728,50.131202]},"properties":{"line":"A42","mode":"bus","color":"#0059a9","colorDark":"#00294f","band":1,"off":[1.7,1.1]}},{"type":"Feature","geometry":{"type":"Point","coordinates":[20.084014,49.583957]},"properties":{"name":"Poręba Wielka Koninki Ośrodek Narciarski","band":1,"modes":"bus","arr":["A11"],"off":[0,-0.8]}},{"type":"Feature","geometry":{"type":"Point","coordinates":[20.084014,49.583957]},"properties":{"line":"A11","mode":"bus","color":"#0059a9","colorDark":"#00294f","band":1,"off":[0,1.1]}},{"type":"Feature","geometry":{"type":"Point","coordinates":[20.076793,49.674979]},"properties":{"name":"Mszana Dolna Dworzec Autobusowy","band":1,"modes":"bus","arr":["A41"],"off":[0,-0.8]}},{"type":"Feature","geometry":{"type":"Point","coordinates":[20.076793,49.674979]},"properties":{"line":"A41","mode":"bus","color":"#0059a9","colorDark":"#00294f","band":1,"off":[0,1.1]}},{"type":"Feature","geometry":{"type":"Point","coordinates":[19.82097,49.35166]},"properties":{"name":"Chochołów Chochołowskie Termy","band":1,"modes":"bus","arr":["A15"],"off":[0,-0.8]}},{"type":"Feature","geometry":{"type":"Point","coordinates":[19.82097,49.35166]},"properties":{"line":"A15","mode":"bus","color":"#0059a9","colorDark":"#00294f","band":1,"off":[0,1.1]}},{"type":"Feature","geometry":{"type":"Point","coordinates":[20.097066,49.330218]},"properties":{"name":"Bukowina Tatrzańska Klin","band":1,"modes":"bus","arr":["A32"],"off":[0,-0.8]}},{"type":"Feature","geometry":{"type":"Point","coordinates":[20.097066,49.330218]},"properties":{"line":"A32","mode":"bus","color":"#0059a9","colorDark":"#00294f","band":1,"off":[0,1.1]}},{"type":"Feature","geometry":{"type":"Point","coordinates":[20.323252,49.960628]},"properties":{"name":"Siedlec Centrum","band":1,"modes":"bus","arr":["A18"],"off":[0,-0.8]}},{"type":"Feature","geometry":{"type":"Point","coordinates":[20.323252,49.960628]},"properties":{"line":"A18","mode":"bus","color":"#0059a9","colorDark":"#00294f","band":1,"off":[0,1.1]}},{"type":"Feature","geometry":{"type":"Point","coordinates":[19.930844,49.914014]},"properties":{"name":"Olszowice Pętla","band":1,"modes":"bus","arr":["A19"],"off":[0,-0.8]}},{"type":"Feature","geometry":{"type":"Point","coordinates":[19.930844,49.914014]},"properties":{"line":"A19","mode":"bus","color":"#0059a9","colorDark":"#00294f","band":1,"off":[0,1.1]}},{"type":"Feature","geometry":{"type":"Point","coordinates":[20.532861,49.827572]},"properties":{"name":"Iwkowa Nagórze Pętla","band":1,"modes":"bus","arr":["A20"],"off":[0,-0.8]}},{"type":"Feature","geometry":{"type":"Point","coordinates":[20.532861,49.827572]},"properties":{"line":"A20","mode":"bus","color":"#0059a9","colorDark":"#00294f","band":1,"off":[0,1.1]}},{"type":"Feature","geometry":{"type":"Point","coordinates":[20.698473,49.617217]},"properties":{"name":"Nowy Sącz MDA","band":1,"modes":"bus","arr":["A21","A22"],"off":[0,-0.8]}},{"type":"Feature","geometry":{"type":"Point","coordinates":[20.698473,49.617217]},"properties":{"line":"A21","mode":"bus","color":"#0059a9","colorDark":"#00294f","band":1,"off":[-1.7,1.1]}},{"type":"Feature","geometry":{"type":"Point","coordinates":[20.698473,49.617217]},"properties":{"line":"A22","mode":"bus","color":"#0059a9","colorDark":"#00294f","band":1,"off":[1.7,1.1]}},{"type":"Feature","geometry":{"type":"Point","coordinates":[20.015455,49.473924]},"properties":{"name":"Nowy Targ Dworzec Kolejowy","band":1,"modes":"bus","arr":["A21","A45"],"off":[0,-0.8]}},{"type":"Feature","geometry":{"type":"Point","coordinates":[20.015455,49.473924]},"properties":{"line":"A21","mode":"bus","color":"#0059a9","colorDark":"#00294f","band":1,"off":[-1.7,1.1]}},{"type":"Feature","geometry":{"type":"Point","coordinates":[20.015455,49.473924]},"properties":{"line":"A45","mode":"bus","color":"#0059a9","colorDark":"#00294f","band":1,"off":[1.7,1.1]}},{"type":"Feature","geometry":{"type":"Point","coordinates":[20.84848,49.960321]},"properties":{"name":"Wojnicz Cmentarz","band":1,"modes":"bus","arr":["A74"],"off":[0,-0.8]}},{"type":"Feature","geometry":{"type":"Point","coordinates":[20.84848,49.960321]},"properties":{"line":"A74","mode":"bus","color":"#0059a9","colorDark":"#00294f","band":1,"off":[0,1.1]}},{"type":"Feature","geometry":{"type":"Point","coordinates":[20.974679,50.006604]},"properties":{"name":"Tarnów Krakowska – Planty","band":1,"modes":"bus,metro","arr":["A22","A23","A26","A28","A34","A36","A38","A39","A46","A51","A52","A54","A55","A62","A63","SKA3"],"off":[0,-0.8],"sc":0.92}},{"type":"Feature","geometry":{"type":"Point","coordinates":[20.974679,50.006604]},"properties":{"name":"Tarnów Dworzec Autobusowy","band":1,"modes":"bus,metro","arr":["A22","A23","A26","A28","A34","A36","A38","A39","A46","A51","A52","A54","A55","A62","A63","SKA3"],"off":[0,-3],"sc":0.92}},{"type":"Feature","geometry":{"type":"Point","coordinates":[20.974679,50.006604]},"properties":{"name":"Tarnów","band":1,"modes":"bus,metro","arr":["A22","A23","A26","A28","A34","A36","A38","A39","A46","A51","A52","A54","A55","A62","A63","SKA3"],"off":[0,-5.2],"sc":0.92}},{"type":"Feature","geometry":{"type":"Point","coordinates":[20.974679,50.006604]},"properties":{"line":"A22","mode":"bus","color":"#0059a9","colorDark":"#00294f","band":1,"sc":0.92,"off":[-6.8,1.1]}},{"type":"Feature","geometry":{"type":"Point","coordinates":[20.974679,50.006604]},"properties":{"line":"A23","mode":"bus","color":"#0059a9","colorDark":"#00294f","band":1,"sc":0.92,"off":[-3.4,1.1]}},{"type":"Feature","geometry":{"type":"Point","coordinates":[20.974679,50.006604]},"properties":{"line":"A26","mode":"bus","color":"#0059a9","colorDark":"#00294f","band":1,"sc":0.92,"off":[0,1.1]}},{"type":"Feature","geometry":{"type":"Point","coordinates":[20.974679,50.006604]},"properties":{"line":"A28","mode":"bus","color":"#0059a9","colorDark":"#00294f","band":1,"sc":0.92,"off":[3.4,1.1]}},{"type":"Feature","geometry":{"type":"Point","coordinates":[20.974679,50.006604]},"properties":{"line":"A34","mode":"bus","color":"#0059a9","colorDark":"#00294f","band":1,"sc":0.92,"off":[6.8,1.1]}},{"type":"Feature","geometry":{"type":"Point","coordinates":[20.974679,50.006604]},"properties":{"line":"A36","mode":"bus","color":"#0059a9","colorDark":"#00294f","band":1,"sc":0.92,"off":[-6.8,3.1]}},{"type":"Feature","geometry":{"type":"Point","coordinates":[20.974679,50.006604]},"properties":{"line":"A38","mode":"bus","color":"#0059a9","colorDark":"#00294f","band":1,"sc":0.92,"off":[-3.4,3.1]}},{"type":"Feature","geometry":{"type":"Point","coordinates":[20.974679,50.006604]},"properties":{"line":"A39","mode":"bus","color":"#0059a9","colorDark":"#00294f","band":1,"sc":0.92,"off":[0,3.1]}},{"type":"Feature","geometry":{"type":"Point","coordinates":[20.974679,50.006604]},"properties":{"line":"A46","mode":"bus","color":"#0059a9","colorDark":"#00294f","band":1,"sc":0.92,"off":[3.4,3.1]}},{"type":"Feature","geometry":{"type":"Point","coordinates":[20.974679,50.006604]},"properties":{"line":"A51","mode":"bus","color":"#0059a9","colorDark":"#00294f","band":1,"sc":0.92,"off":[6.8,3.1]}},{"type":"Feature","geometry":{"type":"Point","coordinates":[20.974679,50.006604]},"properties":{"line":"A52","mode":"bus","color":"#0059a9","colorDark":"#00294f","band":1,"sc":0.92,"off":[-6.8,5.1]}},{"type":"Feature","geometry":{"type":"Point","coordinates":[20.974679,50.006604]},"properties":{"line":"A54","mode":"bus","color":"#0059a9","colorDark":"#00294f","band":1,"sc":0.92,"off":[-3.4,5.1]}},{"type":"Feature","geometry":{"type":"Point","coordinates":[20.974679,50.006604]},"properties":{"line":"A55","mode":"bus","color":"#0059a9","colorDark":"#00294f","band":1,"sc":0.92,"off":[0,5.1]}},{"type":"Feature","geometry":{"type":"Point","coordinates":[20.974679,50.006604]},"properties":{"line":"A62","mode":"bus","color":"#0059a9","colorDark":"#00294f","band":1,"sc":0.92,"off":[3.4,5.1]}},{"type":"Feature","geometry":{"type":"Point","coordinates":[20.974679,50.006604]},"properties":{"line":"A63","mode":"bus","color":"#0059a9","colorDark":"#00294f","band":1,"sc":0.92,"off":[6.8,5.1]}},{"type":"Feature","geometry":{"type":"Point","coordinates":[20.974679,50.006604]},"properties":{"line":"SKA3","mode":"tram","color":"#F2C43B","colorDark":"#856c20","band":1,"metro":1,"sc":0.92,"off":[0,7.1]}},{"type":"Feature","geometry":{"type":"Point","coordinates":[20.976542,50.0105]},"properties":{"name":"Tarnów Sikorskiego","band":1,"modes":"bus","arr":["A26","A51","A52","A54"],"off":[0,-0.8]}},{"type":"Feature","geometry":{"type":"Point","coordinates":[20.976542,50.0105]},"properties":{"line":"A26","mode":"bus","color":"#0059a9","colorDark":"#00294f","band":1,"off":[-5.1,1.1]}},{"type":"Feature","geometry":{"type":"Point","coordinates":[20.976542,50.0105]},"properties":{"line":"A51","mode":"bus","color":"#0059a9","colorDark":"#00294f","band":1,"off":[-1.7,1.1]}},{"type":"Feature","geometry":{"type":"Point","coordinates":[20.976542,50.0105]},"properties":{"line":"A52","mode":"bus","color":"#0059a9","colorDark":"#00294f","band":1,"off":[1.7,1.1]}},{"type":"Feature","geometry":{"type":"Point","coordinates":[20.976542,50.0105]},"properties":{"line":"A54","mode":"bus","color":"#0059a9","colorDark":"#00294f","band":1,"off":[5.1,1.1]}},{"type":"Feature","geometry":{"type":"Point","coordinates":[21.181862,49.441463]},"properties":{"name":"Wysowa Zdrój Sanatorium Beskid","band":1,"modes":"bus","arr":["A23"],"off":[0,-0.8]}},{"type":"Feature","geometry":{"type":"Point","coordinates":[21.181862,49.441463]},"properties":{"line":"A23","mode":"bus","color":"#0059a9","colorDark":"#00294f","band":1,"off":[0,1.1]}},{"type":"Feature","geometry":{"type":"Point","coordinates":[21.044587,50.080646]},"properties":{"name":"Lisia Góra Szkoła","band":1,"modes":"bus","arr":["A24"],"off":[0,-0.8]}},{"type":"Feature","geometry":{"type":"Point","coordinates":[21.044587,50.080646]},"properties":{"line":"A24","mode":"bus","color":"#0059a9","colorDark":"#00294f","band":1,"off":[0,1.1]}},{"type":"Feature","geometry":{"type":"Point","coordinates":[20.924457,50.014914]},"properties":{"name":"Tarnów Mościce - Plac","band":1,"modes":"bus","arr":["A24","A27","A74"],"off":[0,-0.8]}},{"type":"Feature","geometry":{"type":"Point","coordinates":[20.924457,50.014914]},"properties":{"line":"A24","mode":"bus","color":"#0059a9","colorDark":"#00294f","band":1,"off":[-3.4,1.1]}},{"type":"Feature","geometry":{"type":"Point","coordinates":[20.924457,50.014914]},"properties":{"line":"A27","mode":"bus","color":"#0059a9","colorDark":"#00294f","band":1,"off":[0,1.1]}},{"type":"Feature","geometry":{"type":"Point","coordinates":[20.924457,50.014914]},"properties":{"line":"A74","mode":"bus","color":"#0059a9","colorDark":"#00294f","band":1,"off":[3.4,1.1]}},{"type":"Feature","geometry":{"type":"Point","coordinates":[19.350868,49.855681]},"properties":{"name":"Andrychów D.A.","band":1,"modes":"bus","arr":["A25","A47"],"off":[0,-0.8]}},{"type":"Feature","geometry":{"type":"Point","coordinates":[19.350868,49.855681]},"properties":{"line":"A25","mode":"bus","color":"#0059a9","colorDark":"#00294f","band":1,"off":[-1.7,1.1]}},{"type":"Feature","geometry":{"type":"Point","coordinates":[19.350868,49.855681]},"properties":{"line":"A47","mode":"bus","color":"#0059a9","colorDark":"#00294f","band":1,"off":[1.7,1.1]}},{"type":"Feature","geometry":{"type":"Point","coordinates":[19.488261,50.02428]},"properties":{"name":"Smolice Lipowa","band":1,"modes":"bus","arr":["A25"],"off":[0,-0.8]}},{"type":"Feature","geometry":{"type":"Point","coordinates":[19.488261,50.02428]},"properties":{"line":"A25","mode":"bus","color":"#0059a9","colorDark":"#00294f","band":1,"off":[0,1.1]}},{"type":"Feature","geometry":{"type":"Point","coordinates":[21.011654,49.97332]},"properties":{"name":"Zawada - Pętla","band":1,"modes":"bus","arr":["A27"],"off":[0,-0.8]}},{"type":"Feature","geometry":{"type":"Point","coordinates":[21.011654,49.97332]},"properties":{"line":"A27","mode":"bus","color":"#0059a9","colorDark":"#00294f","band":1,"off":[0,1.1]}},{"type":"Feature","geometry":{"type":"Point","coordinates":[20.992546,50.020025]},"properties":{"name":"Tarnów Marszałka","band":1,"modes":"bus","arr":["A29","A30"],"off":[0,-0.8]}},{"type":"Feature","geometry":{"type":"Point","coordinates":[20.992546,50.020025]},"properties":{"line":"A29","mode":"bus","color":"#0059a9","colorDark":"#00294f","band":1,"off":[-1.7,1.1]}},{"type":"Feature","geometry":{"type":"Point","coordinates":[20.992546,50.020025]},"properties":{"line":"A30","mode":"bus","color":"#0059a9","colorDark":"#00294f","band":1,"off":[1.7,1.1]}},{"type":"Feature","geometry":{"type":"Point","coordinates":[20.899626,49.946644]},"properties":{"name":"Szczepanowice - Zatoka","band":1,"modes":"bus","arr":["A31"],"off":[0,-0.8]}},{"type":"Feature","geometry":{"type":"Point","coordinates":[20.899626,49.946644]},"properties":{"line":"A31","mode":"bus","color":"#0059a9","colorDark":"#00294f","band":1,"off":[0,1.1]}},{"type":"Feature","geometry":{"type":"Point","coordinates":[20.957349,49.953033]},"properties":{"name":"Świebodzin - Kłokowa PKP","band":1,"modes":"bus","arr":["A31"],"off":[0,-0.8]}},{"type":"Feature","geometry":{"type":"Point","coordinates":[20.957349,49.953033]},"properties":{"line":"A31","mode":"bus","color":"#0059a9","colorDark":"#00294f","band":1,"off":[0,1.1]}},{"type":"Feature","geometry":{"type":"Point","coordinates":[19.784212,49.569497]},"properties":{"name":"Spytkowice Szkoła","band":1,"modes":"bus","arr":["A32"],"off":[0,-0.8]}},{"type":"Feature","geometry":{"type":"Point","coordinates":[19.784212,49.569497]},"properties":{"line":"A32","mode":"bus","color":"#0059a9","colorDark":"#00294f","band":1,"off":[0,1.1]}},{"type":"Feature","geometry":{"type":"Point","coordinates":[20.191908,49.413044]},"properties":{"name":"Dursztyn Kościół","band":1,"modes":"bus","arr":["A33"],"off":[0,-0.8]}},{"type":"Feature","geometry":{"type":"Point","coordinates":[20.191908,49.413044]},"properties":{"line":"A33","mode":"bus","color":"#0059a9","colorDark":"#00294f","band":1,"off":[0,1.1]}},{"type":"Feature","geometry":{"type":"Point","coordinates":[20.55239,49.407955]},"properties":{"name":"Jaworki Czarna Woda","band":1,"modes":"bus","arr":["A33"],"off":[0,-0.8]}},{"type":"Feature","geometry":{"type":"Point","coordinates":[20.55239,49.407955]},"properties":{"line":"A33","mode":"bus","color":"#0059a9","colorDark":"#00294f","band":1,"off":[0,1.1]}},{"type":"Feature","geometry":{"type":"Point","coordinates":[21.135156,50.066939]},"properties":{"name":"Jodłówka - Wałki - Dół","band":1,"modes":"bus","arr":["A34","A35"],"off":[0,-0.8]}},{"type":"Feature","geometry":{"type":"Point","coordinates":[21.135156,50.066939]},"properties":{"line":"A34","mode":"bus","color":"#0059a9","colorDark":"#00294f","band":1,"off":[-1.7,1.1]}},{"type":"Feature","geometry":{"type":"Point","coordinates":[21.135156,50.066939]},"properties":{"line":"A35","mode":"bus","color":"#0059a9","colorDark":"#00294f","band":1,"off":[1.7,1.1]}},{"type":"Feature","geometry":{"type":"Point","coordinates":[20.957142,49.888792]},"properties":{"name":"Lichwin - Centrum","band":1,"modes":"bus","arr":["A35"],"off":[0,-0.8]}},{"type":"Feature","geometry":{"type":"Point","coordinates":[20.957142,49.888792]},"properties":{"line":"A35","mode":"bus","color":"#0059a9","colorDark":"#00294f","band":1,"off":[0,1.1]}},{"type":"Feature","geometry":{"type":"Point","coordinates":[20.975936,50.177928]},"properties":{"name":"Dąbrowa Tarnowska Szpitalna","band":1,"modes":"bus","arr":["A36"],"off":[0,-0.8]}},{"type":"Feature","geometry":{"type":"Point","coordinates":[20.975936,50.177928]},"properties":{"line":"A36","mode":"bus","color":"#0059a9","colorDark":"#00294f","band":1,"off":[0,1.1]}},{"type":"Feature","geometry":{"type":"Point","coordinates":[21.182811,50.117828]},"properties":{"name":"Nowa Jastrząbka - Podlesie","band":1,"modes":"bus","arr":["A38"],"off":[0,-0.8]}},{"type":"Feature","geometry":{"type":"Point","coordinates":[21.182811,50.117828]},"properties":{"line":"A38","mode":"bus","color":"#0059a9","colorDark":"#00294f","band":1,"off":[0,1.1]}},{"type":"Feature","geometry":{"type":"Point","coordinates":[21.09366,50.073005]},"properties":{"name":"Zaczarnie - Pętla","band":1,"modes":"bus","arr":["A39"],"off":[0,-0.8]}},{"type":"Feature","geometry":{"type":"Point","coordinates":[21.09366,50.073005]},"properties":{"line":"A39","mode":"bus","color":"#0059a9","colorDark":"#00294f","band":1,"off":[0,1.1]}},{"type":"Feature","geometry":{"type":"Point","coordinates":[19.226801,49.866277]},"properties":{"name":"Kęty Grupa Kęty","band":1,"modes":"bus","arr":["A40"],"off":[0,-0.8]}},{"type":"Feature","geometry":{"type":"Point","coordinates":[19.226801,49.866277]},"properties":{"line":"A40","mode":"bus","color":"#0059a9","colorDark":"#00294f","band":1,"off":[0,1.1]}},{"type":"Feature","geometry":{"type":"Point","coordinates":[19.681939,49.86638]},"properties":{"name":"Kalwaria Zebrzydowska D.A.","band":1,"modes":"bus","arr":["A43"],"off":[0,-0.8]}},{"type":"Feature","geometry":{"type":"Point","coordinates":[19.681939,49.86638]},"properties":{"line":"A43","mode":"bus","color":"#0059a9","colorDark":"#00294f","band":1,"off":[0,1.1]}},{"type":"Feature","geometry":{"type":"Point","coordinates":[19.427167,50.137783]},"properties":{"name":"Chrzanów Szpital","band":1,"modes":"bus","arr":["A42","A48"],"off":[0,-0.8]}},{"type":"Feature","geometry":{"type":"Point","coordinates":[19.427167,50.137783]},"properties":{"line":"A42","mode":"bus","color":"#0059a9","colorDark":"#00294f","band":1,"off":[-1.7,1.1]}},{"type":"Feature","geometry":{"type":"Point","coordinates":[19.427167,50.137783]},"properties":{"line":"A48","mode":"bus","color":"#0059a9","colorDark":"#00294f","band":1,"off":[1.7,1.1]}},{"type":"Feature","geometry":{"type":"Point","coordinates":[19.523555,50.05483]},"properties":{"name":"Alwernia Zakłady Chemiczne","band":1,"modes":"bus","arr":["A44","A60","A64","A66"],"off":[0,-0.8]}},{"type":"Feature","geometry":{"type":"Point","coordinates":[19.523555,50.05483]},"properties":{"line":"A44","mode":"bus","color":"#0059a9","colorDark":"#00294f","band":1,"off":[-5.1,1.1]}},{"type":"Feature","geometry":{"type":"Point","coordinates":[19.523555,50.05483]},"properties":{"line":"A60","mode":"bus","color":"#0059a9","colorDark":"#00294f","band":1,"off":[-1.7,1.1]}},{"type":"Feature","geometry":{"type":"Point","coordinates":[19.523555,50.05483]},"properties":{"line":"A64","mode":"bus","color":"#0059a9","colorDark":"#00294f","band":1,"off":[1.7,1.1]}},{"type":"Feature","geometry":{"type":"Point","coordinates":[19.523555,50.05483]},"properties":{"line":"A66","mode":"bus","color":"#0059a9","colorDark":"#00294f","band":1,"off":[5.1,1.1]}},{"type":"Feature","geometry":{"type":"Point","coordinates":[21.254034,49.906703]},"properties":{"name":"Lubcza Centrum","band":1,"modes":"bus","arr":["A46","A62"],"off":[0,-0.8]}},{"type":"Feature","geometry":{"type":"Point","coordinates":[21.254034,49.906703]},"properties":{"line":"A46","mode":"bus","color":"#0059a9","colorDark":"#00294f","band":1,"off":[-1.7,1.1]}},{"type":"Feature","geometry":{"type":"Point","coordinates":[21.254034,49.906703]},"properties":{"line":"A62","mode":"bus","color":"#0059a9","colorDark":"#00294f","band":1,"off":[1.7,1.1]}},{"type":"Feature","geometry":{"type":"Point","coordinates":[21.137668,49.879679]},"properties":{"name":"Ryglice Węzeł Przesiadkowy","band":1,"modes":"bus","arr":["A63"],"off":[0,-0.8]}},{"type":"Feature","geometry":{"type":"Point","coordinates":[21.137668,49.879679]},"properties":{"line":"A63","mode":"bus","color":"#0059a9","colorDark":"#00294f","band":1,"off":[0,1.1]}},{"type":"Feature","geometry":{"type":"Point","coordinates":[19.253279,50.034698]},"properties":{"name":"Oświęcim Lodowisko","band":1,"modes":"bus","arr":["A47"],"off":[0,-0.8]}},{"type":"Feature","geometry":{"type":"Point","coordinates":[19.253279,50.034698]},"properties":{"line":"A47","mode":"bus","color":"#0059a9","colorDark":"#00294f","band":1,"off":[0,1.1]}},{"type":"Feature","geometry":{"type":"Point","coordinates":[19.200526,50.041626]},"properties":{"name":"Oświęcim Dworzec PKP","band":1,"modes":"bus,metro","arr":["A66","Dunajec","SKA2","SKA3"],"off":[0,-0.8]}},{"type":"Feature","geometry":{"type":"Point","coordinates":[19.200526,50.041626]},"properties":{"name":"Oświęcim","band":1,"modes":"bus,metro","arr":["A66","Dunajec","SKA2","SKA3"],"off":[0,-3]}},{"type":"Feature","geometry":{"type":"Point","coordinates":[19.200526,50.041626]},"properties":{"line":"A66","mode":"bus","color":"#0059a9","colorDark":"#00294f","band":1,"off":[-5.1,1.1]}},{"type":"Feature","geometry":{"type":"Point","coordinates":[19.200526,50.041626]},"properties":{"line":"Dunajec","mode":"tram","color":"#a518a3","colorDark":"#5a0c59","band":1,"metro":1,"off":[-1.7,1.1]}},{"type":"Feature","geometry":{"type":"Point","coordinates":[19.200526,50.041626]},"properties":{"line":"SKA2","mode":"tram","color":"#D4328A","colorDark":"#751c4c","band":1,"metro":1,"off":[1.7,1.1]}},{"type":"Feature","geometry":{"type":"Point","coordinates":[19.200526,50.041626]},"properties":{"line":"SKA3","mode":"tram","color":"#F2C43B","colorDark":"#856c20","band":1,"metro":1,"off":[5.1,1.1]}},{"type":"Feature","geometry":{"type":"Point","coordinates":[19.582797,49.5891]},"properties":{"name":"Zawoja Krowiarki","band":1,"modes":"bus","arr":["A53"],"off":[0,-0.8]}},{"type":"Feature","geometry":{"type":"Point","coordinates":[19.582797,49.5891]},"properties":{"line":"A53","mode":"bus","color":"#0059a9","colorDark":"#00294f","band":1,"off":[0,1.1]}},{"type":"Feature","geometry":{"type":"Point","coordinates":[20.849404,50.08365]},"properties":{"name":"Radłów Plac Kościuszki","band":1,"modes":"bus","arr":["A54"],"off":[0,-0.8]}},{"type":"Feature","geometry":{"type":"Point","coordinates":[20.849404,50.08365]},"properties":{"line":"A54","mode":"bus","color":"#0059a9","colorDark":"#00294f","band":1,"off":[0,1.1]}},{"type":"Feature","geometry":{"type":"Point","coordinates":[20.650879,49.802467]},"properties":{"name":"Wytrzyszczka","band":1,"modes":"bus","arr":["A55"],"off":[0,-0.8]}},{"type":"Feature","geometry":{"type":"Point","coordinates":[20.650879,49.802467]},"properties":{"line":"A55","mode":"bus","color":"#0059a9","colorDark":"#00294f","band":1,"off":[0,1.1]}},{"type":"Feature","geometry":{"type":"Point","coordinates":[19.717175,49.844617]},"properties":{"name":"Lanckorona Centrum","band":1,"modes":"bus","arr":["A56"],"off":[0,-0.8]}},{"type":"Feature","geometry":{"type":"Point","coordinates":[19.717175,49.844617]},"properties":{"line":"A56","mode":"bus","color":"#0059a9","colorDark":"#00294f","band":1,"off":[0,1.1]}},{"type":"Feature","geometry":{"type":"Point","coordinates":[20.356923,49.935133]},"properties":{"name":"Dąbrowica Szkoła","band":1,"modes":"bus","arr":["A59"],"off":[0,-0.8]}},{"type":"Feature","geometry":{"type":"Point","coordinates":[20.356923,49.935133]},"properties":{"line":"A59","mode":"bus","color":"#0059a9","colorDark":"#00294f","band":1,"off":[0,1.1]}},{"type":"Feature","geometry":{"type":"Point","coordinates":[20.03268,49.54936]},"properties":{"name":"Obidowa Pętla","band":1,"modes":"bus","arr":["A61","A71"],"off":[0,-0.8]}},{"type":"Feature","geometry":{"type":"Point","coordinates":[20.03268,49.54936]},"properties":{"line":"A61","mode":"bus","color":"#0059a9","colorDark":"#00294f","band":1,"off":[-1.7,1.1]}},{"type":"Feature","geometry":{"type":"Point","coordinates":[20.03268,49.54936]},"properties":{"line":"A71","mode":"bus","color":"#0059a9","colorDark":"#00294f","band":1,"off":[1.7,1.1]}},{"type":"Feature","geometry":{"type":"Point","coordinates":[19.79231,49.972648]},"properties":{"name":"Skawina Zachodnia P+ R","band":1,"modes":"bus","arr":["A73"],"off":[0,-0.8]}},{"type":"Feature","geometry":{"type":"Point","coordinates":[19.79231,49.972648]},"properties":{"line":"A73","mode":"bus","color":"#0059a9","colorDark":"#00294f","band":1,"off":[0,1.1]}},{"type":"Feature","geometry":{"type":"Point","coordinates":[20.094776,50.03133]},"properties":{"name":"Brzegi Pętla","band":1,"modes":"bus","arr":["B2","G4"],"off":[0,-0.8]}},{"type":"Feature","geometry":{"type":"Point","coordinates":[20.094776,50.03133]},"properties":{"line":"B2","mode":"bus","color":"#0059a9","colorDark":"#00294f","band":1,"off":[-1.7,1.1]}},{"type":"Feature","geometry":{"type":"Point","coordinates":[20.094776,50.03133]},"properties":{"line":"G4","mode":"bus","color":"#0059a9","colorDark":"#00294f","band":1,"off":[1.7,1.1]}},{"type":"Feature","geometry":{"type":"Point","coordinates":[20.116625,49.942639]},"properties":{"name":"Dobranowice Szkoła","band":1,"modes":"bus","arr":["D2"],"off":[0,-0.8]}},{"type":"Feature","geometry":{"type":"Point","coordinates":[20.116625,49.942639]},"properties":{"line":"D2","mode":"bus","color":"#0059a9","colorDark":"#00294f","band":1,"off":[0,1.1]}},{"type":"Feature","geometry":{"type":"Point","coordinates":[20.013111,49.95408]},"properties":{"name":"Janowice Szkoła","band":1,"modes":"bus","arr":["J1"],"off":[0,-0.8]}},{"type":"Feature","geometry":{"type":"Point","coordinates":[20.013111,49.95408]},"properties":{"line":"J1","mode":"bus","color":"#0059a9","colorDark":"#00294f","band":1,"off":[0,1.1]}},{"type":"Feature","geometry":{"type":"Point","coordinates":[20.086376,49.977513]},"properties":{"name":"Lednica Górna Zakręt","band":1,"modes":"bus","arr":["L1"],"off":[0,-0.8]}},{"type":"Feature","geometry":{"type":"Point","coordinates":[20.086376,49.977513]},"properties":{"line":"L1","mode":"bus","color":"#0059a9","colorDark":"#00294f","band":1,"off":[0,1.1]}},{"type":"Feature","geometry":{"type":"Point","coordinates":[20.062191,49.924355]},"properties":{"name":"Jankówka Skrzyżowanie","band":1,"modes":"bus","arr":["R2"],"off":[0,-0.8]}},{"type":"Feature","geometry":{"type":"Point","coordinates":[20.062191,49.924355]},"properties":{"line":"R2","mode":"bus","color":"#0059a9","colorDark":"#00294f","band":1,"off":[0,1.1]}},{"type":"Feature","geometry":{"type":"Point","coordinates":[20.064855,50.094596]},"properties":{"name":"Wzgórza Krzesławickie","band":1,"modes":"tram","arr":["1","5","74"],"off":[0,-0.8]}},{"type":"Feature","geometry":{"type":"Point","coordinates":[20.064855,50.094596]},"properties":{"line":"1","mode":"tram","color":"#d6212b","colorDark":"#7c1116","band":1,"off":[-3.4,1.1]}},{"type":"Feature","geometry":{"type":"Point","coordinates":[20.064855,50.094596]},"properties":{"line":"5","mode":"tram","color":"#d6212b","colorDark":"#7c1116","band":1,"off":[0,1.1]}},{"type":"Feature","geometry":{"type":"Point","coordinates":[20.064855,50.094596]},"properties":{"line":"74","mode":"tram","color":"#d6212b","colorDark":"#7c1116","band":1,"off":[3.4,1.1]}},{"type":"Feature","geometry":{"type":"Point","coordinates":[19.927011,50.013093]},"properties":{"name":"Borek Fałęcki","band":1,"modes":"tram","arr":["8","22","50"],"off":[0,-0.8]}},{"type":"Feature","geometry":{"type":"Point","coordinates":[19.927011,50.013093]},"properties":{"line":"8","mode":"tram","color":"#d6212b","colorDark":"#7c1116","band":1,"off":[-3.4,1.1]}},{"type":"Feature","geometry":{"type":"Point","coordinates":[19.927011,50.013093]},"properties":{"line":"22","mode":"tram","color":"#d6212b","colorDark":"#7c1116","band":1,"off":[0,1.1]}},{"type":"Feature","geometry":{"type":"Point","coordinates":[19.927011,50.013093]},"properties":{"line":"50","mode":"tram","color":"#d6212b","colorDark":"#7c1116","band":1,"off":[3.4,1.1]}},{"type":"Feature","geometry":{"type":"Point","coordinates":[19.903375,50.062937]},"properties":{"name":"Cichy Kącik","band":1,"modes":"tram","arr":["8","77"],"off":[0,-0.8]}},{"type":"Feature","geometry":{"type":"Point","coordinates":[19.903375,50.062937]},"properties":{"line":"8","mode":"tram","color":"#d6212b","colorDark":"#7c1116","band":1,"off":[-1.7,1.1]}},{"type":"Feature","geometry":{"type":"Point","coordinates":[19.903375,50.062937]},"properties":{"line":"77","mode":"tram","color":"#d6212b","colorDark":"#7c1116","band":1,"off":[1.7,1.1]}},{"type":"Feature","geometry":{"type":"Point","coordinates":[20.021371,50.090091]},"properties":{"name":"Rondo Hipokratesa","band":1,"modes":"tram","arr":["9"],"off":[0,-0.8]}},{"type":"Feature","geometry":{"type":"Point","coordinates":[20.021371,50.090091]},"properties":{"line":"9","mode":"tram","color":"#d6212b","colorDark":"#7c1116","band":1,"off":[0,1.1]}},{"type":"Feature","geometry":{"type":"Point","coordinates":[20.064912,50.067772]},"properties":{"name":"Bardosa","band":1,"modes":"tram","arr":["16"],"off":[0,-0.8]}},{"type":"Feature","geometry":{"type":"Point","coordinates":[20.064912,50.067772]},"properties":{"line":"16","mode":"tram","color":"#d6212b","colorDark":"#7c1116","band":1,"off":[0,1.1]}},{"type":"Feature","geometry":{"type":"Point","coordinates":[19.948094,50.014078]},"properties":{"name":"Kurdwanów P+R","band":1,"modes":"tram","arr":["10","74"],"off":[0,-0.8]}},{"type":"Feature","geometry":{"type":"Point","coordinates":[19.948094,50.014078]},"properties":{"line":"10","mode":"tram","color":"#d6212b","colorDark":"#7c1116","band":1,"off":[-1.7,1.1]}},{"type":"Feature","geometry":{"type":"Point","coordinates":[19.948094,50.014078]},"properties":{"line":"74","mode":"tram","color":"#d6212b","colorDark":"#7c1116","band":1,"off":[1.7,1.1]}},{"type":"Feature","geometry":{"type":"Point","coordinates":[20.067076,50.069652]},"properties":{"name":"Kopiec Wandy","band":1,"modes":"tram","arr":["22","75"],"off":[0,-0.8]}},{"type":"Feature","geometry":{"type":"Point","coordinates":[20.067076,50.069652]},"properties":{"line":"22","mode":"tram","color":"#d6212b","colorDark":"#7c1116","band":1,"off":[-1.7,1.1]}},{"type":"Feature","geometry":{"type":"Point","coordinates":[20.067076,50.069652]},"properties":{"line":"75","mode":"tram","color":"#d6212b","colorDark":"#7c1116","band":1,"off":[1.7,1.1]}},{"type":"Feature","geometry":{"type":"Point","coordinates":[19.9574,50.074278]},"properties":{"name":"Cmentarz Rakowicki","band":1,"modes":"tram","arr":["76"],"off":[0,-0.8]}},{"type":"Feature","geometry":{"type":"Point","coordinates":[19.9574,50.074278]},"properties":{"line":"76","mode":"tram","color":"#d6212b","colorDark":"#7c1116","band":1,"off":[0,1.1]}},{"type":"Feature","geometry":{"type":"Point","coordinates":[20.702702,49.606498]},"properties":{"name":"Nowy Sącz","band":1,"modes":"metro","arr":["Dunajec","KML"],"off":[0,-0.8]}},{"type":"Feature","geometry":{"type":"Point","coordinates":[20.702702,49.606498]},"properties":{"line":"Dunajec","mode":"tram","color":"#a518a3","colorDark":"#5a0c59","band":1,"metro":1,"off":[-1.7,1.1]}},{"type":"Feature","geometry":{"type":"Point","coordinates":[20.702702,49.606498]},"properties":{"line":"KML","mode":"tram","color":"#a518a3","colorDark":"#5a0c59","band":1,"metro":1,"off":[1.7,1.1]}},{"type":"Feature","geometry":{"type":"Point","coordinates":[21.470438,49.737429]},"properties":{"name":"Jasło","band":1,"modes":"metro","arr":["Hubal","KML"],"off":[0,-0.8]}},{"type":"Feature","geometry":{"type":"Point","coordinates":[21.470438,49.737429]},"properties":{"line":"Hubal","mode":"tram","color":"#a518a3","colorDark":"#5a0c59","band":1,"metro":1,"off":[-1.7,1.1]}},{"type":"Feature","geometry":{"type":"Point","coordinates":[21.470438,49.737429]},"properties":{"line":"KML","mode":"tram","color":"#a518a3","colorDark":"#5a0c59","band":1,"metro":1,"off":[1.7,1.1]}},{"type":"Feature","geometry":{"type":"Point","coordinates":[19.963011,49.300907]},"properties":{"name":"Zakopane","band":1,"modes":"metro","arr":["Luxtorpeda"],"off":[0,-0.8]}},{"type":"Feature","geometry":{"type":"Point","coordinates":[19.963011,49.300907]},"properties":{"line":"Luxtorpeda","mode":"tram","color":"#a518a3","colorDark":"#5a0c59","band":1,"metro":1,"off":[0,1.1]}},{"type":"Feature","geometry":{"type":"Point","coordinates":[20.056806,49.986457]},"properties":{"name":"Wieliczka Rynek-Kopalnia","band":1,"modes":"metro","arr":["SKA1"],"off":[0,-0.8]}},{"type":"Feature","geometry":{"type":"Point","coordinates":[20.056806,49.986457]},"properties":{"line":"SKA1","mode":"tram","color":"#60B6F0","colorDark":"#356484","band":1,"metro":1,"off":[0,1.1]}},{"type":"Feature","geometry":{"type":"Point","coordinates":[20.012188,50.475212]},"properties":{"name":"Kozłów","band":1,"modes":"metro","arr":["SKA2"],"off":[0,-0.8]}},{"type":"Feature","geometry":{"type":"Point","coordinates":[20.012188,50.475212]},"properties":{"line":"SKA2","mode":"tram","color":"#D4328A","colorDark":"#751c4c","band":1,"metro":1,"off":[0,1.1]}},{"type":"Feature","geometry":{"type":"Point","coordinates":[20.054997,50.565865]},"properties":{"name":"Sędziszów","band":1,"modes":"metro","arr":["SKA2"],"off":[0,-0.8]}},{"type":"Feature","geometry":{"type":"Point","coordinates":[20.054997,50.565865]},"properties":{"line":"SKA2","mode":"tram","color":"#D4328A","colorDark":"#751c4c","band":1,"metro":1,"off":[0,1.1]}},{"type":"Feature","geometry":{"type":"Point","coordinates":[19.931438,50.088956]},"properties":{"name":"Krowodrza Górka P+R","band":2,"modes":"tram,bus","arr":["3","5","102","137","150","168","194","207","220","227","240","267","290","937"],"off":[0,-0.8],"sc":0.95}},{"type":"Feature","geometry":{"type":"Point","coordinates":[19.931438,50.088956]},"properties":{"line":"3","mode":"tram","color":"#d6212b","colorDark":"#7c1116","band":2,"sc":0.95,"off":[-6.8,1.1]}},{"type":"Feature","geometry":{"type":"Point","coordinates":[19.931438,50.088956]},"properties":{"line":"5","mode":"tram","color":"#d6212b","colorDark":"#7c1116","band":2,"sc":0.95,"off":[-3.4,1.1]}},{"type":"Feature","geometry":{"type":"Point","coordinates":[19.931438,50.088956]},"properties":{"line":"102","mode":"bus","color":"#0059a9","colorDark":"#00294f","band":2,"sc":0.95,"off":[0,1.1]}},{"type":"Feature","geometry":{"type":"Point","coordinates":[19.931438,50.088956]},"properties":{"line":"137","mode":"bus","color":"#0059a9","colorDark":"#00294f","band":2,"sc":0.95,"off":[3.4,1.1]}},{"type":"Feature","geometry":{"type":"Point","coordinates":[19.931438,50.088956]},"properties":{"line":"150","mode":"bus","color":"#0059a9","colorDark":"#00294f","band":2,"sc":0.95,"off":[6.8,1.1]}},{"type":"Feature","geometry":{"type":"Point","coordinates":[19.931438,50.088956]},"properties":{"line":"168","mode":"bus","color":"#0059a9","colorDark":"#00294f","band":2,"sc":0.95,"off":[-6.8,3.1]}},{"type":"Feature","geometry":{"type":"Point","coordinates":[19.931438,50.088956]},"properties":{"line":"194","mode":"bus","color":"#0059a9","colorDark":"#00294f","band":2,"sc":0.95,"off":[-3.4,3.1]}},{"type":"Feature","geometry":{"type":"Point","coordinates":[19.931438,50.088956]},"properties":{"line":"207","mode":"bus","color":"#0059a9","colorDark":"#00294f","band":2,"sc":0.95,"off":[0,3.1]}},{"type":"Feature","geometry":{"type":"Point","coordinates":[19.931438,50.088956]},"properties":{"line":"220","mode":"bus","color":"#0059a9","colorDark":"#00294f","band":2,"sc":0.95,"off":[3.4,3.1]}},{"type":"Feature","geometry":{"type":"Point","coordinates":[19.931438,50.088956]},"properties":{"line":"227","mode":"bus","color":"#0059a9","colorDark":"#00294f","band":2,"sc":0.95,"off":[6.8,3.1]}},{"type":"Feature","geometry":{"type":"Point","coordinates":[19.931438,50.088956]},"properties":{"line":"240","mode":"bus","color":"#0059a9","colorDark":"#00294f","band":2,"sc":0.95,"off":[-5.1,5.1]}},{"type":"Feature","geometry":{"type":"Point","coordinates":[19.931438,50.088956]},"properties":{"line":"267","mode":"bus","color":"#0059a9","colorDark":"#00294f","band":2,"sc":0.95,"off":[-1.7,5.1]}},{"type":"Feature","geometry":{"type":"Point","coordinates":[19.931438,50.088956]},"properties":{"line":"290","mode":"bus","color":"#0059a9","colorDark":"#00294f","band":2,"sc":0.95,"off":[1.7,5.1]}},{"type":"Feature","geometry":{"type":"Point","coordinates":[19.931438,50.088956]},"properties":{"line":"937","mode":"bus","color":"#000000","colorDark":"#000000","band":2,"sc":0.95,"off":[5.1,5.1]}},{"type":"Feature","geometry":{"type":"Point","coordinates":[19.819855,50.043295]},"properties":{"name":"Bielany","band":2,"modes":"bus","arr":["102","609"],"off":[0,-0.8]}},{"type":"Feature","geometry":{"type":"Point","coordinates":[19.819855,50.043295]},"properties":{"line":"102","mode":"bus","color":"#0059a9","colorDark":"#00294f","band":2,"off":[-1.7,1.1]}},{"type":"Feature","geometry":{"type":"Point","coordinates":[19.819855,50.043295]},"properties":{"line":"609","mode":"bus","color":"#000000","colorDark":"#000000","band":2,"off":[1.7,1.1]}},{"type":"Feature","geometry":{"type":"Point","coordinates":[19.847207,50.067862]},"properties":{"name":"Chełm","band":2,"modes":"bus","arr":["126"],"off":[0,-0.8]}},{"type":"Feature","geometry":{"type":"Point","coordinates":[19.847207,50.067862]},"properties":{"line":"126","mode":"bus","color":"#0059a9","colorDark":"#00294f","band":2,"off":[0,1.1]}},{"type":"Feature","geometry":{"type":"Point","coordinates":[19.92774,49.999783]},"properties":{"name":"Swoszowice SKA P+R","band":2,"modes":"bus","arr":["104","155"],"off":[0,-0.8]}},{"type":"Feature","geometry":{"type":"Point","coordinates":[19.92774,49.999783]},"properties":{"line":"104","mode":"bus","color":"#0059a9","colorDark":"#00294f","band":2,"off":[-1.7,1.1]}},{"type":"Feature","geometry":{"type":"Point","coordinates":[19.92774,49.999783]},"properties":{"line":"155","mode":"bus","color":"#0059a9","colorDark":"#00294f","band":2,"off":[1.7,1.1]}},{"type":"Feature","geometry":{"type":"Point","coordinates":[19.897178,49.998655]},"properties":{"name":"Kliny","band":2,"modes":"bus","arr":["151","191","194","494","608"],"off":[0,-0.8]}},{"type":"Feature","geometry":{"type":"Point","coordinates":[19.897178,49.998655]},"properties":{"line":"151","mode":"bus","color":"#0059a9","colorDark":"#00294f","band":2,"off":[-6.8,1.1]}},{"type":"Feature","geometry":{"type":"Point","coordinates":[19.897178,49.998655]},"properties":{"line":"191","mode":"bus","color":"#0059a9","colorDark":"#00294f","band":2,"off":[-3.4,1.1]}},{"type":"Feature","geometry":{"type":"Point","coordinates":[19.897178,49.998655]},"properties":{"line":"194","mode":"bus","color":"#0059a9","colorDark":"#00294f","band":2,"off":[0,1.1]}},{"type":"Feature","geometry":{"type":"Point","coordinates":[19.897178,49.998655]},"properties":{"line":"494","mode":"bus","color":"#0059a9","colorDark":"#00294f","band":2,"off":[3.4,1.1]}},{"type":"Feature","geometry":{"type":"Point","coordinates":[19.897178,49.998655]},"properties":{"line":"608","mode":"bus","color":"#000000","colorDark":"#000000","band":2,"off":[6.8,1.1]}},{"type":"Feature","geometry":{"type":"Point","coordinates":[19.889249,50.018088]},"properties":{"name":"Czerwone Maki P+R","band":2,"modes":"tram,bus","arr":["11","18","52","77","104","116","156","203","204","223","233","253","283","476","62","662","903"],"off":[0,-0.8],"sc":0.9}},{"type":"Feature","geometry":{"type":"Point","coordinates":[19.889249,50.018088]},"properties":{"line":"11","mode":"tram","color":"#d6212b","colorDark":"#7c1116","band":2,"sc":0.9,"off":[-6.8,1.1]}},{"type":"Feature","geometry":{"type":"Point","coordinates":[19.889249,50.018088]},"properties":{"line":"18","mode":"tram","color":"#d6212b","colorDark":"#7c1116","band":2,"sc":0.9,"off":[-3.4,1.1]}},{"type":"Feature","geometry":{"type":"Point","coordinates":[19.889249,50.018088]},"properties":{"line":"52","mode":"tram","color":"#d6212b","colorDark":"#7c1116","band":2,"sc":0.9,"off":[0,1.1]}},{"type":"Feature","geometry":{"type":"Point","coordinates":[19.889249,50.018088]},"properties":{"line":"77","mode":"tram","color":"#d6212b","colorDark":"#7c1116","band":2,"sc":0.9,"off":[3.4,1.1]}},{"type":"Feature","geometry":{"type":"Point","coordinates":[19.889249,50.018088]},"properties":{"line":"104","mode":"bus","color":"#0059a9","colorDark":"#00294f","band":2,"sc":0.9,"off":[6.8,1.1]}},{"type":"Feature","geometry":{"type":"Point","coordinates":[19.889249,50.018088]},"properties":{"line":"116","mode":"bus","color":"#0059a9","colorDark":"#00294f","band":2,"sc":0.9,"off":[-6.8,3.1]}},{"type":"Feature","geometry":{"type":"Point","coordinates":[19.889249,50.018088]},"properties":{"line":"156","mode":"bus","color":"#0059a9","colorDark":"#00294f","band":2,"sc":0.9,"off":[-3.4,3.1]}},{"type":"Feature","geometry":{"type":"Point","coordinates":[19.889249,50.018088]},"properties":{"line":"203","mode":"bus","color":"#0059a9","colorDark":"#00294f","band":2,"sc":0.9,"off":[0,3.1]}},{"type":"Feature","geometry":{"type":"Point","coordinates":[19.889249,50.018088]},"properties":{"line":"204","mode":"bus","color":"#0059a9","colorDark":"#00294f","band":2,"sc":0.9,"off":[3.4,3.1]}},{"type":"Feature","geometry":{"type":"Point","coordinates":[19.889249,50.018088]},"properties":{"line":"223","mode":"bus","color":"#0059a9","colorDark":"#00294f","band":2,"sc":0.9,"off":[6.8,3.1]}},{"type":"Feature","geometry":{"type":"Point","coordinates":[19.889249,50.018088]},"properties":{"line":"233","mode":"bus","color":"#0059a9","colorDark":"#00294f","band":2,"sc":0.9,"off":[-6.8,5.1]}},{"type":"Feature","geometry":{"type":"Point","coordinates":[19.889249,50.018088]},"properties":{"line":"253","mode":"bus","color":"#0059a9","colorDark":"#00294f","band":2,"sc":0.9,"off":[-3.4,5.1]}},{"type":"Feature","geometry":{"type":"Point","coordinates":[19.889249,50.018088]},"properties":{"line":"283","mode":"bus","color":"#0059a9","colorDark":"#00294f","band":2,"sc":0.9,"off":[0,5.1]}},{"type":"Feature","geometry":{"type":"Point","coordinates":[19.889249,50.018088]},"properties":{"line":"476","mode":"bus","color":"#0059a9","colorDark":"#00294f","band":2,"sc":0.9,"off":[3.4,5.1]}},{"type":"Feature","geometry":{"type":"Point","coordinates":[19.889249,50.018088]},"properties":{"line":"62","mode":"tram","color":"#000000","colorDark":"#000000","band":2,"sc":0.9,"off":[6.8,5.1]}},{"type":"Feature","geometry":{"type":"Point","coordinates":[19.889249,50.018088]},"properties":{"line":"662","mode":"bus","color":"#000000","colorDark":"#000000","band":2,"sc":0.9,"off":[-1.7,7.1]}},{"type":"Feature","geometry":{"type":"Point","coordinates":[19.889249,50.018088]},"properties":{"line":"903","mode":"bus","color":"#000000","colorDark":"#000000","band":2,"sc":0.9,"off":[1.7,7.1]}},{"type":"Feature","geometry":{"type":"Point","coordinates":[20.012427,50.102006]},"properties":{"name":"Os. Piastów","band":2,"modes":"tram,bus","arr":["21","52","105","664"],"off":[0,-0.8]}},{"type":"Feature","geometry":{"type":"Point","coordinates":[20.012427,50.102006]},"properties":{"line":"21","mode":"tram","color":"#d6212b","colorDark":"#7c1116","band":2,"off":[-5.1,1.1]}},{"type":"Feature","geometry":{"type":"Point","coordinates":[20.012427,50.102006]},"properties":{"line":"52","mode":"tram","color":"#d6212b","colorDark":"#7c1116","band":2,"off":[-1.7,1.1]}},{"type":"Feature","geometry":{"type":"Point","coordinates":[20.012427,50.102006]},"properties":{"line":"105","mode":"bus","color":"#0059a9","colorDark":"#00294f","band":2,"off":[1.7,1.1]}},{"type":"Feature","geometry":{"type":"Point","coordinates":[20.012427,50.102006]},"properties":{"line":"664","mode":"bus","color":"#000000","colorDark":"#000000","band":2,"off":[5.1,1.1]}},{"type":"Feature","geometry":{"type":"Point","coordinates":[19.974275,50.096778]},"properties":{"name":"Prądnik Czerwony P+R","band":2,"modes":"bus","arr":["199","250","260","270","405","610"],"off":[0,-0.8]}},{"type":"Feature","geometry":{"type":"Point","coordinates":[19.974275,50.096778]},"properties":{"line":"199","mode":"bus","color":"#0059a9","colorDark":"#00294f","band":2,"off":[-6.8,1.1]}},{"type":"Feature","geometry":{"type":"Point","coordinates":[19.974275,50.096778]},"properties":{"line":"250","mode":"bus","color":"#0059a9","colorDark":"#00294f","band":2,"off":[-3.4,1.1]}},{"type":"Feature","geometry":{"type":"Point","coordinates":[19.974275,50.096778]},"properties":{"line":"260","mode":"bus","color":"#0059a9","colorDark":"#00294f","band":2,"off":[0,1.1]}},{"type":"Feature","geometry":{"type":"Point","coordinates":[19.974275,50.096778]},"properties":{"line":"270","mode":"bus","color":"#0059a9","colorDark":"#00294f","band":2,"off":[3.4,1.1]}},{"type":"Feature","geometry":{"type":"Point","coordinates":[19.974275,50.096778]},"properties":{"line":"405","mode":"bus","color":"#0059a9","colorDark":"#00294f","band":2,"off":[6.8,1.1]}},{"type":"Feature","geometry":{"type":"Point","coordinates":[19.974275,50.096778]},"properties":{"line":"610","mode":"bus","color":"#000000","colorDark":"#000000","band":2,"off":[0,3.1]}},{"type":"Feature","geometry":{"type":"Point","coordinates":[19.947343,50.069122]},"properties":{"name":"Kraków Główny","band":2,"modes":"bus,metro","arr":["105","125","130","132","179","182","192","304","317","405","482","Dunajec","Hubal","Luxtorpeda","SKA1","SKA2","SKA3","609","902"],"off":[0,-0.8],"sc":0.87}},{"type":"Feature","geometry":{"type":"Point","coordinates":[19.947343,50.069122]},"properties":{"name":"Dworzec Główny Zachód","band":2,"modes":"bus,metro","arr":["105","125","130","132","179","182","192","304","317","405","482","Dunajec","Hubal","Luxtorpeda","SKA1","SKA2","SKA3","609","902"],"off":[0,-1.9],"sc":0.87}},{"type":"Feature","geometry":{"type":"Point","coordinates":[19.947343,50.069122]},"properties":{"name":"Dworzec Główny Wschód","band":2,"modes":"bus,metro","arr":["105","125","130","132","179","182","192","304","317","405","482","Dunajec","Hubal","Luxtorpeda","SKA1","SKA2","SKA3","609","902"],"off":[0,-4.1],"sc":0.87}},{"type":"Feature","geometry":{"type":"Point","coordinates":[19.947343,50.069122]},"properties":{"line":"105","mode":"bus","color":"#0059a9","colorDark":"#00294f","band":2,"sc":0.87,"off":[-6.8,1.1]}},{"type":"Feature","geometry":{"type":"Point","coordinates":[19.947343,50.069122]},"properties":{"line":"125","mode":"bus","color":"#0059a9","colorDark":"#00294f","band":2,"sc":0.87,"off":[-3.4,1.1]}},{"type":"Feature","geometry":{"type":"Point","coordinates":[19.947343,50.069122]},"properties":{"line":"130","mode":"bus","color":"#0059a9","colorDark":"#00294f","band":2,"sc":0.87,"off":[0,1.1]}},{"type":"Feature","geometry":{"type":"Point","coordinates":[19.947343,50.069122]},"properties":{"line":"132","mode":"bus","color":"#0059a9","colorDark":"#00294f","band":2,"sc":0.87,"off":[3.4,1.1]}},{"type":"Feature","geometry":{"type":"Point","coordinates":[19.947343,50.069122]},"properties":{"line":"179","mode":"bus","color":"#0059a9","colorDark":"#00294f","band":2,"sc":0.87,"off":[6.8,1.1]}},{"type":"Feature","geometry":{"type":"Point","coordinates":[19.947343,50.069122]},"properties":{"line":"182","mode":"bus","color":"#0059a9","colorDark":"#00294f","band":2,"sc":0.87,"off":[-6.8,3.1]}},{"type":"Feature","geometry":{"type":"Point","coordinates":[19.947343,50.069122]},"properties":{"line":"192","mode":"bus","color":"#0059a9","colorDark":"#00294f","band":2,"sc":0.87,"off":[-3.4,3.1]}},{"type":"Feature","geometry":{"type":"Point","coordinates":[19.947343,50.069122]},"properties":{"line":"304","mode":"bus","color":"#0059a9","colorDark":"#00294f","band":2,"sc":0.87,"off":[0,3.1]}},{"type":"Feature","geometry":{"type":"Point","coordinates":[19.947343,50.069122]},"properties":{"line":"317","mode":"bus","color":"#0059a9","colorDark":"#00294f","band":2,"sc":0.87,"off":[3.4,3.1]}},{"type":"Feature","geometry":{"type":"Point","coordinates":[19.947343,50.069122]},"properties":{"line":"405","mode":"bus","color":"#0059a9","colorDark":"#00294f","band":2,"sc":0.87,"off":[6.8,3.1]}},{"type":"Feature","geometry":{"type":"Point","coordinates":[19.947343,50.069122]},"properties":{"line":"482","mode":"bus","color":"#0059a9","colorDark":"#00294f","band":2,"sc":0.87,"off":[-6.8,5.1]}},{"type":"Feature","geometry":{"type":"Point","coordinates":[19.947343,50.069122]},"properties":{"line":"Dunajec","mode":"tram","color":"#a518a3","colorDark":"#5a0c59","band":2,"metro":1,"sc":0.87,"off":[-3.4,5.1]}},{"type":"Feature","geometry":{"type":"Point","coordinates":[19.947343,50.069122]},"properties":{"line":"Hubal","mode":"tram","color":"#a518a3","colorDark":"#5a0c59","band":2,"metro":1,"sc":0.87,"off":[0,5.1]}},{"type":"Feature","geometry":{"type":"Point","coordinates":[19.947343,50.069122]},"properties":{"line":"Luxtorpeda","mode":"tram","color":"#a518a3","colorDark":"#5a0c59","band":2,"metro":1,"sc":0.87,"off":[3.4,5.1]}},{"type":"Feature","geometry":{"type":"Point","coordinates":[19.947343,50.069122]},"properties":{"line":"SKA1","mode":"tram","color":"#60B6F0","colorDark":"#356484","band":2,"metro":1,"sc":0.87,"off":[6.8,5.1]}},{"type":"Feature","geometry":{"type":"Point","coordinates":[19.947343,50.069122]},"properties":{"line":"SKA2","mode":"tram","color":"#D4328A","colorDark":"#751c4c","band":2,"metro":1,"sc":0.87,"off":[-5.1,7.1]}},{"type":"Feature","geometry":{"type":"Point","coordinates":[19.947343,50.069122]},"properties":{"line":"SKA3","mode":"tram","color":"#F2C43B","colorDark":"#856c20","band":2,"metro":1,"sc":0.87,"off":[-1.7,7.1]}},{"type":"Feature","geometry":{"type":"Point","coordinates":[19.947343,50.069122]},"properties":{"line":"609","mode":"bus","color":"#000000","colorDark":"#000000","band":2,"sc":0.87,"off":[1.7,7.1]}},{"type":"Feature","geometry":{"type":"Point","coordinates":[19.947343,50.069122]},"properties":{"line":"902","mode":"bus","color":"#000000","colorDark":"#000000","band":2,"sc":0.87,"off":[5.1,7.1]}},{"type":"Feature","geometry":{"type":"Point","coordinates":[19.960381,50.023326]},"properties":{"name":"Zajezdnia Wola Duchacka","band":2,"modes":"bus","arr":["107","169"],"off":[0,-0.8]}},{"type":"Feature","geometry":{"type":"Point","coordinates":[19.960381,50.023326]},"properties":{"line":"107","mode":"bus","color":"#0059a9","colorDark":"#00294f","band":2,"off":[-1.7,1.1]}},{"type":"Feature","geometry":{"type":"Point","coordinates":[19.960381,50.023326]},"properties":{"line":"169","mode":"bus","color":"#0059a9","colorDark":"#00294f","band":2,"off":[1.7,1.1]}},{"type":"Feature","geometry":{"type":"Point","coordinates":[19.990106,49.979671]},"properties":{"name":"Soboniowice","band":2,"modes":"bus","arr":["107"],"off":[0,-0.8]}},{"type":"Feature","geometry":{"type":"Point","coordinates":[19.990106,49.979671]},"properties":{"line":"107","mode":"bus","color":"#0059a9","colorDark":"#00294f","band":2,"off":[0,1.1]}},{"type":"Feature","geometry":{"type":"Point","coordinates":[20.117115,50.072826]},"properties":{"name":"Pleszów","band":2,"modes":"tram,bus","arr":["10","21","111","160","161","171","211","271"],"off":[0,-0.8]}},{"type":"Feature","geometry":{"type":"Point","coordinates":[20.117115,50.072826]},"properties":{"line":"10","mode":"tram","color":"#d6212b","colorDark":"#7c1116","band":2,"off":[-6.8,1.1]}},{"type":"Feature","geometry":{"type":"Point","coordinates":[20.117115,50.072826]},"properties":{"line":"21","mode":"tram","color":"#d6212b","colorDark":"#7c1116","band":2,"off":[-3.4,1.1]}},{"type":"Feature","geometry":{"type":"Point","coordinates":[20.117115,50.072826]},"properties":{"line":"111","mode":"bus","color":"#0059a9","colorDark":"#00294f","band":2,"off":[0,1.1]}},{"type":"Feature","geometry":{"type":"Point","coordinates":[20.117115,50.072826]},"properties":{"line":"160","mode":"bus","color":"#0059a9","colorDark":"#00294f","band":2,"off":[3.4,1.1]}},{"type":"Feature","geometry":{"type":"Point","coordinates":[20.117115,50.072826]},"properties":{"line":"161","mode":"bus","color":"#0059a9","colorDark":"#00294f","band":2,"off":[6.8,1.1]}},{"type":"Feature","geometry":{"type":"Point","coordinates":[20.117115,50.072826]},"properties":{"line":"171","mode":"bus","color":"#0059a9","colorDark":"#00294f","band":2,"off":[-3.4,3.1]}},{"type":"Feature","geometry":{"type":"Point","coordinates":[20.117115,50.072826]},"properties":{"line":"211","mode":"bus","color":"#0059a9","colorDark":"#00294f","band":2,"off":[0,3.1]}},{"type":"Feature","geometry":{"type":"Point","coordinates":[20.117115,50.072826]},"properties":{"line":"271","mode":"bus","color":"#0059a9","colorDark":"#00294f","band":2,"off":[3.4,3.1]}},{"type":"Feature","geometry":{"type":"Point","coordinates":[19.814497,50.008312]},"properties":{"name":"Tyniec Kamieniołom","band":2,"modes":"bus","arr":["112"],"off":[0,-0.8]}},{"type":"Feature","geometry":{"type":"Point","coordinates":[19.814497,50.008312]},"properties":{"line":"112","mode":"bus","color":"#0059a9","colorDark":"#00294f","band":2,"off":[0,1.1]}},{"type":"Feature","geometry":{"type":"Point","coordinates":[19.932909,50.04668]},"properties":{"name":"Os. Podwawelskie","band":2,"modes":"bus","arr":["112","124","126","146","162","219","300","424","708","A49","A60","LR0"],"off":[0,-0.8]}},{"type":"Feature","geometry":{"type":"Point","coordinates":[19.932909,50.04668]},"properties":{"name":"Kraków Os. Podwawelskie","band":2,"modes":"bus","arr":["112","124","126","146","162","219","300","424","708","A49","A60","LR0"],"off":[0,-1.9]}},{"type":"Feature","geometry":{"type":"Point","coordinates":[19.932909,50.04668]},"properties":{"line":"112","mode":"bus","color":"#0059a9","colorDark":"#00294f","band":2,"off":[-6.8,1.1]}},{"type":"Feature","geometry":{"type":"Point","coordinates":[19.932909,50.04668]},"properties":{"line":"124","mode":"bus","color":"#0059a9","colorDark":"#00294f","band":2,"off":[-3.4,1.1]}},{"type":"Feature","geometry":{"type":"Point","coordinates":[19.932909,50.04668]},"properties":{"line":"126","mode":"bus","color":"#0059a9","colorDark":"#00294f","band":2,"off":[0,1.1]}},{"type":"Feature","geometry":{"type":"Point","coordinates":[19.932909,50.04668]},"properties":{"line":"146","mode":"bus","color":"#0059a9","colorDark":"#00294f","band":2,"off":[3.4,1.1]}},{"type":"Feature","geometry":{"type":"Point","coordinates":[19.932909,50.04668]},"properties":{"line":"162","mode":"bus","color":"#0059a9","colorDark":"#00294f","band":2,"off":[6.8,1.1]}},{"type":"Feature","geometry":{"type":"Point","coordinates":[19.932909,50.04668]},"properties":{"line":"219","mode":"bus","color":"#0059a9","colorDark":"#00294f","band":2,"off":[-6.8,3.1]}},{"type":"Feature","geometry":{"type":"Point","coordinates":[19.932909,50.04668]},"properties":{"line":"300","mode":"bus","color":"#0059a9","colorDark":"#00294f","band":2,"off":[-3.4,3.1]}},{"type":"Feature","geometry":{"type":"Point","coordinates":[19.932909,50.04668]},"properties":{"line":"424","mode":"bus","color":"#0059a9","colorDark":"#00294f","band":2,"off":[0,3.1]}},{"type":"Feature","geometry":{"type":"Point","coordinates":[19.932909,50.04668]},"properties":{"line":"708","mode":"bus","color":"#0059a9","colorDark":"#00294f","band":2,"off":[3.4,3.1]}},{"type":"Feature","geometry":{"type":"Point","coordinates":[19.932909,50.04668]},"properties":{"line":"A49","mode":"bus","color":"#0059a9","colorDark":"#00294f","band":2,"off":[6.8,3.1]}},{"type":"Feature","geometry":{"type":"Point","coordinates":[19.932909,50.04668]},"properties":{"line":"A60","mode":"bus","color":"#0059a9","colorDark":"#00294f","band":2,"off":[-1.7,5.1]}},{"type":"Feature","geometry":{"type":"Point","coordinates":[19.932909,50.04668]},"properties":{"line":"LR0","mode":"bus","color":"#0059a9","colorDark":"#00294f","band":2,"off":[1.7,5.1]}},{"type":"Feature","geometry":{"type":"Point","coordinates":[20.005434,50.058021]},"properties":{"name":"Galicyjska","band":2,"modes":"bus","arr":["113"],"off":[0,-0.8]}},{"type":"Feature","geometry":{"type":"Point","coordinates":[20.005434,50.058021]},"properties":{"line":"113","mode":"bus","color":"#0059a9","colorDark":"#00294f","band":2,"off":[0,1.1]}},{"type":"Feature","geometry":{"type":"Point","coordinates":[20.015237,50.075143]},"properties":{"name":"Czyżyny Dworzec","band":2,"modes":"bus","arr":["113","148","202","212","222","232","262","A50","A57","611"],"off":[0,-0.8]}},{"type":"Feature","geometry":{"type":"Point","coordinates":[20.015237,50.075143]},"properties":{"line":"113","mode":"bus","color":"#0059a9","colorDark":"#00294f","band":2,"off":[-6.8,1.1]}},{"type":"Feature","geometry":{"type":"Point","coordinates":[20.015237,50.075143]},"properties":{"line":"148","mode":"bus","color":"#0059a9","colorDark":"#00294f","band":2,"off":[-3.4,1.1]}},{"type":"Feature","geometry":{"type":"Point","coordinates":[20.015237,50.075143]},"properties":{"line":"202","mode":"bus","color":"#0059a9","colorDark":"#00294f","band":2,"off":[0,1.1]}},{"type":"Feature","geometry":{"type":"Point","coordinates":[20.015237,50.075143]},"properties":{"line":"212","mode":"bus","color":"#0059a9","colorDark":"#00294f","band":2,"off":[3.4,1.1]}},{"type":"Feature","geometry":{"type":"Point","coordinates":[20.015237,50.075143]},"properties":{"line":"222","mode":"bus","color":"#0059a9","colorDark":"#00294f","band":2,"off":[6.8,1.1]}},{"type":"Feature","geometry":{"type":"Point","coordinates":[20.015237,50.075143]},"properties":{"line":"232","mode":"bus","color":"#0059a9","colorDark":"#00294f","band":2,"off":[-6.8,3.1]}},{"type":"Feature","geometry":{"type":"Point","coordinates":[20.015237,50.075143]},"properties":{"line":"262","mode":"bus","color":"#0059a9","colorDark":"#00294f","band":2,"off":[-3.4,3.1]}},{"type":"Feature","geometry":{"type":"Point","coordinates":[20.015237,50.075143]},"properties":{"line":"A50","mode":"bus","color":"#0059a9","colorDark":"#00294f","band":2,"off":[0,3.1]}},{"type":"Feature","geometry":{"type":"Point","coordinates":[20.015237,50.075143]},"properties":{"line":"A57","mode":"bus","color":"#0059a9","colorDark":"#00294f","band":2,"off":[3.4,3.1]}},{"type":"Feature","geometry":{"type":"Point","coordinates":[20.015237,50.075143]},"properties":{"line":"611","mode":"bus","color":"#000000","colorDark":"#000000","band":2,"off":[6.8,3.1]}},{"type":"Feature","geometry":{"type":"Point","coordinates":[19.844449,50.006404]},"properties":{"name":"Podgórki Tynieckie","band":2,"modes":"bus","arr":["116","162"],"off":[0,-0.8]}},{"type":"Feature","geometry":{"type":"Point","coordinates":[19.844449,50.006404]},"properties":{"line":"116","mode":"bus","color":"#0059a9","colorDark":"#00294f","band":2,"off":[-1.7,1.1]}},{"type":"Feature","geometry":{"type":"Point","coordinates":[19.844449,50.006404]},"properties":{"line":"162","mode":"bus","color":"#0059a9","colorDark":"#00294f","band":2,"off":[1.7,1.1]}},{"type":"Feature","geometry":{"type":"Point","coordinates":[19.936133,50.074859]},"properties":{"name":"Nowy Kleparz","band":2,"modes":"bus","arr":["120","140","189","301","337","420","502"],"off":[0,-0.8]}},{"type":"Feature","geometry":{"type":"Point","coordinates":[19.936133,50.074859]},"properties":{"line":"120","mode":"bus","color":"#0059a9","colorDark":"#00294f","band":2,"off":[-6.8,1.1]}},{"type":"Feature","geometry":{"type":"Point","coordinates":[19.936133,50.074859]},"properties":{"line":"140","mode":"bus","color":"#0059a9","colorDark":"#00294f","band":2,"off":[-3.4,1.1]}},{"type":"Feature","geometry":{"type":"Point","coordinates":[19.936133,50.074859]},"properties":{"line":"189","mode":"bus","color":"#0059a9","colorDark":"#00294f","band":2,"off":[0,1.1]}},{"type":"Feature","geometry":{"type":"Point","coordinates":[19.936133,50.074859]},"properties":{"line":"301","mode":"bus","color":"#0059a9","colorDark":"#00294f","band":2,"off":[3.4,1.1]}},{"type":"Feature","geometry":{"type":"Point","coordinates":[19.936133,50.074859]},"properties":{"line":"337","mode":"bus","color":"#0059a9","colorDark":"#00294f","band":2,"off":[6.8,1.1]}},{"type":"Feature","geometry":{"type":"Point","coordinates":[19.936133,50.074859]},"properties":{"line":"420","mode":"bus","color":"#0059a9","colorDark":"#00294f","band":2,"off":[-1.7,3.1]}},{"type":"Feature","geometry":{"type":"Point","coordinates":[19.936133,50.074859]},"properties":{"line":"502","mode":"bus","color":"#0059a9","colorDark":"#00294f","band":2,"off":[1.7,3.1]}},{"type":"Feature","geometry":{"type":"Point","coordinates":[19.87051,50.08006]},"properties":{"name":"Lindego","band":2,"modes":"bus","arr":["120","572"],"off":[0,-0.8]}},{"type":"Feature","geometry":{"type":"Point","coordinates":[19.87051,50.08006]},"properties":{"line":"120","mode":"bus","color":"#0059a9","colorDark":"#00294f","band":2,"off":[-1.7,1.1]}},{"type":"Feature","geometry":{"type":"Point","coordinates":[19.87051,50.08006]},"properties":{"line":"572","mode":"bus","color":"#0059a9","colorDark":"#00294f","band":2,"off":[1.7,1.1]}},{"type":"Feature","geometry":{"type":"Point","coordinates":[19.881775,50.081607]},"properties":{"name":"Bronowice Małe","band":2,"modes":"bus","arr":["200","210","218","228","230","238","248","258","268","278","288","298","704","708","664","910","918","948"],"off":[0,-0.8],"sc":0.89}},{"type":"Feature","geometry":{"type":"Point","coordinates":[19.881775,50.081607]},"properties":{"line":"200","mode":"bus","color":"#0059a9","colorDark":"#00294f","band":2,"sc":0.89,"off":[-6.8,1.1]}},{"type":"Feature","geometry":{"type":"Point","coordinates":[19.881775,50.081607]},"properties":{"line":"210","mode":"bus","color":"#0059a9","colorDark":"#00294f","band":2,"sc":0.89,"off":[-3.4,1.1]}},{"type":"Feature","geometry":{"type":"Point","coordinates":[19.881775,50.081607]},"properties":{"line":"218","mode":"bus","color":"#0059a9","colorDark":"#00294f","band":2,"sc":0.89,"off":[0,1.1]}},{"type":"Feature","geometry":{"type":"Point","coordinates":[19.881775,50.081607]},"properties":{"line":"228","mode":"bus","color":"#0059a9","colorDark":"#00294f","band":2,"sc":0.89,"off":[3.4,1.1]}},{"type":"Feature","geometry":{"type":"Point","coordinates":[19.881775,50.081607]},"properties":{"line":"230","mode":"bus","color":"#0059a9","colorDark":"#00294f","band":2,"sc":0.89,"off":[6.8,1.1]}},{"type":"Feature","geometry":{"type":"Point","coordinates":[19.881775,50.081607]},"properties":{"line":"238","mode":"bus","color":"#0059a9","colorDark":"#00294f","band":2,"sc":0.89,"off":[-6.8,3.1]}},{"type":"Feature","geometry":{"type":"Point","coordinates":[19.881775,50.081607]},"properties":{"line":"248","mode":"bus","color":"#0059a9","colorDark":"#00294f","band":2,"sc":0.89,"off":[-3.4,3.1]}},{"type":"Feature","geometry":{"type":"Point","coordinates":[19.881775,50.081607]},"properties":{"line":"258","mode":"bus","color":"#0059a9","colorDark":"#00294f","band":2,"sc":0.89,"off":[0,3.1]}},{"type":"Feature","geometry":{"type":"Point","coordinates":[19.881775,50.081607]},"properties":{"line":"268","mode":"bus","color":"#0059a9","colorDark":"#00294f","band":2,"sc":0.89,"off":[3.4,3.1]}},{"type":"Feature","geometry":{"type":"Point","coordinates":[19.881775,50.081607]},"properties":{"line":"278","mode":"bus","color":"#0059a9","colorDark":"#00294f","band":2,"sc":0.89,"off":[6.8,3.1]}},{"type":"Feature","geometry":{"type":"Point","coordinates":[19.881775,50.081607]},"properties":{"line":"288","mode":"bus","color":"#0059a9","colorDark":"#00294f","band":2,"sc":0.89,"off":[-6.8,5.1]}},{"type":"Feature","geometry":{"type":"Point","coordinates":[19.881775,50.081607]},"properties":{"line":"298","mode":"bus","color":"#0059a9","colorDark":"#00294f","band":2,"sc":0.89,"off":[-3.4,5.1]}},{"type":"Feature","geometry":{"type":"Point","coordinates":[19.881775,50.081607]},"properties":{"line":"704","mode":"bus","color":"#0059a9","colorDark":"#00294f","band":2,"sc":0.89,"off":[0,5.1]}},{"type":"Feature","geometry":{"type":"Point","coordinates":[19.881775,50.081607]},"properties":{"line":"708","mode":"bus","color":"#0059a9","colorDark":"#00294f","band":2,"sc":0.89,"off":[3.4,5.1]}},{"type":"Feature","geometry":{"type":"Point","coordinates":[19.881775,50.081607]},"properties":{"line":"664","mode":"bus","color":"#000000","colorDark":"#000000","band":2,"sc":0.89,"off":[6.8,5.1]}},{"type":"Feature","geometry":{"type":"Point","coordinates":[19.881775,50.081607]},"properties":{"line":"910","mode":"bus","color":"#000000","colorDark":"#000000","band":2,"sc":0.89,"off":[-3.4,7.1]}},{"type":"Feature","geometry":{"type":"Point","coordinates":[19.881775,50.081607]},"properties":{"line":"918","mode":"bus","color":"#000000","colorDark":"#000000","band":2,"sc":0.89,"off":[0,7.1]}},{"type":"Feature","geometry":{"type":"Point","coordinates":[19.881775,50.081607]},"properties":{"line":"948","mode":"bus","color":"#000000","colorDark":"#000000","band":2,"sc":0.89,"off":[3.4,7.1]}},{"type":"Feature","geometry":{"type":"Point","coordinates":[19.890788,50.087618]},"properties":{"name":"Rondo Ofiar Katynia","band":2,"modes":"bus","arr":["258"],"off":[0,-0.8]}},{"type":"Feature","geometry":{"type":"Point","coordinates":[19.890788,50.087618]},"properties":{"line":"258","mode":"bus","color":"#0059a9","colorDark":"#00294f","band":2,"off":[0,1.1]}},{"type":"Feature","geometry":{"type":"Point","coordinates":[19.911619,49.995364]},"properties":{"name":"Kliny Poranne","band":2,"modes":"bus","arr":["121"],"off":[0,-0.8]}},{"type":"Feature","geometry":{"type":"Point","coordinates":[19.911619,49.995364]},"properties":{"line":"121","mode":"bus","color":"#0059a9","colorDark":"#00294f","band":2,"off":[0,1.1]}},{"type":"Feature","geometry":{"type":"Point","coordinates":[19.926646,50.011341]},"properties":{"name":"Borek Fałęcki","band":2,"modes":"bus","arr":["121","151","175","191","214","215","225","235","243","245","254","255","265","275","285","293","475"],"off":[0,-0.8],"sc":0.9}},{"type":"Feature","geometry":{"type":"Point","coordinates":[19.926646,50.011341]},"properties":{"line":"121","mode":"bus","color":"#0059a9","colorDark":"#00294f","band":2,"sc":0.9,"off":[-6.8,1.1]}},{"type":"Feature","geometry":{"type":"Point","coordinates":[19.926646,50.011341]},"properties":{"line":"151","mode":"bus","color":"#0059a9","colorDark":"#00294f","band":2,"sc":0.9,"off":[-3.4,1.1]}},{"type":"Feature","geometry":{"type":"Point","coordinates":[19.926646,50.011341]},"properties":{"line":"175","mode":"bus","color":"#0059a9","colorDark":"#00294f","band":2,"sc":0.9,"off":[0,1.1]}},{"type":"Feature","geometry":{"type":"Point","coordinates":[19.926646,50.011341]},"properties":{"line":"191","mode":"bus","color":"#0059a9","colorDark":"#00294f","band":2,"sc":0.9,"off":[3.4,1.1]}},{"type":"Feature","geometry":{"type":"Point","coordinates":[19.926646,50.011341]},"properties":{"line":"214","mode":"bus","color":"#0059a9","colorDark":"#00294f","band":2,"sc":0.9,"off":[6.8,1.1]}},{"type":"Feature","geometry":{"type":"Point","coordinates":[19.926646,50.011341]},"properties":{"line":"215","mode":"bus","color":"#0059a9","colorDark":"#00294f","band":2,"sc":0.9,"off":[-6.8,3.1]}},{"type":"Feature","geometry":{"type":"Point","coordinates":[19.926646,50.011341]},"properties":{"line":"225","mode":"bus","color":"#0059a9","colorDark":"#00294f","band":2,"sc":0.9,"off":[-3.4,3.1]}},{"type":"Feature","geometry":{"type":"Point","coordinates":[19.926646,50.011341]},"properties":{"line":"235","mode":"bus","color":"#0059a9","colorDark":"#00294f","band":2,"sc":0.9,"off":[0,3.1]}},{"type":"Feature","geometry":{"type":"Point","coordinates":[19.926646,50.011341]},"properties":{"line":"243","mode":"bus","color":"#0059a9","colorDark":"#00294f","band":2,"sc":0.9,"off":[3.4,3.1]}},{"type":"Feature","geometry":{"type":"Point","coordinates":[19.926646,50.011341]},"properties":{"line":"245","mode":"bus","color":"#0059a9","colorDark":"#00294f","band":2,"sc":0.9,"off":[6.8,3.1]}},{"type":"Feature","geometry":{"type":"Point","coordinates":[19.926646,50.011341]},"properties":{"line":"254","mode":"bus","color":"#0059a9","colorDark":"#00294f","band":2,"sc":0.9,"off":[-6.8,5.1]}},{"type":"Feature","geometry":{"type":"Point","coordinates":[19.926646,50.011341]},"properties":{"line":"255","mode":"bus","color":"#0059a9","colorDark":"#00294f","band":2,"sc":0.9,"off":[-3.4,5.1]}},{"type":"Feature","geometry":{"type":"Point","coordinates":[19.926646,50.011341]},"properties":{"line":"265","mode":"bus","color":"#0059a9","colorDark":"#00294f","band":2,"sc":0.9,"off":[0,5.1]}},{"type":"Feature","geometry":{"type":"Point","coordinates":[19.926646,50.011341]},"properties":{"line":"275","mode":"bus","color":"#0059a9","colorDark":"#00294f","band":2,"sc":0.9,"off":[3.4,5.1]}},{"type":"Feature","geometry":{"type":"Point","coordinates":[19.926646,50.011341]},"properties":{"line":"285","mode":"bus","color":"#0059a9","colorDark":"#00294f","band":2,"sc":0.9,"off":[6.8,5.1]}},{"type":"Feature","geometry":{"type":"Point","coordinates":[19.926646,50.011341]},"properties":{"line":"293","mode":"bus","color":"#0059a9","colorDark":"#00294f","band":2,"sc":0.9,"off":[-1.7,7.1]}},{"type":"Feature","geometry":{"type":"Point","coordinates":[19.926646,50.011341]},"properties":{"line":"475","mode":"bus","color":"#0059a9","colorDark":"#00294f","band":2,"sc":0.9,"off":[1.7,7.1]}},{"type":"Feature","geometry":{"type":"Point","coordinates":[20.043855,50.106216]},"properties":{"name":"Zesławice","band":2,"modes":"bus","arr":["122"],"off":[0,-0.8]}},{"type":"Feature","geometry":{"type":"Point","coordinates":[20.043855,50.106216]},"properties":{"line":"122","mode":"bus","color":"#0059a9","colorDark":"#00294f","band":2,"off":[0,1.1]}},{"type":"Feature","geometry":{"type":"Point","coordinates":[20.033993,50.075238]},"properties":{"name":"Aleja Przyjaźni","band":2,"modes":"bus","arr":["122","160","502","572"],"off":[0,-0.8]}},{"type":"Feature","geometry":{"type":"Point","coordinates":[20.033993,50.075238]},"properties":{"line":"122","mode":"bus","color":"#0059a9","colorDark":"#00294f","band":2,"off":[-5.1,1.1]}},{"type":"Feature","geometry":{"type":"Point","coordinates":[20.033993,50.075238]},"properties":{"line":"160","mode":"bus","color":"#0059a9","colorDark":"#00294f","band":2,"off":[-1.7,1.1]}},{"type":"Feature","geometry":{"type":"Point","coordinates":[20.033993,50.075238]},"properties":{"line":"502","mode":"bus","color":"#0059a9","colorDark":"#00294f","band":2,"off":[1.7,1.1]}},{"type":"Feature","geometry":{"type":"Point","coordinates":[20.033993,50.075238]},"properties":{"line":"572","mode":"bus","color":"#0059a9","colorDark":"#00294f","band":2,"off":[5.1,1.1]}},{"type":"Feature","geometry":{"type":"Point","coordinates":[20.032761,50.091186]},"properties":{"name":"Zajezdnia Bieńczyce","band":2,"modes":"bus","arr":["601"],"off":[0,-0.8]}},{"type":"Feature","geometry":{"type":"Point","coordinates":[20.032761,50.091186]},"properties":{"line":"601","mode":"bus","color":"#000000","colorDark":"#000000","band":2,"off":[0,1.1]}},{"type":"Feature","geometry":{"type":"Point","coordinates":[19.996157,50.095879]},"properties":{"name":"Mistrzejowice","band":2,"modes":"bus","arr":["123","183","482"],"off":[0,-0.8]}},{"type":"Feature","geometry":{"type":"Point","coordinates":[19.996157,50.095879]},"properties":{"line":"123","mode":"bus","color":"#0059a9","colorDark":"#00294f","band":2,"off":[-3.4,1.1]}},{"type":"Feature","geometry":{"type":"Point","coordinates":[19.996157,50.095879]},"properties":{"line":"183","mode":"bus","color":"#0059a9","colorDark":"#00294f","band":2,"off":[0,1.1]}},{"type":"Feature","geometry":{"type":"Point","coordinates":[19.996157,50.095879]},"properties":{"line":"482","mode":"bus","color":"#0059a9","colorDark":"#00294f","band":2,"off":[3.4,1.1]}},{"type":"Feature","geometry":{"type":"Point","coordinates":[20.0006,50.040065]},"properties":{"name":"Mały Płaszów P+R","band":2,"modes":"tram,bus","arr":["11","20","76","123","195","221","264","A58"],"off":[0,-0.8]}},{"type":"Feature","geometry":{"type":"Point","coordinates":[20.0006,50.040065]},"properties":{"name":"Kraków Mały Płaszów P+R","band":2,"modes":"tram,bus","arr":["11","20","76","123","195","221","264","A58"],"off":[0,-1.9]}},{"type":"Feature","geometry":{"type":"Point","coordinates":[20.0006,50.040065]},"properties":{"line":"11","mode":"tram","color":"#d6212b","colorDark":"#7c1116","band":2,"off":[-6.8,1.1]}},{"type":"Feature","geometry":{"type":"Point","coordinates":[20.0006,50.040065]},"properties":{"line":"20","mode":"tram","color":"#d6212b","colorDark":"#7c1116","band":2,"off":[-3.4,1.1]}},{"type":"Feature","geometry":{"type":"Point","coordinates":[20.0006,50.040065]},"properties":{"line":"76","mode":"tram","color":"#d6212b","colorDark":"#7c1116","band":2,"off":[0,1.1]}},{"type":"Feature","geometry":{"type":"Point","coordinates":[20.0006,50.040065]},"properties":{"line":"123","mode":"bus","color":"#0059a9","colorDark":"#00294f","band":2,"off":[3.4,1.1]}},{"type":"Feature","geometry":{"type":"Point","coordinates":[20.0006,50.040065]},"properties":{"line":"195","mode":"bus","color":"#0059a9","colorDark":"#00294f","band":2,"off":[6.8,1.1]}},{"type":"Feature","geometry":{"type":"Point","coordinates":[20.0006,50.040065]},"properties":{"line":"221","mode":"bus","color":"#0059a9","colorDark":"#00294f","band":2,"off":[-3.4,3.1]}},{"type":"Feature","geometry":{"type":"Point","coordinates":[20.0006,50.040065]},"properties":{"line":"264","mode":"bus","color":"#0059a9","colorDark":"#00294f","band":2,"off":[0,3.1]}},{"type":"Feature","geometry":{"type":"Point","coordinates":[20.0006,50.040065]},"properties":{"line":"A58","mode":"bus","color":"#0059a9","colorDark":"#00294f","band":2,"off":[3.4,3.1]}},{"type":"Feature","geometry":{"type":"Point","coordinates":[20.045374,50.054047]},"properties":{"name":"Lesisko","band":2,"modes":"bus","arr":["149","183"],"off":[0,-0.8]}},{"type":"Feature","geometry":{"type":"Point","coordinates":[20.045374,50.054047]},"properties":{"line":"149","mode":"bus","color":"#0059a9","colorDark":"#00294f","band":2,"off":[-1.7,1.1]}},{"type":"Feature","geometry":{"type":"Point","coordinates":[20.045374,50.054047]},"properties":{"line":"183","mode":"bus","color":"#0059a9","colorDark":"#00294f","band":2,"off":[1.7,1.1]}},{"type":"Feature","geometry":{"type":"Point","coordinates":[19.983886,50.07199]},"properties":{"name":"TAURON Arena Kraków Wieczysta","band":2,"modes":"tram,bus","arr":["49","124"],"off":[0,-0.8]}},{"type":"Feature","geometry":{"type":"Point","coordinates":[19.983886,50.07199]},"properties":{"line":"49","mode":"tram","color":"#d6212b","colorDark":"#7c1116","band":2,"off":[-1.7,1.1]}},{"type":"Feature","geometry":{"type":"Point","coordinates":[19.983886,50.07199]},"properties":{"line":"124","mode":"bus","color":"#0059a9","colorDark":"#00294f","band":2,"off":[1.7,1.1]}},{"type":"Feature","geometry":{"type":"Point","coordinates":[19.944201,50.064876]},"properties":{"name":"Teatr Słowackiego","band":2,"modes":"bus","arr":["704","605"],"off":[0,-0.8]}},{"type":"Feature","geometry":{"type":"Point","coordinates":[19.944201,50.064876]},"properties":{"line":"704","mode":"bus","color":"#0059a9","colorDark":"#00294f","band":2,"off":[-1.7,1.1]}},{"type":"Feature","geometry":{"type":"Point","coordinates":[19.944201,50.064876]},"properties":{"line":"605","mode":"bus","color":"#000000","colorDark":"#000000","band":2,"off":[1.7,1.1]}},{"type":"Feature","geometry":{"type":"Point","coordinates":[20.051306,50.021807]},"properties":{"name":"Złocień","band":2,"modes":"bus","arr":["125","605"],"off":[0,-0.8]}},{"type":"Feature","geometry":{"type":"Point","coordinates":[20.051306,50.021807]},"properties":{"line":"125","mode":"bus","color":"#0059a9","colorDark":"#00294f","band":2,"off":[-1.7,1.1]}},{"type":"Feature","geometry":{"type":"Point","coordinates":[20.051306,50.021807]},"properties":{"line":"605","mode":"bus","color":"#000000","colorDark":"#000000","band":2,"off":[1.7,1.1]}},{"type":"Feature","geometry":{"type":"Point","coordinates":[19.962876,50.042123]},"properties":{"name":"Podgórze SKA","band":2,"modes":"bus","arr":["127","155","158"],"off":[0,-0.8]}},{"type":"Feature","geometry":{"type":"Point","coordinates":[19.962876,50.042123]},"properties":{"line":"127","mode":"bus","color":"#0059a9","colorDark":"#00294f","band":2,"off":[-3.4,1.1]}},{"type":"Feature","geometry":{"type":"Point","coordinates":[19.962876,50.042123]},"properties":{"line":"155","mode":"bus","color":"#0059a9","colorDark":"#00294f","band":2,"off":[0,1.1]}},{"type":"Feature","geometry":{"type":"Point","coordinates":[19.962876,50.042123]},"properties":{"line":"158","mode":"bus","color":"#0059a9","colorDark":"#00294f","band":2,"off":[3.4,1.1]}},{"type":"Feature","geometry":{"type":"Point","coordinates":[19.995291,50.034047]},"properties":{"name":"Bagry","band":2,"modes":"bus","arr":["127"],"off":[0,-0.8]}},{"type":"Feature","geometry":{"type":"Point","coordinates":[19.995291,50.034047]},"properties":{"line":"127","mode":"bus","color":"#0059a9","colorDark":"#00294f","band":2,"off":[0,1.1]}},{"type":"Feature","geometry":{"type":"Point","coordinates":[20.011679,50.035489]},"properties":{"name":"Zajezdnia Płaszów","band":2,"modes":"bus","arr":["128","148"],"off":[0,-0.8]}},{"type":"Feature","geometry":{"type":"Point","coordinates":[20.011679,50.035489]},"properties":{"line":"128","mode":"bus","color":"#0059a9","colorDark":"#00294f","band":2,"off":[-1.7,1.1]}},{"type":"Feature","geometry":{"type":"Point","coordinates":[20.011679,50.035489]},"properties":{"line":"148","mode":"bus","color":"#0059a9","colorDark":"#00294f","band":2,"off":[1.7,1.1]}},{"type":"Feature","geometry":{"type":"Point","coordinates":[19.963066,50.104982]},"properties":{"name":"Górka Narodowa P+R","band":2,"modes":"tram,bus","arr":["18","50","75","128","169","217","247","257","277","280","297","469","503","69","669","917"],"off":[0,-0.8],"sc":0.92}},{"type":"Feature","geometry":{"type":"Point","coordinates":[19.963066,50.104982]},"properties":{"line":"18","mode":"tram","color":"#d6212b","colorDark":"#7c1116","band":2,"sc":0.92,"off":[-6.8,1.1]}},{"type":"Feature","geometry":{"type":"Point","coordinates":[19.963066,50.104982]},"properties":{"line":"50","mode":"tram","color":"#d6212b","colorDark":"#7c1116","band":2,"sc":0.92,"off":[-3.4,1.1]}},{"type":"Feature","geometry":{"type":"Point","coordinates":[19.963066,50.104982]},"properties":{"line":"75","mode":"tram","color":"#d6212b","colorDark":"#7c1116","band":2,"sc":0.92,"off":[0,1.1]}},{"type":"Feature","geometry":{"type":"Point","coordinates":[19.963066,50.104982]},"properties":{"line":"128","mode":"bus","color":"#0059a9","colorDark":"#00294f","band":2,"sc":0.92,"off":[3.4,1.1]}},{"type":"Feature","geometry":{"type":"Point","coordinates":[19.963066,50.104982]},"properties":{"line":"169","mode":"bus","color":"#0059a9","colorDark":"#00294f","band":2,"sc":0.92,"off":[6.8,1.1]}},{"type":"Feature","geometry":{"type":"Point","coordinates":[19.963066,50.104982]},"properties":{"line":"217","mode":"bus","color":"#0059a9","colorDark":"#00294f","band":2,"sc":0.92,"off":[-6.8,3.1]}},{"type":"Feature","geometry":{"type":"Point","coordinates":[19.963066,50.104982]},"properties":{"line":"247","mode":"bus","color":"#0059a9","colorDark":"#00294f","band":2,"sc":0.92,"off":[-3.4,3.1]}},{"type":"Feature","geometry":{"type":"Point","coordinates":[19.963066,50.104982]},"properties":{"line":"257","mode":"bus","color":"#0059a9","colorDark":"#00294f","band":2,"sc":0.92,"off":[0,3.1]}},{"type":"Feature","geometry":{"type":"Point","coordinates":[19.963066,50.104982]},"properties":{"line":"277","mode":"bus","color":"#0059a9","colorDark":"#00294f","band":2,"sc":0.92,"off":[3.4,3.1]}},{"type":"Feature","geometry":{"type":"Point","coordinates":[19.963066,50.104982]},"properties":{"line":"280","mode":"bus","color":"#0059a9","colorDark":"#00294f","band":2,"sc":0.92,"off":[6.8,3.1]}},{"type":"Feature","geometry":{"type":"Point","coordinates":[19.963066,50.104982]},"properties":{"line":"297","mode":"bus","color":"#0059a9","colorDark":"#00294f","band":2,"sc":0.92,"off":[-6.8,5.1]}},{"type":"Feature","geometry":{"type":"Point","coordinates":[19.963066,50.104982]},"properties":{"line":"469","mode":"bus","color":"#0059a9","colorDark":"#00294f","band":2,"sc":0.92,"off":[-3.4,5.1]}},{"type":"Feature","geometry":{"type":"Point","coordinates":[19.963066,50.104982]},"properties":{"line":"503","mode":"bus","color":"#0059a9","colorDark":"#00294f","band":2,"sc":0.92,"off":[0,5.1]}},{"type":"Feature","geometry":{"type":"Point","coordinates":[19.963066,50.104982]},"properties":{"line":"69","mode":"tram","color":"#000000","colorDark":"#000000","band":2,"sc":0.92,"off":[3.4,5.1]}},{"type":"Feature","geometry":{"type":"Point","coordinates":[19.963066,50.104982]},"properties":{"line":"669","mode":"bus","color":"#000000","colorDark":"#000000","band":2,"sc":0.92,"off":[6.8,5.1]}},{"type":"Feature","geometry":{"type":"Point","coordinates":[19.963066,50.104982]},"properties":{"line":"917","mode":"bus","color":"#000000","colorDark":"#000000","band":2,"sc":0.92,"off":[0,7.1]}},{"type":"Feature","geometry":{"type":"Point","coordinates":[19.908847,50.086785]},"properties":{"name":"Azory","band":2,"modes":"bus","arr":["130","138","173","494"],"off":[0,-0.8]}},{"type":"Feature","geometry":{"type":"Point","coordinates":[19.908847,50.086785]},"properties":{"line":"130","mode":"bus","color":"#0059a9","colorDark":"#00294f","band":2,"off":[-5.1,1.1]}},{"type":"Feature","geometry":{"type":"Point","coordinates":[19.908847,50.086785]},"properties":{"line":"138","mode":"bus","color":"#0059a9","colorDark":"#00294f","band":2,"off":[-1.7,1.1]}},{"type":"Feature","geometry":{"type":"Point","coordinates":[19.908847,50.086785]},"properties":{"line":"173","mode":"bus","color":"#0059a9","colorDark":"#00294f","band":2,"off":[1.7,1.1]}},{"type":"Feature","geometry":{"type":"Point","coordinates":[19.908847,50.086785]},"properties":{"line":"494","mode":"bus","color":"#0059a9","colorDark":"#00294f","band":2,"off":[5.1,1.1]}},{"type":"Feature","geometry":{"type":"Point","coordinates":[20.066521,50.078572]},"properties":{"name":"Kombinat","band":2,"modes":"bus","arr":["132","138","139","174","242","272"],"off":[0,-0.8]}},{"type":"Feature","geometry":{"type":"Point","coordinates":[20.066521,50.078572]},"properties":{"line":"132","mode":"bus","color":"#0059a9","colorDark":"#00294f","band":2,"off":[-6.8,1.1]}},{"type":"Feature","geometry":{"type":"Point","coordinates":[20.066521,50.078572]},"properties":{"line":"138","mode":"bus","color":"#0059a9","colorDark":"#00294f","band":2,"off":[-3.4,1.1]}},{"type":"Feature","geometry":{"type":"Point","coordinates":[20.066521,50.078572]},"properties":{"line":"139","mode":"bus","color":"#0059a9","colorDark":"#00294f","band":2,"off":[0,1.1]}},{"type":"Feature","geometry":{"type":"Point","coordinates":[20.066521,50.078572]},"properties":{"line":"174","mode":"bus","color":"#0059a9","colorDark":"#00294f","band":2,"off":[3.4,1.1]}},{"type":"Feature","geometry":{"type":"Point","coordinates":[20.066521,50.078572]},"properties":{"line":"242","mode":"bus","color":"#0059a9","colorDark":"#00294f","band":2,"off":[6.8,1.1]}},{"type":"Feature","geometry":{"type":"Point","coordinates":[20.066521,50.078572]},"properties":{"line":"272","mode":"bus","color":"#0059a9","colorDark":"#00294f","band":2,"off":[0,3.1]}},{"type":"Feature","geometry":{"type":"Point","coordinates":[19.855383,50.055084]},"properties":{"name":"ZOO","band":2,"modes":"bus","arr":["134","434"],"off":[0,-0.8]}},{"type":"Feature","geometry":{"type":"Point","coordinates":[19.855383,50.055084]},"properties":{"line":"134","mode":"bus","color":"#0059a9","colorDark":"#00294f","band":2,"off":[-1.7,1.1]}},{"type":"Feature","geometry":{"type":"Point","coordinates":[19.855383,50.055084]},"properties":{"line":"434","mode":"bus","color":"#0059a9","colorDark":"#00294f","band":2,"off":[1.7,1.1]}},{"type":"Feature","geometry":{"type":"Point","coordinates":[19.92259,50.058487]},"properties":{"name":"Cracovia Stadion","band":2,"modes":"bus","arr":["134","307"],"off":[0,-0.8]}},{"type":"Feature","geometry":{"type":"Point","coordinates":[19.92259,50.058487]},"properties":{"line":"134","mode":"bus","color":"#0059a9","colorDark":"#00294f","band":2,"off":[-1.7,1.1]}},{"type":"Feature","geometry":{"type":"Point","coordinates":[19.92259,50.058487]},"properties":{"line":"307","mode":"bus","color":"#0059a9","colorDark":"#00294f","band":2,"off":[1.7,1.1]}},{"type":"Feature","geometry":{"type":"Point","coordinates":[19.862334,50.059102]},"properties":{"name":"Baba Jaga","band":2,"modes":"bus","arr":["434"],"off":[0,-0.8]}},{"type":"Feature","geometry":{"type":"Point","coordinates":[19.862334,50.059102]},"properties":{"line":"434","mode":"bus","color":"#0059a9","colorDark":"#00294f","band":2,"off":[0,1.1]}},{"type":"Feature","geometry":{"type":"Point","coordinates":[19.964453,50.099858]},"properties":{"name":"Os. Gotyk","band":2,"modes":"bus","arr":["137"],"off":[0,-0.8]}},{"type":"Feature","geometry":{"type":"Point","coordinates":[19.964453,50.099858]},"properties":{"line":"137","mode":"bus","color":"#0059a9","colorDark":"#00294f","band":2,"off":[0,1.1]}},{"type":"Feature","geometry":{"type":"Point","coordinates":[19.899012,50.070695]},"properties":{"name":"Przybyszewskiego","band":2,"modes":"bus","arr":["139"],"off":[0,-0.8]}},{"type":"Feature","geometry":{"type":"Point","coordinates":[19.899012,50.070695]},"properties":{"line":"139","mode":"bus","color":"#0059a9","colorDark":"#00294f","band":2,"off":[0,1.1]}},{"type":"Feature","geometry":{"type":"Point","coordinates":[19.89403,50.08625]},"properties":{"name":"Radzikowskiego Osiedle","band":2,"modes":"bus","arr":["140"],"off":[0,-0.8]}},{"type":"Feature","geometry":{"type":"Point","coordinates":[19.89403,50.08625]},"properties":{"line":"140","mode":"bus","color":"#0059a9","colorDark":"#00294f","band":2,"off":[0,1.1]}},{"type":"Feature","geometry":{"type":"Point","coordinates":[20.011009,50.006305]},"properties":{"name":"Rżąka","band":2,"modes":"bus","arr":["144","195"],"off":[0,-0.8]}},{"type":"Feature","geometry":{"type":"Point","coordinates":[20.011009,50.006305]},"properties":{"line":"144","mode":"bus","color":"#0059a9","colorDark":"#00294f","band":2,"off":[-1.7,1.1]}},{"type":"Feature","geometry":{"type":"Point","coordinates":[20.011009,50.006305]},"properties":{"line":"195","mode":"bus","color":"#0059a9","colorDark":"#00294f","band":2,"off":[1.7,1.1]}},{"type":"Feature","geometry":{"type":"Point","coordinates":[19.93031,50.096261]},"properties":{"name":"Prądnik Biały","band":2,"modes":"bus","arr":["144","904"],"off":[0,-0.8]}},{"type":"Feature","geometry":{"type":"Point","coordinates":[19.93031,50.096261]},"properties":{"line":"144","mode":"bus","color":"#0059a9","colorDark":"#00294f","band":2,"off":[-1.7,1.1]}},{"type":"Feature","geometry":{"type":"Point","coordinates":[19.93031,50.096261]},"properties":{"line":"904","mode":"bus","color":"#000000","colorDark":"#000000","band":2,"off":[1.7,1.1]}},{"type":"Feature","geometry":{"type":"Point","coordinates":[19.811858,50.041919]},"properties":{"name":"Bielany Obwodnica","band":2,"modes":"bus","arr":["146"],"off":[0,-0.8]}},{"type":"Feature","geometry":{"type":"Point","coordinates":[19.811858,50.041919]},"properties":{"line":"146","mode":"bus","color":"#0059a9","colorDark":"#00294f","band":2,"off":[0,1.1]}},{"type":"Feature","geometry":{"type":"Point","coordinates":[20.064061,50.099456]},"properties":{"name":"Szpital Okulistyczny","band":2,"modes":"bus","arr":["149"],"off":[0,-0.8]}},{"type":"Feature","geometry":{"type":"Point","coordinates":[20.064061,50.099456]},"properties":{"line":"149","mode":"bus","color":"#0059a9","colorDark":"#00294f","band":2,"off":[0,1.1]}},{"type":"Feature","geometry":{"type":"Point","coordinates":[19.897641,50.095021]},"properties":{"name":"Piaskowa","band":2,"modes":"bus","arr":["150"],"off":[0,-0.8]}},{"type":"Feature","geometry":{"type":"Point","coordinates":[19.897641,50.095021]},"properties":{"line":"150","mode":"bus","color":"#0059a9","colorDark":"#00294f","band":2,"off":[0,1.1]}},{"type":"Feature","geometry":{"type":"Point","coordinates":[20.003626,50.009332]},"properties":{"name":"Miejskie Centrum Opieki","band":2,"modes":"bus","arr":["153","163","513"],"off":[0,-0.8]}},{"type":"Feature","geometry":{"type":"Point","coordinates":[20.003626,50.009332]},"properties":{"line":"153","mode":"bus","color":"#0059a9","colorDark":"#00294f","band":2,"off":[-3.4,1.1]}},{"type":"Feature","geometry":{"type":"Point","coordinates":[20.003626,50.009332]},"properties":{"line":"163","mode":"bus","color":"#0059a9","colorDark":"#00294f","band":2,"off":[0,1.1]}},{"type":"Feature","geometry":{"type":"Point","coordinates":[20.003626,50.009332]},"properties":{"line":"513","mode":"bus","color":"#0059a9","colorDark":"#00294f","band":2,"off":[3.4,1.1]}},{"type":"Feature","geometry":{"type":"Point","coordinates":[20.052867,50.008398]},"properties":{"name":"Bieżanów Potrzask","band":2,"modes":"bus","arr":["153"],"off":[0,-0.8]}},{"type":"Feature","geometry":{"type":"Point","coordinates":[20.052867,50.008398]},"properties":{"line":"153","mode":"bus","color":"#0059a9","colorDark":"#00294f","band":2,"off":[0,1.1]}},{"type":"Feature","geometry":{"type":"Point","coordinates":[20.023092,50.01539]},"properties":{"name":"Nowy Bieżanów P+R","band":2,"modes":"tram,bus","arr":["3","9","13","49","69","669"],"off":[0,-0.8]}},{"type":"Feature","geometry":{"type":"Point","coordinates":[20.023092,50.01539]},"properties":{"line":"3","mode":"tram","color":"#d6212b","colorDark":"#7c1116","band":2,"off":[-6.8,1.1]}},{"type":"Feature","geometry":{"type":"Point","coordinates":[20.023092,50.01539]},"properties":{"line":"9","mode":"tram","color":"#d6212b","colorDark":"#7c1116","band":2,"off":[-3.4,1.1]}},{"type":"Feature","geometry":{"type":"Point","coordinates":[20.023092,50.01539]},"properties":{"line":"13","mode":"tram","color":"#d6212b","colorDark":"#7c1116","band":2,"off":[0,1.1]}},{"type":"Feature","geometry":{"type":"Point","coordinates":[20.023092,50.01539]},"properties":{"line":"49","mode":"tram","color":"#d6212b","colorDark":"#7c1116","band":2,"off":[3.4,1.1]}},{"type":"Feature","geometry":{"type":"Point","coordinates":[20.023092,50.01539]},"properties":{"line":"69","mode":"tram","color":"#000000","colorDark":"#000000","band":2,"off":[6.8,1.1]}},{"type":"Feature","geometry":{"type":"Point","coordinates":[20.023092,50.01539]},"properties":{"line":"669","mode":"bus","color":"#000000","colorDark":"#000000","band":2,"off":[0,3.1]}},{"type":"Feature","geometry":{"type":"Point","coordinates":[19.872222,49.988466]},"properties":{"name":"Sidzina","band":2,"modes":"bus","arr":["156","175","475","610"],"off":[0,-0.8]}},{"type":"Feature","geometry":{"type":"Point","coordinates":[19.872222,49.988466]},"properties":{"line":"156","mode":"bus","color":"#0059a9","colorDark":"#00294f","band":2,"off":[-5.1,1.1]}},{"type":"Feature","geometry":{"type":"Point","coordinates":[19.872222,49.988466]},"properties":{"line":"175","mode":"bus","color":"#0059a9","colorDark":"#00294f","band":2,"off":[-1.7,1.1]}},{"type":"Feature","geometry":{"type":"Point","coordinates":[19.872222,49.988466]},"properties":{"line":"475","mode":"bus","color":"#0059a9","colorDark":"#00294f","band":2,"off":[1.7,1.1]}},{"type":"Feature","geometry":{"type":"Point","coordinates":[19.872222,49.988466]},"properties":{"line":"610","mode":"bus","color":"#000000","colorDark":"#000000","band":2,"off":[5.1,1.1]}},{"type":"Feature","geometry":{"type":"Point","coordinates":[20.060017,50.047632]},"properties":{"name":"Podwierzbie","band":2,"modes":"bus","arr":["158"],"off":[0,-0.8]}},{"type":"Feature","geometry":{"type":"Point","coordinates":[20.060017,50.047632]},"properties":{"line":"158","mode":"bus","color":"#0059a9","colorDark":"#00294f","band":2,"off":[0,1.1]}},{"type":"Feature","geometry":{"type":"Point","coordinates":[19.852133,50.028655]},"properties":{"name":"Kostrze OSP","band":2,"modes":"bus","arr":["176","476"],"off":[0,-0.8]}},{"type":"Feature","geometry":{"type":"Point","coordinates":[19.852133,50.028655]},"properties":{"line":"176","mode":"bus","color":"#0059a9","colorDark":"#00294f","band":2,"off":[-1.7,1.1]}},{"type":"Feature","geometry":{"type":"Point","coordinates":[19.852133,50.028655]},"properties":{"line":"476","mode":"bus","color":"#0059a9","colorDark":"#00294f","band":2,"off":[1.7,1.1]}},{"type":"Feature","geometry":{"type":"Point","coordinates":[20.021588,50.092618]},"properties":{"name":"Szpital Rydygiera","band":2,"modes":"bus","arr":["163"],"off":[0,-0.8]}},{"type":"Feature","geometry":{"type":"Point","coordinates":[20.021588,50.092618]},"properties":{"line":"163","mode":"bus","color":"#0059a9","colorDark":"#00294f","band":2,"off":[0,1.1]}},{"type":"Feature","geometry":{"type":"Point","coordinates":[19.970085,50.015255]},"properties":{"name":"Piaski Nowe","band":2,"modes":"bus","arr":["164"],"off":[0,-0.8]}},{"type":"Feature","geometry":{"type":"Point","coordinates":[19.970085,50.015255]},"properties":{"line":"164","mode":"bus","color":"#0059a9","colorDark":"#00294f","band":2,"off":[0,1.1]}},{"type":"Feature","geometry":{"type":"Point","coordinates":[19.840192,50.090889]},"properties":{"name":"Mydlniki Wapiennik SKA P+R","band":2,"modes":"bus","arr":["164","199","601"],"off":[0,-0.8]}},{"type":"Feature","geometry":{"type":"Point","coordinates":[19.840192,50.090889]},"properties":{"line":"164","mode":"bus","color":"#0059a9","colorDark":"#00294f","band":2,"off":[-3.4,1.1]}},{"type":"Feature","geometry":{"type":"Point","coordinates":[19.840192,50.090889]},"properties":{"line":"199","mode":"bus","color":"#0059a9","colorDark":"#00294f","band":2,"off":[0,1.1]}},{"type":"Feature","geometry":{"type":"Point","coordinates":[19.840192,50.090889]},"properties":{"line":"601","mode":"bus","color":"#000000","colorDark":"#000000","band":2,"off":[3.4,1.1]}},{"type":"Feature","geometry":{"type":"Point","coordinates":[19.897204,50.093298]},"properties":{"name":"Bronowice Wielkie Wschód","band":2,"modes":"bus","arr":["168","611"],"off":[0,-0.8]}},{"type":"Feature","geometry":{"type":"Point","coordinates":[19.897204,50.093298]},"properties":{"line":"168","mode":"bus","color":"#0059a9","colorDark":"#00294f","band":2,"off":[-1.7,1.1]}},{"type":"Feature","geometry":{"type":"Point","coordinates":[19.897204,50.093298]},"properties":{"line":"611","mode":"bus","color":"#000000","colorDark":"#000000","band":2,"off":[1.7,1.1]}},{"type":"Feature","geometry":{"type":"Point","coordinates":[19.982919,50.005788]},"properties":{"name":"Piaski Wielkie","band":2,"modes":"bus","arr":["169","469"],"off":[0,-0.8]}},{"type":"Feature","geometry":{"type":"Point","coordinates":[19.982919,50.005788]},"properties":{"line":"169","mode":"bus","color":"#0059a9","colorDark":"#00294f","band":2,"off":[-1.7,1.1]}},{"type":"Feature","geometry":{"type":"Point","coordinates":[19.982919,50.005788]},"properties":{"line":"469","mode":"bus","color":"#0059a9","colorDark":"#00294f","band":2,"off":[1.7,1.1]}},{"type":"Feature","geometry":{"type":"Point","coordinates":[20.189654,50.113617]},"properties":{"name":"Wróżenice","band":2,"modes":"bus","arr":["171"],"off":[0,-0.8]}},{"type":"Feature","geometry":{"type":"Point","coordinates":[20.189654,50.113617]},"properties":{"line":"171","mode":"bus","color":"#0059a9","colorDark":"#00294f","band":2,"off":[0,1.1]}},{"type":"Feature","geometry":{"type":"Point","coordinates":[20.015548,50.012677]},"properties":{"name":"Nowy Bieżanów Południe","band":2,"modes":"bus","arr":["173","234","244","274","284","503"],"off":[0,-0.8]}},{"type":"Feature","geometry":{"type":"Point","coordinates":[20.015548,50.012677]},"properties":{"line":"173","mode":"bus","color":"#0059a9","colorDark":"#00294f","band":2,"off":[-6.8,1.1]}},{"type":"Feature","geometry":{"type":"Point","coordinates":[20.015548,50.012677]},"properties":{"line":"234","mode":"bus","color":"#0059a9","colorDark":"#00294f","band":2,"off":[-3.4,1.1]}},{"type":"Feature","geometry":{"type":"Point","coordinates":[20.015548,50.012677]},"properties":{"line":"244","mode":"bus","color":"#0059a9","colorDark":"#00294f","band":2,"off":[0,1.1]}},{"type":"Feature","geometry":{"type":"Point","coordinates":[20.015548,50.012677]},"properties":{"line":"274","mode":"bus","color":"#0059a9","colorDark":"#00294f","band":2,"off":[3.4,1.1]}},{"type":"Feature","geometry":{"type":"Point","coordinates":[20.015548,50.012677]},"properties":{"line":"284","mode":"bus","color":"#0059a9","colorDark":"#00294f","band":2,"off":[6.8,1.1]}},{"type":"Feature","geometry":{"type":"Point","coordinates":[20.015548,50.012677]},"properties":{"line":"503","mode":"bus","color":"#0059a9","colorDark":"#00294f","band":2,"off":[0,3.1]}},{"type":"Feature","geometry":{"type":"Point","coordinates":[19.960373,50.004486]},"properties":{"name":"Kurdwanów Południe","band":2,"modes":"bus","arr":["174","179"],"off":[0,-0.8]}},{"type":"Feature","geometry":{"type":"Point","coordinates":[19.960373,50.004486]},"properties":{"line":"174","mode":"bus","color":"#0059a9","colorDark":"#00294f","band":2,"off":[-1.7,1.1]}},{"type":"Feature","geometry":{"type":"Point","coordinates":[19.960373,50.004486]},"properties":{"line":"179","mode":"bus","color":"#0059a9","colorDark":"#00294f","band":2,"off":[1.7,1.1]}},{"type":"Feature","geometry":{"type":"Point","coordinates":[20.035572,50.071743]},"properties":{"name":"Plac Centralny im. R. Reagana","band":2,"modes":"bus,tram","arr":["189","62","662"],"off":[0,-0.8]}},{"type":"Feature","geometry":{"type":"Point","coordinates":[20.035572,50.071743]},"properties":{"line":"189","mode":"bus","color":"#0059a9","colorDark":"#00294f","band":2,"off":[-3.4,1.1]}},{"type":"Feature","geometry":{"type":"Point","coordinates":[20.035572,50.071743]},"properties":{"line":"62","mode":"tram","color":"#000000","colorDark":"#000000","band":2,"off":[0,1.1]}},{"type":"Feature","geometry":{"type":"Point","coordinates":[20.035572,50.071743]},"properties":{"line":"662","mode":"bus","color":"#000000","colorDark":"#000000","band":2,"off":[3.4,1.1]}},{"type":"Feature","geometry":{"type":"Point","coordinates":[19.867555,50.038703]},"properties":{"name":"Bodzów","band":2,"modes":"bus","arr":["176"],"off":[0,-0.8]}},{"type":"Feature","geometry":{"type":"Point","coordinates":[19.867555,50.038703]},"properties":{"line":"176","mode":"bus","color":"#0059a9","colorDark":"#00294f","band":2,"off":[0,1.1]}},{"type":"Feature","geometry":{"type":"Point","coordinates":[20.050115,50.097851]},"properties":{"name":"Os. Na Stoku","band":2,"modes":"bus","arr":["180","182","608"],"off":[0,-0.8]}},{"type":"Feature","geometry":{"type":"Point","coordinates":[20.050115,50.097851]},"properties":{"line":"180","mode":"bus","color":"#0059a9","colorDark":"#00294f","band":2,"off":[-3.4,1.1]}},{"type":"Feature","geometry":{"type":"Point","coordinates":[20.050115,50.097851]},"properties":{"line":"182","mode":"bus","color":"#0059a9","colorDark":"#00294f","band":2,"off":[0,1.1]}},{"type":"Feature","geometry":{"type":"Point","coordinates":[20.050115,50.097851]},"properties":{"line":"608","mode":"bus","color":"#000000","colorDark":"#000000","band":2,"off":[3.4,1.1]}},{"type":"Feature","geometry":{"type":"Point","coordinates":[20.073158,50.097325]},"properties":{"name":"Grębałów","band":2,"modes":"bus","arr":["180"],"off":[0,-0.8]}},{"type":"Feature","geometry":{"type":"Point","coordinates":[20.073158,50.097325]},"properties":{"line":"180","mode":"bus","color":"#0059a9","colorDark":"#00294f","band":2,"off":[0,1.1]}},{"type":"Feature","geometry":{"type":"Point","coordinates":[19.805887,50.06186]},"properties":{"name":"Olszanica Bory","band":2,"modes":"bus","arr":["192"],"off":[0,-0.8]}},{"type":"Feature","geometry":{"type":"Point","coordinates":[19.805887,50.06186]},"properties":{"line":"192","mode":"bus","color":"#0059a9","colorDark":"#00294f","band":2,"off":[0,1.1]}},{"type":"Feature","geometry":{"type":"Point","coordinates":[19.685758,50.237651]},"properties":{"name":"Przeginia Kościół","band":2,"modes":"bus","arr":["200"],"off":[0,-0.8]}},{"type":"Feature","geometry":{"type":"Point","coordinates":[19.685758,50.237651]},"properties":{"line":"200","mode":"bus","color":"#0059a9","colorDark":"#00294f","band":2,"off":[0,1.1]}},{"type":"Feature","geometry":{"type":"Point","coordinates":[20.160161,50.187681]},"properties":{"name":"Łososkowice Remiza","band":2,"modes":"bus","arr":["202"],"off":[0,-0.8]}},{"type":"Feature","geometry":{"type":"Point","coordinates":[20.160161,50.187681]},"properties":{"line":"202","mode":"bus","color":"#0059a9","colorDark":"#00294f","band":2,"off":[0,1.1]}},{"type":"Feature","geometry":{"type":"Point","coordinates":[20.11313,50.135103]},"properties":{"name":"Kocmyrzów-Luborzyca Urząd Gminy","band":2,"modes":"bus","arr":["272"],"off":[0,-0.8]}},{"type":"Feature","geometry":{"type":"Point","coordinates":[20.11313,50.135103]},"properties":{"line":"272","mode":"bus","color":"#0059a9","colorDark":"#00294f","band":2,"off":[0,1.1]}},{"type":"Feature","geometry":{"type":"Point","coordinates":[19.829836,49.968549]},"properties":{"name":"Skawina","band":2,"modes":"bus","arr":["203","243","245","283","293","903"],"off":[0,-0.8]}},{"type":"Feature","geometry":{"type":"Point","coordinates":[19.829836,49.968549]},"properties":{"line":"203","mode":"bus","color":"#0059a9","colorDark":"#00294f","band":2,"off":[-6.8,1.1]}},{"type":"Feature","geometry":{"type":"Point","coordinates":[19.829836,49.968549]},"properties":{"line":"243","mode":"bus","color":"#0059a9","colorDark":"#00294f","band":2,"off":[-3.4,1.1]}},{"type":"Feature","geometry":{"type":"Point","coordinates":[19.829836,49.968549]},"properties":{"line":"245","mode":"bus","color":"#0059a9","colorDark":"#00294f","band":2,"off":[0,1.1]}},{"type":"Feature","geometry":{"type":"Point","coordinates":[19.829836,49.968549]},"properties":{"line":"283","mode":"bus","color":"#0059a9","colorDark":"#00294f","band":2,"off":[3.4,1.1]}},{"type":"Feature","geometry":{"type":"Point","coordinates":[19.829836,49.968549]},"properties":{"line":"293","mode":"bus","color":"#0059a9","colorDark":"#00294f","band":2,"off":[6.8,1.1]}},{"type":"Feature","geometry":{"type":"Point","coordinates":[19.829836,49.968549]},"properties":{"line":"903","mode":"bus","color":"#000000","colorDark":"#000000","band":2,"off":[0,3.1]}},{"type":"Feature","geometry":{"type":"Point","coordinates":[20.076008,49.98643]},"properties":{"name":"Wieliczka Kampus","band":2,"modes":"bus","arr":["204","224","244","304"],"off":[0,-0.8]}},{"type":"Feature","geometry":{"type":"Point","coordinates":[20.076008,49.98643]},"properties":{"line":"204","mode":"bus","color":"#0059a9","colorDark":"#00294f","band":2,"off":[-5.1,1.1]}},{"type":"Feature","geometry":{"type":"Point","coordinates":[20.076008,49.98643]},"properties":{"line":"224","mode":"bus","color":"#0059a9","colorDark":"#00294f","band":2,"off":[-1.7,1.1]}},{"type":"Feature","geometry":{"type":"Point","coordinates":[20.076008,49.98643]},"properties":{"line":"244","mode":"bus","color":"#0059a9","colorDark":"#00294f","band":2,"off":[1.7,1.1]}},{"type":"Feature","geometry":{"type":"Point","coordinates":[20.076008,49.98643]},"properties":{"line":"304","mode":"bus","color":"#0059a9","colorDark":"#00294f","band":2,"off":[5.1,1.1]}},{"type":"Feature","geometry":{"type":"Point","coordinates":[20.065133,49.987301]},"properties":{"name":"Wieliczka Cmentarz","band":2,"modes":"bus","arr":["904"],"off":[0,-0.8]}},{"type":"Feature","geometry":{"type":"Point","coordinates":[20.065133,49.987301]},"properties":{"line":"904","mode":"bus","color":"#000000","colorDark":"#000000","band":2,"off":[0,1.1]}},{"type":"Feature","geometry":{"type":"Point","coordinates":[19.910909,50.141]},"properties":{"name":"Trojanowice Pętla","band":2,"modes":"bus","arr":["207"],"off":[0,-0.8]}},{"type":"Feature","geometry":{"type":"Point","coordinates":[19.910909,50.141]},"properties":{"line":"207","mode":"bus","color":"#0059a9","colorDark":"#00294f","band":2,"off":[0,1.1]}},{"type":"Feature","geometry":{"type":"Point","coordinates":[19.915232,50.052901]},"properties":{"name":"Salwator","band":2,"modes":"tram,bus","arr":["1","13","209","229","239","249","259","269","279","310"],"off":[0,-0.8]}},{"type":"Feature","geometry":{"type":"Point","coordinates":[19.915232,50.052901]},"properties":{"line":"1","mode":"tram","color":"#d6212b","colorDark":"#7c1116","band":2,"off":[-6.8,1.1]}},{"type":"Feature","geometry":{"type":"Point","coordinates":[19.915232,50.052901]},"properties":{"line":"13","mode":"tram","color":"#d6212b","colorDark":"#7c1116","band":2,"off":[-3.4,1.1]}},{"type":"Feature","geometry":{"type":"Point","coordinates":[19.915232,50.052901]},"properties":{"line":"209","mode":"bus","color":"#0059a9","colorDark":"#00294f","band":2,"off":[0,1.1]}},{"type":"Feature","geometry":{"type":"Point","coordinates":[19.915232,50.052901]},"properties":{"line":"229","mode":"bus","color":"#0059a9","colorDark":"#00294f","band":2,"off":[3.4,1.1]}},{"type":"Feature","geometry":{"type":"Point","coordinates":[19.915232,50.052901]},"properties":{"line":"239","mode":"bus","color":"#0059a9","colorDark":"#00294f","band":2,"off":[6.8,1.1]}},{"type":"Feature","geometry":{"type":"Point","coordinates":[19.915232,50.052901]},"properties":{"line":"249","mode":"bus","color":"#0059a9","colorDark":"#00294f","band":2,"off":[-6.8,3.1]}},{"type":"Feature","geometry":{"type":"Point","coordinates":[19.915232,50.052901]},"properties":{"line":"259","mode":"bus","color":"#0059a9","colorDark":"#00294f","band":2,"off":[-3.4,3.1]}},{"type":"Feature","geometry":{"type":"Point","coordinates":[19.915232,50.052901]},"properties":{"line":"269","mode":"bus","color":"#0059a9","colorDark":"#00294f","band":2,"off":[0,3.1]}},{"type":"Feature","geometry":{"type":"Point","coordinates":[19.915232,50.052901]},"properties":{"line":"279","mode":"bus","color":"#0059a9","colorDark":"#00294f","band":2,"off":[3.4,3.1]}},{"type":"Feature","geometry":{"type":"Point","coordinates":[19.915232,50.052901]},"properties":{"line":"310","mode":"bus","color":"#0059a9","colorDark":"#00294f","band":2,"off":[6.8,3.1]}},{"type":"Feature","geometry":{"type":"Point","coordinates":[19.707349,50.068851]},"properties":{"name":"Mników Skały","band":2,"modes":"bus","arr":["209"],"off":[0,-0.8]}},{"type":"Feature","geometry":{"type":"Point","coordinates":[19.707349,50.068851]},"properties":{"line":"209","mode":"bus","color":"#0059a9","colorDark":"#00294f","band":2,"off":[0,1.1]}},{"type":"Feature","geometry":{"type":"Point","coordinates":[19.800769,50.071336]},"properties":{"name":"Kraków Lotnisko","band":2,"modes":"bus,metro","arr":["300","SKA1","902"],"off":[0,-0.8]}},{"type":"Feature","geometry":{"type":"Point","coordinates":[19.800769,50.071336]},"properties":{"name":"Kraków Airport","band":2,"modes":"bus,metro","arr":["300","SKA1","902"],"off":[0,-1.9]}},{"type":"Feature","geometry":{"type":"Point","coordinates":[19.800769,50.071336]},"properties":{"line":"300","mode":"bus","color":"#0059a9","colorDark":"#00294f","band":2,"off":[-3.4,1.1]}},{"type":"Feature","geometry":{"type":"Point","coordinates":[19.800769,50.071336]},"properties":{"line":"SKA1","mode":"tram","color":"#60B6F0","colorDark":"#356484","band":2,"metro":1,"off":[0,1.1]}},{"type":"Feature","geometry":{"type":"Point","coordinates":[19.800769,50.071336]},"properties":{"line":"902","mode":"bus","color":"#000000","colorDark":"#000000","band":2,"off":[3.4,1.1]}},{"type":"Feature","geometry":{"type":"Point","coordinates":[19.840837,50.114289]},"properties":{"name":"Modlniczka Centrum Logistyczne","band":2,"modes":"bus","arr":["210"],"off":[0,-0.8]}},{"type":"Feature","geometry":{"type":"Point","coordinates":[19.840837,50.114289]},"properties":{"line":"210","mode":"bus","color":"#0059a9","colorDark":"#00294f","band":2,"off":[0,1.1]}},{"type":"Feature","geometry":{"type":"Point","coordinates":[20.352597,50.080185]},"properties":{"name":"Chobot Leśniczówka","band":2,"modes":"bus","arr":["211"],"off":[0,-0.8]}},{"type":"Feature","geometry":{"type":"Point","coordinates":[20.352597,50.080185]},"properties":{"line":"211","mode":"bus","color":"#0059a9","colorDark":"#00294f","band":2,"off":[0,1.1]}},{"type":"Feature","geometry":{"type":"Point","coordinates":[20.188001,50.126996]},"properties":{"name":"Czulice Kościół","band":2,"modes":"bus","arr":["212","271"],"off":[0,-0.8]}},{"type":"Feature","geometry":{"type":"Point","coordinates":[20.188001,50.126996]},"properties":{"line":"212","mode":"bus","color":"#0059a9","colorDark":"#00294f","band":2,"off":[-1.7,1.1]}},{"type":"Feature","geometry":{"type":"Point","coordinates":[20.188001,50.126996]},"properties":{"line":"271","mode":"bus","color":"#0059a9","colorDark":"#00294f","band":2,"off":[1.7,1.1]}},{"type":"Feature","geometry":{"type":"Point","coordinates":[19.997666,49.958498]},"properties":{"name":"Podstolice Centrum","band":2,"modes":"bus","arr":["214","P2"],"off":[0,-0.8]}},{"type":"Feature","geometry":{"type":"Point","coordinates":[19.997666,49.958498]},"properties":{"line":"214","mode":"bus","color":"#0059a9","colorDark":"#00294f","band":2,"off":[-1.7,1.1]}},{"type":"Feature","geometry":{"type":"Point","coordinates":[19.997666,49.958498]},"properties":{"line":"P2","mode":"bus","color":"#0059a9","colorDark":"#00294f","band":2,"off":[1.7,1.1]}},{"type":"Feature","geometry":{"type":"Point","coordinates":[19.999363,49.934869]},"properties":{"name":"Rzeszotary Panciawa Pętla","band":2,"modes":"bus","arr":["215"],"off":[0,-0.8]}},{"type":"Feature","geometry":{"type":"Point","coordinates":[19.999363,49.934869]},"properties":{"line":"215","mode":"bus","color":"#0059a9","colorDark":"#00294f","band":2,"off":[0,1.1]}},{"type":"Feature","geometry":{"type":"Point","coordinates":[19.946656,49.934314]},"properties":{"name":"Świątniki Górne Urząd Miasta i Gminy","band":2,"modes":"bus","arr":["225","915"],"off":[0,-0.8]}},{"type":"Feature","geometry":{"type":"Point","coordinates":[19.946656,49.934314]},"properties":{"line":"225","mode":"bus","color":"#0059a9","colorDark":"#00294f","band":2,"off":[-1.7,1.1]}},{"type":"Feature","geometry":{"type":"Point","coordinates":[19.946656,49.934314]},"properties":{"line":"915","mode":"bus","color":"#000000","colorDark":"#000000","band":2,"off":[1.7,1.1]}},{"type":"Feature","geometry":{"type":"Point","coordinates":[19.974789,50.128752]},"properties":{"name":"Węgrzce Pętla","band":2,"modes":"bus","arr":["217"],"off":[0,-0.8]}},{"type":"Feature","geometry":{"type":"Point","coordinates":[19.974789,50.128752]},"properties":{"line":"217","mode":"bus","color":"#0059a9","colorDark":"#00294f","band":2,"off":[0,1.1]}},{"type":"Feature","geometry":{"type":"Point","coordinates":[19.801249,50.119521]},"properties":{"name":"Zabierzów Młyn","band":2,"modes":"bus","arr":["218","288"],"off":[0,-0.8]}},{"type":"Feature","geometry":{"type":"Point","coordinates":[19.801249,50.119521]},"properties":{"line":"218","mode":"bus","color":"#0059a9","colorDark":"#00294f","band":2,"off":[-1.7,1.1]}},{"type":"Feature","geometry":{"type":"Point","coordinates":[19.801249,50.119521]},"properties":{"line":"288","mode":"bus","color":"#0059a9","colorDark":"#00294f","band":2,"off":[1.7,1.1]}},{"type":"Feature","geometry":{"type":"Point","coordinates":[19.778521,49.98714]},"properties":{"name":"Jeziorzany Pętla","band":2,"modes":"bus","arr":["219"],"off":[0,-0.8]}},{"type":"Feature","geometry":{"type":"Point","coordinates":[19.778521,49.98714]},"properties":{"line":"219","mode":"bus","color":"#0059a9","colorDark":"#00294f","band":2,"off":[0,1.1]}},{"type":"Feature","geometry":{"type":"Point","coordinates":[19.87103,50.151601]},"properties":{"name":"Giebułtów Morgi","band":2,"modes":"bus","arr":["220"],"off":[0,-0.8]}},{"type":"Feature","geometry":{"type":"Point","coordinates":[19.87103,50.151601]},"properties":{"line":"220","mode":"bus","color":"#0059a9","colorDark":"#00294f","band":2,"off":[0,1.1]}},{"type":"Feature","geometry":{"type":"Point","coordinates":[20.216381,50.037958]},"properties":{"name":"Niepołomice Dworzec","band":2,"modes":"bus","arr":["221","301","A18"],"off":[0,-0.8]}},{"type":"Feature","geometry":{"type":"Point","coordinates":[20.216381,50.037958]},"properties":{"line":"221","mode":"bus","color":"#0059a9","colorDark":"#00294f","band":2,"off":[-3.4,1.1]}},{"type":"Feature","geometry":{"type":"Point","coordinates":[20.216381,50.037958]},"properties":{"line":"301","mode":"bus","color":"#0059a9","colorDark":"#00294f","band":2,"off":[0,1.1]}},{"type":"Feature","geometry":{"type":"Point","coordinates":[20.216381,50.037958]},"properties":{"line":"A18","mode":"bus","color":"#0059a9","colorDark":"#00294f","band":2,"off":[3.4,1.1]}},{"type":"Feature","geometry":{"type":"Point","coordinates":[20.084491,50.245302]},"properties":{"name":"Słomniki Osiedle","band":2,"modes":"bus","arr":["222"],"off":[0,-0.8]}},{"type":"Feature","geometry":{"type":"Point","coordinates":[20.084491,50.245302]},"properties":{"line":"222","mode":"bus","color":"#0059a9","colorDark":"#00294f","band":2,"off":[0,1.1]}},{"type":"Feature","geometry":{"type":"Point","coordinates":[19.628389,49.967166]},"properties":{"name":"Brzeźnica Dworzec","band":2,"modes":"bus","arr":["223"],"off":[0,-0.8]}},{"type":"Feature","geometry":{"type":"Point","coordinates":[19.628389,49.967166]},"properties":{"line":"223","mode":"bus","color":"#0059a9","colorDark":"#00294f","band":2,"off":[0,1.1]}},{"type":"Feature","geometry":{"type":"Point","coordinates":[19.937099,50.012394]},"properties":{"name":"Centrum JP II","band":2,"modes":"bus","arr":["224"],"off":[0,-0.8]}},{"type":"Feature","geometry":{"type":"Point","coordinates":[19.937099,50.012394]},"properties":{"line":"224","mode":"bus","color":"#0059a9","colorDark":"#00294f","band":2,"off":[0,1.1]}},{"type":"Feature","geometry":{"type":"Point","coordinates":[19.936107,50.162466]},"properties":{"name":"Górna Wieś Pętla","band":2,"modes":"bus","arr":["227","917"],"off":[0,-0.8]}},{"type":"Feature","geometry":{"type":"Point","coordinates":[19.936107,50.162466]},"properties":{"line":"227","mode":"bus","color":"#0059a9","colorDark":"#00294f","band":2,"off":[-1.7,1.1]}},{"type":"Feature","geometry":{"type":"Point","coordinates":[19.936107,50.162466]},"properties":{"line":"917","mode":"bus","color":"#000000","colorDark":"#000000","band":2,"off":[1.7,1.1]}},{"type":"Feature","geometry":{"type":"Point","coordinates":[19.709535,50.082165]},"properties":{"name":"Chrosna Pętla","band":2,"modes":"bus","arr":["228"],"off":[0,-0.8]}},{"type":"Feature","geometry":{"type":"Point","coordinates":[19.709535,50.082165]},"properties":{"line":"228","mode":"bus","color":"#0059a9","colorDark":"#00294f","band":2,"off":[0,1.1]}},{"type":"Feature","geometry":{"type":"Point","coordinates":[19.586718,50.014952]},"properties":{"name":"Kamień Szkoła","band":2,"modes":"bus","arr":["229"],"off":[0,-0.8]}},{"type":"Feature","geometry":{"type":"Point","coordinates":[19.586718,50.014952]},"properties":{"line":"229","mode":"bus","color":"#0059a9","colorDark":"#00294f","band":2,"off":[0,1.1]}},{"type":"Feature","geometry":{"type":"Point","coordinates":[19.676514,49.987181]},"properties":{"name":"Czernichów Rynek","band":2,"modes":"bus","arr":["249","259","A14"],"off":[0,-0.8]}},{"type":"Feature","geometry":{"type":"Point","coordinates":[19.676514,49.987181]},"properties":{"line":"249","mode":"bus","color":"#0059a9","colorDark":"#00294f","band":2,"off":[-3.4,1.1]}},{"type":"Feature","geometry":{"type":"Point","coordinates":[19.676514,49.987181]},"properties":{"line":"259","mode":"bus","color":"#0059a9","colorDark":"#00294f","band":2,"off":[0,1.1]}},{"type":"Feature","geometry":{"type":"Point","coordinates":[19.676514,49.987181]},"properties":{"line":"A14","mode":"bus","color":"#0059a9","colorDark":"#00294f","band":2,"off":[3.4,1.1]}},{"type":"Feature","geometry":{"type":"Point","coordinates":[19.820316,50.135831]},"properties":{"name":"Ujazd Pętla","band":2,"modes":"bus","arr":["230"],"off":[0,-0.8]}},{"type":"Feature","geometry":{"type":"Point","coordinates":[19.820316,50.135831]},"properties":{"line":"230","mode":"bus","color":"#0059a9","colorDark":"#00294f","band":2,"off":[0,1.1]}},{"type":"Feature","geometry":{"type":"Point","coordinates":[20.109786,50.177533]},"properties":{"name":"Wilków Pętla","band":2,"modes":"bus","arr":["232"],"off":[0,-0.8]}},{"type":"Feature","geometry":{"type":"Point","coordinates":[20.109786,50.177533]},"properties":{"line":"232","mode":"bus","color":"#0059a9","colorDark":"#00294f","band":2,"off":[0,1.1]}},{"type":"Feature","geometry":{"type":"Point","coordinates":[19.822205,49.976867]},"properties":{"name":"Skawina SCK","band":2,"modes":"bus,metro","arr":["233","A43","A53","SKA2"],"off":[0,-0.8]}},{"type":"Feature","geometry":{"type":"Point","coordinates":[19.822205,49.976867]},"properties":{"name":"Skawina","band":2,"modes":"bus,metro","arr":["233","A43","A53","SKA2"],"off":[0,-1.9]}},{"type":"Feature","geometry":{"type":"Point","coordinates":[19.822205,49.976867]},"properties":{"line":"233","mode":"bus","color":"#0059a9","colorDark":"#00294f","band":2,"off":[-5.1,1.1]}},{"type":"Feature","geometry":{"type":"Point","coordinates":[19.822205,49.976867]},"properties":{"line":"A43","mode":"bus","color":"#0059a9","colorDark":"#00294f","band":2,"off":[-1.7,1.1]}},{"type":"Feature","geometry":{"type":"Point","coordinates":[19.822205,49.976867]},"properties":{"line":"A53","mode":"bus","color":"#0059a9","colorDark":"#00294f","band":2,"off":[1.7,1.1]}},{"type":"Feature","geometry":{"type":"Point","coordinates":[19.822205,49.976867]},"properties":{"line":"SKA2","mode":"tram","color":"#D4328A","colorDark":"#751c4c","band":2,"metro":1,"off":[5.1,1.1]}},{"type":"Feature","geometry":{"type":"Point","coordinates":[20.115211,50.01476]},"properties":{"name":"Węgrzce Wielkie Pętla","band":2,"modes":"bus","arr":["234","W2","Z1"],"off":[0,-0.8]}},{"type":"Feature","geometry":{"type":"Point","coordinates":[20.115211,50.01476]},"properties":{"line":"234","mode":"bus","color":"#0059a9","colorDark":"#00294f","band":2,"off":[-3.4,1.1]}},{"type":"Feature","geometry":{"type":"Point","coordinates":[20.115211,50.01476]},"properties":{"line":"W2","mode":"bus","color":"#0059a9","colorDark":"#00294f","band":2,"off":[0,1.1]}},{"type":"Feature","geometry":{"type":"Point","coordinates":[20.115211,50.01476]},"properties":{"line":"Z1","mode":"bus","color":"#0059a9","colorDark":"#00294f","band":2,"off":[3.4,1.1]}},{"type":"Feature","geometry":{"type":"Point","coordinates":[19.750438,49.9778]},"properties":{"name":"Ochodza Odwiśle","band":2,"modes":"bus","arr":["235"],"off":[0,-0.8]}},{"type":"Feature","geometry":{"type":"Point","coordinates":[19.750438,49.9778]},"properties":{"line":"235","mode":"bus","color":"#0059a9","colorDark":"#00294f","band":2,"off":[0,1.1]}},{"type":"Feature","geometry":{"type":"Point","coordinates":[19.692373,50.111969]},"properties":{"name":"Młynka Pętla","band":2,"modes":"bus","arr":["238"],"off":[0,-0.8]}},{"type":"Feature","geometry":{"type":"Point","coordinates":[19.692373,50.111969]},"properties":{"line":"238","mode":"bus","color":"#0059a9","colorDark":"#00294f","band":2,"off":[0,1.1]}},{"type":"Feature","geometry":{"type":"Point","coordinates":[19.711842,50.122248]},"properties":{"name":"Rudawa Rynek","band":2,"modes":"bus","arr":["918"],"off":[0,-0.8]}},{"type":"Feature","geometry":{"type":"Point","coordinates":[19.711842,50.122248]},"properties":{"line":"918","mode":"bus","color":"#000000","colorDark":"#000000","band":2,"off":[0,1.1]}},{"type":"Feature","geometry":{"type":"Point","coordinates":[19.727926,49.986355]},"properties":{"name":"Wołowice Kapliczka","band":2,"modes":"bus","arr":["239"],"off":[0,-0.8]}},{"type":"Feature","geometry":{"type":"Point","coordinates":[19.727926,49.986355]},"properties":{"line":"239","mode":"bus","color":"#0059a9","colorDark":"#00294f","band":2,"off":[0,1.1]}},{"type":"Feature","geometry":{"type":"Point","coordinates":[19.897806,50.12819]},"properties":{"name":"Pękowice Ojcowska","band":2,"modes":"bus","arr":["240","290"],"off":[0,-0.8]}},{"type":"Feature","geometry":{"type":"Point","coordinates":[19.897806,50.12819]},"properties":{"line":"240","mode":"bus","color":"#0059a9","colorDark":"#00294f","band":2,"off":[-1.7,1.1]}},{"type":"Feature","geometry":{"type":"Point","coordinates":[19.897806,50.12819]},"properties":{"line":"290","mode":"bus","color":"#0059a9","colorDark":"#00294f","band":2,"off":[1.7,1.1]}},{"type":"Feature","geometry":{"type":"Point","coordinates":[20.13828,50.115926]},"properties":{"name":"Krzysztoforzyce Pętla","band":2,"modes":"bus","arr":["242"],"off":[0,-0.8]}},{"type":"Feature","geometry":{"type":"Point","coordinates":[20.13828,50.115926]},"properties":{"line":"242","mode":"bus","color":"#0059a9","colorDark":"#00294f","band":2,"off":[0,1.1]}},{"type":"Feature","geometry":{"type":"Point","coordinates":[19.870839,49.944031]},"properties":{"name":"Mogilany Pętla","band":2,"modes":"bus","arr":["255"],"off":[0,-0.8]}},{"type":"Feature","geometry":{"type":"Point","coordinates":[19.870839,49.944031]},"properties":{"line":"255","mode":"bus","color":"#0059a9","colorDark":"#00294f","band":2,"off":[0,1.1]}},{"type":"Feature","geometry":{"type":"Point","coordinates":[19.939792,50.123608]},"properties":{"name":"Zielonki Marszowiec Pętla","band":2,"modes":"bus","arr":["247","317"],"off":[0,-0.8]}},{"type":"Feature","geometry":{"type":"Point","coordinates":[19.939792,50.123608]},"properties":{"line":"247","mode":"bus","color":"#0059a9","colorDark":"#00294f","band":2,"off":[-1.7,1.1]}},{"type":"Feature","geometry":{"type":"Point","coordinates":[19.939792,50.123608]},"properties":{"line":"317","mode":"bus","color":"#0059a9","colorDark":"#00294f","band":2,"off":[1.7,1.1]}},{"type":"Feature","geometry":{"type":"Point","coordinates":[19.811558,50.161429]},"properties":{"name":"Zelków Pętla","band":2,"modes":"bus","arr":["248","948"],"off":[0,-0.8]}},{"type":"Feature","geometry":{"type":"Point","coordinates":[19.811558,50.161429]},"properties":{"line":"248","mode":"bus","color":"#0059a9","colorDark":"#00294f","band":2,"off":[-1.7,1.1]}},{"type":"Feature","geometry":{"type":"Point","coordinates":[19.811558,50.161429]},"properties":{"line":"948","mode":"bus","color":"#000000","colorDark":"#000000","band":2,"off":[1.7,1.1]}},{"type":"Feature","geometry":{"type":"Point","coordinates":[19.725598,50.039289]},"properties":{"name":"Kaszów Remiza","band":2,"modes":"bus","arr":["269"],"off":[0,-0.8]}},{"type":"Feature","geometry":{"type":"Point","coordinates":[19.725598,50.039289]},"properties":{"line":"269","mode":"bus","color":"#0059a9","colorDark":"#00294f","band":2,"off":[0,1.1]}},{"type":"Feature","geometry":{"type":"Point","coordinates":[20.050674,50.121266]},"properties":{"name":"Zastów Pętla","band":2,"modes":"bus","arr":["250"],"off":[0,-0.8]}},{"type":"Feature","geometry":{"type":"Point","coordinates":[20.050674,50.121266]},"properties":{"line":"250","mode":"bus","color":"#0059a9","colorDark":"#00294f","band":2,"off":[0,1.1]}},{"type":"Feature","geometry":{"type":"Point","coordinates":[19.7684,49.902494]},"properties":{"name":"Wola Radziszowska Pętla","band":2,"modes":"bus","arr":["253"],"off":[0,-0.8]}},{"type":"Feature","geometry":{"type":"Point","coordinates":[19.7684,49.902494]},"properties":{"line":"253","mode":"bus","color":"#0059a9","colorDark":"#00294f","band":2,"off":[0,1.1]}},{"type":"Feature","geometry":{"type":"Point","coordinates":[19.967323,49.973872]},"properties":{"name":"Golkowice Pętla","band":2,"modes":"bus","arr":["254","G3"],"off":[0,-0.8]}},{"type":"Feature","geometry":{"type":"Point","coordinates":[19.967323,49.973872]},"properties":{"line":"254","mode":"bus","color":"#0059a9","colorDark":"#00294f","band":2,"off":[-1.7,1.1]}},{"type":"Feature","geometry":{"type":"Point","coordinates":[19.967323,49.973872]},"properties":{"line":"G3","mode":"bus","color":"#0059a9","colorDark":"#00294f","band":2,"off":[1.7,1.1]}},{"type":"Feature","geometry":{"type":"Point","coordinates":[19.932575,50.180683]},"properties":{"name":"Narama Remiza","band":2,"modes":"bus","arr":["257"],"off":[0,-0.8]}},{"type":"Feature","geometry":{"type":"Point","coordinates":[19.932575,50.180683]},"properties":{"line":"257","mode":"bus","color":"#0059a9","colorDark":"#00294f","band":2,"off":[0,1.1]}},{"type":"Feature","geometry":{"type":"Point","coordinates":[19.709609,50.106673]},"properties":{"name":"Nielepice Pętla","band":2,"modes":"bus","arr":["258","298"],"off":[0,-0.8]}},{"type":"Feature","geometry":{"type":"Point","coordinates":[19.709609,50.106673]},"properties":{"line":"258","mode":"bus","color":"#0059a9","colorDark":"#00294f","band":2,"off":[-1.7,1.1]}},{"type":"Feature","geometry":{"type":"Point","coordinates":[19.709609,50.106673]},"properties":{"line":"298","mode":"bus","color":"#0059a9","colorDark":"#00294f","band":2,"off":[1.7,1.1]}},{"type":"Feature","geometry":{"type":"Point","coordinates":[19.739157,49.999294]},"properties":{"name":"Dąbrowa Szlachecka Krzemiennik","band":2,"modes":"bus","arr":["279"],"off":[0,-0.8]}},{"type":"Feature","geometry":{"type":"Point","coordinates":[19.739157,49.999294]},"properties":{"line":"279","mode":"bus","color":"#0059a9","colorDark":"#00294f","band":2,"off":[0,1.1]}},{"type":"Feature","geometry":{"type":"Point","coordinates":[20.048382,50.147231]},"properties":{"name":"Pielgrzymowice Pętla","band":2,"modes":"bus","arr":["260","270"],"off":[0,-0.8]}},{"type":"Feature","geometry":{"type":"Point","coordinates":[20.048382,50.147231]},"properties":{"line":"260","mode":"bus","color":"#0059a9","colorDark":"#00294f","band":2,"off":[-1.7,1.1]}},{"type":"Feature","geometry":{"type":"Point","coordinates":[20.048382,50.147231]},"properties":{"line":"270","mode":"bus","color":"#0059a9","colorDark":"#00294f","band":2,"off":[1.7,1.1]}},{"type":"Feature","geometry":{"type":"Point","coordinates":[20.15545,50.166445]},"properties":{"name":"Rawałowice Kapliczka","band":2,"modes":"bus","arr":["262"],"off":[0,-0.8]}},{"type":"Feature","geometry":{"type":"Point","coordinates":[20.15545,50.166445]},"properties":{"line":"262","mode":"bus","color":"#0059a9","colorDark":"#00294f","band":2,"off":[0,1.1]}},{"type":"Feature","geometry":{"type":"Point","coordinates":[20.139403,50.040557]},"properties":{"name":"Grabie Kościół","band":2,"modes":"bus","arr":["264"],"off":[0,-0.8]}},{"type":"Feature","geometry":{"type":"Point","coordinates":[20.139403,50.040557]},"properties":{"line":"264","mode":"bus","color":"#0059a9","colorDark":"#00294f","band":2,"off":[0,1.1]}},{"type":"Feature","geometry":{"type":"Point","coordinates":[19.921216,49.944229]},"properties":{"name":"Konary Pętla","band":2,"modes":"bus","arr":["265"],"off":[0,-0.8]}},{"type":"Feature","geometry":{"type":"Point","coordinates":[19.921216,49.944229]},"properties":{"line":"265","mode":"bus","color":"#0059a9","colorDark":"#00294f","band":2,"off":[0,1.1]}},{"type":"Feature","geometry":{"type":"Point","coordinates":[19.853859,50.230311]},"properties":{"name":"Skała Rynek","band":2,"modes":"bus","arr":["267"],"off":[0,-0.8]}},{"type":"Feature","geometry":{"type":"Point","coordinates":[19.853859,50.230311]},"properties":{"line":"267","mode":"bus","color":"#0059a9","colorDark":"#00294f","band":2,"off":[0,1.1]}},{"type":"Feature","geometry":{"type":"Point","coordinates":[19.77392,50.152471]},"properties":{"name":"Karniowice Pętla","band":2,"modes":"bus","arr":["268"],"off":[0,-0.8]}},{"type":"Feature","geometry":{"type":"Point","coordinates":[19.77392,50.152471]},"properties":{"line":"268","mode":"bus","color":"#0059a9","colorDark":"#00294f","band":2,"off":[0,1.1]}},{"type":"Feature","geometry":{"type":"Point","coordinates":[20.147053,49.957328]},"properties":{"name":"Trąbki P+R","band":2,"modes":"bus","arr":["274"],"off":[0,-0.8]}},{"type":"Feature","geometry":{"type":"Point","coordinates":[20.147053,49.957328]},"properties":{"line":"274","mode":"bus","color":"#0059a9","colorDark":"#00294f","band":2,"off":[0,1.1]}},{"type":"Feature","geometry":{"type":"Point","coordinates":[19.902954,49.913619]},"properties":{"name":"Włosań Centrum","band":2,"modes":"bus","arr":["275"],"off":[0,-0.8]}},{"type":"Feature","geometry":{"type":"Point","coordinates":[19.902954,49.913619]},"properties":{"line":"275","mode":"bus","color":"#0059a9","colorDark":"#00294f","band":2,"off":[0,1.1]}},{"type":"Feature","geometry":{"type":"Point","coordinates":[19.979671,50.22053]},"properties":{"name":"Iwanowice Dworskie Pętla","band":2,"modes":"bus","arr":["277"],"off":[0,-0.8]}},{"type":"Feature","geometry":{"type":"Point","coordinates":[19.979671,50.22053]},"properties":{"line":"277","mode":"bus","color":"#0059a9","colorDark":"#00294f","band":2,"off":[0,1.1]}},{"type":"Feature","geometry":{"type":"Point","coordinates":[19.709393,50.148281]},"properties":{"name":"Radwanowice Pętla","band":2,"modes":"bus","arr":["278"],"off":[0,-0.8]}},{"type":"Feature","geometry":{"type":"Point","coordinates":[19.709393,50.148281]},"properties":{"line":"278","mode":"bus","color":"#0059a9","colorDark":"#00294f","band":2,"off":[0,1.1]}},{"type":"Feature","geometry":{"type":"Point","coordinates":[19.91321,50.17427]},"properties":{"name":"Owczary Pętla","band":2,"modes":"bus","arr":["280","337","937"],"off":[0,-0.8]}},{"type":"Feature","geometry":{"type":"Point","coordinates":[19.91321,50.17427]},"properties":{"line":"280","mode":"bus","color":"#0059a9","colorDark":"#00294f","band":2,"off":[-3.4,1.1]}},{"type":"Feature","geometry":{"type":"Point","coordinates":[19.91321,50.17427]},"properties":{"line":"337","mode":"bus","color":"#0059a9","colorDark":"#00294f","band":2,"off":[0,1.1]}},{"type":"Feature","geometry":{"type":"Point","coordinates":[19.91321,50.17427]},"properties":{"line":"937","mode":"bus","color":"#000000","colorDark":"#000000","band":2,"off":[3.4,1.1]}},{"type":"Feature","geometry":{"type":"Point","coordinates":[20.05702,49.984777]},"properties":{"name":"Wieliczka Centrum Dw.","band":2,"modes":"bus","arr":["284","A2","A6","A8","A9","A16","A17","A19","A58","A59","B2","D2","G3","G4","J1","L1","P2","R2","W2","Z1"],"off":[0,-0.8],"sc":0.86}},{"type":"Feature","geometry":{"type":"Point","coordinates":[20.05702,49.984777]},"properties":{"name":"Wieliczka Centrum","band":2,"modes":"bus","arr":["284","A2","A6","A8","A9","A16","A17","A19","A58","A59","B2","D2","G3","G4","J1","L1","P2","R2","W2","Z1"],"off":[0,-3],"sc":0.86}},{"type":"Feature","geometry":{"type":"Point","coordinates":[20.05702,49.984777]},"properties":{"line":"284","mode":"bus","color":"#0059a9","colorDark":"#00294f","band":2,"sc":0.86,"off":[-6.8,1.1]}},{"type":"Feature","geometry":{"type":"Point","coordinates":[20.05702,49.984777]},"properties":{"line":"A2","mode":"bus","color":"#0059a9","colorDark":"#00294f","band":2,"sc":0.86,"off":[-3.4,1.1]}},{"type":"Feature","geometry":{"type":"Point","coordinates":[20.05702,49.984777]},"properties":{"line":"A6","mode":"bus","color":"#0059a9","colorDark":"#00294f","band":2,"sc":0.86,"off":[0,1.1]}},{"type":"Feature","geometry":{"type":"Point","coordinates":[20.05702,49.984777]},"properties":{"line":"A8","mode":"bus","color":"#0059a9","colorDark":"#00294f","band":2,"sc":0.86,"off":[3.4,1.1]}},{"type":"Feature","geometry":{"type":"Point","coordinates":[20.05702,49.984777]},"properties":{"line":"A9","mode":"bus","color":"#0059a9","colorDark":"#00294f","band":2,"sc":0.86,"off":[6.8,1.1]}},{"type":"Feature","geometry":{"type":"Point","coordinates":[20.05702,49.984777]},"properties":{"line":"A16","mode":"bus","color":"#0059a9","colorDark":"#00294f","band":2,"sc":0.86,"off":[-6.8,3.1]}},{"type":"Feature","geometry":{"type":"Point","coordinates":[20.05702,49.984777]},"properties":{"line":"A17","mode":"bus","color":"#0059a9","colorDark":"#00294f","band":2,"sc":0.86,"off":[-3.4,3.1]}},{"type":"Feature","geometry":{"type":"Point","coordinates":[20.05702,49.984777]},"properties":{"line":"A19","mode":"bus","color":"#0059a9","colorDark":"#00294f","band":2,"sc":0.86,"off":[0,3.1]}},{"type":"Feature","geometry":{"type":"Point","coordinates":[20.05702,49.984777]},"properties":{"line":"A58","mode":"bus","color":"#0059a9","colorDark":"#00294f","band":2,"sc":0.86,"off":[3.4,3.1]}},{"type":"Feature","geometry":{"type":"Point","coordinates":[20.05702,49.984777]},"properties":{"line":"A59","mode":"bus","color":"#0059a9","colorDark":"#00294f","band":2,"sc":0.86,"off":[6.8,3.1]}},{"type":"Feature","geometry":{"type":"Point","coordinates":[20.05702,49.984777]},"properties":{"line":"B2","mode":"bus","color":"#0059a9","colorDark":"#00294f","band":2,"sc":0.86,"off":[-6.8,5.1]}},{"type":"Feature","geometry":{"type":"Point","coordinates":[20.05702,49.984777]},"properties":{"line":"D2","mode":"bus","color":"#0059a9","colorDark":"#00294f","band":2,"sc":0.86,"off":[-3.4,5.1]}},{"type":"Feature","geometry":{"type":"Point","coordinates":[20.05702,49.984777]},"properties":{"line":"G3","mode":"bus","color":"#0059a9","colorDark":"#00294f","band":2,"sc":0.86,"off":[0,5.1]}},{"type":"Feature","geometry":{"type":"Point","coordinates":[20.05702,49.984777]},"properties":{"line":"G4","mode":"bus","color":"#0059a9","colorDark":"#00294f","band":2,"sc":0.86,"off":[3.4,5.1]}},{"type":"Feature","geometry":{"type":"Point","coordinates":[20.05702,49.984777]},"properties":{"line":"J1","mode":"bus","color":"#0059a9","colorDark":"#00294f","band":2,"sc":0.86,"off":[6.8,5.1]}},{"type":"Feature","geometry":{"type":"Point","coordinates":[20.05702,49.984777]},"properties":{"line":"L1","mode":"bus","color":"#0059a9","colorDark":"#00294f","band":2,"sc":0.86,"off":[-6.8,7.1]}},{"type":"Feature","geometry":{"type":"Point","coordinates":[20.05702,49.984777]},"properties":{"line":"P2","mode":"bus","color":"#0059a9","colorDark":"#00294f","band":2,"sc":0.86,"off":[-3.4,7.1]}},{"type":"Feature","geometry":{"type":"Point","coordinates":[20.05702,49.984777]},"properties":{"line":"R2","mode":"bus","color":"#0059a9","colorDark":"#00294f","band":2,"sc":0.86,"off":[0,7.1]}},{"type":"Feature","geometry":{"type":"Point","coordinates":[20.05702,49.984777]},"properties":{"line":"W2","mode":"bus","color":"#0059a9","colorDark":"#00294f","band":2,"sc":0.86,"off":[3.4,7.1]}},{"type":"Feature","geometry":{"type":"Point","coordinates":[20.05702,49.984777]},"properties":{"line":"Z1","mode":"bus","color":"#0059a9","colorDark":"#00294f","band":2,"sc":0.86,"off":[6.8,7.1]}},{"type":"Feature","geometry":{"type":"Point","coordinates":[19.973934,49.954175]},"properties":{"name":"Ochojno Remiza","band":2,"modes":"bus","arr":["285"],"off":[0,-0.8]}},{"type":"Feature","geometry":{"type":"Point","coordinates":[19.973934,49.954175]},"properties":{"line":"285","mode":"bus","color":"#0059a9","colorDark":"#00294f","band":2,"off":[0,1.1]}},{"type":"Feature","geometry":{"type":"Point","coordinates":[20.0121,50.117109]},"properties":{"name":"Dziekanowice Kapliczka","band":2,"modes":"bus","arr":["297"],"off":[0,-0.8]}},{"type":"Feature","geometry":{"type":"Point","coordinates":[20.0121,50.117109]},"properties":{"line":"297","mode":"bus","color":"#0059a9","colorDark":"#00294f","band":2,"off":[0,1.1]}},{"type":"Feature","geometry":{"type":"Point","coordinates":[19.978456,50.158875]},"properties":{"name":"Michałowice P+R","band":2,"modes":"bus","arr":["307"],"off":[0,-0.8]}},{"type":"Feature","geometry":{"type":"Point","coordinates":[19.978456,50.158875]},"properties":{"line":"307","mode":"bus","color":"#0059a9","colorDark":"#00294f","band":2,"off":[0,1.1]}},{"type":"Feature","geometry":{"type":"Point","coordinates":[19.747301,50.158629]},"properties":{"name":"Będkowice Pętla","band":2,"modes":"bus","arr":["310","910"],"off":[0,-0.8]}},{"type":"Feature","geometry":{"type":"Point","coordinates":[19.747301,50.158629]},"properties":{"line":"310","mode":"bus","color":"#0059a9","colorDark":"#00294f","band":2,"off":[-1.7,1.1]}},{"type":"Feature","geometry":{"type":"Point","coordinates":[19.747301,50.158629]},"properties":{"line":"910","mode":"bus","color":"#000000","colorDark":"#000000","band":2,"off":[1.7,1.1]}},{"type":"Feature","geometry":{"type":"Point","coordinates":[19.885916,50.10939]},"properties":{"name":"Tonie","band":2,"modes":"bus","arr":["420"],"off":[0,-0.8]}},{"type":"Feature","geometry":{"type":"Point","coordinates":[19.885916,50.10939]},"properties":{"line":"420","mode":"bus","color":"#0059a9","colorDark":"#00294f","band":2,"off":[0,1.1]}},{"type":"Feature","geometry":{"type":"Point","coordinates":[19.984161,50.077034]},"properties":{"name":"Ugorek","band":2,"modes":"bus","arr":["424"],"off":[0,-0.8]}},{"type":"Feature","geometry":{"type":"Point","coordinates":[19.984161,50.077034]},"properties":{"line":"424","mode":"bus","color":"#0059a9","colorDark":"#00294f","band":2,"off":[0,1.1]}},{"type":"Feature","geometry":{"type":"Point","coordinates":[19.923684,50.100575]},"properties":{"name":"Prądnik Biały Zachód","band":2,"modes":"bus","arr":["513"],"off":[0,-0.8]}},{"type":"Feature","geometry":{"type":"Point","coordinates":[19.923684,50.100575]},"properties":{"line":"513","mode":"bus","color":"#0059a9","colorDark":"#00294f","band":2,"off":[0,1.1]}},{"type":"Feature","geometry":{"type":"Point","coordinates":[19.831268,50.212833]},"properties":{"name":"Ojców Zamek","band":2,"modes":"bus","arr":["LR0"],"off":[0,-0.8]}},{"type":"Feature","geometry":{"type":"Point","coordinates":[19.831268,50.212833]},"properties":{"line":"LR0","mode":"bus","color":"#0059a9","colorDark":"#00294f","band":2,"off":[0,1.1]}},{"type":"Feature","geometry":{"type":"Point","coordinates":[19.936843,50.03044]},"properties":{"name":"Łagiewniki","band":2,"modes":"bus","arr":["915"],"off":[0,-0.8]}},{"type":"Feature","geometry":{"type":"Point","coordinates":[19.936843,50.03044]},"properties":{"line":"915","mode":"bus","color":"#000000","colorDark":"#000000","band":2,"off":[0,1.1]}},{"type":"Feature","geometry":{"type":"Point","coordinates":[19.948389,49.834494]},"properties":{"name":"Myślenice D.A.","band":2,"modes":"bus","arr":["A1","A2","A11","A16","A41"],"off":[0,-0.8]}},{"type":"Feature","geometry":{"type":"Point","coordinates":[19.948389,49.834494]},"properties":{"line":"A1","mode":"bus","color":"#0059a9","colorDark":"#00294f","band":2,"off":[-6.8,1.1]}},{"type":"Feature","geometry":{"type":"Point","coordinates":[19.948389,49.834494]},"properties":{"line":"A2","mode":"bus","color":"#0059a9","colorDark":"#00294f","band":2,"off":[-3.4,1.1]}},{"type":"Feature","geometry":{"type":"Point","coordinates":[19.948389,49.834494]},"properties":{"line":"A11","mode":"bus","color":"#0059a9","colorDark":"#00294f","band":2,"off":[0,1.1]}},{"type":"Feature","geometry":{"type":"Point","coordinates":[19.948389,49.834494]},"properties":{"line":"A16","mode":"bus","color":"#0059a9","colorDark":"#00294f","band":2,"off":[3.4,1.1]}},{"type":"Feature","geometry":{"type":"Point","coordinates":[19.948389,49.834494]},"properties":{"line":"A41","mode":"bus","color":"#0059a9","colorDark":"#00294f","band":2,"off":[6.8,1.1]}},{"type":"Feature","geometry":{"type":"Point","coordinates":[19.94941,50.067289]},"properties":{"name":"Kraków MDA","band":2,"modes":"bus","arr":["A1","A12","A13","A14","A40","A44","A56","A64","A67","A73"],"off":[0,-0.8]}},{"type":"Feature","geometry":{"type":"Point","coordinates":[19.94941,50.067289]},"properties":{"line":"A1","mode":"bus","color":"#0059a9","colorDark":"#00294f","band":2,"off":[-6.8,1.1]}},{"type":"Feature","geometry":{"type":"Point","coordinates":[19.94941,50.067289]},"properties":{"line":"A12","mode":"bus","color":"#0059a9","colorDark":"#00294f","band":2,"off":[-3.4,1.1]}},{"type":"Feature","geometry":{"type":"Point","coordinates":[19.94941,50.067289]},"properties":{"line":"A13","mode":"bus","color":"#0059a9","colorDark":"#00294f","band":2,"off":[0,1.1]}},{"type":"Feature","geometry":{"type":"Point","coordinates":[19.94941,50.067289]},"properties":{"line":"A14","mode":"bus","color":"#0059a9","colorDark":"#00294f","band":2,"off":[3.4,1.1]}},{"type":"Feature","geometry":{"type":"Point","coordinates":[19.94941,50.067289]},"properties":{"line":"A40","mode":"bus","color":"#0059a9","colorDark":"#00294f","band":2,"off":[6.8,1.1]}},{"type":"Feature","geometry":{"type":"Point","coordinates":[19.94941,50.067289]},"properties":{"line":"A44","mode":"bus","color":"#0059a9","colorDark":"#00294f","band":2,"off":[-6.8,3.1]}},{"type":"Feature","geometry":{"type":"Point","coordinates":[19.94941,50.067289]},"properties":{"line":"A56","mode":"bus","color":"#0059a9","colorDark":"#00294f","band":2,"off":[-3.4,3.1]}},{"type":"Feature","geometry":{"type":"Point","coordinates":[19.94941,50.067289]},"properties":{"line":"A64","mode":"bus","color":"#0059a9","colorDark":"#00294f","band":2,"off":[0,3.1]}},{"type":"Feature","geometry":{"type":"Point","coordinates":[19.94941,50.067289]},"properties":{"line":"A67","mode":"bus","color":"#0059a9","colorDark":"#00294f","band":2,"off":[3.4,3.1]}},{"type":"Feature","geometry":{"type":"Point","coordinates":[19.94941,50.067289]},"properties":{"line":"A73","mode":"bus","color":"#0059a9","colorDark":"#00294f","band":2,"off":[6.8,3.1]}},{"type":"Feature","geometry":{"type":"Point","coordinates":[20.420482,49.699222]},"properties":{"name":"Limanowa Zygmunta Augusta","band":2,"modes":"bus","arr":["A3","A9"],"off":[0,-0.8]}},{"type":"Feature","geometry":{"type":"Point","coordinates":[20.420482,49.699222]},"properties":{"line":"A3","mode":"bus","color":"#0059a9","colorDark":"#00294f","band":2,"off":[-1.7,1.1]}},{"type":"Feature","geometry":{"type":"Point","coordinates":[20.420482,49.699222]},"properties":{"line":"A9","mode":"bus","color":"#0059a9","colorDark":"#00294f","band":2,"off":[1.7,1.1]}},{"type":"Feature","geometry":{"type":"Point","coordinates":[20.432592,49.970108]},"properties":{"name":"Bochnia pl. Gen. Kazimierza Pułaskiego","band":2,"modes":"bus","arr":["A26"],"off":[0,-0.8]}},{"type":"Feature","geometry":{"type":"Point","coordinates":[20.432592,49.970108]},"properties":{"line":"A26","mode":"bus","color":"#0059a9","colorDark":"#00294f","band":2,"off":[0,1.1]}},{"type":"Feature","geometry":{"type":"Point","coordinates":[20.431759,49.976893]},"properties":{"name":"Bochnia Dworzec PKP","band":2,"modes":"bus","arr":["A3","A4","A20","A65"],"off":[0,-0.8]}},{"type":"Feature","geometry":{"type":"Point","coordinates":[20.431759,49.976893]},"properties":{"line":"A3","mode":"bus","color":"#0059a9","colorDark":"#00294f","band":2,"off":[-5.1,1.1]}},{"type":"Feature","geometry":{"type":"Point","coordinates":[20.431759,49.976893]},"properties":{"line":"A4","mode":"bus","color":"#0059a9","colorDark":"#00294f","band":2,"off":[-1.7,1.1]}},{"type":"Feature","geometry":{"type":"Point","coordinates":[20.431759,49.976893]},"properties":{"line":"A20","mode":"bus","color":"#0059a9","colorDark":"#00294f","band":2,"off":[1.7,1.1]}},{"type":"Feature","geometry":{"type":"Point","coordinates":[20.431759,49.976893]},"properties":{"line":"A65","mode":"bus","color":"#0059a9","colorDark":"#00294f","band":2,"off":[5.1,1.1]}},{"type":"Feature","geometry":{"type":"Point","coordinates":[20.376855,50.132109]},"properties":{"name":"Nowe Brzesko Rynek","band":2,"modes":"bus","arr":["A4","A65"],"off":[0,-0.8]}},{"type":"Feature","geometry":{"type":"Point","coordinates":[20.376855,50.132109]},"properties":{"line":"A4","mode":"bus","color":"#0059a9","colorDark":"#00294f","band":2,"off":[-1.7,1.1]}},{"type":"Feature","geometry":{"type":"Point","coordinates":[20.376855,50.132109]},"properties":{"line":"A65","mode":"bus","color":"#0059a9","colorDark":"#00294f","band":2,"off":[1.7,1.1]}},{"type":"Feature","geometry":{"type":"Point","coordinates":[20.58182,50.17511]},"properties":{"name":"Koszyce","band":2,"modes":"bus","arr":["A5","A57"],"off":[0,-0.8]}},{"type":"Feature","geometry":{"type":"Point","coordinates":[20.58182,50.17511]},"properties":{"line":"A5","mode":"bus","color":"#0059a9","colorDark":"#00294f","band":2,"off":[-1.7,1.1]}},{"type":"Feature","geometry":{"type":"Point","coordinates":[20.58182,50.17511]},"properties":{"line":"A57","mode":"bus","color":"#0059a9","colorDark":"#00294f","band":2,"off":[1.7,1.1]}},{"type":"Feature","geometry":{"type":"Point","coordinates":[20.61639,49.9716]},"properties":{"name":"Brzesko D.A.","band":2,"modes":"bus","arr":["A5"],"off":[0,-0.8]}},{"type":"Feature","geometry":{"type":"Point","coordinates":[20.61639,49.9716]},"properties":{"line":"A5","mode":"bus","color":"#0059a9","colorDark":"#00294f","band":2,"off":[0,1.1]}},{"type":"Feature","geometry":{"type":"Point","coordinates":[20.291618,49.864491]},"properties":{"name":"Łapanów Rynek","band":2,"modes":"bus","arr":["A6"],"off":[0,-0.8]}},{"type":"Feature","geometry":{"type":"Point","coordinates":[20.291618,49.864491]},"properties":{"line":"A6","mode":"bus","color":"#0059a9","colorDark":"#00294f","band":2,"off":[0,1.1]}},{"type":"Feature","geometry":{"type":"Point","coordinates":[20.27517,50.19502]},"properties":{"name":"Proszowice P+R Kościuszki","band":2,"modes":"bus","arr":["A7","A37","A50"],"off":[0,-0.8]}},{"type":"Feature","geometry":{"type":"Point","coordinates":[20.27517,50.19502]},"properties":{"line":"A7","mode":"bus","color":"#0059a9","colorDark":"#00294f","band":2,"off":[-3.4,1.1]}},{"type":"Feature","geometry":{"type":"Point","coordinates":[20.27517,50.19502]},"properties":{"line":"A37","mode":"bus","color":"#0059a9","colorDark":"#00294f","band":2,"off":[0,1.1]}},{"type":"Feature","geometry":{"type":"Point","coordinates":[20.27517,50.19502]},"properties":{"line":"A50","mode":"bus","color":"#0059a9","colorDark":"#00294f","band":2,"off":[3.4,1.1]}},{"type":"Feature","geometry":{"type":"Point","coordinates":[20.297952,50.186246]},"properties":{"name":"Proszowice Szpital","band":2,"modes":"bus","arr":["A67"],"off":[0,-0.8]}},{"type":"Feature","geometry":{"type":"Point","coordinates":[20.297952,50.186246]},"properties":{"line":"A67","mode":"bus","color":"#0059a9","colorDark":"#00294f","band":2,"off":[0,1.1]}},{"type":"Feature","geometry":{"type":"Point","coordinates":[20.16978,50.01855]},"properties":{"name":"Podłęże P+R Północ","band":2,"modes":"bus","arr":["A7","A37"],"off":[0,-0.8]}},{"type":"Feature","geometry":{"type":"Point","coordinates":[20.16978,50.01855]},"properties":{"line":"A7","mode":"bus","color":"#0059a9","colorDark":"#00294f","band":2,"off":[-1.7,1.1]}},{"type":"Feature","geometry":{"type":"Point","coordinates":[20.16978,50.01855]},"properties":{"line":"A37","mode":"bus","color":"#0059a9","colorDark":"#00294f","band":2,"off":[1.7,1.1]}},{"type":"Feature","geometry":{"type":"Point","coordinates":[20.094816,49.879614]},"properties":{"name":"Dobczyce Witosa (pętla)","band":2,"modes":"bus","arr":["A17","A49"],"off":[0,-0.8]}},{"type":"Feature","geometry":{"type":"Point","coordinates":[20.094816,49.879614]},"properties":{"line":"A17","mode":"bus","color":"#0059a9","colorDark":"#00294f","band":2,"off":[-1.7,1.1]}},{"type":"Feature","geometry":{"type":"Point","coordinates":[20.094816,49.879614]},"properties":{"line":"A49","mode":"bus","color":"#0059a9","colorDark":"#00294f","band":2,"off":[1.7,1.1]}},{"type":"Feature","geometry":{"type":"Point","coordinates":[20.171366,49.802898]},"properties":{"name":"Pogorzany Diabli Kamień","band":2,"modes":"bus","arr":["A8"],"off":[0,-0.8]}},{"type":"Feature","geometry":{"type":"Point","coordinates":[20.171366,49.802898]},"properties":{"line":"A8","mode":"bus","color":"#0059a9","colorDark":"#00294f","band":2,"off":[0,1.1]}},{"type":"Feature","geometry":{"type":"Point","coordinates":[19.574696,50.274863]},"properties":{"name":"Olkusz Dworzec PKS","band":2,"modes":"bus","arr":["A10","A12","A13","A48"],"off":[0,-0.8]}},{"type":"Feature","geometry":{"type":"Point","coordinates":[19.574696,50.274863]},"properties":{"name":"Olkusz Dworzec PKP","band":2,"modes":"bus","arr":["A10","A12","A13","A48"],"off":[0,-1.9]}},{"type":"Feature","geometry":{"type":"Point","coordinates":[19.574696,50.274863]},"properties":{"line":"A10","mode":"bus","color":"#0059a9","colorDark":"#00294f","band":2,"off":[-5.1,1.1]}},{"type":"Feature","geometry":{"type":"Point","coordinates":[19.574696,50.274863]},"properties":{"line":"A12","mode":"bus","color":"#0059a9","colorDark":"#00294f","band":2,"off":[-1.7,1.1]}},{"type":"Feature","geometry":{"type":"Point","coordinates":[19.574696,50.274863]},"properties":{"line":"A13","mode":"bus","color":"#0059a9","colorDark":"#00294f","band":2,"off":[1.7,1.1]}},{"type":"Feature","geometry":{"type":"Point","coordinates":[19.574696,50.274863]},"properties":{"line":"A48","mode":"bus","color":"#0059a9","colorDark":"#00294f","band":2,"off":[5.1,1.1]}},{"type":"Feature","geometry":{"type":"Point","coordinates":[19.633728,50.131202]},"properties":{"name":"Krzeszowice Dworzec PKP","band":2,"modes":"bus","arr":["A10","A42"],"off":[0,-0.8]}},{"type":"Feature","geometry":{"type":"Point","coordinates":[19.633728,50.131202]},"properties":{"line":"A10","mode":"bus","color":"#0059a9","colorDark":"#00294f","band":2,"off":[-1.7,1.1]}},{"type":"Feature","geometry":{"type":"Point","coordinates":[19.633728,50.131202]},"properties":{"line":"A42","mode":"bus","color":"#0059a9","colorDark":"#00294f","band":2,"off":[1.7,1.1]}},{"type":"Feature","geometry":{"type":"Point","coordinates":[20.084014,49.583957]},"properties":{"name":"Poręba Wielka Koninki Ośrodek Narciarski","band":2,"modes":"bus","arr":["A11"],"off":[0,-0.8]}},{"type":"Feature","geometry":{"type":"Point","coordinates":[20.084014,49.583957]},"properties":{"line":"A11","mode":"bus","color":"#0059a9","colorDark":"#00294f","band":2,"off":[0,1.1]}},{"type":"Feature","geometry":{"type":"Point","coordinates":[20.076793,49.674979]},"properties":{"name":"Mszana Dolna Dworzec Autobusowy","band":2,"modes":"bus","arr":["A41"],"off":[0,-0.8]}},{"type":"Feature","geometry":{"type":"Point","coordinates":[20.076793,49.674979]},"properties":{"line":"A41","mode":"bus","color":"#0059a9","colorDark":"#00294f","band":2,"off":[0,1.1]}},{"type":"Feature","geometry":{"type":"Point","coordinates":[19.82097,49.35166]},"properties":{"name":"Chochołów Chochołowskie Termy","band":2,"modes":"bus","arr":["A15"],"off":[0,-0.8]}},{"type":"Feature","geometry":{"type":"Point","coordinates":[19.82097,49.35166]},"properties":{"line":"A15","mode":"bus","color":"#0059a9","colorDark":"#00294f","band":2,"off":[0,1.1]}},{"type":"Feature","geometry":{"type":"Point","coordinates":[20.097066,49.330218]},"properties":{"name":"Bukowina Tatrzańska Klin","band":2,"modes":"bus","arr":["A32"],"off":[0,-0.8]}},{"type":"Feature","geometry":{"type":"Point","coordinates":[20.097066,49.330218]},"properties":{"line":"A32","mode":"bus","color":"#0059a9","colorDark":"#00294f","band":2,"off":[0,1.1]}},{"type":"Feature","geometry":{"type":"Point","coordinates":[20.323252,49.960628]},"properties":{"name":"Siedlec Centrum","band":2,"modes":"bus","arr":["A18"],"off":[0,-0.8]}},{"type":"Feature","geometry":{"type":"Point","coordinates":[20.323252,49.960628]},"properties":{"line":"A18","mode":"bus","color":"#0059a9","colorDark":"#00294f","band":2,"off":[0,1.1]}},{"type":"Feature","geometry":{"type":"Point","coordinates":[19.930844,49.914014]},"properties":{"name":"Olszowice Pętla","band":2,"modes":"bus","arr":["A19"],"off":[0,-0.8]}},{"type":"Feature","geometry":{"type":"Point","coordinates":[19.930844,49.914014]},"properties":{"line":"A19","mode":"bus","color":"#0059a9","colorDark":"#00294f","band":2,"off":[0,1.1]}},{"type":"Feature","geometry":{"type":"Point","coordinates":[20.532861,49.827572]},"properties":{"name":"Iwkowa Nagórze Pętla","band":2,"modes":"bus","arr":["A20"],"off":[0,-0.8]}},{"type":"Feature","geometry":{"type":"Point","coordinates":[20.532861,49.827572]},"properties":{"line":"A20","mode":"bus","color":"#0059a9","colorDark":"#00294f","band":2,"off":[0,1.1]}},{"type":"Feature","geometry":{"type":"Point","coordinates":[20.698473,49.617217]},"properties":{"name":"Nowy Sącz MDA","band":2,"modes":"bus","arr":["A21","A22"],"off":[0,-0.8]}},{"type":"Feature","geometry":{"type":"Point","coordinates":[20.698473,49.617217]},"properties":{"line":"A21","mode":"bus","color":"#0059a9","colorDark":"#00294f","band":2,"off":[-1.7,1.1]}},{"type":"Feature","geometry":{"type":"Point","coordinates":[20.698473,49.617217]},"properties":{"line":"A22","mode":"bus","color":"#0059a9","colorDark":"#00294f","band":2,"off":[1.7,1.1]}},{"type":"Feature","geometry":{"type":"Point","coordinates":[20.015455,49.473924]},"properties":{"name":"Nowy Targ Dworzec Kolejowy","band":2,"modes":"bus","arr":["A21","A45"],"off":[0,-0.8]}},{"type":"Feature","geometry":{"type":"Point","coordinates":[20.015455,49.473924]},"properties":{"line":"A21","mode":"bus","color":"#0059a9","colorDark":"#00294f","band":2,"off":[-1.7,1.1]}},{"type":"Feature","geometry":{"type":"Point","coordinates":[20.015455,49.473924]},"properties":{"line":"A45","mode":"bus","color":"#0059a9","colorDark":"#00294f","band":2,"off":[1.7,1.1]}},{"type":"Feature","geometry":{"type":"Point","coordinates":[20.84848,49.960321]},"properties":{"name":"Wojnicz Cmentarz","band":2,"modes":"bus","arr":["A74"],"off":[0,-0.8]}},{"type":"Feature","geometry":{"type":"Point","coordinates":[20.84848,49.960321]},"properties":{"line":"A74","mode":"bus","color":"#0059a9","colorDark":"#00294f","band":2,"off":[0,1.1]}},{"type":"Feature","geometry":{"type":"Point","coordinates":[20.974248,50.005912]},"properties":{"name":"Tarnów Dworzec Autobusowy","band":2,"modes":"bus,metro","arr":["A22","A23","A28","A34","A36","A38","A39","A46","A55","A62","A63","SKA3"],"off":[0,-0.8]}},{"type":"Feature","geometry":{"type":"Point","coordinates":[20.974248,50.005912]},"properties":{"name":"Tarnów","band":2,"modes":"bus,metro","arr":["A22","A23","A28","A34","A36","A38","A39","A46","A55","A62","A63","SKA3"],"off":[0,-3]}},{"type":"Feature","geometry":{"type":"Point","coordinates":[20.974248,50.005912]},"properties":{"line":"A22","mode":"bus","color":"#0059a9","colorDark":"#00294f","band":2,"off":[-6.8,1.1]}},{"type":"Feature","geometry":{"type":"Point","coordinates":[20.974248,50.005912]},"properties":{"line":"A23","mode":"bus","color":"#0059a9","colorDark":"#00294f","band":2,"off":[-3.4,1.1]}},{"type":"Feature","geometry":{"type":"Point","coordinates":[20.974248,50.005912]},"properties":{"line":"A28","mode":"bus","color":"#0059a9","colorDark":"#00294f","band":2,"off":[0,1.1]}},{"type":"Feature","geometry":{"type":"Point","coordinates":[20.974248,50.005912]},"properties":{"line":"A34","mode":"bus","color":"#0059a9","colorDark":"#00294f","band":2,"off":[3.4,1.1]}},{"type":"Feature","geometry":{"type":"Point","coordinates":[20.974248,50.005912]},"properties":{"line":"A36","mode":"bus","color":"#0059a9","colorDark":"#00294f","band":2,"off":[6.8,1.1]}},{"type":"Feature","geometry":{"type":"Point","coordinates":[20.974248,50.005912]},"properties":{"line":"A38","mode":"bus","color":"#0059a9","colorDark":"#00294f","band":2,"off":[-6.8,3.1]}},{"type":"Feature","geometry":{"type":"Point","coordinates":[20.974248,50.005912]},"properties":{"line":"A39","mode":"bus","color":"#0059a9","colorDark":"#00294f","band":2,"off":[-3.4,3.1]}},{"type":"Feature","geometry":{"type":"Point","coordinates":[20.974248,50.005912]},"properties":{"line":"A46","mode":"bus","color":"#0059a9","colorDark":"#00294f","band":2,"off":[0,3.1]}},{"type":"Feature","geometry":{"type":"Point","coordinates":[20.974248,50.005912]},"properties":{"line":"A55","mode":"bus","color":"#0059a9","colorDark":"#00294f","band":2,"off":[3.4,3.1]}},{"type":"Feature","geometry":{"type":"Point","coordinates":[20.974248,50.005912]},"properties":{"line":"A62","mode":"bus","color":"#0059a9","colorDark":"#00294f","band":2,"off":[6.8,3.1]}},{"type":"Feature","geometry":{"type":"Point","coordinates":[20.974248,50.005912]},"properties":{"line":"A63","mode":"bus","color":"#0059a9","colorDark":"#00294f","band":2,"off":[-1.7,5.1]}},{"type":"Feature","geometry":{"type":"Point","coordinates":[20.974248,50.005912]},"properties":{"line":"SKA3","mode":"tram","color":"#F2C43B","colorDark":"#856c20","band":2,"metro":1,"off":[1.7,5.1]}},{"type":"Feature","geometry":{"type":"Point","coordinates":[20.976542,50.0105]},"properties":{"name":"Tarnów Sikorskiego","band":2,"modes":"bus","arr":["A26","A51","A52","A54"],"off":[0,-0.8]}},{"type":"Feature","geometry":{"type":"Point","coordinates":[20.976542,50.0105]},"properties":{"line":"A26","mode":"bus","color":"#0059a9","colorDark":"#00294f","band":2,"off":[-5.1,1.1]}},{"type":"Feature","geometry":{"type":"Point","coordinates":[20.976542,50.0105]},"properties":{"line":"A51","mode":"bus","color":"#0059a9","colorDark":"#00294f","band":2,"off":[-1.7,1.1]}},{"type":"Feature","geometry":{"type":"Point","coordinates":[20.976542,50.0105]},"properties":{"line":"A52","mode":"bus","color":"#0059a9","colorDark":"#00294f","band":2,"off":[1.7,1.1]}},{"type":"Feature","geometry":{"type":"Point","coordinates":[20.976542,50.0105]},"properties":{"line":"A54","mode":"bus","color":"#0059a9","colorDark":"#00294f","band":2,"off":[5.1,1.1]}},{"type":"Feature","geometry":{"type":"Point","coordinates":[20.975541,50.007989]},"properties":{"name":"Tarnów Krakowska – Planty","band":2,"modes":"bus","arr":["A26","A51","A52","A54"],"off":[0,-0.8]}},{"type":"Feature","geometry":{"type":"Point","coordinates":[20.975541,50.007989]},"properties":{"line":"A26","mode":"bus","color":"#0059a9","colorDark":"#00294f","band":2,"off":[-5.1,1.1]}},{"type":"Feature","geometry":{"type":"Point","coordinates":[20.975541,50.007989]},"properties":{"line":"A51","mode":"bus","color":"#0059a9","colorDark":"#00294f","band":2,"off":[-1.7,1.1]}},{"type":"Feature","geometry":{"type":"Point","coordinates":[20.975541,50.007989]},"properties":{"line":"A52","mode":"bus","color":"#0059a9","colorDark":"#00294f","band":2,"off":[1.7,1.1]}},{"type":"Feature","geometry":{"type":"Point","coordinates":[20.975541,50.007989]},"properties":{"line":"A54","mode":"bus","color":"#0059a9","colorDark":"#00294f","band":2,"off":[5.1,1.1]}},{"type":"Feature","geometry":{"type":"Point","coordinates":[21.181862,49.441463]},"properties":{"name":"Wysowa Zdrój Sanatorium Beskid","band":2,"modes":"bus","arr":["A23"],"off":[0,-0.8]}},{"type":"Feature","geometry":{"type":"Point","coordinates":[21.181862,49.441463]},"properties":{"line":"A23","mode":"bus","color":"#0059a9","colorDark":"#00294f","band":2,"off":[0,1.1]}},{"type":"Feature","geometry":{"type":"Point","coordinates":[21.044587,50.080646]},"properties":{"name":"Lisia Góra Szkoła","band":2,"modes":"bus","arr":["A24"],"off":[0,-0.8]}},{"type":"Feature","geometry":{"type":"Point","coordinates":[21.044587,50.080646]},"properties":{"line":"A24","mode":"bus","color":"#0059a9","colorDark":"#00294f","band":2,"off":[0,1.1]}},{"type":"Feature","geometry":{"type":"Point","coordinates":[20.924457,50.014914]},"properties":{"name":"Tarnów Mościce - Plac","band":2,"modes":"bus","arr":["A24","A27","A74"],"off":[0,-0.8]}},{"type":"Feature","geometry":{"type":"Point","coordinates":[20.924457,50.014914]},"properties":{"line":"A24","mode":"bus","color":"#0059a9","colorDark":"#00294f","band":2,"off":[-3.4,1.1]}},{"type":"Feature","geometry":{"type":"Point","coordinates":[20.924457,50.014914]},"properties":{"line":"A27","mode":"bus","color":"#0059a9","colorDark":"#00294f","band":2,"off":[0,1.1]}},{"type":"Feature","geometry":{"type":"Point","coordinates":[20.924457,50.014914]},"properties":{"line":"A74","mode":"bus","color":"#0059a9","colorDark":"#00294f","band":2,"off":[3.4,1.1]}},{"type":"Feature","geometry":{"type":"Point","coordinates":[19.350868,49.855681]},"properties":{"name":"Andrychów D.A.","band":2,"modes":"bus","arr":["A25","A47"],"off":[0,-0.8]}},{"type":"Feature","geometry":{"type":"Point","coordinates":[19.350868,49.855681]},"properties":{"line":"A25","mode":"bus","color":"#0059a9","colorDark":"#00294f","band":2,"off":[-1.7,1.1]}},{"type":"Feature","geometry":{"type":"Point","coordinates":[19.350868,49.855681]},"properties":{"line":"A47","mode":"bus","color":"#0059a9","colorDark":"#00294f","band":2,"off":[1.7,1.1]}},{"type":"Feature","geometry":{"type":"Point","coordinates":[19.488261,50.02428]},"properties":{"name":"Smolice Lipowa","band":2,"modes":"bus","arr":["A25"],"off":[0,-0.8]}},{"type":"Feature","geometry":{"type":"Point","coordinates":[19.488261,50.02428]},"properties":{"line":"A25","mode":"bus","color":"#0059a9","colorDark":"#00294f","band":2,"off":[0,1.1]}},{"type":"Feature","geometry":{"type":"Point","coordinates":[21.011654,49.97332]},"properties":{"name":"Zawada - Pętla","band":2,"modes":"bus","arr":["A27"],"off":[0,-0.8]}},{"type":"Feature","geometry":{"type":"Point","coordinates":[21.011654,49.97332]},"properties":{"line":"A27","mode":"bus","color":"#0059a9","colorDark":"#00294f","band":2,"off":[0,1.1]}},{"type":"Feature","geometry":{"type":"Point","coordinates":[20.992546,50.020025]},"properties":{"name":"Tarnów Marszałka","band":2,"modes":"bus","arr":["A29","A30"],"off":[0,-0.8]}},{"type":"Feature","geometry":{"type":"Point","coordinates":[20.992546,50.020025]},"properties":{"line":"A29","mode":"bus","color":"#0059a9","colorDark":"#00294f","band":2,"off":[-1.7,1.1]}},{"type":"Feature","geometry":{"type":"Point","coordinates":[20.992546,50.020025]},"properties":{"line":"A30","mode":"bus","color":"#0059a9","colorDark":"#00294f","band":2,"off":[1.7,1.1]}},{"type":"Feature","geometry":{"type":"Point","coordinates":[20.899626,49.946644]},"properties":{"name":"Szczepanowice - Zatoka","band":2,"modes":"bus","arr":["A31"],"off":[0,-0.8]}},{"type":"Feature","geometry":{"type":"Point","coordinates":[20.899626,49.946644]},"properties":{"line":"A31","mode":"bus","color":"#0059a9","colorDark":"#00294f","band":2,"off":[0,1.1]}},{"type":"Feature","geometry":{"type":"Point","coordinates":[20.957349,49.953033]},"properties":{"name":"Świebodzin - Kłokowa PKP","band":2,"modes":"bus","arr":["A31"],"off":[0,-0.8]}},{"type":"Feature","geometry":{"type":"Point","coordinates":[20.957349,49.953033]},"properties":{"line":"A31","mode":"bus","color":"#0059a9","colorDark":"#00294f","band":2,"off":[0,1.1]}},{"type":"Feature","geometry":{"type":"Point","coordinates":[19.784212,49.569497]},"properties":{"name":"Spytkowice Szkoła","band":2,"modes":"bus","arr":["A32"],"off":[0,-0.8]}},{"type":"Feature","geometry":{"type":"Point","coordinates":[19.784212,49.569497]},"properties":{"line":"A32","mode":"bus","color":"#0059a9","colorDark":"#00294f","band":2,"off":[0,1.1]}},{"type":"Feature","geometry":{"type":"Point","coordinates":[20.191908,49.413044]},"properties":{"name":"Dursztyn Kościół","band":2,"modes":"bus","arr":["A33"],"off":[0,-0.8]}},{"type":"Feature","geometry":{"type":"Point","coordinates":[20.191908,49.413044]},"properties":{"line":"A33","mode":"bus","color":"#0059a9","colorDark":"#00294f","band":2,"off":[0,1.1]}},{"type":"Feature","geometry":{"type":"Point","coordinates":[20.55239,49.407955]},"properties":{"name":"Jaworki Czarna Woda","band":2,"modes":"bus","arr":["A33"],"off":[0,-0.8]}},{"type":"Feature","geometry":{"type":"Point","coordinates":[20.55239,49.407955]},"properties":{"line":"A33","mode":"bus","color":"#0059a9","colorDark":"#00294f","band":2,"off":[0,1.1]}},{"type":"Feature","geometry":{"type":"Point","coordinates":[21.135156,50.066939]},"properties":{"name":"Jodłówka - Wałki - Dół","band":2,"modes":"bus","arr":["A34","A35"],"off":[0,-0.8]}},{"type":"Feature","geometry":{"type":"Point","coordinates":[21.135156,50.066939]},"properties":{"line":"A34","mode":"bus","color":"#0059a9","colorDark":"#00294f","band":2,"off":[-1.7,1.1]}},{"type":"Feature","geometry":{"type":"Point","coordinates":[21.135156,50.066939]},"properties":{"line":"A35","mode":"bus","color":"#0059a9","colorDark":"#00294f","band":2,"off":[1.7,1.1]}},{"type":"Feature","geometry":{"type":"Point","coordinates":[20.957142,49.888792]},"properties":{"name":"Lichwin - Centrum","band":2,"modes":"bus","arr":["A35"],"off":[0,-0.8]}},{"type":"Feature","geometry":{"type":"Point","coordinates":[20.957142,49.888792]},"properties":{"line":"A35","mode":"bus","color":"#0059a9","colorDark":"#00294f","band":2,"off":[0,1.1]}},{"type":"Feature","geometry":{"type":"Point","coordinates":[20.975936,50.177928]},"properties":{"name":"Dąbrowa Tarnowska Szpitalna","band":2,"modes":"bus","arr":["A36"],"off":[0,-0.8]}},{"type":"Feature","geometry":{"type":"Point","coordinates":[20.975936,50.177928]},"properties":{"line":"A36","mode":"bus","color":"#0059a9","colorDark":"#00294f","band":2,"off":[0,1.1]}},{"type":"Feature","geometry":{"type":"Point","coordinates":[21.182811,50.117828]},"properties":{"name":"Nowa Jastrząbka - Podlesie","band":2,"modes":"bus","arr":["A38"],"off":[0,-0.8]}},{"type":"Feature","geometry":{"type":"Point","coordinates":[21.182811,50.117828]},"properties":{"line":"A38","mode":"bus","color":"#0059a9","colorDark":"#00294f","band":2,"off":[0,1.1]}},{"type":"Feature","geometry":{"type":"Point","coordinates":[21.09366,50.073005]},"properties":{"name":"Zaczarnie - Pętla","band":2,"modes":"bus","arr":["A39"],"off":[0,-0.8]}},{"type":"Feature","geometry":{"type":"Point","coordinates":[21.09366,50.073005]},"properties":{"line":"A39","mode":"bus","color":"#0059a9","colorDark":"#00294f","band":2,"off":[0,1.1]}},{"type":"Feature","geometry":{"type":"Point","coordinates":[19.226801,49.866277]},"properties":{"name":"Kęty Grupa Kęty","band":2,"modes":"bus","arr":["A40"],"off":[0,-0.8]}},{"type":"Feature","geometry":{"type":"Point","coordinates":[19.226801,49.866277]},"properties":{"line":"A40","mode":"bus","color":"#0059a9","colorDark":"#00294f","band":2,"off":[0,1.1]}},{"type":"Feature","geometry":{"type":"Point","coordinates":[19.681939,49.86638]},"properties":{"name":"Kalwaria Zebrzydowska D.A.","band":2,"modes":"bus","arr":["A43"],"off":[0,-0.8]}},{"type":"Feature","geometry":{"type":"Point","coordinates":[19.681939,49.86638]},"properties":{"line":"A43","mode":"bus","color":"#0059a9","colorDark":"#00294f","band":2,"off":[0,1.1]}},{"type":"Feature","geometry":{"type":"Point","coordinates":[19.427167,50.137783]},"properties":{"name":"Chrzanów Szpital","band":2,"modes":"bus","arr":["A42","A48"],"off":[0,-0.8]}},{"type":"Feature","geometry":{"type":"Point","coordinates":[19.427167,50.137783]},"properties":{"line":"A42","mode":"bus","color":"#0059a9","colorDark":"#00294f","band":2,"off":[-1.7,1.1]}},{"type":"Feature","geometry":{"type":"Point","coordinates":[19.427167,50.137783]},"properties":{"line":"A48","mode":"bus","color":"#0059a9","colorDark":"#00294f","band":2,"off":[1.7,1.1]}},{"type":"Feature","geometry":{"type":"Point","coordinates":[19.523555,50.05483]},"properties":{"name":"Alwernia Zakłady Chemiczne","band":2,"modes":"bus","arr":["A44","A60","A64","A66"],"off":[0,-0.8]}},{"type":"Feature","geometry":{"type":"Point","coordinates":[19.523555,50.05483]},"properties":{"line":"A44","mode":"bus","color":"#0059a9","colorDark":"#00294f","band":2,"off":[-5.1,1.1]}},{"type":"Feature","geometry":{"type":"Point","coordinates":[19.523555,50.05483]},"properties":{"line":"A60","mode":"bus","color":"#0059a9","colorDark":"#00294f","band":2,"off":[-1.7,1.1]}},{"type":"Feature","geometry":{"type":"Point","coordinates":[19.523555,50.05483]},"properties":{"line":"A64","mode":"bus","color":"#0059a9","colorDark":"#00294f","band":2,"off":[1.7,1.1]}},{"type":"Feature","geometry":{"type":"Point","coordinates":[19.523555,50.05483]},"properties":{"line":"A66","mode":"bus","color":"#0059a9","colorDark":"#00294f","band":2,"off":[5.1,1.1]}},{"type":"Feature","geometry":{"type":"Point","coordinates":[21.254034,49.906703]},"properties":{"name":"Lubcza Centrum","band":2,"modes":"bus","arr":["A46","A62"],"off":[0,-0.8]}},{"type":"Feature","geometry":{"type":"Point","coordinates":[21.254034,49.906703]},"properties":{"line":"A46","mode":"bus","color":"#0059a9","colorDark":"#00294f","band":2,"off":[-1.7,1.1]}},{"type":"Feature","geometry":{"type":"Point","coordinates":[21.254034,49.906703]},"properties":{"line":"A62","mode":"bus","color":"#0059a9","colorDark":"#00294f","band":2,"off":[1.7,1.1]}},{"type":"Feature","geometry":{"type":"Point","coordinates":[21.137668,49.879679]},"properties":{"name":"Ryglice Węzeł Przesiadkowy","band":2,"modes":"bus","arr":["A63"],"off":[0,-0.8]}},{"type":"Feature","geometry":{"type":"Point","coordinates":[21.137668,49.879679]},"properties":{"line":"A63","mode":"bus","color":"#0059a9","colorDark":"#00294f","band":2,"off":[0,1.1]}},{"type":"Feature","geometry":{"type":"Point","coordinates":[19.253279,50.034698]},"properties":{"name":"Oświęcim Lodowisko","band":2,"modes":"bus","arr":["A47"],"off":[0,-0.8]}},{"type":"Feature","geometry":{"type":"Point","coordinates":[19.253279,50.034698]},"properties":{"line":"A47","mode":"bus","color":"#0059a9","colorDark":"#00294f","band":2,"off":[0,1.1]}},{"type":"Feature","geometry":{"type":"Point","coordinates":[19.200526,50.041626]},"properties":{"name":"Oświęcim Dworzec PKP","band":2,"modes":"bus,metro","arr":["A66","Dunajec","SKA2","SKA3"],"off":[0,-0.8]}},{"type":"Feature","geometry":{"type":"Point","coordinates":[19.200526,50.041626]},"properties":{"name":"Oświęcim","band":2,"modes":"bus,metro","arr":["A66","Dunajec","SKA2","SKA3"],"off":[0,-3]}},{"type":"Feature","geometry":{"type":"Point","coordinates":[19.200526,50.041626]},"properties":{"line":"A66","mode":"bus","color":"#0059a9","colorDark":"#00294f","band":2,"off":[-5.1,1.1]}},{"type":"Feature","geometry":{"type":"Point","coordinates":[19.200526,50.041626]},"properties":{"line":"Dunajec","mode":"tram","color":"#a518a3","colorDark":"#5a0c59","band":2,"metro":1,"off":[-1.7,1.1]}},{"type":"Feature","geometry":{"type":"Point","coordinates":[19.200526,50.041626]},"properties":{"line":"SKA2","mode":"tram","color":"#D4328A","colorDark":"#751c4c","band":2,"metro":1,"off":[1.7,1.1]}},{"type":"Feature","geometry":{"type":"Point","coordinates":[19.200526,50.041626]},"properties":{"line":"SKA3","mode":"tram","color":"#F2C43B","colorDark":"#856c20","band":2,"metro":1,"off":[5.1,1.1]}},{"type":"Feature","geometry":{"type":"Point","coordinates":[19.582797,49.5891]},"properties":{"name":"Zawoja Krowiarki","band":2,"modes":"bus","arr":["A53"],"off":[0,-0.8]}},{"type":"Feature","geometry":{"type":"Point","coordinates":[19.582797,49.5891]},"properties":{"line":"A53","mode":"bus","color":"#0059a9","colorDark":"#00294f","band":2,"off":[0,1.1]}},{"type":"Feature","geometry":{"type":"Point","coordinates":[20.849404,50.08365]},"properties":{"name":"Radłów Plac Kościuszki","band":2,"modes":"bus","arr":["A54"],"off":[0,-0.8]}},{"type":"Feature","geometry":{"type":"Point","coordinates":[20.849404,50.08365]},"properties":{"line":"A54","mode":"bus","color":"#0059a9","colorDark":"#00294f","band":2,"off":[0,1.1]}},{"type":"Feature","geometry":{"type":"Point","coordinates":[20.650879,49.802467]},"properties":{"name":"Wytrzyszczka","band":2,"modes":"bus","arr":["A55"],"off":[0,-0.8]}},{"type":"Feature","geometry":{"type":"Point","coordinates":[20.650879,49.802467]},"properties":{"line":"A55","mode":"bus","color":"#0059a9","colorDark":"#00294f","band":2,"off":[0,1.1]}},{"type":"Feature","geometry":{"type":"Point","coordinates":[19.717175,49.844617]},"properties":{"name":"Lanckorona Centrum","band":2,"modes":"bus","arr":["A56"],"off":[0,-0.8]}},{"type":"Feature","geometry":{"type":"Point","coordinates":[19.717175,49.844617]},"properties":{"line":"A56","mode":"bus","color":"#0059a9","colorDark":"#00294f","band":2,"off":[0,1.1]}},{"type":"Feature","geometry":{"type":"Point","coordinates":[20.356923,49.935133]},"properties":{"name":"Dąbrowica Szkoła","band":2,"modes":"bus","arr":["A59"],"off":[0,-0.8]}},{"type":"Feature","geometry":{"type":"Point","coordinates":[20.356923,49.935133]},"properties":{"line":"A59","mode":"bus","color":"#0059a9","colorDark":"#00294f","band":2,"off":[0,1.1]}},{"type":"Feature","geometry":{"type":"Point","coordinates":[20.03268,49.54936]},"properties":{"name":"Obidowa Pętla","band":2,"modes":"bus","arr":["A61","A71"],"off":[0,-0.8]}},{"type":"Feature","geometry":{"type":"Point","coordinates":[20.03268,49.54936]},"properties":{"line":"A61","mode":"bus","color":"#0059a9","colorDark":"#00294f","band":2,"off":[-1.7,1.1]}},{"type":"Feature","geometry":{"type":"Point","coordinates":[20.03268,49.54936]},"properties":{"line":"A71","mode":"bus","color":"#0059a9","colorDark":"#00294f","band":2,"off":[1.7,1.1]}},{"type":"Feature","geometry":{"type":"Point","coordinates":[19.79231,49.972648]},"properties":{"name":"Skawina Zachodnia P+ R","band":2,"modes":"bus","arr":["A73"],"off":[0,-0.8]}},{"type":"Feature","geometry":{"type":"Point","coordinates":[19.79231,49.972648]},"properties":{"line":"A73","mode":"bus","color":"#0059a9","colorDark":"#00294f","band":2,"off":[0,1.1]}},{"type":"Feature","geometry":{"type":"Point","coordinates":[20.094776,50.03133]},"properties":{"name":"Brzegi Pętla","band":2,"modes":"bus","arr":["B2","G4"],"off":[0,-0.8]}},{"type":"Feature","geometry":{"type":"Point","coordinates":[20.094776,50.03133]},"properties":{"line":"B2","mode":"bus","color":"#0059a9","colorDark":"#00294f","band":2,"off":[-1.7,1.1]}},{"type":"Feature","geometry":{"type":"Point","coordinates":[20.094776,50.03133]},"properties":{"line":"G4","mode":"bus","color":"#0059a9","colorDark":"#00294f","band":2,"off":[1.7,1.1]}},{"type":"Feature","geometry":{"type":"Point","coordinates":[20.116625,49.942639]},"properties":{"name":"Dobranowice Szkoła","band":2,"modes":"bus","arr":["D2"],"off":[0,-0.8]}},{"type":"Feature","geometry":{"type":"Point","coordinates":[20.116625,49.942639]},"properties":{"line":"D2","mode":"bus","color":"#0059a9","colorDark":"#00294f","band":2,"off":[0,1.1]}},{"type":"Feature","geometry":{"type":"Point","coordinates":[20.013111,49.95408]},"properties":{"name":"Janowice Szkoła","band":2,"modes":"bus","arr":["J1"],"off":[0,-0.8]}},{"type":"Feature","geometry":{"type":"Point","coordinates":[20.013111,49.95408]},"properties":{"line":"J1","mode":"bus","color":"#0059a9","colorDark":"#00294f","band":2,"off":[0,1.1]}},{"type":"Feature","geometry":{"type":"Point","coordinates":[20.086376,49.977513]},"properties":{"name":"Lednica Górna Zakręt","band":2,"modes":"bus","arr":["L1"],"off":[0,-0.8]}},{"type":"Feature","geometry":{"type":"Point","coordinates":[20.086376,49.977513]},"properties":{"line":"L1","mode":"bus","color":"#0059a9","colorDark":"#00294f","band":2,"off":[0,1.1]}},{"type":"Feature","geometry":{"type":"Point","coordinates":[20.062191,49.924355]},"properties":{"name":"Jankówka Skrzyżowanie","band":2,"modes":"bus","arr":["R2"],"off":[0,-0.8]}},{"type":"Feature","geometry":{"type":"Point","coordinates":[20.062191,49.924355]},"properties":{"line":"R2","mode":"bus","color":"#0059a9","colorDark":"#00294f","band":2,"off":[0,1.1]}},{"type":"Feature","geometry":{"type":"Point","coordinates":[20.064855,50.094596]},"properties":{"name":"Wzgórza Krzesławickie","band":2,"modes":"tram","arr":["1","5","74"],"off":[0,-0.8]}},{"type":"Feature","geometry":{"type":"Point","coordinates":[20.064855,50.094596]},"properties":{"line":"1","mode":"tram","color":"#d6212b","colorDark":"#7c1116","band":2,"off":[-3.4,1.1]}},{"type":"Feature","geometry":{"type":"Point","coordinates":[20.064855,50.094596]},"properties":{"line":"5","mode":"tram","color":"#d6212b","colorDark":"#7c1116","band":2,"off":[0,1.1]}},{"type":"Feature","geometry":{"type":"Point","coordinates":[20.064855,50.094596]},"properties":{"line":"74","mode":"tram","color":"#d6212b","colorDark":"#7c1116","band":2,"off":[3.4,1.1]}},{"type":"Feature","geometry":{"type":"Point","coordinates":[19.940383,50.075925]},"properties":{"name":"Dworzec Towarowy","band":2,"modes":"tram","arr":["14","20"],"off":[0,-0.8]}},{"type":"Feature","geometry":{"type":"Point","coordinates":[19.940383,50.075925]},"properties":{"line":"14","mode":"tram","color":"#d6212b","colorDark":"#7c1116","band":2,"off":[-1.7,1.1]}},{"type":"Feature","geometry":{"type":"Point","coordinates":[19.940383,50.075925]},"properties":{"line":"20","mode":"tram","color":"#d6212b","colorDark":"#7c1116","band":2,"off":[1.7,1.1]}},{"type":"Feature","geometry":{"type":"Point","coordinates":[19.927011,50.013093]},"properties":{"name":"Borek Fałęcki","band":2,"modes":"tram","arr":["8","22","50"],"off":[0,-0.8]}},{"type":"Feature","geometry":{"type":"Point","coordinates":[19.927011,50.013093]},"properties":{"line":"8","mode":"tram","color":"#d6212b","colorDark":"#7c1116","band":2,"off":[-3.4,1.1]}},{"type":"Feature","geometry":{"type":"Point","coordinates":[19.927011,50.013093]},"properties":{"line":"22","mode":"tram","color":"#d6212b","colorDark":"#7c1116","band":2,"off":[0,1.1]}},{"type":"Feature","geometry":{"type":"Point","coordinates":[19.927011,50.013093]},"properties":{"line":"50","mode":"tram","color":"#d6212b","colorDark":"#7c1116","band":2,"off":[3.4,1.1]}},{"type":"Feature","geometry":{"type":"Point","coordinates":[19.903375,50.062937]},"properties":{"name":"Cichy Kącik","band":2,"modes":"tram","arr":["8","77"],"off":[0,-0.8]}},{"type":"Feature","geometry":{"type":"Point","coordinates":[19.903375,50.062937]},"properties":{"line":"8","mode":"tram","color":"#d6212b","colorDark":"#7c1116","band":2,"off":[-1.7,1.1]}},{"type":"Feature","geometry":{"type":"Point","coordinates":[19.903375,50.062937]},"properties":{"line":"77","mode":"tram","color":"#d6212b","colorDark":"#7c1116","band":2,"off":[1.7,1.1]}},{"type":"Feature","geometry":{"type":"Point","coordinates":[20.021371,50.090091]},"properties":{"name":"Rondo Hipokratesa","band":2,"modes":"tram","arr":["9"],"off":[0,-0.8]}},{"type":"Feature","geometry":{"type":"Point","coordinates":[20.021371,50.090091]},"properties":{"line":"9","mode":"tram","color":"#d6212b","colorDark":"#7c1116","band":2,"off":[0,1.1]}},{"type":"Feature","geometry":{"type":"Point","coordinates":[20.064912,50.067772]},"properties":{"name":"Bardosa","band":2,"modes":"tram","arr":["16"],"off":[0,-0.8]}},{"type":"Feature","geometry":{"type":"Point","coordinates":[20.064912,50.067772]},"properties":{"line":"16","mode":"tram","color":"#d6212b","colorDark":"#7c1116","band":2,"off":[0,1.1]}},{"type":"Feature","geometry":{"type":"Point","coordinates":[19.948094,50.014078]},"properties":{"name":"Kurdwanów P+R","band":2,"modes":"tram","arr":["10","74"],"off":[0,-0.8]}},{"type":"Feature","geometry":{"type":"Point","coordinates":[19.948094,50.014078]},"properties":{"line":"10","mode":"tram","color":"#d6212b","colorDark":"#7c1116","band":2,"off":[-1.7,1.1]}},{"type":"Feature","geometry":{"type":"Point","coordinates":[19.948094,50.014078]},"properties":{"line":"74","mode":"tram","color":"#d6212b","colorDark":"#7c1116","band":2,"off":[1.7,1.1]}},{"type":"Feature","geometry":{"type":"Point","coordinates":[19.995526,50.094875]},"properties":{"name":"Mistrzejowice","band":2,"modes":"tram","arr":["14","16"],"off":[0,-0.8]}},{"type":"Feature","geometry":{"type":"Point","coordinates":[19.995526,50.094875]},"properties":{"line":"14","mode":"tram","color":"#d6212b","colorDark":"#7c1116","band":2,"off":[-1.7,1.1]}},{"type":"Feature","geometry":{"type":"Point","coordinates":[19.995526,50.094875]},"properties":{"line":"16","mode":"tram","color":"#d6212b","colorDark":"#7c1116","band":2,"off":[1.7,1.1]}},{"type":"Feature","geometry":{"type":"Point","coordinates":[20.067076,50.069652]},"properties":{"name":"Kopiec Wandy","band":2,"modes":"tram","arr":["22","75"],"off":[0,-0.8]}},{"type":"Feature","geometry":{"type":"Point","coordinates":[20.067076,50.069652]},"properties":{"line":"22","mode":"tram","color":"#d6212b","colorDark":"#7c1116","band":2,"off":[-1.7,1.1]}},{"type":"Feature","geometry":{"type":"Point","coordinates":[20.067076,50.069652]},"properties":{"line":"75","mode":"tram","color":"#d6212b","colorDark":"#7c1116","band":2,"off":[1.7,1.1]}},{"type":"Feature","geometry":{"type":"Point","coordinates":[19.9574,50.074278]},"properties":{"name":"Cmentarz Rakowicki","band":2,"modes":"tram","arr":["76"],"off":[0,-0.8]}},{"type":"Feature","geometry":{"type":"Point","coordinates":[19.9574,50.074278]},"properties":{"line":"76","mode":"tram","color":"#d6212b","colorDark":"#7c1116","band":2,"off":[0,1.1]}},{"type":"Feature","geometry":{"type":"Point","coordinates":[20.702702,49.606498]},"properties":{"name":"Nowy Sącz","band":2,"modes":"metro","arr":["Dunajec","KML"],"off":[0,-0.8]}},{"type":"Feature","geometry":{"type":"Point","coordinates":[20.702702,49.606498]},"properties":{"line":"Dunajec","mode":"tram","color":"#a518a3","colorDark":"#5a0c59","band":2,"metro":1,"off":[-1.7,1.1]}},{"type":"Feature","geometry":{"type":"Point","coordinates":[20.702702,49.606498]},"properties":{"line":"KML","mode":"tram","color":"#a518a3","colorDark":"#5a0c59","band":2,"metro":1,"off":[1.7,1.1]}},{"type":"Feature","geometry":{"type":"Point","coordinates":[21.470438,49.737429]},"properties":{"name":"Jasło","band":2,"modes":"metro","arr":["Hubal","KML"],"off":[0,-0.8]}},{"type":"Feature","geometry":{"type":"Point","coordinates":[21.470438,49.737429]},"properties":{"line":"Hubal","mode":"tram","color":"#a518a3","colorDark":"#5a0c59","band":2,"metro":1,"off":[-1.7,1.1]}},{"type":"Feature","geometry":{"type":"Point","coordinates":[21.470438,49.737429]},"properties":{"line":"KML","mode":"tram","color":"#a518a3","colorDark":"#5a0c59","band":2,"metro":1,"off":[1.7,1.1]}},{"type":"Feature","geometry":{"type":"Point","coordinates":[19.963011,49.300907]},"properties":{"name":"Zakopane","band":2,"modes":"metro","arr":["Luxtorpeda"],"off":[0,-0.8]}},{"type":"Feature","geometry":{"type":"Point","coordinates":[19.963011,49.300907]},"properties":{"line":"Luxtorpeda","mode":"tram","color":"#a518a3","colorDark":"#5a0c59","band":2,"metro":1,"off":[0,1.1]}},{"type":"Feature","geometry":{"type":"Point","coordinates":[20.056806,49.986003]},"properties":{"name":"Wieliczka Rynek-Kopalnia","band":2,"modes":"metro","arr":["SKA1"],"off":[0,-0.8]}},{"type":"Feature","geometry":{"type":"Point","coordinates":[20.056806,49.986003]},"properties":{"line":"SKA1","mode":"tram","color":"#60B6F0","colorDark":"#356484","band":2,"metro":1,"off":[0,1.1]}},{"type":"Feature","geometry":{"type":"Point","coordinates":[20.012188,50.475212]},"properties":{"name":"Kozłów","band":2,"modes":"metro","arr":["SKA2"],"off":[0,-0.8]}},{"type":"Feature","geometry":{"type":"Point","coordinates":[20.012188,50.475212]},"properties":{"line":"SKA2","mode":"tram","color":"#D4328A","colorDark":"#751c4c","band":2,"metro":1,"off":[0,1.1]}},{"type":"Feature","geometry":{"type":"Point","coordinates":[20.054997,50.565865]},"properties":{"name":"Sędziszów","band":2,"modes":"metro","arr":["SKA2"],"off":[0,-0.8]}},{"type":"Feature","geometry":{"type":"Point","coordinates":[20.054997,50.565865]},"properties":{"line":"SKA2","mode":"tram","color":"#D4328A","colorDark":"#751c4c","band":2,"metro":1,"off":[0,1.1]}},{"type":"Feature","geometry":{"type":"Point","coordinates":[19.931215,50.088526]},"properties":{"name":"Krowodrza Górka P+R","band":3,"modes":"bus","arr":["102","137","150","168","194","207","220","227","240","267","290","937"],"off":[0,-0.8]}},{"type":"Feature","geometry":{"type":"Point","coordinates":[19.931215,50.088526]},"properties":{"line":"102","mode":"bus","color":"#0059a9","colorDark":"#00294f","band":3,"off":[-6.8,1.1]}},{"type":"Feature","geometry":{"type":"Point","coordinates":[19.931215,50.088526]},"properties":{"line":"137","mode":"bus","color":"#0059a9","colorDark":"#00294f","band":3,"off":[-3.4,1.1]}},{"type":"Feature","geometry":{"type":"Point","coordinates":[19.931215,50.088526]},"properties":{"line":"150","mode":"bus","color":"#0059a9","colorDark":"#00294f","band":3,"off":[0,1.1]}},{"type":"Feature","geometry":{"type":"Point","coordinates":[19.931215,50.088526]},"properties":{"line":"168","mode":"bus","color":"#0059a9","colorDark":"#00294f","band":3,"off":[3.4,1.1]}},{"type":"Feature","geometry":{"type":"Point","coordinates":[19.931215,50.088526]},"properties":{"line":"194","mode":"bus","color":"#0059a9","colorDark":"#00294f","band":3,"off":[6.8,1.1]}},{"type":"Feature","geometry":{"type":"Point","coordinates":[19.931215,50.088526]},"properties":{"line":"207","mode":"bus","color":"#0059a9","colorDark":"#00294f","band":3,"off":[-6.8,3.1]}},{"type":"Feature","geometry":{"type":"Point","coordinates":[19.931215,50.088526]},"properties":{"line":"220","mode":"bus","color":"#0059a9","colorDark":"#00294f","band":3,"off":[-3.4,3.1]}},{"type":"Feature","geometry":{"type":"Point","coordinates":[19.931215,50.088526]},"properties":{"line":"227","mode":"bus","color":"#0059a9","colorDark":"#00294f","band":3,"off":[0,3.1]}},{"type":"Feature","geometry":{"type":"Point","coordinates":[19.931215,50.088526]},"properties":{"line":"240","mode":"bus","color":"#0059a9","colorDark":"#00294f","band":3,"off":[3.4,3.1]}},{"type":"Feature","geometry":{"type":"Point","coordinates":[19.931215,50.088526]},"properties":{"line":"267","mode":"bus","color":"#0059a9","colorDark":"#00294f","band":3,"off":[6.8,3.1]}},{"type":"Feature","geometry":{"type":"Point","coordinates":[19.931215,50.088526]},"properties":{"line":"290","mode":"bus","color":"#0059a9","colorDark":"#00294f","band":3,"off":[-1.7,5.1]}},{"type":"Feature","geometry":{"type":"Point","coordinates":[19.931215,50.088526]},"properties":{"line":"937","mode":"bus","color":"#000000","colorDark":"#000000","band":3,"off":[1.7,5.1]}},{"type":"Feature","geometry":{"type":"Point","coordinates":[19.819855,50.043295]},"properties":{"name":"Bielany","band":3,"modes":"bus","arr":["102","609"],"off":[0,-0.8]}},{"type":"Feature","geometry":{"type":"Point","coordinates":[19.819855,50.043295]},"properties":{"line":"102","mode":"bus","color":"#0059a9","colorDark":"#00294f","band":3,"off":[-1.7,1.1]}},{"type":"Feature","geometry":{"type":"Point","coordinates":[19.819855,50.043295]},"properties":{"line":"609","mode":"bus","color":"#000000","colorDark":"#000000","band":3,"off":[1.7,1.1]}},{"type":"Feature","geometry":{"type":"Point","coordinates":[19.847207,50.067862]},"properties":{"name":"Chełm","band":3,"modes":"bus","arr":["126"],"off":[0,-0.8]}},{"type":"Feature","geometry":{"type":"Point","coordinates":[19.847207,50.067862]},"properties":{"line":"126","mode":"bus","color":"#0059a9","colorDark":"#00294f","band":3,"off":[0,1.1]}},{"type":"Feature","geometry":{"type":"Point","coordinates":[19.92774,49.999783]},"properties":{"name":"Swoszowice SKA P+R","band":3,"modes":"bus","arr":["104","155"],"off":[0,-0.8]}},{"type":"Feature","geometry":{"type":"Point","coordinates":[19.92774,49.999783]},"properties":{"line":"104","mode":"bus","color":"#0059a9","colorDark":"#00294f","band":3,"off":[-1.7,1.1]}},{"type":"Feature","geometry":{"type":"Point","coordinates":[19.92774,49.999783]},"properties":{"line":"155","mode":"bus","color":"#0059a9","colorDark":"#00294f","band":3,"off":[1.7,1.1]}},{"type":"Feature","geometry":{"type":"Point","coordinates":[19.897178,49.998655]},"properties":{"name":"Kliny","band":3,"modes":"bus","arr":["151","191","194","494","608"],"off":[0,-0.8]}},{"type":"Feature","geometry":{"type":"Point","coordinates":[19.897178,49.998655]},"properties":{"line":"151","mode":"bus","color":"#0059a9","colorDark":"#00294f","band":3,"off":[-6.8,1.1]}},{"type":"Feature","geometry":{"type":"Point","coordinates":[19.897178,49.998655]},"properties":{"line":"191","mode":"bus","color":"#0059a9","colorDark":"#00294f","band":3,"off":[-3.4,1.1]}},{"type":"Feature","geometry":{"type":"Point","coordinates":[19.897178,49.998655]},"properties":{"line":"194","mode":"bus","color":"#0059a9","colorDark":"#00294f","band":3,"off":[0,1.1]}},{"type":"Feature","geometry":{"type":"Point","coordinates":[19.897178,49.998655]},"properties":{"line":"494","mode":"bus","color":"#0059a9","colorDark":"#00294f","band":3,"off":[3.4,1.1]}},{"type":"Feature","geometry":{"type":"Point","coordinates":[19.897178,49.998655]},"properties":{"line":"608","mode":"bus","color":"#000000","colorDark":"#000000","band":3,"off":[6.8,1.1]}},{"type":"Feature","geometry":{"type":"Point","coordinates":[19.889249,50.018088]},"properties":{"name":"Czerwone Maki P+R","band":3,"modes":"tram,bus","arr":["11","18","52","77","104","116","156","203","204","223","233","253","283","476","62","662","903"],"off":[0,-0.8]}},{"type":"Feature","geometry":{"type":"Point","coordinates":[19.889249,50.018088]},"properties":{"line":"11","mode":"tram","color":"#d6212b","colorDark":"#7c1116","band":3,"off":[-6.8,1.1]}},{"type":"Feature","geometry":{"type":"Point","coordinates":[19.889249,50.018088]},"properties":{"line":"18","mode":"tram","color":"#d6212b","colorDark":"#7c1116","band":3,"off":[-3.4,1.1]}},{"type":"Feature","geometry":{"type":"Point","coordinates":[19.889249,50.018088]},"properties":{"line":"52","mode":"tram","color":"#d6212b","colorDark":"#7c1116","band":3,"off":[0,1.1]}},{"type":"Feature","geometry":{"type":"Point","coordinates":[19.889249,50.018088]},"properties":{"line":"77","mode":"tram","color":"#d6212b","colorDark":"#7c1116","band":3,"off":[3.4,1.1]}},{"type":"Feature","geometry":{"type":"Point","coordinates":[19.889249,50.018088]},"properties":{"line":"104","mode":"bus","color":"#0059a9","colorDark":"#00294f","band":3,"off":[6.8,1.1]}},{"type":"Feature","geometry":{"type":"Point","coordinates":[19.889249,50.018088]},"properties":{"line":"116","mode":"bus","color":"#0059a9","colorDark":"#00294f","band":3,"off":[-6.8,3.1]}},{"type":"Feature","geometry":{"type":"Point","coordinates":[19.889249,50.018088]},"properties":{"line":"156","mode":"bus","color":"#0059a9","colorDark":"#00294f","band":3,"off":[-3.4,3.1]}},{"type":"Feature","geometry":{"type":"Point","coordinates":[19.889249,50.018088]},"properties":{"line":"203","mode":"bus","color":"#0059a9","colorDark":"#00294f","band":3,"off":[0,3.1]}},{"type":"Feature","geometry":{"type":"Point","coordinates":[19.889249,50.018088]},"properties":{"line":"204","mode":"bus","color":"#0059a9","colorDark":"#00294f","band":3,"off":[3.4,3.1]}},{"type":"Feature","geometry":{"type":"Point","coordinates":[19.889249,50.018088]},"properties":{"line":"223","mode":"bus","color":"#0059a9","colorDark":"#00294f","band":3,"off":[6.8,3.1]}},{"type":"Feature","geometry":{"type":"Point","coordinates":[19.889249,50.018088]},"properties":{"line":"233","mode":"bus","color":"#0059a9","colorDark":"#00294f","band":3,"off":[-6.8,5.1]}},{"type":"Feature","geometry":{"type":"Point","coordinates":[19.889249,50.018088]},"properties":{"line":"253","mode":"bus","color":"#0059a9","colorDark":"#00294f","band":3,"off":[-3.4,5.1]}},{"type":"Feature","geometry":{"type":"Point","coordinates":[19.889249,50.018088]},"properties":{"line":"283","mode":"bus","color":"#0059a9","colorDark":"#00294f","band":3,"off":[0,5.1]}},{"type":"Feature","geometry":{"type":"Point","coordinates":[19.889249,50.018088]},"properties":{"line":"476","mode":"bus","color":"#0059a9","colorDark":"#00294f","band":3,"off":[3.4,5.1]}},{"type":"Feature","geometry":{"type":"Point","coordinates":[19.889249,50.018088]},"properties":{"line":"62","mode":"tram","color":"#000000","colorDark":"#000000","band":3,"off":[6.8,5.1]}},{"type":"Feature","geometry":{"type":"Point","coordinates":[19.889249,50.018088]},"properties":{"line":"662","mode":"bus","color":"#000000","colorDark":"#000000","band":3,"off":[-1.7,7.1]}},{"type":"Feature","geometry":{"type":"Point","coordinates":[19.889249,50.018088]},"properties":{"line":"903","mode":"bus","color":"#000000","colorDark":"#000000","band":3,"off":[1.7,7.1]}},{"type":"Feature","geometry":{"type":"Point","coordinates":[20.012427,50.102006]},"properties":{"name":"Os. Piastów","band":3,"modes":"tram,bus","arr":["21","52","105","664"],"off":[0,-0.8]}},{"type":"Feature","geometry":{"type":"Point","coordinates":[20.012427,50.102006]},"properties":{"line":"21","mode":"tram","color":"#d6212b","colorDark":"#7c1116","band":3,"off":[-5.1,1.1]}},{"type":"Feature","geometry":{"type":"Point","coordinates":[20.012427,50.102006]},"properties":{"line":"52","mode":"tram","color":"#d6212b","colorDark":"#7c1116","band":3,"off":[-1.7,1.1]}},{"type":"Feature","geometry":{"type":"Point","coordinates":[20.012427,50.102006]},"properties":{"line":"105","mode":"bus","color":"#0059a9","colorDark":"#00294f","band":3,"off":[1.7,1.1]}},{"type":"Feature","geometry":{"type":"Point","coordinates":[20.012427,50.102006]},"properties":{"line":"664","mode":"bus","color":"#000000","colorDark":"#000000","band":3,"off":[5.1,1.1]}},{"type":"Feature","geometry":{"type":"Point","coordinates":[19.974275,50.096778]},"properties":{"name":"Prądnik Czerwony P+R","band":3,"modes":"bus","arr":["199","250","260","270","405","610"],"off":[0,-0.8]}},{"type":"Feature","geometry":{"type":"Point","coordinates":[19.974275,50.096778]},"properties":{"line":"199","mode":"bus","color":"#0059a9","colorDark":"#00294f","band":3,"off":[-6.8,1.1]}},{"type":"Feature","geometry":{"type":"Point","coordinates":[19.974275,50.096778]},"properties":{"line":"250","mode":"bus","color":"#0059a9","colorDark":"#00294f","band":3,"off":[-3.4,1.1]}},{"type":"Feature","geometry":{"type":"Point","coordinates":[19.974275,50.096778]},"properties":{"line":"260","mode":"bus","color":"#0059a9","colorDark":"#00294f","band":3,"off":[0,1.1]}},{"type":"Feature","geometry":{"type":"Point","coordinates":[19.974275,50.096778]},"properties":{"line":"270","mode":"bus","color":"#0059a9","colorDark":"#00294f","band":3,"off":[3.4,1.1]}},{"type":"Feature","geometry":{"type":"Point","coordinates":[19.974275,50.096778]},"properties":{"line":"405","mode":"bus","color":"#0059a9","colorDark":"#00294f","band":3,"off":[6.8,1.1]}},{"type":"Feature","geometry":{"type":"Point","coordinates":[19.974275,50.096778]},"properties":{"line":"610","mode":"bus","color":"#000000","colorDark":"#000000","band":3,"off":[0,3.1]}},{"type":"Feature","geometry":{"type":"Point","coordinates":[19.94459,50.068586]},"properties":{"name":"Dworzec Główny Zachód","band":3,"modes":"bus","arr":["105","130","132","179","304","405"],"off":[0,-0.8]}},{"type":"Feature","geometry":{"type":"Point","coordinates":[19.94459,50.068586]},"properties":{"line":"105","mode":"bus","color":"#0059a9","colorDark":"#00294f","band":3,"off":[-6.8,1.1]}},{"type":"Feature","geometry":{"type":"Point","coordinates":[19.94459,50.068586]},"properties":{"line":"130","mode":"bus","color":"#0059a9","colorDark":"#00294f","band":3,"off":[-3.4,1.1]}},{"type":"Feature","geometry":{"type":"Point","coordinates":[19.94459,50.068586]},"properties":{"line":"132","mode":"bus","color":"#0059a9","colorDark":"#00294f","band":3,"off":[0,1.1]}},{"type":"Feature","geometry":{"type":"Point","coordinates":[19.94459,50.068586]},"properties":{"line":"179","mode":"bus","color":"#0059a9","colorDark":"#00294f","band":3,"off":[3.4,1.1]}},{"type":"Feature","geometry":{"type":"Point","coordinates":[19.94459,50.068586]},"properties":{"line":"304","mode":"bus","color":"#0059a9","colorDark":"#00294f","band":3,"off":[6.8,1.1]}},{"type":"Feature","geometry":{"type":"Point","coordinates":[19.94459,50.068586]},"properties":{"line":"405","mode":"bus","color":"#0059a9","colorDark":"#00294f","band":3,"off":[0,3.1]}},{"type":"Feature","geometry":{"type":"Point","coordinates":[19.960381,50.023326]},"properties":{"name":"Zajezdnia Wola Duchacka","band":3,"modes":"bus","arr":["107","169"],"off":[0,-0.8]}},{"type":"Feature","geometry":{"type":"Point","coordinates":[19.960381,50.023326]},"properties":{"line":"107","mode":"bus","color":"#0059a9","colorDark":"#00294f","band":3,"off":[-1.7,1.1]}},{"type":"Feature","geometry":{"type":"Point","coordinates":[19.960381,50.023326]},"properties":{"line":"169","mode":"bus","color":"#0059a9","colorDark":"#00294f","band":3,"off":[1.7,1.1]}},{"type":"Feature","geometry":{"type":"Point","coordinates":[19.990106,49.979671]},"properties":{"name":"Soboniowice","band":3,"modes":"bus","arr":["107"],"off":[0,-0.8]}},{"type":"Feature","geometry":{"type":"Point","coordinates":[19.990106,49.979671]},"properties":{"line":"107","mode":"bus","color":"#0059a9","colorDark":"#00294f","band":3,"off":[0,1.1]}},{"type":"Feature","geometry":{"type":"Point","coordinates":[20.117115,50.072826]},"properties":{"name":"Pleszów","band":3,"modes":"tram,bus","arr":["10","21","111","160","161","171","211","271"],"off":[0,-0.8]}},{"type":"Feature","geometry":{"type":"Point","coordinates":[20.117115,50.072826]},"properties":{"line":"10","mode":"tram","color":"#d6212b","colorDark":"#7c1116","band":3,"off":[-6.8,1.1]}},{"type":"Feature","geometry":{"type":"Point","coordinates":[20.117115,50.072826]},"properties":{"line":"21","mode":"tram","color":"#d6212b","colorDark":"#7c1116","band":3,"off":[-3.4,1.1]}},{"type":"Feature","geometry":{"type":"Point","coordinates":[20.117115,50.072826]},"properties":{"line":"111","mode":"bus","color":"#0059a9","colorDark":"#00294f","band":3,"off":[0,1.1]}},{"type":"Feature","geometry":{"type":"Point","coordinates":[20.117115,50.072826]},"properties":{"line":"160","mode":"bus","color":"#0059a9","colorDark":"#00294f","band":3,"off":[3.4,1.1]}},{"type":"Feature","geometry":{"type":"Point","coordinates":[20.117115,50.072826]},"properties":{"line":"161","mode":"bus","color":"#0059a9","colorDark":"#00294f","band":3,"off":[6.8,1.1]}},{"type":"Feature","geometry":{"type":"Point","coordinates":[20.117115,50.072826]},"properties":{"line":"171","mode":"bus","color":"#0059a9","colorDark":"#00294f","band":3,"off":[-3.4,3.1]}},{"type":"Feature","geometry":{"type":"Point","coordinates":[20.117115,50.072826]},"properties":{"line":"211","mode":"bus","color":"#0059a9","colorDark":"#00294f","band":3,"off":[0,3.1]}},{"type":"Feature","geometry":{"type":"Point","coordinates":[20.117115,50.072826]},"properties":{"line":"271","mode":"bus","color":"#0059a9","colorDark":"#00294f","band":3,"off":[3.4,3.1]}},{"type":"Feature","geometry":{"type":"Point","coordinates":[19.814497,50.008312]},"properties":{"name":"Tyniec Kamieniołom","band":3,"modes":"bus","arr":["112"],"off":[0,-0.8]}},{"type":"Feature","geometry":{"type":"Point","coordinates":[19.814497,50.008312]},"properties":{"line":"112","mode":"bus","color":"#0059a9","colorDark":"#00294f","band":3,"off":[0,1.1]}},{"type":"Feature","geometry":{"type":"Point","coordinates":[19.932909,50.04668]},"properties":{"name":"Os. Podwawelskie","band":3,"modes":"bus","arr":["112","124","126","146","162","219","300","424","708","A49","A60","LR0"],"off":[0,-0.8]}},{"type":"Feature","geometry":{"type":"Point","coordinates":[19.932909,50.04668]},"properties":{"name":"Kraków Os. Podwawelskie","band":3,"modes":"bus","arr":["112","124","126","146","162","219","300","424","708","A49","A60","LR0"],"off":[0,-1.9]}},{"type":"Feature","geometry":{"type":"Point","coordinates":[19.932909,50.04668]},"properties":{"line":"112","mode":"bus","color":"#0059a9","colorDark":"#00294f","band":3,"off":[-6.8,1.1]}},{"type":"Feature","geometry":{"type":"Point","coordinates":[19.932909,50.04668]},"properties":{"line":"124","mode":"bus","color":"#0059a9","colorDark":"#00294f","band":3,"off":[-3.4,1.1]}},{"type":"Feature","geometry":{"type":"Point","coordinates":[19.932909,50.04668]},"properties":{"line":"126","mode":"bus","color":"#0059a9","colorDark":"#00294f","band":3,"off":[0,1.1]}},{"type":"Feature","geometry":{"type":"Point","coordinates":[19.932909,50.04668]},"properties":{"line":"146","mode":"bus","color":"#0059a9","colorDark":"#00294f","band":3,"off":[3.4,1.1]}},{"type":"Feature","geometry":{"type":"Point","coordinates":[19.932909,50.04668]},"properties":{"line":"162","mode":"bus","color":"#0059a9","colorDark":"#00294f","band":3,"off":[6.8,1.1]}},{"type":"Feature","geometry":{"type":"Point","coordinates":[19.932909,50.04668]},"properties":{"line":"219","mode":"bus","color":"#0059a9","colorDark":"#00294f","band":3,"off":[-6.8,3.1]}},{"type":"Feature","geometry":{"type":"Point","coordinates":[19.932909,50.04668]},"properties":{"line":"300","mode":"bus","color":"#0059a9","colorDark":"#00294f","band":3,"off":[-3.4,3.1]}},{"type":"Feature","geometry":{"type":"Point","coordinates":[19.932909,50.04668]},"properties":{"line":"424","mode":"bus","color":"#0059a9","colorDark":"#00294f","band":3,"off":[0,3.1]}},{"type":"Feature","geometry":{"type":"Point","coordinates":[19.932909,50.04668]},"properties":{"line":"708","mode":"bus","color":"#0059a9","colorDark":"#00294f","band":3,"off":[3.4,3.1]}},{"type":"Feature","geometry":{"type":"Point","coordinates":[19.932909,50.04668]},"properties":{"line":"A49","mode":"bus","color":"#0059a9","colorDark":"#00294f","band":3,"off":[6.8,3.1]}},{"type":"Feature","geometry":{"type":"Point","coordinates":[19.932909,50.04668]},"properties":{"line":"A60","mode":"bus","color":"#0059a9","colorDark":"#00294f","band":3,"off":[-1.7,5.1]}},{"type":"Feature","geometry":{"type":"Point","coordinates":[19.932909,50.04668]},"properties":{"line":"LR0","mode":"bus","color":"#0059a9","colorDark":"#00294f","band":3,"off":[1.7,5.1]}},{"type":"Feature","geometry":{"type":"Point","coordinates":[20.005434,50.058021]},"properties":{"name":"Galicyjska","band":3,"modes":"bus","arr":["113"],"off":[0,-0.8]}},{"type":"Feature","geometry":{"type":"Point","coordinates":[20.005434,50.058021]},"properties":{"line":"113","mode":"bus","color":"#0059a9","colorDark":"#00294f","band":3,"off":[0,1.1]}},{"type":"Feature","geometry":{"type":"Point","coordinates":[20.015237,50.075143]},"properties":{"name":"Czyżyny Dworzec","band":3,"modes":"bus","arr":["113","148","202","212","222","232","262","A50","A57","611"],"off":[0,-0.8]}},{"type":"Feature","geometry":{"type":"Point","coordinates":[20.015237,50.075143]},"properties":{"line":"113","mode":"bus","color":"#0059a9","colorDark":"#00294f","band":3,"off":[-6.8,1.1]}},{"type":"Feature","geometry":{"type":"Point","coordinates":[20.015237,50.075143]},"properties":{"line":"148","mode":"bus","color":"#0059a9","colorDark":"#00294f","band":3,"off":[-3.4,1.1]}},{"type":"Feature","geometry":{"type":"Point","coordinates":[20.015237,50.075143]},"properties":{"line":"202","mode":"bus","color":"#0059a9","colorDark":"#00294f","band":3,"off":[0,1.1]}},{"type":"Feature","geometry":{"type":"Point","coordinates":[20.015237,50.075143]},"properties":{"line":"212","mode":"bus","color":"#0059a9","colorDark":"#00294f","band":3,"off":[3.4,1.1]}},{"type":"Feature","geometry":{"type":"Point","coordinates":[20.015237,50.075143]},"properties":{"line":"222","mode":"bus","color":"#0059a9","colorDark":"#00294f","band":3,"off":[6.8,1.1]}},{"type":"Feature","geometry":{"type":"Point","coordinates":[20.015237,50.075143]},"properties":{"line":"232","mode":"bus","color":"#0059a9","colorDark":"#00294f","band":3,"off":[-6.8,3.1]}},{"type":"Feature","geometry":{"type":"Point","coordinates":[20.015237,50.075143]},"properties":{"line":"262","mode":"bus","color":"#0059a9","colorDark":"#00294f","band":3,"off":[-3.4,3.1]}},{"type":"Feature","geometry":{"type":"Point","coordinates":[20.015237,50.075143]},"properties":{"line":"A50","mode":"bus","color":"#0059a9","colorDark":"#00294f","band":3,"off":[0,3.1]}},{"type":"Feature","geometry":{"type":"Point","coordinates":[20.015237,50.075143]},"properties":{"line":"A57","mode":"bus","color":"#0059a9","colorDark":"#00294f","band":3,"off":[3.4,3.1]}},{"type":"Feature","geometry":{"type":"Point","coordinates":[20.015237,50.075143]},"properties":{"line":"611","mode":"bus","color":"#000000","colorDark":"#000000","band":3,"off":[6.8,3.1]}},{"type":"Feature","geometry":{"type":"Point","coordinates":[19.844449,50.006404]},"properties":{"name":"Podgórki Tynieckie","band":3,"modes":"bus","arr":["116","162"],"off":[0,-0.8]}},{"type":"Feature","geometry":{"type":"Point","coordinates":[19.844449,50.006404]},"properties":{"line":"116","mode":"bus","color":"#0059a9","colorDark":"#00294f","band":3,"off":[-1.7,1.1]}},{"type":"Feature","geometry":{"type":"Point","coordinates":[19.844449,50.006404]},"properties":{"line":"162","mode":"bus","color":"#0059a9","colorDark":"#00294f","band":3,"off":[1.7,1.1]}},{"type":"Feature","geometry":{"type":"Point","coordinates":[19.936133,50.074859]},"properties":{"name":"Nowy Kleparz","band":3,"modes":"bus","arr":["120","140","189","301","337","420","502"],"off":[0,-0.8]}},{"type":"Feature","geometry":{"type":"Point","coordinates":[19.936133,50.074859]},"properties":{"line":"120","mode":"bus","color":"#0059a9","colorDark":"#00294f","band":3,"off":[-6.8,1.1]}},{"type":"Feature","geometry":{"type":"Point","coordinates":[19.936133,50.074859]},"properties":{"line":"140","mode":"bus","color":"#0059a9","colorDark":"#00294f","band":3,"off":[-3.4,1.1]}},{"type":"Feature","geometry":{"type":"Point","coordinates":[19.936133,50.074859]},"properties":{"line":"189","mode":"bus","color":"#0059a9","colorDark":"#00294f","band":3,"off":[0,1.1]}},{"type":"Feature","geometry":{"type":"Point","coordinates":[19.936133,50.074859]},"properties":{"line":"301","mode":"bus","color":"#0059a9","colorDark":"#00294f","band":3,"off":[3.4,1.1]}},{"type":"Feature","geometry":{"type":"Point","coordinates":[19.936133,50.074859]},"properties":{"line":"337","mode":"bus","color":"#0059a9","colorDark":"#00294f","band":3,"off":[6.8,1.1]}},{"type":"Feature","geometry":{"type":"Point","coordinates":[19.936133,50.074859]},"properties":{"line":"420","mode":"bus","color":"#0059a9","colorDark":"#00294f","band":3,"off":[-1.7,3.1]}},{"type":"Feature","geometry":{"type":"Point","coordinates":[19.936133,50.074859]},"properties":{"line":"502","mode":"bus","color":"#0059a9","colorDark":"#00294f","band":3,"off":[1.7,3.1]}},{"type":"Feature","geometry":{"type":"Point","coordinates":[19.87051,50.08006]},"properties":{"name":"Lindego","band":3,"modes":"bus","arr":["120","572"],"off":[0,-0.8]}},{"type":"Feature","geometry":{"type":"Point","coordinates":[19.87051,50.08006]},"properties":{"line":"120","mode":"bus","color":"#0059a9","colorDark":"#00294f","band":3,"off":[-1.7,1.1]}},{"type":"Feature","geometry":{"type":"Point","coordinates":[19.87051,50.08006]},"properties":{"line":"572","mode":"bus","color":"#0059a9","colorDark":"#00294f","band":3,"off":[1.7,1.1]}},{"type":"Feature","geometry":{"type":"Point","coordinates":[19.883032,50.082145]},"properties":{"name":"Bronowice Małe","band":3,"modes":"bus","arr":["238","248","258","268","278","288","704","708","664","910","948"],"off":[0,-0.8]}},{"type":"Feature","geometry":{"type":"Point","coordinates":[19.883032,50.082145]},"properties":{"line":"238","mode":"bus","color":"#0059a9","colorDark":"#00294f","band":3,"off":[-6.8,1.1]}},{"type":"Feature","geometry":{"type":"Point","coordinates":[19.883032,50.082145]},"properties":{"line":"248","mode":"bus","color":"#0059a9","colorDark":"#00294f","band":3,"off":[-3.4,1.1]}},{"type":"Feature","geometry":{"type":"Point","coordinates":[19.883032,50.082145]},"properties":{"line":"258","mode":"bus","color":"#0059a9","colorDark":"#00294f","band":3,"off":[0,1.1]}},{"type":"Feature","geometry":{"type":"Point","coordinates":[19.883032,50.082145]},"properties":{"line":"268","mode":"bus","color":"#0059a9","colorDark":"#00294f","band":3,"off":[3.4,1.1]}},{"type":"Feature","geometry":{"type":"Point","coordinates":[19.883032,50.082145]},"properties":{"line":"278","mode":"bus","color":"#0059a9","colorDark":"#00294f","band":3,"off":[6.8,1.1]}},{"type":"Feature","geometry":{"type":"Point","coordinates":[19.883032,50.082145]},"properties":{"line":"288","mode":"bus","color":"#0059a9","colorDark":"#00294f","band":3,"off":[-6.8,3.1]}},{"type":"Feature","geometry":{"type":"Point","coordinates":[19.883032,50.082145]},"properties":{"line":"704","mode":"bus","color":"#0059a9","colorDark":"#00294f","band":3,"off":[-3.4,3.1]}},{"type":"Feature","geometry":{"type":"Point","coordinates":[19.883032,50.082145]},"properties":{"line":"708","mode":"bus","color":"#0059a9","colorDark":"#00294f","band":3,"off":[0,3.1]}},{"type":"Feature","geometry":{"type":"Point","coordinates":[19.883032,50.082145]},"properties":{"line":"664","mode":"bus","color":"#000000","colorDark":"#000000","band":3,"off":[3.4,3.1]}},{"type":"Feature","geometry":{"type":"Point","coordinates":[19.883032,50.082145]},"properties":{"line":"910","mode":"bus","color":"#000000","colorDark":"#000000","band":3,"off":[6.8,3.1]}},{"type":"Feature","geometry":{"type":"Point","coordinates":[19.883032,50.082145]},"properties":{"line":"948","mode":"bus","color":"#000000","colorDark":"#000000","band":3,"off":[0,5.1]}},{"type":"Feature","geometry":{"type":"Point","coordinates":[19.890788,50.087618]},"properties":{"name":"Rondo Ofiar Katynia","band":3,"modes":"bus","arr":["258"],"off":[0,-0.8]}},{"type":"Feature","geometry":{"type":"Point","coordinates":[19.890788,50.087618]},"properties":{"line":"258","mode":"bus","color":"#0059a9","colorDark":"#00294f","band":3,"off":[0,1.1]}},{"type":"Feature","geometry":{"type":"Point","coordinates":[19.911619,49.995364]},"properties":{"name":"Kliny Poranne","band":3,"modes":"bus","arr":["121"],"off":[0,-0.8]}},{"type":"Feature","geometry":{"type":"Point","coordinates":[19.911619,49.995364]},"properties":{"line":"121","mode":"bus","color":"#0059a9","colorDark":"#00294f","band":3,"off":[0,1.1]}},{"type":"Feature","geometry":{"type":"Point","coordinates":[19.926646,50.011341]},"properties":{"name":"Borek Fałęcki","band":3,"modes":"bus","arr":["121","151","175","191","214","215","225","235","243","245","254","255","265","275","285","293","475"],"off":[0,-0.8]}},{"type":"Feature","geometry":{"type":"Point","coordinates":[19.926646,50.011341]},"properties":{"line":"121","mode":"bus","color":"#0059a9","colorDark":"#00294f","band":3,"off":[-6.8,1.1]}},{"type":"Feature","geometry":{"type":"Point","coordinates":[19.926646,50.011341]},"properties":{"line":"151","mode":"bus","color":"#0059a9","colorDark":"#00294f","band":3,"off":[-3.4,1.1]}},{"type":"Feature","geometry":{"type":"Point","coordinates":[19.926646,50.011341]},"properties":{"line":"175","mode":"bus","color":"#0059a9","colorDark":"#00294f","band":3,"off":[0,1.1]}},{"type":"Feature","geometry":{"type":"Point","coordinates":[19.926646,50.011341]},"properties":{"line":"191","mode":"bus","color":"#0059a9","colorDark":"#00294f","band":3,"off":[3.4,1.1]}},{"type":"Feature","geometry":{"type":"Point","coordinates":[19.926646,50.011341]},"properties":{"line":"214","mode":"bus","color":"#0059a9","colorDark":"#00294f","band":3,"off":[6.8,1.1]}},{"type":"Feature","geometry":{"type":"Point","coordinates":[19.926646,50.011341]},"properties":{"line":"215","mode":"bus","color":"#0059a9","colorDark":"#00294f","band":3,"off":[-6.8,3.1]}},{"type":"Feature","geometry":{"type":"Point","coordinates":[19.926646,50.011341]},"properties":{"line":"225","mode":"bus","color":"#0059a9","colorDark":"#00294f","band":3,"off":[-3.4,3.1]}},{"type":"Feature","geometry":{"type":"Point","coordinates":[19.926646,50.011341]},"properties":{"line":"235","mode":"bus","color":"#0059a9","colorDark":"#00294f","band":3,"off":[0,3.1]}},{"type":"Feature","geometry":{"type":"Point","coordinates":[19.926646,50.011341]},"properties":{"line":"243","mode":"bus","color":"#0059a9","colorDark":"#00294f","band":3,"off":[3.4,3.1]}},{"type":"Feature","geometry":{"type":"Point","coordinates":[19.926646,50.011341]},"properties":{"line":"245","mode":"bus","color":"#0059a9","colorDark":"#00294f","band":3,"off":[6.8,3.1]}},{"type":"Feature","geometry":{"type":"Point","coordinates":[19.926646,50.011341]},"properties":{"line":"254","mode":"bus","color":"#0059a9","colorDark":"#00294f","band":3,"off":[-6.8,5.1]}},{"type":"Feature","geometry":{"type":"Point","coordinates":[19.926646,50.011341]},"properties":{"line":"255","mode":"bus","color":"#0059a9","colorDark":"#00294f","band":3,"off":[-3.4,5.1]}},{"type":"Feature","geometry":{"type":"Point","coordinates":[19.926646,50.011341]},"properties":{"line":"265","mode":"bus","color":"#0059a9","colorDark":"#00294f","band":3,"off":[0,5.1]}},{"type":"Feature","geometry":{"type":"Point","coordinates":[19.926646,50.011341]},"properties":{"line":"275","mode":"bus","color":"#0059a9","colorDark":"#00294f","band":3,"off":[3.4,5.1]}},{"type":"Feature","geometry":{"type":"Point","coordinates":[19.926646,50.011341]},"properties":{"line":"285","mode":"bus","color":"#0059a9","colorDark":"#00294f","band":3,"off":[6.8,5.1]}},{"type":"Feature","geometry":{"type":"Point","coordinates":[19.926646,50.011341]},"properties":{"line":"293","mode":"bus","color":"#0059a9","colorDark":"#00294f","band":3,"off":[-1.7,7.1]}},{"type":"Feature","geometry":{"type":"Point","coordinates":[19.926646,50.011341]},"properties":{"line":"475","mode":"bus","color":"#0059a9","colorDark":"#00294f","band":3,"off":[1.7,7.1]}},{"type":"Feature","geometry":{"type":"Point","coordinates":[20.043855,50.106216]},"properties":{"name":"Zesławice","band":3,"modes":"bus","arr":["122"],"off":[0,-0.8]}},{"type":"Feature","geometry":{"type":"Point","coordinates":[20.043855,50.106216]},"properties":{"line":"122","mode":"bus","color":"#0059a9","colorDark":"#00294f","band":3,"off":[0,1.1]}},{"type":"Feature","geometry":{"type":"Point","coordinates":[20.033993,50.075238]},"properties":{"name":"Aleja Przyjaźni","band":3,"modes":"bus","arr":["122","160","502","572"],"off":[0,-0.8]}},{"type":"Feature","geometry":{"type":"Point","coordinates":[20.033993,50.075238]},"properties":{"line":"122","mode":"bus","color":"#0059a9","colorDark":"#00294f","band":3,"off":[-5.1,1.1]}},{"type":"Feature","geometry":{"type":"Point","coordinates":[20.033993,50.075238]},"properties":{"line":"160","mode":"bus","color":"#0059a9","colorDark":"#00294f","band":3,"off":[-1.7,1.1]}},{"type":"Feature","geometry":{"type":"Point","coordinates":[20.033993,50.075238]},"properties":{"line":"502","mode":"bus","color":"#0059a9","colorDark":"#00294f","band":3,"off":[1.7,1.1]}},{"type":"Feature","geometry":{"type":"Point","coordinates":[20.033993,50.075238]},"properties":{"line":"572","mode":"bus","color":"#0059a9","colorDark":"#00294f","band":3,"off":[5.1,1.1]}},{"type":"Feature","geometry":{"type":"Point","coordinates":[20.032761,50.091186]},"properties":{"name":"Zajezdnia Bieńczyce","band":3,"modes":"bus","arr":["601"],"off":[0,-0.8]}},{"type":"Feature","geometry":{"type":"Point","coordinates":[20.032761,50.091186]},"properties":{"line":"601","mode":"bus","color":"#000000","colorDark":"#000000","band":3,"off":[0,1.1]}},{"type":"Feature","geometry":{"type":"Point","coordinates":[19.996157,50.095879]},"properties":{"name":"Mistrzejowice","band":3,"modes":"bus","arr":["123","183","482"],"off":[0,-0.8]}},{"type":"Feature","geometry":{"type":"Point","coordinates":[19.996157,50.095879]},"properties":{"line":"123","mode":"bus","color":"#0059a9","colorDark":"#00294f","band":3,"off":[-3.4,1.1]}},{"type":"Feature","geometry":{"type":"Point","coordinates":[19.996157,50.095879]},"properties":{"line":"183","mode":"bus","color":"#0059a9","colorDark":"#00294f","band":3,"off":[0,1.1]}},{"type":"Feature","geometry":{"type":"Point","coordinates":[19.996157,50.095879]},"properties":{"line":"482","mode":"bus","color":"#0059a9","colorDark":"#00294f","band":3,"off":[3.4,1.1]}},{"type":"Feature","geometry":{"type":"Point","coordinates":[20.0006,50.040065]},"properties":{"name":"Mały Płaszów P+R","band":3,"modes":"tram,bus","arr":["11","20","76","123","195","221","264","A58"],"off":[0,-0.8]}},{"type":"Feature","geometry":{"type":"Point","coordinates":[20.0006,50.040065]},"properties":{"name":"Kraków Mały Płaszów P+R","band":3,"modes":"tram,bus","arr":["11","20","76","123","195","221","264","A58"],"off":[0,-1.9]}},{"type":"Feature","geometry":{"type":"Point","coordinates":[20.0006,50.040065]},"properties":{"line":"11","mode":"tram","color":"#d6212b","colorDark":"#7c1116","band":3,"off":[-6.8,1.1]}},{"type":"Feature","geometry":{"type":"Point","coordinates":[20.0006,50.040065]},"properties":{"line":"20","mode":"tram","color":"#d6212b","colorDark":"#7c1116","band":3,"off":[-3.4,1.1]}},{"type":"Feature","geometry":{"type":"Point","coordinates":[20.0006,50.040065]},"properties":{"line":"76","mode":"tram","color":"#d6212b","colorDark":"#7c1116","band":3,"off":[0,1.1]}},{"type":"Feature","geometry":{"type":"Point","coordinates":[20.0006,50.040065]},"properties":{"line":"123","mode":"bus","color":"#0059a9","colorDark":"#00294f","band":3,"off":[3.4,1.1]}},{"type":"Feature","geometry":{"type":"Point","coordinates":[20.0006,50.040065]},"properties":{"line":"195","mode":"bus","color":"#0059a9","colorDark":"#00294f","band":3,"off":[6.8,1.1]}},{"type":"Feature","geometry":{"type":"Point","coordinates":[20.0006,50.040065]},"properties":{"line":"221","mode":"bus","color":"#0059a9","colorDark":"#00294f","band":3,"off":[-3.4,3.1]}},{"type":"Feature","geometry":{"type":"Point","coordinates":[20.0006,50.040065]},"properties":{"line":"264","mode":"bus","color":"#0059a9","colorDark":"#00294f","band":3,"off":[0,3.1]}},{"type":"Feature","geometry":{"type":"Point","coordinates":[20.0006,50.040065]},"properties":{"line":"A58","mode":"bus","color":"#0059a9","colorDark":"#00294f","band":3,"off":[3.4,3.1]}},{"type":"Feature","geometry":{"type":"Point","coordinates":[20.045374,50.054047]},"properties":{"name":"Lesisko","band":3,"modes":"bus","arr":["149","183"],"off":[0,-0.8]}},{"type":"Feature","geometry":{"type":"Point","coordinates":[20.045374,50.054047]},"properties":{"line":"149","mode":"bus","color":"#0059a9","colorDark":"#00294f","band":3,"off":[-1.7,1.1]}},{"type":"Feature","geometry":{"type":"Point","coordinates":[20.045374,50.054047]},"properties":{"line":"183","mode":"bus","color":"#0059a9","colorDark":"#00294f","band":3,"off":[1.7,1.1]}},{"type":"Feature","geometry":{"type":"Point","coordinates":[19.982604,50.071879]},"properties":{"name":"TAURON Arena Kraków Wieczysta","band":3,"modes":"bus","arr":["124"],"off":[0,-0.8]}},{"type":"Feature","geometry":{"type":"Point","coordinates":[19.982604,50.071879]},"properties":{"line":"124","mode":"bus","color":"#0059a9","colorDark":"#00294f","band":3,"off":[0,1.1]}},{"type":"Feature","geometry":{"type":"Point","coordinates":[19.944201,50.064876]},"properties":{"name":"Teatr Słowackiego","band":3,"modes":"bus","arr":["704","605"],"off":[0,-0.8]}},{"type":"Feature","geometry":{"type":"Point","coordinates":[19.944201,50.064876]},"properties":{"line":"704","mode":"bus","color":"#0059a9","colorDark":"#00294f","band":3,"off":[-1.7,1.1]}},{"type":"Feature","geometry":{"type":"Point","coordinates":[19.944201,50.064876]},"properties":{"line":"605","mode":"bus","color":"#000000","colorDark":"#000000","band":3,"off":[1.7,1.1]}},{"type":"Feature","geometry":{"type":"Point","coordinates":[20.051306,50.021807]},"properties":{"name":"Złocień","band":3,"modes":"bus","arr":["125","605"],"off":[0,-0.8]}},{"type":"Feature","geometry":{"type":"Point","coordinates":[20.051306,50.021807]},"properties":{"line":"125","mode":"bus","color":"#0059a9","colorDark":"#00294f","band":3,"off":[-1.7,1.1]}},{"type":"Feature","geometry":{"type":"Point","coordinates":[20.051306,50.021807]},"properties":{"line":"605","mode":"bus","color":"#000000","colorDark":"#000000","band":3,"off":[1.7,1.1]}},{"type":"Feature","geometry":{"type":"Point","coordinates":[19.948719,50.068568]},"properties":{"name":"Kraków Główny","band":3,"modes":"bus,metro","arr":["125","182","192","317","482","Dunajec","Hubal","Luxtorpeda","SKA1","SKA2","SKA3","609","902"],"off":[0,-0.8]}},{"type":"Feature","geometry":{"type":"Point","coordinates":[19.948719,50.068568]},"properties":{"name":"Dworzec Główny Wschód","band":3,"modes":"bus,metro","arr":["125","182","192","317","482","Dunajec","Hubal","Luxtorpeda","SKA1","SKA2","SKA3","609","902"],"off":[0,-1.9]}},{"type":"Feature","geometry":{"type":"Point","coordinates":[19.948719,50.068568]},"properties":{"line":"125","mode":"bus","color":"#0059a9","colorDark":"#00294f","band":3,"off":[-6.8,1.1]}},{"type":"Feature","geometry":{"type":"Point","coordinates":[19.948719,50.068568]},"properties":{"line":"182","mode":"bus","color":"#0059a9","colorDark":"#00294f","band":3,"off":[-3.4,1.1]}},{"type":"Feature","geometry":{"type":"Point","coordinates":[19.948719,50.068568]},"properties":{"line":"192","mode":"bus","color":"#0059a9","colorDark":"#00294f","band":3,"off":[0,1.1]}},{"type":"Feature","geometry":{"type":"Point","coordinates":[19.948719,50.068568]},"properties":{"line":"317","mode":"bus","color":"#0059a9","colorDark":"#00294f","band":3,"off":[3.4,1.1]}},{"type":"Feature","geometry":{"type":"Point","coordinates":[19.948719,50.068568]},"properties":{"line":"482","mode":"bus","color":"#0059a9","colorDark":"#00294f","band":3,"off":[6.8,1.1]}},{"type":"Feature","geometry":{"type":"Point","coordinates":[19.948719,50.068568]},"properties":{"line":"Dunajec","mode":"tram","color":"#a518a3","colorDark":"#5a0c59","band":3,"metro":1,"off":[-6.8,3.1]}},{"type":"Feature","geometry":{"type":"Point","coordinates":[19.948719,50.068568]},"properties":{"line":"Hubal","mode":"tram","color":"#a518a3","colorDark":"#5a0c59","band":3,"metro":1,"off":[-3.4,3.1]}},{"type":"Feature","geometry":{"type":"Point","coordinates":[19.948719,50.068568]},"properties":{"line":"Luxtorpeda","mode":"tram","color":"#a518a3","colorDark":"#5a0c59","band":3,"metro":1,"off":[0,3.1]}},{"type":"Feature","geometry":{"type":"Point","coordinates":[19.948719,50.068568]},"properties":{"line":"SKA1","mode":"tram","color":"#60B6F0","colorDark":"#356484","band":3,"metro":1,"off":[3.4,3.1]}},{"type":"Feature","geometry":{"type":"Point","coordinates":[19.948719,50.068568]},"properties":{"line":"SKA2","mode":"tram","color":"#D4328A","colorDark":"#751c4c","band":3,"metro":1,"off":[6.8,3.1]}},{"type":"Feature","geometry":{"type":"Point","coordinates":[19.948719,50.068568]},"properties":{"line":"SKA3","mode":"tram","color":"#F2C43B","colorDark":"#856c20","band":3,"metro":1,"off":[-3.4,5.1]}},{"type":"Feature","geometry":{"type":"Point","coordinates":[19.948719,50.068568]},"properties":{"line":"609","mode":"bus","color":"#000000","colorDark":"#000000","band":3,"off":[0,5.1]}},{"type":"Feature","geometry":{"type":"Point","coordinates":[19.948719,50.068568]},"properties":{"line":"902","mode":"bus","color":"#000000","colorDark":"#000000","band":3,"off":[3.4,5.1]}},{"type":"Feature","geometry":{"type":"Point","coordinates":[19.962876,50.042123]},"properties":{"name":"Podgórze SKA","band":3,"modes":"bus","arr":["127","155","158"],"off":[0,-0.8]}},{"type":"Feature","geometry":{"type":"Point","coordinates":[19.962876,50.042123]},"properties":{"line":"127","mode":"bus","color":"#0059a9","colorDark":"#00294f","band":3,"off":[-3.4,1.1]}},{"type":"Feature","geometry":{"type":"Point","coordinates":[19.962876,50.042123]},"properties":{"line":"155","mode":"bus","color":"#0059a9","colorDark":"#00294f","band":3,"off":[0,1.1]}},{"type":"Feature","geometry":{"type":"Point","coordinates":[19.962876,50.042123]},"properties":{"line":"158","mode":"bus","color":"#0059a9","colorDark":"#00294f","band":3,"off":[3.4,1.1]}},{"type":"Feature","geometry":{"type":"Point","coordinates":[19.995291,50.034047]},"properties":{"name":"Bagry","band":3,"modes":"bus","arr":["127"],"off":[0,-0.8]}},{"type":"Feature","geometry":{"type":"Point","coordinates":[19.995291,50.034047]},"properties":{"line":"127","mode":"bus","color":"#0059a9","colorDark":"#00294f","band":3,"off":[0,1.1]}},{"type":"Feature","geometry":{"type":"Point","coordinates":[20.011679,50.035489]},"properties":{"name":"Zajezdnia Płaszów","band":3,"modes":"bus","arr":["128","148"],"off":[0,-0.8]}},{"type":"Feature","geometry":{"type":"Point","coordinates":[20.011679,50.035489]},"properties":{"line":"128","mode":"bus","color":"#0059a9","colorDark":"#00294f","band":3,"off":[-1.7,1.1]}},{"type":"Feature","geometry":{"type":"Point","coordinates":[20.011679,50.035489]},"properties":{"line":"148","mode":"bus","color":"#0059a9","colorDark":"#00294f","band":3,"off":[1.7,1.1]}},{"type":"Feature","geometry":{"type":"Point","coordinates":[19.963066,50.104982]},"properties":{"name":"Górka Narodowa P+R","band":3,"modes":"tram,bus","arr":["18","50","75","128","169","217","247","257","277","280","297","469","503","69","669","917"],"off":[0,-0.8]}},{"type":"Feature","geometry":{"type":"Point","coordinates":[19.963066,50.104982]},"properties":{"line":"18","mode":"tram","color":"#d6212b","colorDark":"#7c1116","band":3,"off":[-6.8,1.1]}},{"type":"Feature","geometry":{"type":"Point","coordinates":[19.963066,50.104982]},"properties":{"line":"50","mode":"tram","color":"#d6212b","colorDark":"#7c1116","band":3,"off":[-3.4,1.1]}},{"type":"Feature","geometry":{"type":"Point","coordinates":[19.963066,50.104982]},"properties":{"line":"75","mode":"tram","color":"#d6212b","colorDark":"#7c1116","band":3,"off":[0,1.1]}},{"type":"Feature","geometry":{"type":"Point","coordinates":[19.963066,50.104982]},"properties":{"line":"128","mode":"bus","color":"#0059a9","colorDark":"#00294f","band":3,"off":[3.4,1.1]}},{"type":"Feature","geometry":{"type":"Point","coordinates":[19.963066,50.104982]},"properties":{"line":"169","mode":"bus","color":"#0059a9","colorDark":"#00294f","band":3,"off":[6.8,1.1]}},{"type":"Feature","geometry":{"type":"Point","coordinates":[19.963066,50.104982]},"properties":{"line":"217","mode":"bus","color":"#0059a9","colorDark":"#00294f","band":3,"off":[-6.8,3.1]}},{"type":"Feature","geometry":{"type":"Point","coordinates":[19.963066,50.104982]},"properties":{"line":"247","mode":"bus","color":"#0059a9","colorDark":"#00294f","band":3,"off":[-3.4,3.1]}},{"type":"Feature","geometry":{"type":"Point","coordinates":[19.963066,50.104982]},"properties":{"line":"257","mode":"bus","color":"#0059a9","colorDark":"#00294f","band":3,"off":[0,3.1]}},{"type":"Feature","geometry":{"type":"Point","coordinates":[19.963066,50.104982]},"properties":{"line":"277","mode":"bus","color":"#0059a9","colorDark":"#00294f","band":3,"off":[3.4,3.1]}},{"type":"Feature","geometry":{"type":"Point","coordinates":[19.963066,50.104982]},"properties":{"line":"280","mode":"bus","color":"#0059a9","colorDark":"#00294f","band":3,"off":[6.8,3.1]}},{"type":"Feature","geometry":{"type":"Point","coordinates":[19.963066,50.104982]},"properties":{"line":"297","mode":"bus","color":"#0059a9","colorDark":"#00294f","band":3,"off":[-6.8,5.1]}},{"type":"Feature","geometry":{"type":"Point","coordinates":[19.963066,50.104982]},"properties":{"line":"469","mode":"bus","color":"#0059a9","colorDark":"#00294f","band":3,"off":[-3.4,5.1]}},{"type":"Feature","geometry":{"type":"Point","coordinates":[19.963066,50.104982]},"properties":{"line":"503","mode":"bus","color":"#0059a9","colorDark":"#00294f","band":3,"off":[0,5.1]}},{"type":"Feature","geometry":{"type":"Point","coordinates":[19.963066,50.104982]},"properties":{"line":"69","mode":"tram","color":"#000000","colorDark":"#000000","band":3,"off":[3.4,5.1]}},{"type":"Feature","geometry":{"type":"Point","coordinates":[19.963066,50.104982]},"properties":{"line":"669","mode":"bus","color":"#000000","colorDark":"#000000","band":3,"off":[6.8,5.1]}},{"type":"Feature","geometry":{"type":"Point","coordinates":[19.963066,50.104982]},"properties":{"line":"917","mode":"bus","color":"#000000","colorDark":"#000000","band":3,"off":[0,7.1]}},{"type":"Feature","geometry":{"type":"Point","coordinates":[19.908847,50.086785]},"properties":{"name":"Azory","band":3,"modes":"bus","arr":["130","138","173","494"],"off":[0,-0.8]}},{"type":"Feature","geometry":{"type":"Point","coordinates":[19.908847,50.086785]},"properties":{"line":"130","mode":"bus","color":"#0059a9","colorDark":"#00294f","band":3,"off":[-5.1,1.1]}},{"type":"Feature","geometry":{"type":"Point","coordinates":[19.908847,50.086785]},"properties":{"line":"138","mode":"bus","color":"#0059a9","colorDark":"#00294f","band":3,"off":[-1.7,1.1]}},{"type":"Feature","geometry":{"type":"Point","coordinates":[19.908847,50.086785]},"properties":{"line":"173","mode":"bus","color":"#0059a9","colorDark":"#00294f","band":3,"off":[1.7,1.1]}},{"type":"Feature","geometry":{"type":"Point","coordinates":[19.908847,50.086785]},"properties":{"line":"494","mode":"bus","color":"#0059a9","colorDark":"#00294f","band":3,"off":[5.1,1.1]}},{"type":"Feature","geometry":{"type":"Point","coordinates":[20.066521,50.078572]},"properties":{"name":"Kombinat","band":3,"modes":"bus","arr":["132","138","139","174","242","272"],"off":[0,-0.8]}},{"type":"Feature","geometry":{"type":"Point","coordinates":[20.066521,50.078572]},"properties":{"line":"132","mode":"bus","color":"#0059a9","colorDark":"#00294f","band":3,"off":[-6.8,1.1]}},{"type":"Feature","geometry":{"type":"Point","coordinates":[20.066521,50.078572]},"properties":{"line":"138","mode":"bus","color":"#0059a9","colorDark":"#00294f","band":3,"off":[-3.4,1.1]}},{"type":"Feature","geometry":{"type":"Point","coordinates":[20.066521,50.078572]},"properties":{"line":"139","mode":"bus","color":"#0059a9","colorDark":"#00294f","band":3,"off":[0,1.1]}},{"type":"Feature","geometry":{"type":"Point","coordinates":[20.066521,50.078572]},"properties":{"line":"174","mode":"bus","color":"#0059a9","colorDark":"#00294f","band":3,"off":[3.4,1.1]}},{"type":"Feature","geometry":{"type":"Point","coordinates":[20.066521,50.078572]},"properties":{"line":"242","mode":"bus","color":"#0059a9","colorDark":"#00294f","band":3,"off":[6.8,1.1]}},{"type":"Feature","geometry":{"type":"Point","coordinates":[20.066521,50.078572]},"properties":{"line":"272","mode":"bus","color":"#0059a9","colorDark":"#00294f","band":3,"off":[0,3.1]}},{"type":"Feature","geometry":{"type":"Point","coordinates":[19.855383,50.055084]},"properties":{"name":"ZOO","band":3,"modes":"bus","arr":["134","434"],"off":[0,-0.8]}},{"type":"Feature","geometry":{"type":"Point","coordinates":[19.855383,50.055084]},"properties":{"line":"134","mode":"bus","color":"#0059a9","colorDark":"#00294f","band":3,"off":[-1.7,1.1]}},{"type":"Feature","geometry":{"type":"Point","coordinates":[19.855383,50.055084]},"properties":{"line":"434","mode":"bus","color":"#0059a9","colorDark":"#00294f","band":3,"off":[1.7,1.1]}},{"type":"Feature","geometry":{"type":"Point","coordinates":[19.92259,50.058487]},"properties":{"name":"Cracovia Stadion","band":3,"modes":"bus","arr":["134","307"],"off":[0,-0.8]}},{"type":"Feature","geometry":{"type":"Point","coordinates":[19.92259,50.058487]},"properties":{"line":"134","mode":"bus","color":"#0059a9","colorDark":"#00294f","band":3,"off":[-1.7,1.1]}},{"type":"Feature","geometry":{"type":"Point","coordinates":[19.92259,50.058487]},"properties":{"line":"307","mode":"bus","color":"#0059a9","colorDark":"#00294f","band":3,"off":[1.7,1.1]}},{"type":"Feature","geometry":{"type":"Point","coordinates":[19.862334,50.059102]},"properties":{"name":"Baba Jaga","band":3,"modes":"bus","arr":["434"],"off":[0,-0.8]}},{"type":"Feature","geometry":{"type":"Point","coordinates":[19.862334,50.059102]},"properties":{"line":"434","mode":"bus","color":"#0059a9","colorDark":"#00294f","band":3,"off":[0,1.1]}},{"type":"Feature","geometry":{"type":"Point","coordinates":[19.964453,50.099858]},"properties":{"name":"Os. Gotyk","band":3,"modes":"bus","arr":["137"],"off":[0,-0.8]}},{"type":"Feature","geometry":{"type":"Point","coordinates":[19.964453,50.099858]},"properties":{"line":"137","mode":"bus","color":"#0059a9","colorDark":"#00294f","band":3,"off":[0,1.1]}},{"type":"Feature","geometry":{"type":"Point","coordinates":[19.899012,50.070695]},"properties":{"name":"Przybyszewskiego","band":3,"modes":"bus","arr":["139"],"off":[0,-0.8]}},{"type":"Feature","geometry":{"type":"Point","coordinates":[19.899012,50.070695]},"properties":{"line":"139","mode":"bus","color":"#0059a9","colorDark":"#00294f","band":3,"off":[0,1.1]}},{"type":"Feature","geometry":{"type":"Point","coordinates":[19.89403,50.08625]},"properties":{"name":"Radzikowskiego Osiedle","band":3,"modes":"bus","arr":["140"],"off":[0,-0.8]}},{"type":"Feature","geometry":{"type":"Point","coordinates":[19.89403,50.08625]},"properties":{"line":"140","mode":"bus","color":"#0059a9","colorDark":"#00294f","band":3,"off":[0,1.1]}},{"type":"Feature","geometry":{"type":"Point","coordinates":[20.011009,50.006305]},"properties":{"name":"Rżąka","band":3,"modes":"bus","arr":["144","195"],"off":[0,-0.8]}},{"type":"Feature","geometry":{"type":"Point","coordinates":[20.011009,50.006305]},"properties":{"line":"144","mode":"bus","color":"#0059a9","colorDark":"#00294f","band":3,"off":[-1.7,1.1]}},{"type":"Feature","geometry":{"type":"Point","coordinates":[20.011009,50.006305]},"properties":{"line":"195","mode":"bus","color":"#0059a9","colorDark":"#00294f","band":3,"off":[1.7,1.1]}},{"type":"Feature","geometry":{"type":"Point","coordinates":[19.93031,50.096261]},"properties":{"name":"Prądnik Biały","band":3,"modes":"bus","arr":["144","904"],"off":[0,-0.8]}},{"type":"Feature","geometry":{"type":"Point","coordinates":[19.93031,50.096261]},"properties":{"line":"144","mode":"bus","color":"#0059a9","colorDark":"#00294f","band":3,"off":[-1.7,1.1]}},{"type":"Feature","geometry":{"type":"Point","coordinates":[19.93031,50.096261]},"properties":{"line":"904","mode":"bus","color":"#000000","colorDark":"#000000","band":3,"off":[1.7,1.1]}},{"type":"Feature","geometry":{"type":"Point","coordinates":[19.811858,50.041919]},"properties":{"name":"Bielany Obwodnica","band":3,"modes":"bus","arr":["146"],"off":[0,-0.8]}},{"type":"Feature","geometry":{"type":"Point","coordinates":[19.811858,50.041919]},"properties":{"line":"146","mode":"bus","color":"#0059a9","colorDark":"#00294f","band":3,"off":[0,1.1]}},{"type":"Feature","geometry":{"type":"Point","coordinates":[20.064061,50.099456]},"properties":{"name":"Szpital Okulistyczny","band":3,"modes":"bus","arr":["149"],"off":[0,-0.8]}},{"type":"Feature","geometry":{"type":"Point","coordinates":[20.064061,50.099456]},"properties":{"line":"149","mode":"bus","color":"#0059a9","colorDark":"#00294f","band":3,"off":[0,1.1]}},{"type":"Feature","geometry":{"type":"Point","coordinates":[19.897641,50.095021]},"properties":{"name":"Piaskowa","band":3,"modes":"bus","arr":["150"],"off":[0,-0.8]}},{"type":"Feature","geometry":{"type":"Point","coordinates":[19.897641,50.095021]},"properties":{"line":"150","mode":"bus","color":"#0059a9","colorDark":"#00294f","band":3,"off":[0,1.1]}},{"type":"Feature","geometry":{"type":"Point","coordinates":[20.003626,50.009332]},"properties":{"name":"Miejskie Centrum Opieki","band":3,"modes":"bus","arr":["153","163","513"],"off":[0,-0.8]}},{"type":"Feature","geometry":{"type":"Point","coordinates":[20.003626,50.009332]},"properties":{"line":"153","mode":"bus","color":"#0059a9","colorDark":"#00294f","band":3,"off":[-3.4,1.1]}},{"type":"Feature","geometry":{"type":"Point","coordinates":[20.003626,50.009332]},"properties":{"line":"163","mode":"bus","color":"#0059a9","colorDark":"#00294f","band":3,"off":[0,1.1]}},{"type":"Feature","geometry":{"type":"Point","coordinates":[20.003626,50.009332]},"properties":{"line":"513","mode":"bus","color":"#0059a9","colorDark":"#00294f","band":3,"off":[3.4,1.1]}},{"type":"Feature","geometry":{"type":"Point","coordinates":[20.052867,50.008398]},"properties":{"name":"Bieżanów Potrzask","band":3,"modes":"bus","arr":["153"],"off":[0,-0.8]}},{"type":"Feature","geometry":{"type":"Point","coordinates":[20.052867,50.008398]},"properties":{"line":"153","mode":"bus","color":"#0059a9","colorDark":"#00294f","band":3,"off":[0,1.1]}},{"type":"Feature","geometry":{"type":"Point","coordinates":[20.02312,50.015187]},"properties":{"name":"Nowy Bieżanów P+R","band":3,"modes":"bus","arr":["669"],"off":[0,-0.8]}},{"type":"Feature","geometry":{"type":"Point","coordinates":[20.02312,50.015187]},"properties":{"line":"669","mode":"bus","color":"#000000","colorDark":"#000000","band":3,"off":[0,1.1]}},{"type":"Feature","geometry":{"type":"Point","coordinates":[19.872222,49.988466]},"properties":{"name":"Sidzina","band":3,"modes":"bus","arr":["156","175","475","610"],"off":[0,-0.8]}},{"type":"Feature","geometry":{"type":"Point","coordinates":[19.872222,49.988466]},"properties":{"line":"156","mode":"bus","color":"#0059a9","colorDark":"#00294f","band":3,"off":[-5.1,1.1]}},{"type":"Feature","geometry":{"type":"Point","coordinates":[19.872222,49.988466]},"properties":{"line":"175","mode":"bus","color":"#0059a9","colorDark":"#00294f","band":3,"off":[-1.7,1.1]}},{"type":"Feature","geometry":{"type":"Point","coordinates":[19.872222,49.988466]},"properties":{"line":"475","mode":"bus","color":"#0059a9","colorDark":"#00294f","band":3,"off":[1.7,1.1]}},{"type":"Feature","geometry":{"type":"Point","coordinates":[19.872222,49.988466]},"properties":{"line":"610","mode":"bus","color":"#000000","colorDark":"#000000","band":3,"off":[5.1,1.1]}},{"type":"Feature","geometry":{"type":"Point","coordinates":[20.060017,50.047632]},"properties":{"name":"Podwierzbie","band":3,"modes":"bus","arr":["158"],"off":[0,-0.8]}},{"type":"Feature","geometry":{"type":"Point","coordinates":[20.060017,50.047632]},"properties":{"line":"158","mode":"bus","color":"#0059a9","colorDark":"#00294f","band":3,"off":[0,1.1]}},{"type":"Feature","geometry":{"type":"Point","coordinates":[19.852133,50.028655]},"properties":{"name":"Kostrze OSP","band":3,"modes":"bus","arr":["176","476"],"off":[0,-0.8]}},{"type":"Feature","geometry":{"type":"Point","coordinates":[19.852133,50.028655]},"properties":{"line":"176","mode":"bus","color":"#0059a9","colorDark":"#00294f","band":3,"off":[-1.7,1.1]}},{"type":"Feature","geometry":{"type":"Point","coordinates":[19.852133,50.028655]},"properties":{"line":"476","mode":"bus","color":"#0059a9","colorDark":"#00294f","band":3,"off":[1.7,1.1]}},{"type":"Feature","geometry":{"type":"Point","coordinates":[20.021588,50.092618]},"properties":{"name":"Szpital Rydygiera","band":3,"modes":"bus","arr":["163"],"off":[0,-0.8]}},{"type":"Feature","geometry":{"type":"Point","coordinates":[20.021588,50.092618]},"properties":{"line":"163","mode":"bus","color":"#0059a9","colorDark":"#00294f","band":3,"off":[0,1.1]}},{"type":"Feature","geometry":{"type":"Point","coordinates":[19.970085,50.015255]},"properties":{"name":"Piaski Nowe","band":3,"modes":"bus","arr":["164"],"off":[0,-0.8]}},{"type":"Feature","geometry":{"type":"Point","coordinates":[19.970085,50.015255]},"properties":{"line":"164","mode":"bus","color":"#0059a9","colorDark":"#00294f","band":3,"off":[0,1.1]}},{"type":"Feature","geometry":{"type":"Point","coordinates":[19.840192,50.090889]},"properties":{"name":"Mydlniki Wapiennik SKA P+R","band":3,"modes":"bus","arr":["164","199","601"],"off":[0,-0.8]}},{"type":"Feature","geometry":{"type":"Point","coordinates":[19.840192,50.090889]},"properties":{"line":"164","mode":"bus","color":"#0059a9","colorDark":"#00294f","band":3,"off":[-3.4,1.1]}},{"type":"Feature","geometry":{"type":"Point","coordinates":[19.840192,50.090889]},"properties":{"line":"199","mode":"bus","color":"#0059a9","colorDark":"#00294f","band":3,"off":[0,1.1]}},{"type":"Feature","geometry":{"type":"Point","coordinates":[19.840192,50.090889]},"properties":{"line":"601","mode":"bus","color":"#000000","colorDark":"#000000","band":3,"off":[3.4,1.1]}},{"type":"Feature","geometry":{"type":"Point","coordinates":[19.897204,50.093298]},"properties":{"name":"Bronowice Wielkie Wschód","band":3,"modes":"bus","arr":["168","611"],"off":[0,-0.8]}},{"type":"Feature","geometry":{"type":"Point","coordinates":[19.897204,50.093298]},"properties":{"line":"168","mode":"bus","color":"#0059a9","colorDark":"#00294f","band":3,"off":[-1.7,1.1]}},{"type":"Feature","geometry":{"type":"Point","coordinates":[19.897204,50.093298]},"properties":{"line":"611","mode":"bus","color":"#000000","colorDark":"#000000","band":3,"off":[1.7,1.1]}},{"type":"Feature","geometry":{"type":"Point","coordinates":[19.982919,50.005788]},"properties":{"name":"Piaski Wielkie","band":3,"modes":"bus","arr":["169","469"],"off":[0,-0.8]}},{"type":"Feature","geometry":{"type":"Point","coordinates":[19.982919,50.005788]},"properties":{"line":"169","mode":"bus","color":"#0059a9","colorDark":"#00294f","band":3,"off":[-1.7,1.1]}},{"type":"Feature","geometry":{"type":"Point","coordinates":[19.982919,50.005788]},"properties":{"line":"469","mode":"bus","color":"#0059a9","colorDark":"#00294f","band":3,"off":[1.7,1.1]}},{"type":"Feature","geometry":{"type":"Point","coordinates":[20.189654,50.113617]},"properties":{"name":"Wróżenice","band":3,"modes":"bus","arr":["171"],"off":[0,-0.8]}},{"type":"Feature","geometry":{"type":"Point","coordinates":[20.189654,50.113617]},"properties":{"line":"171","mode":"bus","color":"#0059a9","colorDark":"#00294f","band":3,"off":[0,1.1]}},{"type":"Feature","geometry":{"type":"Point","coordinates":[20.015548,50.012677]},"properties":{"name":"Nowy Bieżanów Południe","band":3,"modes":"bus","arr":["173","234","244","274","284","503"],"off":[0,-0.8]}},{"type":"Feature","geometry":{"type":"Point","coordinates":[20.015548,50.012677]},"properties":{"line":"173","mode":"bus","color":"#0059a9","colorDark":"#00294f","band":3,"off":[-6.8,1.1]}},{"type":"Feature","geometry":{"type":"Point","coordinates":[20.015548,50.012677]},"properties":{"line":"234","mode":"bus","color":"#0059a9","colorDark":"#00294f","band":3,"off":[-3.4,1.1]}},{"type":"Feature","geometry":{"type":"Point","coordinates":[20.015548,50.012677]},"properties":{"line":"244","mode":"bus","color":"#0059a9","colorDark":"#00294f","band":3,"off":[0,1.1]}},{"type":"Feature","geometry":{"type":"Point","coordinates":[20.015548,50.012677]},"properties":{"line":"274","mode":"bus","color":"#0059a9","colorDark":"#00294f","band":3,"off":[3.4,1.1]}},{"type":"Feature","geometry":{"type":"Point","coordinates":[20.015548,50.012677]},"properties":{"line":"284","mode":"bus","color":"#0059a9","colorDark":"#00294f","band":3,"off":[6.8,1.1]}},{"type":"Feature","geometry":{"type":"Point","coordinates":[20.015548,50.012677]},"properties":{"line":"503","mode":"bus","color":"#0059a9","colorDark":"#00294f","band":3,"off":[0,3.1]}},{"type":"Feature","geometry":{"type":"Point","coordinates":[19.960373,50.004486]},"properties":{"name":"Kurdwanów Południe","band":3,"modes":"bus","arr":["174","179"],"off":[0,-0.8]}},{"type":"Feature","geometry":{"type":"Point","coordinates":[19.960373,50.004486]},"properties":{"line":"174","mode":"bus","color":"#0059a9","colorDark":"#00294f","band":3,"off":[-1.7,1.1]}},{"type":"Feature","geometry":{"type":"Point","coordinates":[19.960373,50.004486]},"properties":{"line":"179","mode":"bus","color":"#0059a9","colorDark":"#00294f","band":3,"off":[1.7,1.1]}},{"type":"Feature","geometry":{"type":"Point","coordinates":[20.035572,50.071743]},"properties":{"name":"Plac Centralny im. R. Reagana","band":3,"modes":"bus,tram","arr":["189","62","662"],"off":[0,-0.8]}},{"type":"Feature","geometry":{"type":"Point","coordinates":[20.035572,50.071743]},"properties":{"line":"189","mode":"bus","color":"#0059a9","colorDark":"#00294f","band":3,"off":[-3.4,1.1]}},{"type":"Feature","geometry":{"type":"Point","coordinates":[20.035572,50.071743]},"properties":{"line":"62","mode":"tram","color":"#000000","colorDark":"#000000","band":3,"off":[0,1.1]}},{"type":"Feature","geometry":{"type":"Point","coordinates":[20.035572,50.071743]},"properties":{"line":"662","mode":"bus","color":"#000000","colorDark":"#000000","band":3,"off":[3.4,1.1]}},{"type":"Feature","geometry":{"type":"Point","coordinates":[19.867555,50.038703]},"properties":{"name":"Bodzów","band":3,"modes":"bus","arr":["176"],"off":[0,-0.8]}},{"type":"Feature","geometry":{"type":"Point","coordinates":[19.867555,50.038703]},"properties":{"line":"176","mode":"bus","color":"#0059a9","colorDark":"#00294f","band":3,"off":[0,1.1]}},{"type":"Feature","geometry":{"type":"Point","coordinates":[20.050115,50.097851]},"properties":{"name":"Os. Na Stoku","band":3,"modes":"bus","arr":["180","182","608"],"off":[0,-0.8]}},{"type":"Feature","geometry":{"type":"Point","coordinates":[20.050115,50.097851]},"properties":{"line":"180","mode":"bus","color":"#0059a9","colorDark":"#00294f","band":3,"off":[-3.4,1.1]}},{"type":"Feature","geometry":{"type":"Point","coordinates":[20.050115,50.097851]},"properties":{"line":"182","mode":"bus","color":"#0059a9","colorDark":"#00294f","band":3,"off":[0,1.1]}},{"type":"Feature","geometry":{"type":"Point","coordinates":[20.050115,50.097851]},"properties":{"line":"608","mode":"bus","color":"#000000","colorDark":"#000000","band":3,"off":[3.4,1.1]}},{"type":"Feature","geometry":{"type":"Point","coordinates":[20.073158,50.097325]},"properties":{"name":"Grębałów","band":3,"modes":"bus","arr":["180"],"off":[0,-0.8]}},{"type":"Feature","geometry":{"type":"Point","coordinates":[20.073158,50.097325]},"properties":{"line":"180","mode":"bus","color":"#0059a9","colorDark":"#00294f","band":3,"off":[0,1.1]}},{"type":"Feature","geometry":{"type":"Point","coordinates":[19.805887,50.06186]},"properties":{"name":"Olszanica Bory","band":3,"modes":"bus","arr":["192"],"off":[0,-0.8]}},{"type":"Feature","geometry":{"type":"Point","coordinates":[19.805887,50.06186]},"properties":{"line":"192","mode":"bus","color":"#0059a9","colorDark":"#00294f","band":3,"off":[0,1.1]}},{"type":"Feature","geometry":{"type":"Point","coordinates":[19.685758,50.237651]},"properties":{"name":"Przeginia Kościół","band":3,"modes":"bus","arr":["200"],"off":[0,-0.8]}},{"type":"Feature","geometry":{"type":"Point","coordinates":[19.685758,50.237651]},"properties":{"line":"200","mode":"bus","color":"#0059a9","colorDark":"#00294f","band":3,"off":[0,1.1]}},{"type":"Feature","geometry":{"type":"Point","coordinates":[19.880517,50.081069]},"properties":{"name":"Bronowice Małe","band":3,"modes":"bus","arr":["200","210","218","228","230","298","918"],"off":[0,-0.8]}},{"type":"Feature","geometry":{"type":"Point","coordinates":[19.880517,50.081069]},"properties":{"line":"200","mode":"bus","color":"#0059a9","colorDark":"#00294f","band":3,"off":[-6.8,1.1]}},{"type":"Feature","geometry":{"type":"Point","coordinates":[19.880517,50.081069]},"properties":{"line":"210","mode":"bus","color":"#0059a9","colorDark":"#00294f","band":3,"off":[-3.4,1.1]}},{"type":"Feature","geometry":{"type":"Point","coordinates":[19.880517,50.081069]},"properties":{"line":"218","mode":"bus","color":"#0059a9","colorDark":"#00294f","band":3,"off":[0,1.1]}},{"type":"Feature","geometry":{"type":"Point","coordinates":[19.880517,50.081069]},"properties":{"line":"228","mode":"bus","color":"#0059a9","colorDark":"#00294f","band":3,"off":[3.4,1.1]}},{"type":"Feature","geometry":{"type":"Point","coordinates":[19.880517,50.081069]},"properties":{"line":"230","mode":"bus","color":"#0059a9","colorDark":"#00294f","band":3,"off":[6.8,1.1]}},{"type":"Feature","geometry":{"type":"Point","coordinates":[19.880517,50.081069]},"properties":{"line":"298","mode":"bus","color":"#0059a9","colorDark":"#00294f","band":3,"off":[-1.7,3.1]}},{"type":"Feature","geometry":{"type":"Point","coordinates":[19.880517,50.081069]},"properties":{"line":"918","mode":"bus","color":"#000000","colorDark":"#000000","band":3,"off":[1.7,3.1]}},{"type":"Feature","geometry":{"type":"Point","coordinates":[20.160161,50.187681]},"properties":{"name":"Łososkowice Remiza","band":3,"modes":"bus","arr":["202"],"off":[0,-0.8]}},{"type":"Feature","geometry":{"type":"Point","coordinates":[20.160161,50.187681]},"properties":{"line":"202","mode":"bus","color":"#0059a9","colorDark":"#00294f","band":3,"off":[0,1.1]}},{"type":"Feature","geometry":{"type":"Point","coordinates":[20.11313,50.135103]},"properties":{"name":"Kocmyrzów-Luborzyca Urząd Gminy","band":3,"modes":"bus","arr":["272"],"off":[0,-0.8]}},{"type":"Feature","geometry":{"type":"Point","coordinates":[20.11313,50.135103]},"properties":{"line":"272","mode":"bus","color":"#0059a9","colorDark":"#00294f","band":3,"off":[0,1.1]}},{"type":"Feature","geometry":{"type":"Point","coordinates":[19.829836,49.968549]},"properties":{"name":"Skawina","band":3,"modes":"bus","arr":["203","243","245","283","293","903"],"off":[0,-0.8]}},{"type":"Feature","geometry":{"type":"Point","coordinates":[19.829836,49.968549]},"properties":{"line":"203","mode":"bus","color":"#0059a9","colorDark":"#00294f","band":3,"off":[-6.8,1.1]}},{"type":"Feature","geometry":{"type":"Point","coordinates":[19.829836,49.968549]},"properties":{"line":"243","mode":"bus","color":"#0059a9","colorDark":"#00294f","band":3,"off":[-3.4,1.1]}},{"type":"Feature","geometry":{"type":"Point","coordinates":[19.829836,49.968549]},"properties":{"line":"245","mode":"bus","color":"#0059a9","colorDark":"#00294f","band":3,"off":[0,1.1]}},{"type":"Feature","geometry":{"type":"Point","coordinates":[19.829836,49.968549]},"properties":{"line":"283","mode":"bus","color":"#0059a9","colorDark":"#00294f","band":3,"off":[3.4,1.1]}},{"type":"Feature","geometry":{"type":"Point","coordinates":[19.829836,49.968549]},"properties":{"line":"293","mode":"bus","color":"#0059a9","colorDark":"#00294f","band":3,"off":[6.8,1.1]}},{"type":"Feature","geometry":{"type":"Point","coordinates":[19.829836,49.968549]},"properties":{"line":"903","mode":"bus","color":"#000000","colorDark":"#000000","band":3,"off":[0,3.1]}},{"type":"Feature","geometry":{"type":"Point","coordinates":[20.076008,49.98643]},"properties":{"name":"Wieliczka Kampus","band":3,"modes":"bus","arr":["204","224","244","304"],"off":[0,-0.8]}},{"type":"Feature","geometry":{"type":"Point","coordinates":[20.076008,49.98643]},"properties":{"line":"204","mode":"bus","color":"#0059a9","colorDark":"#00294f","band":3,"off":[-5.1,1.1]}},{"type":"Feature","geometry":{"type":"Point","coordinates":[20.076008,49.98643]},"properties":{"line":"224","mode":"bus","color":"#0059a9","colorDark":"#00294f","band":3,"off":[-1.7,1.1]}},{"type":"Feature","geometry":{"type":"Point","coordinates":[20.076008,49.98643]},"properties":{"line":"244","mode":"bus","color":"#0059a9","colorDark":"#00294f","band":3,"off":[1.7,1.1]}},{"type":"Feature","geometry":{"type":"Point","coordinates":[20.076008,49.98643]},"properties":{"line":"304","mode":"bus","color":"#0059a9","colorDark":"#00294f","band":3,"off":[5.1,1.1]}},{"type":"Feature","geometry":{"type":"Point","coordinates":[20.065133,49.987301]},"properties":{"name":"Wieliczka Cmentarz","band":3,"modes":"bus","arr":["904"],"off":[0,-0.8]}},{"type":"Feature","geometry":{"type":"Point","coordinates":[20.065133,49.987301]},"properties":{"line":"904","mode":"bus","color":"#000000","colorDark":"#000000","band":3,"off":[0,1.1]}},{"type":"Feature","geometry":{"type":"Point","coordinates":[19.910909,50.141]},"properties":{"name":"Trojanowice Pętla","band":3,"modes":"bus","arr":["207"],"off":[0,-0.8]}},{"type":"Feature","geometry":{"type":"Point","coordinates":[19.910909,50.141]},"properties":{"line":"207","mode":"bus","color":"#0059a9","colorDark":"#00294f","band":3,"off":[0,1.1]}},{"type":"Feature","geometry":{"type":"Point","coordinates":[19.916669,50.053073]},"properties":{"name":"Salwator","band":3,"modes":"bus","arr":["209","229","239","249","259","269","279","310"],"off":[0,-0.8]}},{"type":"Feature","geometry":{"type":"Point","coordinates":[19.916669,50.053073]},"properties":{"line":"209","mode":"bus","color":"#0059a9","colorDark":"#00294f","band":3,"off":[-6.8,1.1]}},{"type":"Feature","geometry":{"type":"Point","coordinates":[19.916669,50.053073]},"properties":{"line":"229","mode":"bus","color":"#0059a9","colorDark":"#00294f","band":3,"off":[-3.4,1.1]}},{"type":"Feature","geometry":{"type":"Point","coordinates":[19.916669,50.053073]},"properties":{"line":"239","mode":"bus","color":"#0059a9","colorDark":"#00294f","band":3,"off":[0,1.1]}},{"type":"Feature","geometry":{"type":"Point","coordinates":[19.916669,50.053073]},"properties":{"line":"249","mode":"bus","color":"#0059a9","colorDark":"#00294f","band":3,"off":[3.4,1.1]}},{"type":"Feature","geometry":{"type":"Point","coordinates":[19.916669,50.053073]},"properties":{"line":"259","mode":"bus","color":"#0059a9","colorDark":"#00294f","band":3,"off":[6.8,1.1]}},{"type":"Feature","geometry":{"type":"Point","coordinates":[19.916669,50.053073]},"properties":{"line":"269","mode":"bus","color":"#0059a9","colorDark":"#00294f","band":3,"off":[-3.4,3.1]}},{"type":"Feature","geometry":{"type":"Point","coordinates":[19.916669,50.053073]},"properties":{"line":"279","mode":"bus","color":"#0059a9","colorDark":"#00294f","band":3,"off":[0,3.1]}},{"type":"Feature","geometry":{"type":"Point","coordinates":[19.916669,50.053073]},"properties":{"line":"310","mode":"bus","color":"#0059a9","colorDark":"#00294f","band":3,"off":[3.4,3.1]}},{"type":"Feature","geometry":{"type":"Point","coordinates":[19.707349,50.068851]},"properties":{"name":"Mników Skały","band":3,"modes":"bus","arr":["209"],"off":[0,-0.8]}},{"type":"Feature","geometry":{"type":"Point","coordinates":[19.707349,50.068851]},"properties":{"line":"209","mode":"bus","color":"#0059a9","colorDark":"#00294f","band":3,"off":[0,1.1]}},{"type":"Feature","geometry":{"type":"Point","coordinates":[19.800173,50.071653]},"properties":{"name":"Kraków Airport","band":3,"modes":"bus","arr":["300","902"],"off":[0,-0.8]}},{"type":"Feature","geometry":{"type":"Point","coordinates":[19.800173,50.071653]},"properties":{"line":"300","mode":"bus","color":"#0059a9","colorDark":"#00294f","band":3,"off":[-1.7,1.1]}},{"type":"Feature","geometry":{"type":"Point","coordinates":[19.800173,50.071653]},"properties":{"line":"902","mode":"bus","color":"#000000","colorDark":"#000000","band":3,"off":[1.7,1.1]}},{"type":"Feature","geometry":{"type":"Point","coordinates":[19.840837,50.114289]},"properties":{"name":"Modlniczka Centrum Logistyczne","band":3,"modes":"bus","arr":["210"],"off":[0,-0.8]}},{"type":"Feature","geometry":{"type":"Point","coordinates":[19.840837,50.114289]},"properties":{"line":"210","mode":"bus","color":"#0059a9","colorDark":"#00294f","band":3,"off":[0,1.1]}},{"type":"Feature","geometry":{"type":"Point","coordinates":[20.352597,50.080185]},"properties":{"name":"Chobot Leśniczówka","band":3,"modes":"bus","arr":["211"],"off":[0,-0.8]}},{"type":"Feature","geometry":{"type":"Point","coordinates":[20.352597,50.080185]},"properties":{"line":"211","mode":"bus","color":"#0059a9","colorDark":"#00294f","band":3,"off":[0,1.1]}},{"type":"Feature","geometry":{"type":"Point","coordinates":[20.188001,50.126996]},"properties":{"name":"Czulice Kościół","band":3,"modes":"bus","arr":["212","271"],"off":[0,-0.8]}},{"type":"Feature","geometry":{"type":"Point","coordinates":[20.188001,50.126996]},"properties":{"line":"212","mode":"bus","color":"#0059a9","colorDark":"#00294f","band":3,"off":[-1.7,1.1]}},{"type":"Feature","geometry":{"type":"Point","coordinates":[20.188001,50.126996]},"properties":{"line":"271","mode":"bus","color":"#0059a9","colorDark":"#00294f","band":3,"off":[1.7,1.1]}},{"type":"Feature","geometry":{"type":"Point","coordinates":[19.997666,49.958498]},"properties":{"name":"Podstolice Centrum","band":3,"modes":"bus","arr":["214","P2"],"off":[0,-0.8]}},{"type":"Feature","geometry":{"type":"Point","coordinates":[19.997666,49.958498]},"properties":{"line":"214","mode":"bus","color":"#0059a9","colorDark":"#00294f","band":3,"off":[-1.7,1.1]}},{"type":"Feature","geometry":{"type":"Point","coordinates":[19.997666,49.958498]},"properties":{"line":"P2","mode":"bus","color":"#0059a9","colorDark":"#00294f","band":3,"off":[1.7,1.1]}},{"type":"Feature","geometry":{"type":"Point","coordinates":[19.999363,49.934869]},"properties":{"name":"Rzeszotary Panciawa Pętla","band":3,"modes":"bus","arr":["215"],"off":[0,-0.8]}},{"type":"Feature","geometry":{"type":"Point","coordinates":[19.999363,49.934869]},"properties":{"line":"215","mode":"bus","color":"#0059a9","colorDark":"#00294f","band":3,"off":[0,1.1]}},{"type":"Feature","geometry":{"type":"Point","coordinates":[19.946656,49.934314]},"properties":{"name":"Świątniki Górne Urząd Miasta i Gminy","band":3,"modes":"bus","arr":["225","915"],"off":[0,-0.8]}},{"type":"Feature","geometry":{"type":"Point","coordinates":[19.946656,49.934314]},"properties":{"line":"225","mode":"bus","color":"#0059a9","colorDark":"#00294f","band":3,"off":[-1.7,1.1]}},{"type":"Feature","geometry":{"type":"Point","coordinates":[19.946656,49.934314]},"properties":{"line":"915","mode":"bus","color":"#000000","colorDark":"#000000","band":3,"off":[1.7,1.1]}},{"type":"Feature","geometry":{"type":"Point","coordinates":[19.974789,50.128752]},"properties":{"name":"Węgrzce Pętla","band":3,"modes":"bus","arr":["217"],"off":[0,-0.8]}},{"type":"Feature","geometry":{"type":"Point","coordinates":[19.974789,50.128752]},"properties":{"line":"217","mode":"bus","color":"#0059a9","colorDark":"#00294f","band":3,"off":[0,1.1]}},{"type":"Feature","geometry":{"type":"Point","coordinates":[19.801249,50.119521]},"properties":{"name":"Zabierzów Młyn","band":3,"modes":"bus","arr":["218","288"],"off":[0,-0.8]}},{"type":"Feature","geometry":{"type":"Point","coordinates":[19.801249,50.119521]},"properties":{"line":"218","mode":"bus","color":"#0059a9","colorDark":"#00294f","band":3,"off":[-1.7,1.1]}},{"type":"Feature","geometry":{"type":"Point","coordinates":[19.801249,50.119521]},"properties":{"line":"288","mode":"bus","color":"#0059a9","colorDark":"#00294f","band":3,"off":[1.7,1.1]}},{"type":"Feature","geometry":{"type":"Point","coordinates":[19.778521,49.98714]},"properties":{"name":"Jeziorzany Pętla","band":3,"modes":"bus","arr":["219"],"off":[0,-0.8]}},{"type":"Feature","geometry":{"type":"Point","coordinates":[19.778521,49.98714]},"properties":{"line":"219","mode":"bus","color":"#0059a9","colorDark":"#00294f","band":3,"off":[0,1.1]}},{"type":"Feature","geometry":{"type":"Point","coordinates":[19.87103,50.151601]},"properties":{"name":"Giebułtów Morgi","band":3,"modes":"bus","arr":["220"],"off":[0,-0.8]}},{"type":"Feature","geometry":{"type":"Point","coordinates":[19.87103,50.151601]},"properties":{"line":"220","mode":"bus","color":"#0059a9","colorDark":"#00294f","band":3,"off":[0,1.1]}},{"type":"Feature","geometry":{"type":"Point","coordinates":[20.216381,50.037958]},"properties":{"name":"Niepołomice Dworzec","band":3,"modes":"bus","arr":["221","301","A18"],"off":[0,-0.8]}},{"type":"Feature","geometry":{"type":"Point","coordinates":[20.216381,50.037958]},"properties":{"line":"221","mode":"bus","color":"#0059a9","colorDark":"#00294f","band":3,"off":[-3.4,1.1]}},{"type":"Feature","geometry":{"type":"Point","coordinates":[20.216381,50.037958]},"properties":{"line":"301","mode":"bus","color":"#0059a9","colorDark":"#00294f","band":3,"off":[0,1.1]}},{"type":"Feature","geometry":{"type":"Point","coordinates":[20.216381,50.037958]},"properties":{"line":"A18","mode":"bus","color":"#0059a9","colorDark":"#00294f","band":3,"off":[3.4,1.1]}},{"type":"Feature","geometry":{"type":"Point","coordinates":[20.084491,50.245302]},"properties":{"name":"Słomniki Osiedle","band":3,"modes":"bus","arr":["222"],"off":[0,-0.8]}},{"type":"Feature","geometry":{"type":"Point","coordinates":[20.084491,50.245302]},"properties":{"line":"222","mode":"bus","color":"#0059a9","colorDark":"#00294f","band":3,"off":[0,1.1]}},{"type":"Feature","geometry":{"type":"Point","coordinates":[19.628389,49.967166]},"properties":{"name":"Brzeźnica Dworzec","band":3,"modes":"bus","arr":["223"],"off":[0,-0.8]}},{"type":"Feature","geometry":{"type":"Point","coordinates":[19.628389,49.967166]},"properties":{"line":"223","mode":"bus","color":"#0059a9","colorDark":"#00294f","band":3,"off":[0,1.1]}},{"type":"Feature","geometry":{"type":"Point","coordinates":[19.937099,50.012394]},"properties":{"name":"Centrum JP II","band":3,"modes":"bus","arr":["224"],"off":[0,-0.8]}},{"type":"Feature","geometry":{"type":"Point","coordinates":[19.937099,50.012394]},"properties":{"line":"224","mode":"bus","color":"#0059a9","colorDark":"#00294f","band":3,"off":[0,1.1]}},{"type":"Feature","geometry":{"type":"Point","coordinates":[19.936107,50.162466]},"properties":{"name":"Górna Wieś Pętla","band":3,"modes":"bus","arr":["227","917"],"off":[0,-0.8]}},{"type":"Feature","geometry":{"type":"Point","coordinates":[19.936107,50.162466]},"properties":{"line":"227","mode":"bus","color":"#0059a9","colorDark":"#00294f","band":3,"off":[-1.7,1.1]}},{"type":"Feature","geometry":{"type":"Point","coordinates":[19.936107,50.162466]},"properties":{"line":"917","mode":"bus","color":"#000000","colorDark":"#000000","band":3,"off":[1.7,1.1]}},{"type":"Feature","geometry":{"type":"Point","coordinates":[19.709535,50.082165]},"properties":{"name":"Chrosna Pętla","band":3,"modes":"bus","arr":["228"],"off":[0,-0.8]}},{"type":"Feature","geometry":{"type":"Point","coordinates":[19.709535,50.082165]},"properties":{"line":"228","mode":"bus","color":"#0059a9","colorDark":"#00294f","band":3,"off":[0,1.1]}},{"type":"Feature","geometry":{"type":"Point","coordinates":[19.586718,50.014952]},"properties":{"name":"Kamień Szkoła","band":3,"modes":"bus","arr":["229"],"off":[0,-0.8]}},{"type":"Feature","geometry":{"type":"Point","coordinates":[19.586718,50.014952]},"properties":{"line":"229","mode":"bus","color":"#0059a9","colorDark":"#00294f","band":3,"off":[0,1.1]}},{"type":"Feature","geometry":{"type":"Point","coordinates":[19.676514,49.987181]},"properties":{"name":"Czernichów Rynek","band":3,"modes":"bus","arr":["249","259","A14"],"off":[0,-0.8]}},{"type":"Feature","geometry":{"type":"Point","coordinates":[19.676514,49.987181]},"properties":{"line":"249","mode":"bus","color":"#0059a9","colorDark":"#00294f","band":3,"off":[-3.4,1.1]}},{"type":"Feature","geometry":{"type":"Point","coordinates":[19.676514,49.987181]},"properties":{"line":"259","mode":"bus","color":"#0059a9","colorDark":"#00294f","band":3,"off":[0,1.1]}},{"type":"Feature","geometry":{"type":"Point","coordinates":[19.676514,49.987181]},"properties":{"line":"A14","mode":"bus","color":"#0059a9","colorDark":"#00294f","band":3,"off":[3.4,1.1]}},{"type":"Feature","geometry":{"type":"Point","coordinates":[19.820316,50.135831]},"properties":{"name":"Ujazd Pętla","band":3,"modes":"bus","arr":["230"],"off":[0,-0.8]}},{"type":"Feature","geometry":{"type":"Point","coordinates":[19.820316,50.135831]},"properties":{"line":"230","mode":"bus","color":"#0059a9","colorDark":"#00294f","band":3,"off":[0,1.1]}},{"type":"Feature","geometry":{"type":"Point","coordinates":[20.109786,50.177533]},"properties":{"name":"Wilków Pętla","band":3,"modes":"bus","arr":["232"],"off":[0,-0.8]}},{"type":"Feature","geometry":{"type":"Point","coordinates":[20.109786,50.177533]},"properties":{"line":"232","mode":"bus","color":"#0059a9","colorDark":"#00294f","band":3,"off":[0,1.1]}},{"type":"Feature","geometry":{"type":"Point","coordinates":[19.821764,49.976485]},"properties":{"name":"Skawina SCK","band":3,"modes":"bus","arr":["233","A43","A53"],"off":[0,-0.8]}},{"type":"Feature","geometry":{"type":"Point","coordinates":[19.821764,49.976485]},"properties":{"line":"233","mode":"bus","color":"#0059a9","colorDark":"#00294f","band":3,"off":[-3.4,1.1]}},{"type":"Feature","geometry":{"type":"Point","coordinates":[19.821764,49.976485]},"properties":{"line":"A43","mode":"bus","color":"#0059a9","colorDark":"#00294f","band":3,"off":[0,1.1]}},{"type":"Feature","geometry":{"type":"Point","coordinates":[19.821764,49.976485]},"properties":{"line":"A53","mode":"bus","color":"#0059a9","colorDark":"#00294f","band":3,"off":[3.4,1.1]}},{"type":"Feature","geometry":{"type":"Point","coordinates":[20.115211,50.01476]},"properties":{"name":"Węgrzce Wielkie Pętla","band":3,"modes":"bus","arr":["234","W2","Z1"],"off":[0,-0.8]}},{"type":"Feature","geometry":{"type":"Point","coordinates":[20.115211,50.01476]},"properties":{"line":"234","mode":"bus","color":"#0059a9","colorDark":"#00294f","band":3,"off":[-3.4,1.1]}},{"type":"Feature","geometry":{"type":"Point","coordinates":[20.115211,50.01476]},"properties":{"line":"W2","mode":"bus","color":"#0059a9","colorDark":"#00294f","band":3,"off":[0,1.1]}},{"type":"Feature","geometry":{"type":"Point","coordinates":[20.115211,50.01476]},"properties":{"line":"Z1","mode":"bus","color":"#0059a9","colorDark":"#00294f","band":3,"off":[3.4,1.1]}},{"type":"Feature","geometry":{"type":"Point","coordinates":[19.750438,49.9778]},"properties":{"name":"Ochodza Odwiśle","band":3,"modes":"bus","arr":["235"],"off":[0,-0.8]}},{"type":"Feature","geometry":{"type":"Point","coordinates":[19.750438,49.9778]},"properties":{"line":"235","mode":"bus","color":"#0059a9","colorDark":"#00294f","band":3,"off":[0,1.1]}},{"type":"Feature","geometry":{"type":"Point","coordinates":[19.692373,50.111969]},"properties":{"name":"Młynka Pętla","band":3,"modes":"bus","arr":["238"],"off":[0,-0.8]}},{"type":"Feature","geometry":{"type":"Point","coordinates":[19.692373,50.111969]},"properties":{"line":"238","mode":"bus","color":"#0059a9","colorDark":"#00294f","band":3,"off":[0,1.1]}},{"type":"Feature","geometry":{"type":"Point","coordinates":[19.711842,50.122248]},"properties":{"name":"Rudawa Rynek","band":3,"modes":"bus","arr":["918"],"off":[0,-0.8]}},{"type":"Feature","geometry":{"type":"Point","coordinates":[19.711842,50.122248]},"properties":{"line":"918","mode":"bus","color":"#000000","colorDark":"#000000","band":3,"off":[0,1.1]}},{"type":"Feature","geometry":{"type":"Point","coordinates":[19.727926,49.986355]},"properties":{"name":"Wołowice Kapliczka","band":3,"modes":"bus","arr":["239"],"off":[0,-0.8]}},{"type":"Feature","geometry":{"type":"Point","coordinates":[19.727926,49.986355]},"properties":{"line":"239","mode":"bus","color":"#0059a9","colorDark":"#00294f","band":3,"off":[0,1.1]}},{"type":"Feature","geometry":{"type":"Point","coordinates":[19.897806,50.12819]},"properties":{"name":"Pękowice Ojcowska","band":3,"modes":"bus","arr":["240","290"],"off":[0,-0.8]}},{"type":"Feature","geometry":{"type":"Point","coordinates":[19.897806,50.12819]},"properties":{"line":"240","mode":"bus","color":"#0059a9","colorDark":"#00294f","band":3,"off":[-1.7,1.1]}},{"type":"Feature","geometry":{"type":"Point","coordinates":[19.897806,50.12819]},"properties":{"line":"290","mode":"bus","color":"#0059a9","colorDark":"#00294f","band":3,"off":[1.7,1.1]}},{"type":"Feature","geometry":{"type":"Point","coordinates":[20.13828,50.115926]},"properties":{"name":"Krzysztoforzyce Pętla","band":3,"modes":"bus","arr":["242"],"off":[0,-0.8]}},{"type":"Feature","geometry":{"type":"Point","coordinates":[20.13828,50.115926]},"properties":{"line":"242","mode":"bus","color":"#0059a9","colorDark":"#00294f","band":3,"off":[0,1.1]}},{"type":"Feature","geometry":{"type":"Point","coordinates":[19.870839,49.944031]},"properties":{"name":"Mogilany Pętla","band":3,"modes":"bus","arr":["255"],"off":[0,-0.8]}},{"type":"Feature","geometry":{"type":"Point","coordinates":[19.870839,49.944031]},"properties":{"line":"255","mode":"bus","color":"#0059a9","colorDark":"#00294f","band":3,"off":[0,1.1]}},{"type":"Feature","geometry":{"type":"Point","coordinates":[19.939792,50.123608]},"properties":{"name":"Zielonki Marszowiec Pętla","band":3,"modes":"bus","arr":["247","317"],"off":[0,-0.8]}},{"type":"Feature","geometry":{"type":"Point","coordinates":[19.939792,50.123608]},"properties":{"line":"247","mode":"bus","color":"#0059a9","colorDark":"#00294f","band":3,"off":[-1.7,1.1]}},{"type":"Feature","geometry":{"type":"Point","coordinates":[19.939792,50.123608]},"properties":{"line":"317","mode":"bus","color":"#0059a9","colorDark":"#00294f","band":3,"off":[1.7,1.1]}},{"type":"Feature","geometry":{"type":"Point","coordinates":[19.811558,50.161429]},"properties":{"name":"Zelków Pętla","band":3,"modes":"bus","arr":["248","948"],"off":[0,-0.8]}},{"type":"Feature","geometry":{"type":"Point","coordinates":[19.811558,50.161429]},"properties":{"line":"248","mode":"bus","color":"#0059a9","colorDark":"#00294f","band":3,"off":[-1.7,1.1]}},{"type":"Feature","geometry":{"type":"Point","coordinates":[19.811558,50.161429]},"properties":{"line":"948","mode":"bus","color":"#000000","colorDark":"#000000","band":3,"off":[1.7,1.1]}},{"type":"Feature","geometry":{"type":"Point","coordinates":[19.725598,50.039289]},"properties":{"name":"Kaszów Remiza","band":3,"modes":"bus","arr":["269"],"off":[0,-0.8]}},{"type":"Feature","geometry":{"type":"Point","coordinates":[19.725598,50.039289]},"properties":{"line":"269","mode":"bus","color":"#0059a9","colorDark":"#00294f","band":3,"off":[0,1.1]}},{"type":"Feature","geometry":{"type":"Point","coordinates":[20.050674,50.121266]},"properties":{"name":"Zastów Pętla","band":3,"modes":"bus","arr":["250"],"off":[0,-0.8]}},{"type":"Feature","geometry":{"type":"Point","coordinates":[20.050674,50.121266]},"properties":{"line":"250","mode":"bus","color":"#0059a9","colorDark":"#00294f","band":3,"off":[0,1.1]}},{"type":"Feature","geometry":{"type":"Point","coordinates":[19.7684,49.902494]},"properties":{"name":"Wola Radziszowska Pętla","band":3,"modes":"bus","arr":["253"],"off":[0,-0.8]}},{"type":"Feature","geometry":{"type":"Point","coordinates":[19.7684,49.902494]},"properties":{"line":"253","mode":"bus","color":"#0059a9","colorDark":"#00294f","band":3,"off":[0,1.1]}},{"type":"Feature","geometry":{"type":"Point","coordinates":[19.967323,49.973872]},"properties":{"name":"Golkowice Pętla","band":3,"modes":"bus","arr":["254","G3"],"off":[0,-0.8]}},{"type":"Feature","geometry":{"type":"Point","coordinates":[19.967323,49.973872]},"properties":{"line":"254","mode":"bus","color":"#0059a9","colorDark":"#00294f","band":3,"off":[-1.7,1.1]}},{"type":"Feature","geometry":{"type":"Point","coordinates":[19.967323,49.973872]},"properties":{"line":"G3","mode":"bus","color":"#0059a9","colorDark":"#00294f","band":3,"off":[1.7,1.1]}},{"type":"Feature","geometry":{"type":"Point","coordinates":[19.932575,50.180683]},"properties":{"name":"Narama Remiza","band":3,"modes":"bus","arr":["257"],"off":[0,-0.8]}},{"type":"Feature","geometry":{"type":"Point","coordinates":[19.932575,50.180683]},"properties":{"line":"257","mode":"bus","color":"#0059a9","colorDark":"#00294f","band":3,"off":[0,1.1]}},{"type":"Feature","geometry":{"type":"Point","coordinates":[19.709609,50.106673]},"properties":{"name":"Nielepice Pętla","band":3,"modes":"bus","arr":["258","298"],"off":[0,-0.8]}},{"type":"Feature","geometry":{"type":"Point","coordinates":[19.709609,50.106673]},"properties":{"line":"258","mode":"bus","color":"#0059a9","colorDark":"#00294f","band":3,"off":[-1.7,1.1]}},{"type":"Feature","geometry":{"type":"Point","coordinates":[19.709609,50.106673]},"properties":{"line":"298","mode":"bus","color":"#0059a9","colorDark":"#00294f","band":3,"off":[1.7,1.1]}},{"type":"Feature","geometry":{"type":"Point","coordinates":[19.739157,49.999294]},"properties":{"name":"Dąbrowa Szlachecka Krzemiennik","band":3,"modes":"bus","arr":["279"],"off":[0,-0.8]}},{"type":"Feature","geometry":{"type":"Point","coordinates":[19.739157,49.999294]},"properties":{"line":"279","mode":"bus","color":"#0059a9","colorDark":"#00294f","band":3,"off":[0,1.1]}},{"type":"Feature","geometry":{"type":"Point","coordinates":[20.048382,50.147231]},"properties":{"name":"Pielgrzymowice Pętla","band":3,"modes":"bus","arr":["260","270"],"off":[0,-0.8]}},{"type":"Feature","geometry":{"type":"Point","coordinates":[20.048382,50.147231]},"properties":{"line":"260","mode":"bus","color":"#0059a9","colorDark":"#00294f","band":3,"off":[-1.7,1.1]}},{"type":"Feature","geometry":{"type":"Point","coordinates":[20.048382,50.147231]},"properties":{"line":"270","mode":"bus","color":"#0059a9","colorDark":"#00294f","band":3,"off":[1.7,1.1]}},{"type":"Feature","geometry":{"type":"Point","coordinates":[20.15545,50.166445]},"properties":{"name":"Rawałowice Kapliczka","band":3,"modes":"bus","arr":["262"],"off":[0,-0.8]}},{"type":"Feature","geometry":{"type":"Point","coordinates":[20.15545,50.166445]},"properties":{"line":"262","mode":"bus","color":"#0059a9","colorDark":"#00294f","band":3,"off":[0,1.1]}},{"type":"Feature","geometry":{"type":"Point","coordinates":[20.139403,50.040557]},"properties":{"name":"Grabie Kościół","band":3,"modes":"bus","arr":["264"],"off":[0,-0.8]}},{"type":"Feature","geometry":{"type":"Point","coordinates":[20.139403,50.040557]},"properties":{"line":"264","mode":"bus","color":"#0059a9","colorDark":"#00294f","band":3,"off":[0,1.1]}},{"type":"Feature","geometry":{"type":"Point","coordinates":[19.921216,49.944229]},"properties":{"name":"Konary Pętla","band":3,"modes":"bus","arr":["265"],"off":[0,-0.8]}},{"type":"Feature","geometry":{"type":"Point","coordinates":[19.921216,49.944229]},"properties":{"line":"265","mode":"bus","color":"#0059a9","colorDark":"#00294f","band":3,"off":[0,1.1]}},{"type":"Feature","geometry":{"type":"Point","coordinates":[19.853859,50.230311]},"properties":{"name":"Skała Rynek","band":3,"modes":"bus","arr":["267"],"off":[0,-0.8]}},{"type":"Feature","geometry":{"type":"Point","coordinates":[19.853859,50.230311]},"properties":{"line":"267","mode":"bus","color":"#0059a9","colorDark":"#00294f","band":3,"off":[0,1.1]}},{"type":"Feature","geometry":{"type":"Point","coordinates":[19.77392,50.152471]},"properties":{"name":"Karniowice Pętla","band":3,"modes":"bus","arr":["268"],"off":[0,-0.8]}},{"type":"Feature","geometry":{"type":"Point","coordinates":[19.77392,50.152471]},"properties":{"line":"268","mode":"bus","color":"#0059a9","colorDark":"#00294f","band":3,"off":[0,1.1]}},{"type":"Feature","geometry":{"type":"Point","coordinates":[20.147053,49.957328]},"properties":{"name":"Trąbki P+R","band":3,"modes":"bus","arr":["274"],"off":[0,-0.8]}},{"type":"Feature","geometry":{"type":"Point","coordinates":[20.147053,49.957328]},"properties":{"line":"274","mode":"bus","color":"#0059a9","colorDark":"#00294f","band":3,"off":[0,1.1]}},{"type":"Feature","geometry":{"type":"Point","coordinates":[19.902954,49.913619]},"properties":{"name":"Włosań Centrum","band":3,"modes":"bus","arr":["275"],"off":[0,-0.8]}},{"type":"Feature","geometry":{"type":"Point","coordinates":[19.902954,49.913619]},"properties":{"line":"275","mode":"bus","color":"#0059a9","colorDark":"#00294f","band":3,"off":[0,1.1]}},{"type":"Feature","geometry":{"type":"Point","coordinates":[19.979671,50.22053]},"properties":{"name":"Iwanowice Dworskie Pętla","band":3,"modes":"bus","arr":["277"],"off":[0,-0.8]}},{"type":"Feature","geometry":{"type":"Point","coordinates":[19.979671,50.22053]},"properties":{"line":"277","mode":"bus","color":"#0059a9","colorDark":"#00294f","band":3,"off":[0,1.1]}},{"type":"Feature","geometry":{"type":"Point","coordinates":[19.709393,50.148281]},"properties":{"name":"Radwanowice Pętla","band":3,"modes":"bus","arr":["278"],"off":[0,-0.8]}},{"type":"Feature","geometry":{"type":"Point","coordinates":[19.709393,50.148281]},"properties":{"line":"278","mode":"bus","color":"#0059a9","colorDark":"#00294f","band":3,"off":[0,1.1]}},{"type":"Feature","geometry":{"type":"Point","coordinates":[19.91321,50.17427]},"properties":{"name":"Owczary Pętla","band":3,"modes":"bus","arr":["280","337","937"],"off":[0,-0.8]}},{"type":"Feature","geometry":{"type":"Point","coordinates":[19.91321,50.17427]},"properties":{"line":"280","mode":"bus","color":"#0059a9","colorDark":"#00294f","band":3,"off":[-3.4,1.1]}},{"type":"Feature","geometry":{"type":"Point","coordinates":[19.91321,50.17427]},"properties":{"line":"337","mode":"bus","color":"#0059a9","colorDark":"#00294f","band":3,"off":[0,1.1]}},{"type":"Feature","geometry":{"type":"Point","coordinates":[19.91321,50.17427]},"properties":{"line":"937","mode":"bus","color":"#000000","colorDark":"#000000","band":3,"off":[3.4,1.1]}},{"type":"Feature","geometry":{"type":"Point","coordinates":[20.05702,49.985076]},"properties":{"name":"Wieliczka Centrum Dw.","band":3,"modes":"bus","arr":["284","A2","A6","A8","A9","A16","A17","A19","A58","A59","B2","D2","G3","G4","J1","L1","P2","R2","W2","Z1"],"off":[0,-0.8]}},{"type":"Feature","geometry":{"type":"Point","coordinates":[20.05702,49.985076]},"properties":{"name":"Wieliczka Centrum","band":3,"modes":"bus","arr":["284","A2","A6","A8","A9","A16","A17","A19","A58","A59","B2","D2","G3","G4","J1","L1","P2","R2","W2","Z1"],"off":[0,-3]}},{"type":"Feature","geometry":{"type":"Point","coordinates":[20.05702,49.985076]},"properties":{"line":"284","mode":"bus","color":"#0059a9","colorDark":"#00294f","band":3,"off":[-6.8,1.1]}},{"type":"Feature","geometry":{"type":"Point","coordinates":[20.05702,49.985076]},"properties":{"line":"A2","mode":"bus","color":"#0059a9","colorDark":"#00294f","band":3,"off":[-3.4,1.1]}},{"type":"Feature","geometry":{"type":"Point","coordinates":[20.05702,49.985076]},"properties":{"line":"A6","mode":"bus","color":"#0059a9","colorDark":"#00294f","band":3,"off":[0,1.1]}},{"type":"Feature","geometry":{"type":"Point","coordinates":[20.05702,49.985076]},"properties":{"line":"A8","mode":"bus","color":"#0059a9","colorDark":"#00294f","band":3,"off":[3.4,1.1]}},{"type":"Feature","geometry":{"type":"Point","coordinates":[20.05702,49.985076]},"properties":{"line":"A9","mode":"bus","color":"#0059a9","colorDark":"#00294f","band":3,"off":[6.8,1.1]}},{"type":"Feature","geometry":{"type":"Point","coordinates":[20.05702,49.985076]},"properties":{"line":"A16","mode":"bus","color":"#0059a9","colorDark":"#00294f","band":3,"off":[-6.8,3.1]}},{"type":"Feature","geometry":{"type":"Point","coordinates":[20.05702,49.985076]},"properties":{"line":"A17","mode":"bus","color":"#0059a9","colorDark":"#00294f","band":3,"off":[-3.4,3.1]}},{"type":"Feature","geometry":{"type":"Point","coordinates":[20.05702,49.985076]},"properties":{"line":"A19","mode":"bus","color":"#0059a9","colorDark":"#00294f","band":3,"off":[0,3.1]}},{"type":"Feature","geometry":{"type":"Point","coordinates":[20.05702,49.985076]},"properties":{"line":"A58","mode":"bus","color":"#0059a9","colorDark":"#00294f","band":3,"off":[3.4,3.1]}},{"type":"Feature","geometry":{"type":"Point","coordinates":[20.05702,49.985076]},"properties":{"line":"A59","mode":"bus","color":"#0059a9","colorDark":"#00294f","band":3,"off":[6.8,3.1]}},{"type":"Feature","geometry":{"type":"Point","coordinates":[20.05702,49.985076]},"properties":{"line":"B2","mode":"bus","color":"#0059a9","colorDark":"#00294f","band":3,"off":[-6.8,5.1]}},{"type":"Feature","geometry":{"type":"Point","coordinates":[20.05702,49.985076]},"properties":{"line":"D2","mode":"bus","color":"#0059a9","colorDark":"#00294f","band":3,"off":[-3.4,5.1]}},{"type":"Feature","geometry":{"type":"Point","coordinates":[20.05702,49.985076]},"properties":{"line":"G3","mode":"bus","color":"#0059a9","colorDark":"#00294f","band":3,"off":[0,5.1]}},{"type":"Feature","geometry":{"type":"Point","coordinates":[20.05702,49.985076]},"properties":{"line":"G4","mode":"bus","color":"#0059a9","colorDark":"#00294f","band":3,"off":[3.4,5.1]}},{"type":"Feature","geometry":{"type":"Point","coordinates":[20.05702,49.985076]},"properties":{"line":"J1","mode":"bus","color":"#0059a9","colorDark":"#00294f","band":3,"off":[6.8,5.1]}},{"type":"Feature","geometry":{"type":"Point","coordinates":[20.05702,49.985076]},"properties":{"line":"L1","mode":"bus","color":"#0059a9","colorDark":"#00294f","band":3,"off":[-6.8,7.1]}},{"type":"Feature","geometry":{"type":"Point","coordinates":[20.05702,49.985076]},"properties":{"line":"P2","mode":"bus","color":"#0059a9","colorDark":"#00294f","band":3,"off":[-3.4,7.1]}},{"type":"Feature","geometry":{"type":"Point","coordinates":[20.05702,49.985076]},"properties":{"line":"R2","mode":"bus","color":"#0059a9","colorDark":"#00294f","band":3,"off":[0,7.1]}},{"type":"Feature","geometry":{"type":"Point","coordinates":[20.05702,49.985076]},"properties":{"line":"W2","mode":"bus","color":"#0059a9","colorDark":"#00294f","band":3,"off":[3.4,7.1]}},{"type":"Feature","geometry":{"type":"Point","coordinates":[20.05702,49.985076]},"properties":{"line":"Z1","mode":"bus","color":"#0059a9","colorDark":"#00294f","band":3,"off":[6.8,7.1]}},{"type":"Feature","geometry":{"type":"Point","coordinates":[19.973934,49.954175]},"properties":{"name":"Ochojno Remiza","band":3,"modes":"bus","arr":["285"],"off":[0,-0.8]}},{"type":"Feature","geometry":{"type":"Point","coordinates":[19.973934,49.954175]},"properties":{"line":"285","mode":"bus","color":"#0059a9","colorDark":"#00294f","band":3,"off":[0,1.1]}},{"type":"Feature","geometry":{"type":"Point","coordinates":[20.0121,50.117109]},"properties":{"name":"Dziekanowice Kapliczka","band":3,"modes":"bus","arr":["297"],"off":[0,-0.8]}},{"type":"Feature","geometry":{"type":"Point","coordinates":[20.0121,50.117109]},"properties":{"line":"297","mode":"bus","color":"#0059a9","colorDark":"#00294f","band":3,"off":[0,1.1]}},{"type":"Feature","geometry":{"type":"Point","coordinates":[19.978456,50.158875]},"properties":{"name":"Michałowice P+R","band":3,"modes":"bus","arr":["307"],"off":[0,-0.8]}},{"type":"Feature","geometry":{"type":"Point","coordinates":[19.978456,50.158875]},"properties":{"line":"307","mode":"bus","color":"#0059a9","colorDark":"#00294f","band":3,"off":[0,1.1]}},{"type":"Feature","geometry":{"type":"Point","coordinates":[19.747301,50.158629]},"properties":{"name":"Będkowice Pętla","band":3,"modes":"bus","arr":["310","910"],"off":[0,-0.8]}},{"type":"Feature","geometry":{"type":"Point","coordinates":[19.747301,50.158629]},"properties":{"line":"310","mode":"bus","color":"#0059a9","colorDark":"#00294f","band":3,"off":[-1.7,1.1]}},{"type":"Feature","geometry":{"type":"Point","coordinates":[19.747301,50.158629]},"properties":{"line":"910","mode":"bus","color":"#000000","colorDark":"#000000","band":3,"off":[1.7,1.1]}},{"type":"Feature","geometry":{"type":"Point","coordinates":[19.885916,50.10939]},"properties":{"name":"Tonie","band":3,"modes":"bus","arr":["420"],"off":[0,-0.8]}},{"type":"Feature","geometry":{"type":"Point","coordinates":[19.885916,50.10939]},"properties":{"line":"420","mode":"bus","color":"#0059a9","colorDark":"#00294f","band":3,"off":[0,1.1]}},{"type":"Feature","geometry":{"type":"Point","coordinates":[19.984161,50.077034]},"properties":{"name":"Ugorek","band":3,"modes":"bus","arr":["424"],"off":[0,-0.8]}},{"type":"Feature","geometry":{"type":"Point","coordinates":[19.984161,50.077034]},"properties":{"line":"424","mode":"bus","color":"#0059a9","colorDark":"#00294f","band":3,"off":[0,1.1]}},{"type":"Feature","geometry":{"type":"Point","coordinates":[19.923684,50.100575]},"properties":{"name":"Prądnik Biały Zachód","band":3,"modes":"bus","arr":["513"],"off":[0,-0.8]}},{"type":"Feature","geometry":{"type":"Point","coordinates":[19.923684,50.100575]},"properties":{"line":"513","mode":"bus","color":"#0059a9","colorDark":"#00294f","band":3,"off":[0,1.1]}},{"type":"Feature","geometry":{"type":"Point","coordinates":[19.831268,50.212833]},"properties":{"name":"Ojców Zamek","band":3,"modes":"bus","arr":["LR0"],"off":[0,-0.8]}},{"type":"Feature","geometry":{"type":"Point","coordinates":[19.831268,50.212833]},"properties":{"line":"LR0","mode":"bus","color":"#0059a9","colorDark":"#00294f","band":3,"off":[0,1.1]}},{"type":"Feature","geometry":{"type":"Point","coordinates":[19.93746,50.030787]},"properties":{"name":"Łagiewniki","band":3,"modes":"bus","arr":["915"],"off":[0,-0.8]}},{"type":"Feature","geometry":{"type":"Point","coordinates":[19.93746,50.030787]},"properties":{"line":"915","mode":"bus","color":"#000000","colorDark":"#000000","band":3,"off":[0,1.1]}},{"type":"Feature","geometry":{"type":"Point","coordinates":[19.936225,50.030092]},"properties":{"name":"Łagiewniki","band":3,"modes":"bus","arr":["915"],"off":[0,-0.8]}},{"type":"Feature","geometry":{"type":"Point","coordinates":[19.936225,50.030092]},"properties":{"line":"915","mode":"bus","color":"#000000","colorDark":"#000000","band":3,"off":[0,1.1]}},{"type":"Feature","geometry":{"type":"Point","coordinates":[19.948389,49.834494]},"properties":{"name":"Myślenice D.A.","band":3,"modes":"bus","arr":["A1","A2","A11","A16","A41"],"off":[0,-0.8]}},{"type":"Feature","geometry":{"type":"Point","coordinates":[19.948389,49.834494]},"properties":{"line":"A1","mode":"bus","color":"#0059a9","colorDark":"#00294f","band":3,"off":[-6.8,1.1]}},{"type":"Feature","geometry":{"type":"Point","coordinates":[19.948389,49.834494]},"properties":{"line":"A2","mode":"bus","color":"#0059a9","colorDark":"#00294f","band":3,"off":[-3.4,1.1]}},{"type":"Feature","geometry":{"type":"Point","coordinates":[19.948389,49.834494]},"properties":{"line":"A11","mode":"bus","color":"#0059a9","colorDark":"#00294f","band":3,"off":[0,1.1]}},{"type":"Feature","geometry":{"type":"Point","coordinates":[19.948389,49.834494]},"properties":{"line":"A16","mode":"bus","color":"#0059a9","colorDark":"#00294f","band":3,"off":[3.4,1.1]}},{"type":"Feature","geometry":{"type":"Point","coordinates":[19.948389,49.834494]},"properties":{"line":"A41","mode":"bus","color":"#0059a9","colorDark":"#00294f","band":3,"off":[6.8,1.1]}},{"type":"Feature","geometry":{"type":"Point","coordinates":[19.94941,50.067803]},"properties":{"name":"Kraków MDA","band":3,"modes":"bus","arr":["A1","A12","A13","A14","A40","A44","A56","A64","A67","A73"],"off":[0,-0.8]}},{"type":"Feature","geometry":{"type":"Point","coordinates":[19.94941,50.067803]},"properties":{"line":"A1","mode":"bus","color":"#0059a9","colorDark":"#00294f","band":3,"off":[-6.8,1.1]}},{"type":"Feature","geometry":{"type":"Point","coordinates":[19.94941,50.067803]},"properties":{"line":"A12","mode":"bus","color":"#0059a9","colorDark":"#00294f","band":3,"off":[-3.4,1.1]}},{"type":"Feature","geometry":{"type":"Point","coordinates":[19.94941,50.067803]},"properties":{"line":"A13","mode":"bus","color":"#0059a9","colorDark":"#00294f","band":3,"off":[0,1.1]}},{"type":"Feature","geometry":{"type":"Point","coordinates":[19.94941,50.067803]},"properties":{"line":"A14","mode":"bus","color":"#0059a9","colorDark":"#00294f","band":3,"off":[3.4,1.1]}},{"type":"Feature","geometry":{"type":"Point","coordinates":[19.94941,50.067803]},"properties":{"line":"A40","mode":"bus","color":"#0059a9","colorDark":"#00294f","band":3,"off":[6.8,1.1]}},{"type":"Feature","geometry":{"type":"Point","coordinates":[19.94941,50.067803]},"properties":{"line":"A44","mode":"bus","color":"#0059a9","colorDark":"#00294f","band":3,"off":[-6.8,3.1]}},{"type":"Feature","geometry":{"type":"Point","coordinates":[19.94941,50.067803]},"properties":{"line":"A56","mode":"bus","color":"#0059a9","colorDark":"#00294f","band":3,"off":[-3.4,3.1]}},{"type":"Feature","geometry":{"type":"Point","coordinates":[19.94941,50.067803]},"properties":{"line":"A64","mode":"bus","color":"#0059a9","colorDark":"#00294f","band":3,"off":[0,3.1]}},{"type":"Feature","geometry":{"type":"Point","coordinates":[19.94941,50.067803]},"properties":{"line":"A67","mode":"bus","color":"#0059a9","colorDark":"#00294f","band":3,"off":[3.4,3.1]}},{"type":"Feature","geometry":{"type":"Point","coordinates":[19.94941,50.067803]},"properties":{"line":"A73","mode":"bus","color":"#0059a9","colorDark":"#00294f","band":3,"off":[6.8,3.1]}},{"type":"Feature","geometry":{"type":"Point","coordinates":[20.420482,49.699222]},"properties":{"name":"Limanowa Zygmunta Augusta","band":3,"modes":"bus","arr":["A3","A9"],"off":[0,-0.8]}},{"type":"Feature","geometry":{"type":"Point","coordinates":[20.420482,49.699222]},"properties":{"line":"A3","mode":"bus","color":"#0059a9","colorDark":"#00294f","band":3,"off":[-1.7,1.1]}},{"type":"Feature","geometry":{"type":"Point","coordinates":[20.420482,49.699222]},"properties":{"line":"A9","mode":"bus","color":"#0059a9","colorDark":"#00294f","band":3,"off":[1.7,1.1]}},{"type":"Feature","geometry":{"type":"Point","coordinates":[20.432592,49.970108]},"properties":{"name":"Bochnia pl. Gen. Kazimierza Pułaskiego","band":3,"modes":"bus","arr":["A26"],"off":[0,-0.8]}},{"type":"Feature","geometry":{"type":"Point","coordinates":[20.432592,49.970108]},"properties":{"line":"A26","mode":"bus","color":"#0059a9","colorDark":"#00294f","band":3,"off":[0,1.1]}},{"type":"Feature","geometry":{"type":"Point","coordinates":[20.431759,49.976893]},"properties":{"name":"Bochnia Dworzec PKP","band":3,"modes":"bus","arr":["A3","A4","A20","A65"],"off":[0,-0.8]}},{"type":"Feature","geometry":{"type":"Point","coordinates":[20.431759,49.976893]},"properties":{"line":"A3","mode":"bus","color":"#0059a9","colorDark":"#00294f","band":3,"off":[-5.1,1.1]}},{"type":"Feature","geometry":{"type":"Point","coordinates":[20.431759,49.976893]},"properties":{"line":"A4","mode":"bus","color":"#0059a9","colorDark":"#00294f","band":3,"off":[-1.7,1.1]}},{"type":"Feature","geometry":{"type":"Point","coordinates":[20.431759,49.976893]},"properties":{"line":"A20","mode":"bus","color":"#0059a9","colorDark":"#00294f","band":3,"off":[1.7,1.1]}},{"type":"Feature","geometry":{"type":"Point","coordinates":[20.431759,49.976893]},"properties":{"line":"A65","mode":"bus","color":"#0059a9","colorDark":"#00294f","band":3,"off":[5.1,1.1]}},{"type":"Feature","geometry":{"type":"Point","coordinates":[20.376855,50.132109]},"properties":{"name":"Nowe Brzesko Rynek","band":3,"modes":"bus","arr":["A4","A65"],"off":[0,-0.8]}},{"type":"Feature","geometry":{"type":"Point","coordinates":[20.376855,50.132109]},"properties":{"line":"A4","mode":"bus","color":"#0059a9","colorDark":"#00294f","band":3,"off":[-1.7,1.1]}},{"type":"Feature","geometry":{"type":"Point","coordinates":[20.376855,50.132109]},"properties":{"line":"A65","mode":"bus","color":"#0059a9","colorDark":"#00294f","band":3,"off":[1.7,1.1]}},{"type":"Feature","geometry":{"type":"Point","coordinates":[20.58182,50.17511]},"properties":{"name":"Koszyce","band":3,"modes":"bus","arr":["A5","A57"],"off":[0,-0.8]}},{"type":"Feature","geometry":{"type":"Point","coordinates":[20.58182,50.17511]},"properties":{"line":"A5","mode":"bus","color":"#0059a9","colorDark":"#00294f","band":3,"off":[-1.7,1.1]}},{"type":"Feature","geometry":{"type":"Point","coordinates":[20.58182,50.17511]},"properties":{"line":"A57","mode":"bus","color":"#0059a9","colorDark":"#00294f","band":3,"off":[1.7,1.1]}},{"type":"Feature","geometry":{"type":"Point","coordinates":[20.61639,49.9716]},"properties":{"name":"Brzesko D.A.","band":3,"modes":"bus","arr":["A5"],"off":[0,-0.8]}},{"type":"Feature","geometry":{"type":"Point","coordinates":[20.61639,49.9716]},"properties":{"line":"A5","mode":"bus","color":"#0059a9","colorDark":"#00294f","band":3,"off":[0,1.1]}},{"type":"Feature","geometry":{"type":"Point","coordinates":[20.291618,49.864491]},"properties":{"name":"Łapanów Rynek","band":3,"modes":"bus","arr":["A6"],"off":[0,-0.8]}},{"type":"Feature","geometry":{"type":"Point","coordinates":[20.291618,49.864491]},"properties":{"line":"A6","mode":"bus","color":"#0059a9","colorDark":"#00294f","band":3,"off":[0,1.1]}},{"type":"Feature","geometry":{"type":"Point","coordinates":[20.27517,50.19502]},"properties":{"name":"Proszowice P+R Kościuszki","band":3,"modes":"bus","arr":["A7","A37","A50"],"off":[0,-0.8]}},{"type":"Feature","geometry":{"type":"Point","coordinates":[20.27517,50.19502]},"properties":{"line":"A7","mode":"bus","color":"#0059a9","colorDark":"#00294f","band":3,"off":[-3.4,1.1]}},{"type":"Feature","geometry":{"type":"Point","coordinates":[20.27517,50.19502]},"properties":{"line":"A37","mode":"bus","color":"#0059a9","colorDark":"#00294f","band":3,"off":[0,1.1]}},{"type":"Feature","geometry":{"type":"Point","coordinates":[20.27517,50.19502]},"properties":{"line":"A50","mode":"bus","color":"#0059a9","colorDark":"#00294f","band":3,"off":[3.4,1.1]}},{"type":"Feature","geometry":{"type":"Point","coordinates":[20.297952,50.186246]},"properties":{"name":"Proszowice Szpital","band":3,"modes":"bus","arr":["A67"],"off":[0,-0.8]}},{"type":"Feature","geometry":{"type":"Point","coordinates":[20.297952,50.186246]},"properties":{"line":"A67","mode":"bus","color":"#0059a9","colorDark":"#00294f","band":3,"off":[0,1.1]}},{"type":"Feature","geometry":{"type":"Point","coordinates":[20.16978,50.01855]},"properties":{"name":"Podłęże P+R Północ","band":3,"modes":"bus","arr":["A7","A37"],"off":[0,-0.8]}},{"type":"Feature","geometry":{"type":"Point","coordinates":[20.16978,50.01855]},"properties":{"line":"A7","mode":"bus","color":"#0059a9","colorDark":"#00294f","band":3,"off":[-1.7,1.1]}},{"type":"Feature","geometry":{"type":"Point","coordinates":[20.16978,50.01855]},"properties":{"line":"A37","mode":"bus","color":"#0059a9","colorDark":"#00294f","band":3,"off":[1.7,1.1]}},{"type":"Feature","geometry":{"type":"Point","coordinates":[20.094816,49.879614]},"properties":{"name":"Dobczyce Witosa (pętla)","band":3,"modes":"bus","arr":["A17","A49"],"off":[0,-0.8]}},{"type":"Feature","geometry":{"type":"Point","coordinates":[20.094816,49.879614]},"properties":{"line":"A17","mode":"bus","color":"#0059a9","colorDark":"#00294f","band":3,"off":[-1.7,1.1]}},{"type":"Feature","geometry":{"type":"Point","coordinates":[20.094816,49.879614]},"properties":{"line":"A49","mode":"bus","color":"#0059a9","colorDark":"#00294f","band":3,"off":[1.7,1.1]}},{"type":"Feature","geometry":{"type":"Point","coordinates":[20.171366,49.802898]},"properties":{"name":"Pogorzany Diabli Kamień","band":3,"modes":"bus","arr":["A8"],"off":[0,-0.8]}},{"type":"Feature","geometry":{"type":"Point","coordinates":[20.171366,49.802898]},"properties":{"line":"A8","mode":"bus","color":"#0059a9","colorDark":"#00294f","band":3,"off":[0,1.1]}},{"type":"Feature","geometry":{"type":"Point","coordinates":[19.574696,50.274863]},"properties":{"name":"Olkusz Dworzec PKS","band":3,"modes":"bus","arr":["A10","A12","A13","A48"],"off":[0,-0.8]}},{"type":"Feature","geometry":{"type":"Point","coordinates":[19.574696,50.274863]},"properties":{"name":"Olkusz Dworzec PKP","band":3,"modes":"bus","arr":["A10","A12","A13","A48"],"off":[0,-1.9]}},{"type":"Feature","geometry":{"type":"Point","coordinates":[19.574696,50.274863]},"properties":{"line":"A10","mode":"bus","color":"#0059a9","colorDark":"#00294f","band":3,"off":[-5.1,1.1]}},{"type":"Feature","geometry":{"type":"Point","coordinates":[19.574696,50.274863]},"properties":{"line":"A12","mode":"bus","color":"#0059a9","colorDark":"#00294f","band":3,"off":[-1.7,1.1]}},{"type":"Feature","geometry":{"type":"Point","coordinates":[19.574696,50.274863]},"properties":{"line":"A13","mode":"bus","color":"#0059a9","colorDark":"#00294f","band":3,"off":[1.7,1.1]}},{"type":"Feature","geometry":{"type":"Point","coordinates":[19.574696,50.274863]},"properties":{"line":"A48","mode":"bus","color":"#0059a9","colorDark":"#00294f","band":3,"off":[5.1,1.1]}},{"type":"Feature","geometry":{"type":"Point","coordinates":[19.633728,50.131202]},"properties":{"name":"Krzeszowice Dworzec PKP","band":3,"modes":"bus","arr":["A10","A42"],"off":[0,-0.8]}},{"type":"Feature","geometry":{"type":"Point","coordinates":[19.633728,50.131202]},"properties":{"line":"A10","mode":"bus","color":"#0059a9","colorDark":"#00294f","band":3,"off":[-1.7,1.1]}},{"type":"Feature","geometry":{"type":"Point","coordinates":[19.633728,50.131202]},"properties":{"line":"A42","mode":"bus","color":"#0059a9","colorDark":"#00294f","band":3,"off":[1.7,1.1]}},{"type":"Feature","geometry":{"type":"Point","coordinates":[20.084014,49.583957]},"properties":{"name":"Poręba Wielka Koninki Ośrodek Narciarski","band":3,"modes":"bus","arr":["A11"],"off":[0,-0.8]}},{"type":"Feature","geometry":{"type":"Point","coordinates":[20.084014,49.583957]},"properties":{"line":"A11","mode":"bus","color":"#0059a9","colorDark":"#00294f","band":3,"off":[0,1.1]}},{"type":"Feature","geometry":{"type":"Point","coordinates":[20.076793,49.674979]},"properties":{"name":"Mszana Dolna Dworzec Autobusowy","band":3,"modes":"bus","arr":["A41"],"off":[0,-0.8]}},{"type":"Feature","geometry":{"type":"Point","coordinates":[20.076793,49.674979]},"properties":{"line":"A41","mode":"bus","color":"#0059a9","colorDark":"#00294f","band":3,"off":[0,1.1]}},{"type":"Feature","geometry":{"type":"Point","coordinates":[19.82097,49.35166]},"properties":{"name":"Chochołów Chochołowskie Termy","band":3,"modes":"bus","arr":["A15"],"off":[0,-0.8]}},{"type":"Feature","geometry":{"type":"Point","coordinates":[19.82097,49.35166]},"properties":{"line":"A15","mode":"bus","color":"#0059a9","colorDark":"#00294f","band":3,"off":[0,1.1]}},{"type":"Feature","geometry":{"type":"Point","coordinates":[20.097066,49.330218]},"properties":{"name":"Bukowina Tatrzańska Klin","band":3,"modes":"bus","arr":["A32"],"off":[0,-0.8]}},{"type":"Feature","geometry":{"type":"Point","coordinates":[20.097066,49.330218]},"properties":{"line":"A32","mode":"bus","color":"#0059a9","colorDark":"#00294f","band":3,"off":[0,1.1]}},{"type":"Feature","geometry":{"type":"Point","coordinates":[20.323252,49.960628]},"properties":{"name":"Siedlec Centrum","band":3,"modes":"bus","arr":["A18"],"off":[0,-0.8]}},{"type":"Feature","geometry":{"type":"Point","coordinates":[20.323252,49.960628]},"properties":{"line":"A18","mode":"bus","color":"#0059a9","colorDark":"#00294f","band":3,"off":[0,1.1]}},{"type":"Feature","geometry":{"type":"Point","coordinates":[19.930844,49.914014]},"properties":{"name":"Olszowice Pętla","band":3,"modes":"bus","arr":["A19"],"off":[0,-0.8]}},{"type":"Feature","geometry":{"type":"Point","coordinates":[19.930844,49.914014]},"properties":{"line":"A19","mode":"bus","color":"#0059a9","colorDark":"#00294f","band":3,"off":[0,1.1]}},{"type":"Feature","geometry":{"type":"Point","coordinates":[20.532861,49.827572]},"properties":{"name":"Iwkowa Nagórze Pętla","band":3,"modes":"bus","arr":["A20"],"off":[0,-0.8]}},{"type":"Feature","geometry":{"type":"Point","coordinates":[20.532861,49.827572]},"properties":{"line":"A20","mode":"bus","color":"#0059a9","colorDark":"#00294f","band":3,"off":[0,1.1]}},{"type":"Feature","geometry":{"type":"Point","coordinates":[20.698473,49.617217]},"properties":{"name":"Nowy Sącz MDA","band":3,"modes":"bus","arr":["A21","A22"],"off":[0,-0.8]}},{"type":"Feature","geometry":{"type":"Point","coordinates":[20.698473,49.617217]},"properties":{"line":"A21","mode":"bus","color":"#0059a9","colorDark":"#00294f","band":3,"off":[-1.7,1.1]}},{"type":"Feature","geometry":{"type":"Point","coordinates":[20.698473,49.617217]},"properties":{"line":"A22","mode":"bus","color":"#0059a9","colorDark":"#00294f","band":3,"off":[1.7,1.1]}},{"type":"Feature","geometry":{"type":"Point","coordinates":[20.015455,49.473924]},"properties":{"name":"Nowy Targ Dworzec Kolejowy","band":3,"modes":"bus","arr":["A21","A45"],"off":[0,-0.8]}},{"type":"Feature","geometry":{"type":"Point","coordinates":[20.015455,49.473924]},"properties":{"line":"A21","mode":"bus","color":"#0059a9","colorDark":"#00294f","band":3,"off":[-1.7,1.1]}},{"type":"Feature","geometry":{"type":"Point","coordinates":[20.015455,49.473924]},"properties":{"line":"A45","mode":"bus","color":"#0059a9","colorDark":"#00294f","band":3,"off":[1.7,1.1]}},{"type":"Feature","geometry":{"type":"Point","coordinates":[20.84848,49.960321]},"properties":{"name":"Wojnicz Cmentarz","band":3,"modes":"bus","arr":["A74"],"off":[0,-0.8]}},{"type":"Feature","geometry":{"type":"Point","coordinates":[20.84848,49.960321]},"properties":{"line":"A74","mode":"bus","color":"#0059a9","colorDark":"#00294f","band":3,"off":[0,1.1]}},{"type":"Feature","geometry":{"type":"Point","coordinates":[20.973074,50.006517]},"properties":{"name":"Tarnów Dworzec Autobusowy","band":3,"modes":"bus","arr":["A22","A23","A28","A34","A36","A38","A39","A46","A55","A62","A63"],"off":[0,-0.8]}},{"type":"Feature","geometry":{"type":"Point","coordinates":[20.973074,50.006517]},"properties":{"line":"A22","mode":"bus","color":"#0059a9","colorDark":"#00294f","band":3,"off":[-6.8,1.1]}},{"type":"Feature","geometry":{"type":"Point","coordinates":[20.973074,50.006517]},"properties":{"line":"A23","mode":"bus","color":"#0059a9","colorDark":"#00294f","band":3,"off":[-3.4,1.1]}},{"type":"Feature","geometry":{"type":"Point","coordinates":[20.973074,50.006517]},"properties":{"line":"A28","mode":"bus","color":"#0059a9","colorDark":"#00294f","band":3,"off":[0,1.1]}},{"type":"Feature","geometry":{"type":"Point","coordinates":[20.973074,50.006517]},"properties":{"line":"A34","mode":"bus","color":"#0059a9","colorDark":"#00294f","band":3,"off":[3.4,1.1]}},{"type":"Feature","geometry":{"type":"Point","coordinates":[20.973074,50.006517]},"properties":{"line":"A36","mode":"bus","color":"#0059a9","colorDark":"#00294f","band":3,"off":[6.8,1.1]}},{"type":"Feature","geometry":{"type":"Point","coordinates":[20.973074,50.006517]},"properties":{"line":"A38","mode":"bus","color":"#0059a9","colorDark":"#00294f","band":3,"off":[-6.8,3.1]}},{"type":"Feature","geometry":{"type":"Point","coordinates":[20.973074,50.006517]},"properties":{"line":"A39","mode":"bus","color":"#0059a9","colorDark":"#00294f","band":3,"off":[-3.4,3.1]}},{"type":"Feature","geometry":{"type":"Point","coordinates":[20.973074,50.006517]},"properties":{"line":"A46","mode":"bus","color":"#0059a9","colorDark":"#00294f","band":3,"off":[0,3.1]}},{"type":"Feature","geometry":{"type":"Point","coordinates":[20.973074,50.006517]},"properties":{"line":"A55","mode":"bus","color":"#0059a9","colorDark":"#00294f","band":3,"off":[3.4,3.1]}},{"type":"Feature","geometry":{"type":"Point","coordinates":[20.973074,50.006517]},"properties":{"line":"A62","mode":"bus","color":"#0059a9","colorDark":"#00294f","band":3,"off":[6.8,3.1]}},{"type":"Feature","geometry":{"type":"Point","coordinates":[20.973074,50.006517]},"properties":{"line":"A63","mode":"bus","color":"#0059a9","colorDark":"#00294f","band":3,"off":[0,5.1]}},{"type":"Feature","geometry":{"type":"Point","coordinates":[20.976542,50.0105]},"properties":{"name":"Tarnów Sikorskiego","band":3,"modes":"bus","arr":["A26","A51","A52","A54"],"off":[0,-0.8]}},{"type":"Feature","geometry":{"type":"Point","coordinates":[20.976542,50.0105]},"properties":{"line":"A26","mode":"bus","color":"#0059a9","colorDark":"#00294f","band":3,"off":[-5.1,1.1]}},{"type":"Feature","geometry":{"type":"Point","coordinates":[20.976542,50.0105]},"properties":{"line":"A51","mode":"bus","color":"#0059a9","colorDark":"#00294f","band":3,"off":[-1.7,1.1]}},{"type":"Feature","geometry":{"type":"Point","coordinates":[20.976542,50.0105]},"properties":{"line":"A52","mode":"bus","color":"#0059a9","colorDark":"#00294f","band":3,"off":[1.7,1.1]}},{"type":"Feature","geometry":{"type":"Point","coordinates":[20.976542,50.0105]},"properties":{"line":"A54","mode":"bus","color":"#0059a9","colorDark":"#00294f","band":3,"off":[5.1,1.1]}},{"type":"Feature","geometry":{"type":"Point","coordinates":[20.975541,50.007989]},"properties":{"name":"Tarnów Krakowska – Planty","band":3,"modes":"bus","arr":["A26","A51","A52","A54"],"off":[0,-0.8]}},{"type":"Feature","geometry":{"type":"Point","coordinates":[20.975541,50.007989]},"properties":{"line":"A26","mode":"bus","color":"#0059a9","colorDark":"#00294f","band":3,"off":[-5.1,1.1]}},{"type":"Feature","geometry":{"type":"Point","coordinates":[20.975541,50.007989]},"properties":{"line":"A51","mode":"bus","color":"#0059a9","colorDark":"#00294f","band":3,"off":[-1.7,1.1]}},{"type":"Feature","geometry":{"type":"Point","coordinates":[20.975541,50.007989]},"properties":{"line":"A52","mode":"bus","color":"#0059a9","colorDark":"#00294f","band":3,"off":[1.7,1.1]}},{"type":"Feature","geometry":{"type":"Point","coordinates":[20.975541,50.007989]},"properties":{"line":"A54","mode":"bus","color":"#0059a9","colorDark":"#00294f","band":3,"off":[5.1,1.1]}},{"type":"Feature","geometry":{"type":"Point","coordinates":[21.181862,49.441463]},"properties":{"name":"Wysowa Zdrój Sanatorium Beskid","band":3,"modes":"bus","arr":["A23"],"off":[0,-0.8]}},{"type":"Feature","geometry":{"type":"Point","coordinates":[21.181862,49.441463]},"properties":{"line":"A23","mode":"bus","color":"#0059a9","colorDark":"#00294f","band":3,"off":[0,1.1]}},{"type":"Feature","geometry":{"type":"Point","coordinates":[21.044587,50.080646]},"properties":{"name":"Lisia Góra Szkoła","band":3,"modes":"bus","arr":["A24"],"off":[0,-0.8]}},{"type":"Feature","geometry":{"type":"Point","coordinates":[21.044587,50.080646]},"properties":{"line":"A24","mode":"bus","color":"#0059a9","colorDark":"#00294f","band":3,"off":[0,1.1]}},{"type":"Feature","geometry":{"type":"Point","coordinates":[20.924457,50.014914]},"properties":{"name":"Tarnów Mościce - Plac","band":3,"modes":"bus","arr":["A24","A27","A74"],"off":[0,-0.8]}},{"type":"Feature","geometry":{"type":"Point","coordinates":[20.924457,50.014914]},"properties":{"line":"A24","mode":"bus","color":"#0059a9","colorDark":"#00294f","band":3,"off":[-3.4,1.1]}},{"type":"Feature","geometry":{"type":"Point","coordinates":[20.924457,50.014914]},"properties":{"line":"A27","mode":"bus","color":"#0059a9","colorDark":"#00294f","band":3,"off":[0,1.1]}},{"type":"Feature","geometry":{"type":"Point","coordinates":[20.924457,50.014914]},"properties":{"line":"A74","mode":"bus","color":"#0059a9","colorDark":"#00294f","band":3,"off":[3.4,1.1]}},{"type":"Feature","geometry":{"type":"Point","coordinates":[19.350868,49.855681]},"properties":{"name":"Andrychów D.A.","band":3,"modes":"bus","arr":["A25","A47"],"off":[0,-0.8]}},{"type":"Feature","geometry":{"type":"Point","coordinates":[19.350868,49.855681]},"properties":{"line":"A25","mode":"bus","color":"#0059a9","colorDark":"#00294f","band":3,"off":[-1.7,1.1]}},{"type":"Feature","geometry":{"type":"Point","coordinates":[19.350868,49.855681]},"properties":{"line":"A47","mode":"bus","color":"#0059a9","colorDark":"#00294f","band":3,"off":[1.7,1.1]}},{"type":"Feature","geometry":{"type":"Point","coordinates":[19.488261,50.02428]},"properties":{"name":"Smolice Lipowa","band":3,"modes":"bus","arr":["A25"],"off":[0,-0.8]}},{"type":"Feature","geometry":{"type":"Point","coordinates":[19.488261,50.02428]},"properties":{"line":"A25","mode":"bus","color":"#0059a9","colorDark":"#00294f","band":3,"off":[0,1.1]}},{"type":"Feature","geometry":{"type":"Point","coordinates":[21.011654,49.97332]},"properties":{"name":"Zawada - Pętla","band":3,"modes":"bus","arr":["A27"],"off":[0,-0.8]}},{"type":"Feature","geometry":{"type":"Point","coordinates":[21.011654,49.97332]},"properties":{"line":"A27","mode":"bus","color":"#0059a9","colorDark":"#00294f","band":3,"off":[0,1.1]}},{"type":"Feature","geometry":{"type":"Point","coordinates":[20.992546,50.020025]},"properties":{"name":"Tarnów Marszałka","band":3,"modes":"bus","arr":["A29","A30"],"off":[0,-0.8]}},{"type":"Feature","geometry":{"type":"Point","coordinates":[20.992546,50.020025]},"properties":{"line":"A29","mode":"bus","color":"#0059a9","colorDark":"#00294f","band":3,"off":[-1.7,1.1]}},{"type":"Feature","geometry":{"type":"Point","coordinates":[20.992546,50.020025]},"properties":{"line":"A30","mode":"bus","color":"#0059a9","colorDark":"#00294f","band":3,"off":[1.7,1.1]}},{"type":"Feature","geometry":{"type":"Point","coordinates":[20.899626,49.946644]},"properties":{"name":"Szczepanowice - Zatoka","band":3,"modes":"bus","arr":["A31"],"off":[0,-0.8]}},{"type":"Feature","geometry":{"type":"Point","coordinates":[20.899626,49.946644]},"properties":{"line":"A31","mode":"bus","color":"#0059a9","colorDark":"#00294f","band":3,"off":[0,1.1]}},{"type":"Feature","geometry":{"type":"Point","coordinates":[20.957349,49.953033]},"properties":{"name":"Świebodzin - Kłokowa PKP","band":3,"modes":"bus","arr":["A31"],"off":[0,-0.8]}},{"type":"Feature","geometry":{"type":"Point","coordinates":[20.957349,49.953033]},"properties":{"line":"A31","mode":"bus","color":"#0059a9","colorDark":"#00294f","band":3,"off":[0,1.1]}},{"type":"Feature","geometry":{"type":"Point","coordinates":[19.784212,49.569497]},"properties":{"name":"Spytkowice Szkoła","band":3,"modes":"bus","arr":["A32"],"off":[0,-0.8]}},{"type":"Feature","geometry":{"type":"Point","coordinates":[19.784212,49.569497]},"properties":{"line":"A32","mode":"bus","color":"#0059a9","colorDark":"#00294f","band":3,"off":[0,1.1]}},{"type":"Feature","geometry":{"type":"Point","coordinates":[20.191908,49.413044]},"properties":{"name":"Dursztyn Kościół","band":3,"modes":"bus","arr":["A33"],"off":[0,-0.8]}},{"type":"Feature","geometry":{"type":"Point","coordinates":[20.191908,49.413044]},"properties":{"line":"A33","mode":"bus","color":"#0059a9","colorDark":"#00294f","band":3,"off":[0,1.1]}},{"type":"Feature","geometry":{"type":"Point","coordinates":[20.55239,49.407955]},"properties":{"name":"Jaworki Czarna Woda","band":3,"modes":"bus","arr":["A33"],"off":[0,-0.8]}},{"type":"Feature","geometry":{"type":"Point","coordinates":[20.55239,49.407955]},"properties":{"line":"A33","mode":"bus","color":"#0059a9","colorDark":"#00294f","band":3,"off":[0,1.1]}},{"type":"Feature","geometry":{"type":"Point","coordinates":[21.135156,50.066939]},"properties":{"name":"Jodłówka - Wałki - Dół","band":3,"modes":"bus","arr":["A34","A35"],"off":[0,-0.8]}},{"type":"Feature","geometry":{"type":"Point","coordinates":[21.135156,50.066939]},"properties":{"line":"A34","mode":"bus","color":"#0059a9","colorDark":"#00294f","band":3,"off":[-1.7,1.1]}},{"type":"Feature","geometry":{"type":"Point","coordinates":[21.135156,50.066939]},"properties":{"line":"A35","mode":"bus","color":"#0059a9","colorDark":"#00294f","band":3,"off":[1.7,1.1]}},{"type":"Feature","geometry":{"type":"Point","coordinates":[20.957142,49.888792]},"properties":{"name":"Lichwin - Centrum","band":3,"modes":"bus","arr":["A35"],"off":[0,-0.8]}},{"type":"Feature","geometry":{"type":"Point","coordinates":[20.957142,49.888792]},"properties":{"line":"A35","mode":"bus","color":"#0059a9","colorDark":"#00294f","band":3,"off":[0,1.1]}},{"type":"Feature","geometry":{"type":"Point","coordinates":[20.975936,50.177928]},"properties":{"name":"Dąbrowa Tarnowska Szpitalna","band":3,"modes":"bus","arr":["A36"],"off":[0,-0.8]}},{"type":"Feature","geometry":{"type":"Point","coordinates":[20.975936,50.177928]},"properties":{"line":"A36","mode":"bus","color":"#0059a9","colorDark":"#00294f","band":3,"off":[0,1.1]}},{"type":"Feature","geometry":{"type":"Point","coordinates":[21.182811,50.117828]},"properties":{"name":"Nowa Jastrząbka - Podlesie","band":3,"modes":"bus","arr":["A38"],"off":[0,-0.8]}},{"type":"Feature","geometry":{"type":"Point","coordinates":[21.182811,50.117828]},"properties":{"line":"A38","mode":"bus","color":"#0059a9","colorDark":"#00294f","band":3,"off":[0,1.1]}},{"type":"Feature","geometry":{"type":"Point","coordinates":[21.09366,50.073005]},"properties":{"name":"Zaczarnie - Pętla","band":3,"modes":"bus","arr":["A39"],"off":[0,-0.8]}},{"type":"Feature","geometry":{"type":"Point","coordinates":[21.09366,50.073005]},"properties":{"line":"A39","mode":"bus","color":"#0059a9","colorDark":"#00294f","band":3,"off":[0,1.1]}},{"type":"Feature","geometry":{"type":"Point","coordinates":[19.226801,49.866277]},"properties":{"name":"Kęty Grupa Kęty","band":3,"modes":"bus","arr":["A40"],"off":[0,-0.8]}},{"type":"Feature","geometry":{"type":"Point","coordinates":[19.226801,49.866277]},"properties":{"line":"A40","mode":"bus","color":"#0059a9","colorDark":"#00294f","band":3,"off":[0,1.1]}},{"type":"Feature","geometry":{"type":"Point","coordinates":[19.681939,49.86638]},"properties":{"name":"Kalwaria Zebrzydowska D.A.","band":3,"modes":"bus","arr":["A43"],"off":[0,-0.8]}},{"type":"Feature","geometry":{"type":"Point","coordinates":[19.681939,49.86638]},"properties":{"line":"A43","mode":"bus","color":"#0059a9","colorDark":"#00294f","band":3,"off":[0,1.1]}},{"type":"Feature","geometry":{"type":"Point","coordinates":[19.427167,50.137783]},"properties":{"name":"Chrzanów Szpital","band":3,"modes":"bus","arr":["A42","A48"],"off":[0,-0.8]}},{"type":"Feature","geometry":{"type":"Point","coordinates":[19.427167,50.137783]},"properties":{"line":"A42","mode":"bus","color":"#0059a9","colorDark":"#00294f","band":3,"off":[-1.7,1.1]}},{"type":"Feature","geometry":{"type":"Point","coordinates":[19.427167,50.137783]},"properties":{"line":"A48","mode":"bus","color":"#0059a9","colorDark":"#00294f","band":3,"off":[1.7,1.1]}},{"type":"Feature","geometry":{"type":"Point","coordinates":[19.523555,50.05483]},"properties":{"name":"Alwernia Zakłady Chemiczne","band":3,"modes":"bus","arr":["A44","A60","A64","A66"],"off":[0,-0.8]}},{"type":"Feature","geometry":{"type":"Point","coordinates":[19.523555,50.05483]},"properties":{"line":"A44","mode":"bus","color":"#0059a9","colorDark":"#00294f","band":3,"off":[-5.1,1.1]}},{"type":"Feature","geometry":{"type":"Point","coordinates":[19.523555,50.05483]},"properties":{"line":"A60","mode":"bus","color":"#0059a9","colorDark":"#00294f","band":3,"off":[-1.7,1.1]}},{"type":"Feature","geometry":{"type":"Point","coordinates":[19.523555,50.05483]},"properties":{"line":"A64","mode":"bus","color":"#0059a9","colorDark":"#00294f","band":3,"off":[1.7,1.1]}},{"type":"Feature","geometry":{"type":"Point","coordinates":[19.523555,50.05483]},"properties":{"line":"A66","mode":"bus","color":"#0059a9","colorDark":"#00294f","band":3,"off":[5.1,1.1]}},{"type":"Feature","geometry":{"type":"Point","coordinates":[21.254034,49.906703]},"properties":{"name":"Lubcza Centrum","band":3,"modes":"bus","arr":["A46","A62"],"off":[0,-0.8]}},{"type":"Feature","geometry":{"type":"Point","coordinates":[21.254034,49.906703]},"properties":{"line":"A46","mode":"bus","color":"#0059a9","colorDark":"#00294f","band":3,"off":[-1.7,1.1]}},{"type":"Feature","geometry":{"type":"Point","coordinates":[21.254034,49.906703]},"properties":{"line":"A62","mode":"bus","color":"#0059a9","colorDark":"#00294f","band":3,"off":[1.7,1.1]}},{"type":"Feature","geometry":{"type":"Point","coordinates":[21.137668,49.879679]},"properties":{"name":"Ryglice Węzeł Przesiadkowy","band":3,"modes":"bus","arr":["A63"],"off":[0,-0.8]}},{"type":"Feature","geometry":{"type":"Point","coordinates":[21.137668,49.879679]},"properties":{"line":"A63","mode":"bus","color":"#0059a9","colorDark":"#00294f","band":3,"off":[0,1.1]}},{"type":"Feature","geometry":{"type":"Point","coordinates":[19.253279,50.034698]},"properties":{"name":"Oświęcim Lodowisko","band":3,"modes":"bus","arr":["A47"],"off":[0,-0.8]}},{"type":"Feature","geometry":{"type":"Point","coordinates":[19.253279,50.034698]},"properties":{"line":"A47","mode":"bus","color":"#0059a9","colorDark":"#00294f","band":3,"off":[0,1.1]}},{"type":"Feature","geometry":{"type":"Point","coordinates":[19.200526,50.041626]},"properties":{"name":"Oświęcim Dworzec PKP","band":3,"modes":"bus,metro","arr":["A66","Dunajec","SKA2","SKA3"],"off":[0,-0.8]}},{"type":"Feature","geometry":{"type":"Point","coordinates":[19.200526,50.041626]},"properties":{"name":"Oświęcim","band":3,"modes":"bus,metro","arr":["A66","Dunajec","SKA2","SKA3"],"off":[0,-3]}},{"type":"Feature","geometry":{"type":"Point","coordinates":[19.200526,50.041626]},"properties":{"line":"A66","mode":"bus","color":"#0059a9","colorDark":"#00294f","band":3,"off":[-5.1,1.1]}},{"type":"Feature","geometry":{"type":"Point","coordinates":[19.200526,50.041626]},"properties":{"line":"Dunajec","mode":"tram","color":"#a518a3","colorDark":"#5a0c59","band":3,"metro":1,"off":[-1.7,1.1]}},{"type":"Feature","geometry":{"type":"Point","coordinates":[19.200526,50.041626]},"properties":{"line":"SKA2","mode":"tram","color":"#D4328A","colorDark":"#751c4c","band":3,"metro":1,"off":[1.7,1.1]}},{"type":"Feature","geometry":{"type":"Point","coordinates":[19.200526,50.041626]},"properties":{"line":"SKA3","mode":"tram","color":"#F2C43B","colorDark":"#856c20","band":3,"metro":1,"off":[5.1,1.1]}},{"type":"Feature","geometry":{"type":"Point","coordinates":[19.582797,49.5891]},"properties":{"name":"Zawoja Krowiarki","band":3,"modes":"bus","arr":["A53"],"off":[0,-0.8]}},{"type":"Feature","geometry":{"type":"Point","coordinates":[19.582797,49.5891]},"properties":{"line":"A53","mode":"bus","color":"#0059a9","colorDark":"#00294f","band":3,"off":[0,1.1]}},{"type":"Feature","geometry":{"type":"Point","coordinates":[20.849404,50.08365]},"properties":{"name":"Radłów Plac Kościuszki","band":3,"modes":"bus","arr":["A54"],"off":[0,-0.8]}},{"type":"Feature","geometry":{"type":"Point","coordinates":[20.849404,50.08365]},"properties":{"line":"A54","mode":"bus","color":"#0059a9","colorDark":"#00294f","band":3,"off":[0,1.1]}},{"type":"Feature","geometry":{"type":"Point","coordinates":[20.650879,49.802467]},"properties":{"name":"Wytrzyszczka","band":3,"modes":"bus","arr":["A55"],"off":[0,-0.8]}},{"type":"Feature","geometry":{"type":"Point","coordinates":[20.650879,49.802467]},"properties":{"line":"A55","mode":"bus","color":"#0059a9","colorDark":"#00294f","band":3,"off":[0,1.1]}},{"type":"Feature","geometry":{"type":"Point","coordinates":[19.717175,49.844617]},"properties":{"name":"Lanckorona Centrum","band":3,"modes":"bus","arr":["A56"],"off":[0,-0.8]}},{"type":"Feature","geometry":{"type":"Point","coordinates":[19.717175,49.844617]},"properties":{"line":"A56","mode":"bus","color":"#0059a9","colorDark":"#00294f","band":3,"off":[0,1.1]}},{"type":"Feature","geometry":{"type":"Point","coordinates":[20.356923,49.935133]},"properties":{"name":"Dąbrowica Szkoła","band":3,"modes":"bus","arr":["A59"],"off":[0,-0.8]}},{"type":"Feature","geometry":{"type":"Point","coordinates":[20.356923,49.935133]},"properties":{"line":"A59","mode":"bus","color":"#0059a9","colorDark":"#00294f","band":3,"off":[0,1.1]}},{"type":"Feature","geometry":{"type":"Point","coordinates":[20.03268,49.54936]},"properties":{"name":"Obidowa Pętla","band":3,"modes":"bus","arr":["A61","A71"],"off":[0,-0.8]}},{"type":"Feature","geometry":{"type":"Point","coordinates":[20.03268,49.54936]},"properties":{"line":"A61","mode":"bus","color":"#0059a9","colorDark":"#00294f","band":3,"off":[-1.7,1.1]}},{"type":"Feature","geometry":{"type":"Point","coordinates":[20.03268,49.54936]},"properties":{"line":"A71","mode":"bus","color":"#0059a9","colorDark":"#00294f","band":3,"off":[1.7,1.1]}},{"type":"Feature","geometry":{"type":"Point","coordinates":[19.79231,49.972648]},"properties":{"name":"Skawina Zachodnia P+ R","band":3,"modes":"bus","arr":["A73"],"off":[0,-0.8]}},{"type":"Feature","geometry":{"type":"Point","coordinates":[19.79231,49.972648]},"properties":{"line":"A73","mode":"bus","color":"#0059a9","colorDark":"#00294f","band":3,"off":[0,1.1]}},{"type":"Feature","geometry":{"type":"Point","coordinates":[20.094776,50.03133]},"properties":{"name":"Brzegi Pętla","band":3,"modes":"bus","arr":["B2","G4"],"off":[0,-0.8]}},{"type":"Feature","geometry":{"type":"Point","coordinates":[20.094776,50.03133]},"properties":{"line":"B2","mode":"bus","color":"#0059a9","colorDark":"#00294f","band":3,"off":[-1.7,1.1]}},{"type":"Feature","geometry":{"type":"Point","coordinates":[20.094776,50.03133]},"properties":{"line":"G4","mode":"bus","color":"#0059a9","colorDark":"#00294f","band":3,"off":[1.7,1.1]}},{"type":"Feature","geometry":{"type":"Point","coordinates":[20.116625,49.942639]},"properties":{"name":"Dobranowice Szkoła","band":3,"modes":"bus","arr":["D2"],"off":[0,-0.8]}},{"type":"Feature","geometry":{"type":"Point","coordinates":[20.116625,49.942639]},"properties":{"line":"D2","mode":"bus","color":"#0059a9","colorDark":"#00294f","band":3,"off":[0,1.1]}},{"type":"Feature","geometry":{"type":"Point","coordinates":[20.013111,49.95408]},"properties":{"name":"Janowice Szkoła","band":3,"modes":"bus","arr":["J1"],"off":[0,-0.8]}},{"type":"Feature","geometry":{"type":"Point","coordinates":[20.013111,49.95408]},"properties":{"line":"J1","mode":"bus","color":"#0059a9","colorDark":"#00294f","band":3,"off":[0,1.1]}},{"type":"Feature","geometry":{"type":"Point","coordinates":[20.086376,49.977513]},"properties":{"name":"Lednica Górna Zakręt","band":3,"modes":"bus","arr":["L1"],"off":[0,-0.8]}},{"type":"Feature","geometry":{"type":"Point","coordinates":[20.086376,49.977513]},"properties":{"line":"L1","mode":"bus","color":"#0059a9","colorDark":"#00294f","band":3,"off":[0,1.1]}},{"type":"Feature","geometry":{"type":"Point","coordinates":[20.062191,49.924355]},"properties":{"name":"Jankówka Skrzyżowanie","band":3,"modes":"bus","arr":["R2"],"off":[0,-0.8]}},{"type":"Feature","geometry":{"type":"Point","coordinates":[20.062191,49.924355]},"properties":{"line":"R2","mode":"bus","color":"#0059a9","colorDark":"#00294f","band":3,"off":[0,1.1]}},{"type":"Feature","geometry":{"type":"Point","coordinates":[19.913794,50.052729]},"properties":{"name":"Salwator","band":3,"modes":"tram","arr":["1","13"],"off":[0,-0.8]}},{"type":"Feature","geometry":{"type":"Point","coordinates":[19.913794,50.052729]},"properties":{"line":"1","mode":"tram","color":"#d6212b","colorDark":"#7c1116","band":3,"off":[-1.7,1.1]}},{"type":"Feature","geometry":{"type":"Point","coordinates":[19.913794,50.052729]},"properties":{"line":"13","mode":"tram","color":"#d6212b","colorDark":"#7c1116","band":3,"off":[1.7,1.1]}},{"type":"Feature","geometry":{"type":"Point","coordinates":[20.064855,50.094596]},"properties":{"name":"Wzgórza Krzesławickie","band":3,"modes":"tram","arr":["1","5","74"],"off":[0,-0.8]}},{"type":"Feature","geometry":{"type":"Point","coordinates":[20.064855,50.094596]},"properties":{"line":"1","mode":"tram","color":"#d6212b","colorDark":"#7c1116","band":3,"off":[-3.4,1.1]}},{"type":"Feature","geometry":{"type":"Point","coordinates":[20.064855,50.094596]},"properties":{"line":"5","mode":"tram","color":"#d6212b","colorDark":"#7c1116","band":3,"off":[0,1.1]}},{"type":"Feature","geometry":{"type":"Point","coordinates":[20.064855,50.094596]},"properties":{"line":"74","mode":"tram","color":"#d6212b","colorDark":"#7c1116","band":3,"off":[3.4,1.1]}},{"type":"Feature","geometry":{"type":"Point","coordinates":[20.023064,50.015594]},"properties":{"name":"Nowy Bieżanów P+R","band":3,"modes":"tram","arr":["3","9","13","49","69"],"off":[0,-0.8]}},{"type":"Feature","geometry":{"type":"Point","coordinates":[20.023064,50.015594]},"properties":{"line":"3","mode":"tram","color":"#d6212b","colorDark":"#7c1116","band":3,"off":[-6.8,1.1]}},{"type":"Feature","geometry":{"type":"Point","coordinates":[20.023064,50.015594]},"properties":{"line":"9","mode":"tram","color":"#d6212b","colorDark":"#7c1116","band":3,"off":[-3.4,1.1]}},{"type":"Feature","geometry":{"type":"Point","coordinates":[20.023064,50.015594]},"properties":{"line":"13","mode":"tram","color":"#d6212b","colorDark":"#7c1116","band":3,"off":[0,1.1]}},{"type":"Feature","geometry":{"type":"Point","coordinates":[20.023064,50.015594]},"properties":{"line":"49","mode":"tram","color":"#d6212b","colorDark":"#7c1116","band":3,"off":[3.4,1.1]}},{"type":"Feature","geometry":{"type":"Point","coordinates":[20.023064,50.015594]},"properties":{"line":"69","mode":"tram","color":"#000000","colorDark":"#000000","band":3,"off":[6.8,1.1]}},{"type":"Feature","geometry":{"type":"Point","coordinates":[19.931661,50.089386]},"properties":{"name":"Krowodrza Górka P+R","band":3,"modes":"tram","arr":["3","5"],"off":[0,-0.8]}},{"type":"Feature","geometry":{"type":"Point","coordinates":[19.931661,50.089386]},"properties":{"line":"3","mode":"tram","color":"#d6212b","colorDark":"#7c1116","band":3,"off":[-1.7,1.1]}},{"type":"Feature","geometry":{"type":"Point","coordinates":[19.931661,50.089386]},"properties":{"line":"5","mode":"tram","color":"#d6212b","colorDark":"#7c1116","band":3,"off":[1.7,1.1]}},{"type":"Feature","geometry":{"type":"Point","coordinates":[19.940383,50.075925]},"properties":{"name":"Dworzec Towarowy","band":3,"modes":"tram","arr":["14","20"],"off":[0,-0.8]}},{"type":"Feature","geometry":{"type":"Point","coordinates":[19.940383,50.075925]},"properties":{"line":"14","mode":"tram","color":"#d6212b","colorDark":"#7c1116","band":3,"off":[-1.7,1.1]}},{"type":"Feature","geometry":{"type":"Point","coordinates":[19.940383,50.075925]},"properties":{"line":"20","mode":"tram","color":"#d6212b","colorDark":"#7c1116","band":3,"off":[1.7,1.1]}},{"type":"Feature","geometry":{"type":"Point","coordinates":[19.927011,50.013093]},"properties":{"name":"Borek Fałęcki","band":3,"modes":"tram","arr":["8","22","50"],"off":[0,-0.8]}},{"type":"Feature","geometry":{"type":"Point","coordinates":[19.927011,50.013093]},"properties":{"line":"8","mode":"tram","color":"#d6212b","colorDark":"#7c1116","band":3,"off":[-3.4,1.1]}},{"type":"Feature","geometry":{"type":"Point","coordinates":[19.927011,50.013093]},"properties":{"line":"22","mode":"tram","color":"#d6212b","colorDark":"#7c1116","band":3,"off":[0,1.1]}},{"type":"Feature","geometry":{"type":"Point","coordinates":[19.927011,50.013093]},"properties":{"line":"50","mode":"tram","color":"#d6212b","colorDark":"#7c1116","band":3,"off":[3.4,1.1]}},{"type":"Feature","geometry":{"type":"Point","coordinates":[19.903375,50.062937]},"properties":{"name":"Cichy Kącik","band":3,"modes":"tram","arr":["8","77"],"off":[0,-0.8]}},{"type":"Feature","geometry":{"type":"Point","coordinates":[19.903375,50.062937]},"properties":{"line":"8","mode":"tram","color":"#d6212b","colorDark":"#7c1116","band":3,"off":[-1.7,1.1]}},{"type":"Feature","geometry":{"type":"Point","coordinates":[19.903375,50.062937]},"properties":{"line":"77","mode":"tram","color":"#d6212b","colorDark":"#7c1116","band":3,"off":[1.7,1.1]}},{"type":"Feature","geometry":{"type":"Point","coordinates":[20.021371,50.090091]},"properties":{"name":"Rondo Hipokratesa","band":3,"modes":"tram","arr":["9"],"off":[0,-0.8]}},{"type":"Feature","geometry":{"type":"Point","coordinates":[20.021371,50.090091]},"properties":{"line":"9","mode":"tram","color":"#d6212b","colorDark":"#7c1116","band":3,"off":[0,1.1]}},{"type":"Feature","geometry":{"type":"Point","coordinates":[20.064912,50.067772]},"properties":{"name":"Bardosa","band":3,"modes":"tram","arr":["16"],"off":[0,-0.8]}},{"type":"Feature","geometry":{"type":"Point","coordinates":[20.064912,50.067772]},"properties":{"line":"16","mode":"tram","color":"#d6212b","colorDark":"#7c1116","band":3,"off":[0,1.1]}},{"type":"Feature","geometry":{"type":"Point","coordinates":[19.948094,50.014078]},"properties":{"name":"Kurdwanów P+R","band":3,"modes":"tram","arr":["10","74"],"off":[0,-0.8]}},{"type":"Feature","geometry":{"type":"Point","coordinates":[19.948094,50.014078]},"properties":{"line":"10","mode":"tram","color":"#d6212b","colorDark":"#7c1116","band":3,"off":[-1.7,1.1]}},{"type":"Feature","geometry":{"type":"Point","coordinates":[19.948094,50.014078]},"properties":{"line":"74","mode":"tram","color":"#d6212b","colorDark":"#7c1116","band":3,"off":[1.7,1.1]}},{"type":"Feature","geometry":{"type":"Point","coordinates":[19.995526,50.094875]},"properties":{"name":"Mistrzejowice","band":3,"modes":"tram","arr":["14","16"],"off":[0,-0.8]}},{"type":"Feature","geometry":{"type":"Point","coordinates":[19.995526,50.094875]},"properties":{"line":"14","mode":"tram","color":"#d6212b","colorDark":"#7c1116","band":3,"off":[-1.7,1.1]}},{"type":"Feature","geometry":{"type":"Point","coordinates":[19.995526,50.094875]},"properties":{"line":"16","mode":"tram","color":"#d6212b","colorDark":"#7c1116","band":3,"off":[1.7,1.1]}},{"type":"Feature","geometry":{"type":"Point","coordinates":[20.067076,50.069652]},"properties":{"name":"Kopiec Wandy","band":3,"modes":"tram","arr":["22","75"],"off":[0,-0.8]}},{"type":"Feature","geometry":{"type":"Point","coordinates":[20.067076,50.069652]},"properties":{"line":"22","mode":"tram","color":"#d6212b","colorDark":"#7c1116","band":3,"off":[-1.7,1.1]}},{"type":"Feature","geometry":{"type":"Point","coordinates":[20.067076,50.069652]},"properties":{"line":"75","mode":"tram","color":"#d6212b","colorDark":"#7c1116","band":3,"off":[1.7,1.1]}},{"type":"Feature","geometry":{"type":"Point","coordinates":[19.985167,50.072101]},"properties":{"name":"TAURON Arena Kraków Wieczysta","band":3,"modes":"tram","arr":["49"],"off":[0,-0.8]}},{"type":"Feature","geometry":{"type":"Point","coordinates":[19.985167,50.072101]},"properties":{"line":"49","mode":"tram","color":"#d6212b","colorDark":"#7c1116","band":3,"off":[0,1.1]}},{"type":"Feature","geometry":{"type":"Point","coordinates":[19.9574,50.074278]},"properties":{"name":"Cmentarz Rakowicki","band":3,"modes":"tram","arr":["76"],"off":[0,-0.8]}},{"type":"Feature","geometry":{"type":"Point","coordinates":[19.9574,50.074278]},"properties":{"line":"76","mode":"tram","color":"#d6212b","colorDark":"#7c1116","band":3,"off":[0,1.1]}},{"type":"Feature","geometry":{"type":"Point","coordinates":[20.702702,49.606498]},"properties":{"name":"Nowy Sącz","band":3,"modes":"metro","arr":["Dunajec","KML"],"off":[0,-0.8]}},{"type":"Feature","geometry":{"type":"Point","coordinates":[20.702702,49.606498]},"properties":{"line":"Dunajec","mode":"tram","color":"#a518a3","colorDark":"#5a0c59","band":3,"metro":1,"off":[-1.7,1.1]}},{"type":"Feature","geometry":{"type":"Point","coordinates":[20.702702,49.606498]},"properties":{"line":"KML","mode":"tram","color":"#a518a3","colorDark":"#5a0c59","band":3,"metro":1,"off":[1.7,1.1]}},{"type":"Feature","geometry":{"type":"Point","coordinates":[20.975422,50.005307]},"properties":{"name":"Tarnów","band":3,"modes":"metro","arr":["SKA3"],"off":[0,-0.8]}},{"type":"Feature","geometry":{"type":"Point","coordinates":[20.975422,50.005307]},"properties":{"line":"SKA3","mode":"tram","color":"#F2C43B","colorDark":"#856c20","band":3,"metro":1,"off":[0,1.1]}},{"type":"Feature","geometry":{"type":"Point","coordinates":[21.470438,49.737429]},"properties":{"name":"Jasło","band":3,"modes":"metro","arr":["Hubal","KML"],"off":[0,-0.8]}},{"type":"Feature","geometry":{"type":"Point","coordinates":[21.470438,49.737429]},"properties":{"line":"Hubal","mode":"tram","color":"#a518a3","colorDark":"#5a0c59","band":3,"metro":1,"off":[-1.7,1.1]}},{"type":"Feature","geometry":{"type":"Point","coordinates":[21.470438,49.737429]},"properties":{"line":"KML","mode":"tram","color":"#a518a3","colorDark":"#5a0c59","band":3,"metro":1,"off":[1.7,1.1]}},{"type":"Feature","geometry":{"type":"Point","coordinates":[19.963011,49.300907]},"properties":{"name":"Zakopane","band":3,"modes":"metro","arr":["Luxtorpeda"],"off":[0,-0.8]}},{"type":"Feature","geometry":{"type":"Point","coordinates":[19.963011,49.300907]},"properties":{"line":"Luxtorpeda","mode":"tram","color":"#a518a3","colorDark":"#5a0c59","band":3,"metro":1,"off":[0,1.1]}},{"type":"Feature","geometry":{"type":"Point","coordinates":[19.822646,49.977248]},"properties":{"name":"Skawina","band":3,"modes":"metro","arr":["SKA2"],"off":[0,-0.8]}},{"type":"Feature","geometry":{"type":"Point","coordinates":[19.822646,49.977248]},"properties":{"line":"SKA2","mode":"tram","color":"#D4328A","colorDark":"#751c4c","band":3,"metro":1,"off":[0,1.1]}},{"type":"Feature","geometry":{"type":"Point","coordinates":[20.056806,49.985704]},"properties":{"name":"Wieliczka Rynek-Kopalnia","band":3,"modes":"metro","arr":["SKA1"],"off":[0,-0.8]}},{"type":"Feature","geometry":{"type":"Point","coordinates":[20.056806,49.985704]},"properties":{"line":"SKA1","mode":"tram","color":"#60B6F0","colorDark":"#356484","band":3,"metro":1,"off":[0,1.1]}},{"type":"Feature","geometry":{"type":"Point","coordinates":[19.801365,50.071019]},"properties":{"name":"Kraków Lotnisko","band":3,"modes":"metro","arr":["SKA1"],"off":[0,-0.8]}},{"type":"Feature","geometry":{"type":"Point","coordinates":[19.801365,50.071019]},"properties":{"line":"SKA1","mode":"tram","color":"#60B6F0","colorDark":"#356484","band":3,"metro":1,"off":[0,1.1]}},{"type":"Feature","geometry":{"type":"Point","coordinates":[20.012188,50.475212]},"properties":{"name":"Kozłów","band":3,"modes":"metro","arr":["SKA2"],"off":[0,-0.8]}},{"type":"Feature","geometry":{"type":"Point","coordinates":[20.012188,50.475212]},"properties":{"line":"SKA2","mode":"tram","color":"#D4328A","colorDark":"#751c4c","band":3,"metro":1,"off":[0,1.1]}},{"type":"Feature","geometry":{"type":"Point","coordinates":[20.054997,50.565865]},"properties":{"name":"Sędziszów","band":3,"modes":"metro","arr":["SKA2"],"off":[0,-0.8]}},{"type":"Feature","geometry":{"type":"Point","coordinates":[20.054997,50.565865]},"properties":{"line":"SKA2","mode":"tram","color":"#D4328A","colorDark":"#751c4c","band":3,"metro":1,"off":[0,1.1]}},{"type":"Feature","geometry":{"type":"Point","coordinates":[19.931215,50.088526]},"properties":{"name":"Krowodrza Górka P+R","band":4,"modes":"bus","arr":["102","137","150","168","194","207","220","227","240","267","290","937"],"off":[0,-0.8]}},{"type":"Feature","geometry":{"type":"Point","coordinates":[19.931215,50.088526]},"properties":{"line":"102","mode":"bus","color":"#0059a9","colorDark":"#00294f","band":4,"off":[-6.8,1.1]}},{"type":"Feature","geometry":{"type":"Point","coordinates":[19.931215,50.088526]},"properties":{"line":"137","mode":"bus","color":"#0059a9","colorDark":"#00294f","band":4,"off":[-3.4,1.1]}},{"type":"Feature","geometry":{"type":"Point","coordinates":[19.931215,50.088526]},"properties":{"line":"150","mode":"bus","color":"#0059a9","colorDark":"#00294f","band":4,"off":[0,1.1]}},{"type":"Feature","geometry":{"type":"Point","coordinates":[19.931215,50.088526]},"properties":{"line":"168","mode":"bus","color":"#0059a9","colorDark":"#00294f","band":4,"off":[3.4,1.1]}},{"type":"Feature","geometry":{"type":"Point","coordinates":[19.931215,50.088526]},"properties":{"line":"194","mode":"bus","color":"#0059a9","colorDark":"#00294f","band":4,"off":[6.8,1.1]}},{"type":"Feature","geometry":{"type":"Point","coordinates":[19.931215,50.088526]},"properties":{"line":"207","mode":"bus","color":"#0059a9","colorDark":"#00294f","band":4,"off":[-6.8,3.1]}},{"type":"Feature","geometry":{"type":"Point","coordinates":[19.931215,50.088526]},"properties":{"line":"220","mode":"bus","color":"#0059a9","colorDark":"#00294f","band":4,"off":[-3.4,3.1]}},{"type":"Feature","geometry":{"type":"Point","coordinates":[19.931215,50.088526]},"properties":{"line":"227","mode":"bus","color":"#0059a9","colorDark":"#00294f","band":4,"off":[0,3.1]}},{"type":"Feature","geometry":{"type":"Point","coordinates":[19.931215,50.088526]},"properties":{"line":"240","mode":"bus","color":"#0059a9","colorDark":"#00294f","band":4,"off":[3.4,3.1]}},{"type":"Feature","geometry":{"type":"Point","coordinates":[19.931215,50.088526]},"properties":{"line":"267","mode":"bus","color":"#0059a9","colorDark":"#00294f","band":4,"off":[6.8,3.1]}},{"type":"Feature","geometry":{"type":"Point","coordinates":[19.931215,50.088526]},"properties":{"line":"290","mode":"bus","color":"#0059a9","colorDark":"#00294f","band":4,"off":[-1.7,5.1]}},{"type":"Feature","geometry":{"type":"Point","coordinates":[19.931215,50.088526]},"properties":{"line":"937","mode":"bus","color":"#000000","colorDark":"#000000","band":4,"off":[1.7,5.1]}},{"type":"Feature","geometry":{"type":"Point","coordinates":[19.819855,50.043295]},"properties":{"name":"Bielany","band":4,"modes":"bus","arr":["102","609"],"off":[0,-0.8]}},{"type":"Feature","geometry":{"type":"Point","coordinates":[19.819855,50.043295]},"properties":{"line":"102","mode":"bus","color":"#0059a9","colorDark":"#00294f","band":4,"off":[-1.7,1.1]}},{"type":"Feature","geometry":{"type":"Point","coordinates":[19.819855,50.043295]},"properties":{"line":"609","mode":"bus","color":"#000000","colorDark":"#000000","band":4,"off":[1.7,1.1]}},{"type":"Feature","geometry":{"type":"Point","coordinates":[19.847207,50.067862]},"properties":{"name":"Chełm","band":4,"modes":"bus","arr":["126"],"off":[0,-0.8]}},{"type":"Feature","geometry":{"type":"Point","coordinates":[19.847207,50.067862]},"properties":{"line":"126","mode":"bus","color":"#0059a9","colorDark":"#00294f","band":4,"off":[0,1.1]}},{"type":"Feature","geometry":{"type":"Point","coordinates":[19.92774,49.999783]},"properties":{"name":"Swoszowice SKA P+R","band":4,"modes":"bus","arr":["104","155"],"off":[0,-0.8]}},{"type":"Feature","geometry":{"type":"Point","coordinates":[19.92774,49.999783]},"properties":{"line":"104","mode":"bus","color":"#0059a9","colorDark":"#00294f","band":4,"off":[-1.7,1.1]}},{"type":"Feature","geometry":{"type":"Point","coordinates":[19.92774,49.999783]},"properties":{"line":"155","mode":"bus","color":"#0059a9","colorDark":"#00294f","band":4,"off":[1.7,1.1]}},{"type":"Feature","geometry":{"type":"Point","coordinates":[19.897178,49.998655]},"properties":{"name":"Kliny","band":4,"modes":"bus","arr":["151","191","194","494","608"],"off":[0,-0.8]}},{"type":"Feature","geometry":{"type":"Point","coordinates":[19.897178,49.998655]},"properties":{"line":"151","mode":"bus","color":"#0059a9","colorDark":"#00294f","band":4,"off":[-6.8,1.1]}},{"type":"Feature","geometry":{"type":"Point","coordinates":[19.897178,49.998655]},"properties":{"line":"191","mode":"bus","color":"#0059a9","colorDark":"#00294f","band":4,"off":[-3.4,1.1]}},{"type":"Feature","geometry":{"type":"Point","coordinates":[19.897178,49.998655]},"properties":{"line":"194","mode":"bus","color":"#0059a9","colorDark":"#00294f","band":4,"off":[0,1.1]}},{"type":"Feature","geometry":{"type":"Point","coordinates":[19.897178,49.998655]},"properties":{"line":"494","mode":"bus","color":"#0059a9","colorDark":"#00294f","band":4,"off":[3.4,1.1]}},{"type":"Feature","geometry":{"type":"Point","coordinates":[19.897178,49.998655]},"properties":{"line":"608","mode":"bus","color":"#000000","colorDark":"#000000","band":4,"off":[6.8,1.1]}},{"type":"Feature","geometry":{"type":"Point","coordinates":[19.889249,50.018088]},"properties":{"name":"Czerwone Maki P+R","band":4,"modes":"tram,bus","arr":["11","18","52","77","104","116","156","203","204","223","233","253","283","476","62","662","903"],"off":[0,-0.8]}},{"type":"Feature","geometry":{"type":"Point","coordinates":[19.889249,50.018088]},"properties":{"line":"11","mode":"tram","color":"#d6212b","colorDark":"#7c1116","band":4,"off":[-6.8,1.1]}},{"type":"Feature","geometry":{"type":"Point","coordinates":[19.889249,50.018088]},"properties":{"line":"18","mode":"tram","color":"#d6212b","colorDark":"#7c1116","band":4,"off":[-3.4,1.1]}},{"type":"Feature","geometry":{"type":"Point","coordinates":[19.889249,50.018088]},"properties":{"line":"52","mode":"tram","color":"#d6212b","colorDark":"#7c1116","band":4,"off":[0,1.1]}},{"type":"Feature","geometry":{"type":"Point","coordinates":[19.889249,50.018088]},"properties":{"line":"77","mode":"tram","color":"#d6212b","colorDark":"#7c1116","band":4,"off":[3.4,1.1]}},{"type":"Feature","geometry":{"type":"Point","coordinates":[19.889249,50.018088]},"properties":{"line":"104","mode":"bus","color":"#0059a9","colorDark":"#00294f","band":4,"off":[6.8,1.1]}},{"type":"Feature","geometry":{"type":"Point","coordinates":[19.889249,50.018088]},"properties":{"line":"116","mode":"bus","color":"#0059a9","colorDark":"#00294f","band":4,"off":[-6.8,3.1]}},{"type":"Feature","geometry":{"type":"Point","coordinates":[19.889249,50.018088]},"properties":{"line":"156","mode":"bus","color":"#0059a9","colorDark":"#00294f","band":4,"off":[-3.4,3.1]}},{"type":"Feature","geometry":{"type":"Point","coordinates":[19.889249,50.018088]},"properties":{"line":"203","mode":"bus","color":"#0059a9","colorDark":"#00294f","band":4,"off":[0,3.1]}},{"type":"Feature","geometry":{"type":"Point","coordinates":[19.889249,50.018088]},"properties":{"line":"204","mode":"bus","color":"#0059a9","colorDark":"#00294f","band":4,"off":[3.4,3.1]}},{"type":"Feature","geometry":{"type":"Point","coordinates":[19.889249,50.018088]},"properties":{"line":"223","mode":"bus","color":"#0059a9","colorDark":"#00294f","band":4,"off":[6.8,3.1]}},{"type":"Feature","geometry":{"type":"Point","coordinates":[19.889249,50.018088]},"properties":{"line":"233","mode":"bus","color":"#0059a9","colorDark":"#00294f","band":4,"off":[-6.8,5.1]}},{"type":"Feature","geometry":{"type":"Point","coordinates":[19.889249,50.018088]},"properties":{"line":"253","mode":"bus","color":"#0059a9","colorDark":"#00294f","band":4,"off":[-3.4,5.1]}},{"type":"Feature","geometry":{"type":"Point","coordinates":[19.889249,50.018088]},"properties":{"line":"283","mode":"bus","color":"#0059a9","colorDark":"#00294f","band":4,"off":[0,5.1]}},{"type":"Feature","geometry":{"type":"Point","coordinates":[19.889249,50.018088]},"properties":{"line":"476","mode":"bus","color":"#0059a9","colorDark":"#00294f","band":4,"off":[3.4,5.1]}},{"type":"Feature","geometry":{"type":"Point","coordinates":[19.889249,50.018088]},"properties":{"line":"62","mode":"tram","color":"#000000","colorDark":"#000000","band":4,"off":[6.8,5.1]}},{"type":"Feature","geometry":{"type":"Point","coordinates":[19.889249,50.018088]},"properties":{"line":"662","mode":"bus","color":"#000000","colorDark":"#000000","band":4,"off":[-1.7,7.1]}},{"type":"Feature","geometry":{"type":"Point","coordinates":[19.889249,50.018088]},"properties":{"line":"903","mode":"bus","color":"#000000","colorDark":"#000000","band":4,"off":[1.7,7.1]}},{"type":"Feature","geometry":{"type":"Point","coordinates":[20.012792,50.10203]},"properties":{"name":"Os. Piastów","band":4,"modes":"bus","arr":["105","664"],"off":[0,-0.8]}},{"type":"Feature","geometry":{"type":"Point","coordinates":[20.012792,50.10203]},"properties":{"line":"105","mode":"bus","color":"#0059a9","colorDark":"#00294f","band":4,"off":[-1.7,1.1]}},{"type":"Feature","geometry":{"type":"Point","coordinates":[20.012792,50.10203]},"properties":{"line":"664","mode":"bus","color":"#000000","colorDark":"#000000","band":4,"off":[1.7,1.1]}},{"type":"Feature","geometry":{"type":"Point","coordinates":[19.974275,50.096778]},"properties":{"name":"Prądnik Czerwony P+R","band":4,"modes":"bus","arr":["199","250","260","270","405","610"],"off":[0,-0.8]}},{"type":"Feature","geometry":{"type":"Point","coordinates":[19.974275,50.096778]},"properties":{"line":"199","mode":"bus","color":"#0059a9","colorDark":"#00294f","band":4,"off":[-6.8,1.1]}},{"type":"Feature","geometry":{"type":"Point","coordinates":[19.974275,50.096778]},"properties":{"line":"250","mode":"bus","color":"#0059a9","colorDark":"#00294f","band":4,"off":[-3.4,1.1]}},{"type":"Feature","geometry":{"type":"Point","coordinates":[19.974275,50.096778]},"properties":{"line":"260","mode":"bus","color":"#0059a9","colorDark":"#00294f","band":4,"off":[0,1.1]}},{"type":"Feature","geometry":{"type":"Point","coordinates":[19.974275,50.096778]},"properties":{"line":"270","mode":"bus","color":"#0059a9","colorDark":"#00294f","band":4,"off":[3.4,1.1]}},{"type":"Feature","geometry":{"type":"Point","coordinates":[19.974275,50.096778]},"properties":{"line":"405","mode":"bus","color":"#0059a9","colorDark":"#00294f","band":4,"off":[6.8,1.1]}},{"type":"Feature","geometry":{"type":"Point","coordinates":[19.974275,50.096778]},"properties":{"line":"610","mode":"bus","color":"#000000","colorDark":"#000000","band":4,"off":[0,3.1]}},{"type":"Feature","geometry":{"type":"Point","coordinates":[19.94459,50.068586]},"properties":{"name":"Dworzec Główny Zachód","band":4,"modes":"bus","arr":["105","130","132","179","304","405"],"off":[0,-0.8]}},{"type":"Feature","geometry":{"type":"Point","coordinates":[19.94459,50.068586]},"properties":{"line":"105","mode":"bus","color":"#0059a9","colorDark":"#00294f","band":4,"off":[-6.8,1.1]}},{"type":"Feature","geometry":{"type":"Point","coordinates":[19.94459,50.068586]},"properties":{"line":"130","mode":"bus","color":"#0059a9","colorDark":"#00294f","band":4,"off":[-3.4,1.1]}},{"type":"Feature","geometry":{"type":"Point","coordinates":[19.94459,50.068586]},"properties":{"line":"132","mode":"bus","color":"#0059a9","colorDark":"#00294f","band":4,"off":[0,1.1]}},{"type":"Feature","geometry":{"type":"Point","coordinates":[19.94459,50.068586]},"properties":{"line":"179","mode":"bus","color":"#0059a9","colorDark":"#00294f","band":4,"off":[3.4,1.1]}},{"type":"Feature","geometry":{"type":"Point","coordinates":[19.94459,50.068586]},"properties":{"line":"304","mode":"bus","color":"#0059a9","colorDark":"#00294f","band":4,"off":[6.8,1.1]}},{"type":"Feature","geometry":{"type":"Point","coordinates":[19.94459,50.068586]},"properties":{"line":"405","mode":"bus","color":"#0059a9","colorDark":"#00294f","band":4,"off":[0,3.1]}},{"type":"Feature","geometry":{"type":"Point","coordinates":[19.960381,50.023326]},"properties":{"name":"Zajezdnia Wola Duchacka","band":4,"modes":"bus","arr":["107","169"],"off":[0,-0.8]}},{"type":"Feature","geometry":{"type":"Point","coordinates":[19.960381,50.023326]},"properties":{"line":"107","mode":"bus","color":"#0059a9","colorDark":"#00294f","band":4,"off":[-1.7,1.1]}},{"type":"Feature","geometry":{"type":"Point","coordinates":[19.960381,50.023326]},"properties":{"line":"169","mode":"bus","color":"#0059a9","colorDark":"#00294f","band":4,"off":[1.7,1.1]}},{"type":"Feature","geometry":{"type":"Point","coordinates":[19.990106,49.979671]},"properties":{"name":"Soboniowice","band":4,"modes":"bus","arr":["107"],"off":[0,-0.8]}},{"type":"Feature","geometry":{"type":"Point","coordinates":[19.990106,49.979671]},"properties":{"line":"107","mode":"bus","color":"#0059a9","colorDark":"#00294f","band":4,"off":[0,1.1]}},{"type":"Feature","geometry":{"type":"Point","coordinates":[20.117115,50.072826]},"properties":{"name":"Pleszów","band":4,"modes":"tram,bus","arr":["10","21","111","160","161","171","211","271"],"off":[0,-0.8]}},{"type":"Feature","geometry":{"type":"Point","coordinates":[20.117115,50.072826]},"properties":{"line":"10","mode":"tram","color":"#d6212b","colorDark":"#7c1116","band":4,"off":[-6.8,1.1]}},{"type":"Feature","geometry":{"type":"Point","coordinates":[20.117115,50.072826]},"properties":{"line":"21","mode":"tram","color":"#d6212b","colorDark":"#7c1116","band":4,"off":[-3.4,1.1]}},{"type":"Feature","geometry":{"type":"Point","coordinates":[20.117115,50.072826]},"properties":{"line":"111","mode":"bus","color":"#0059a9","colorDark":"#00294f","band":4,"off":[0,1.1]}},{"type":"Feature","geometry":{"type":"Point","coordinates":[20.117115,50.072826]},"properties":{"line":"160","mode":"bus","color":"#0059a9","colorDark":"#00294f","band":4,"off":[3.4,1.1]}},{"type":"Feature","geometry":{"type":"Point","coordinates":[20.117115,50.072826]},"properties":{"line":"161","mode":"bus","color":"#0059a9","colorDark":"#00294f","band":4,"off":[6.8,1.1]}},{"type":"Feature","geometry":{"type":"Point","coordinates":[20.117115,50.072826]},"properties":{"line":"171","mode":"bus","color":"#0059a9","colorDark":"#00294f","band":4,"off":[-3.4,3.1]}},{"type":"Feature","geometry":{"type":"Point","coordinates":[20.117115,50.072826]},"properties":{"line":"211","mode":"bus","color":"#0059a9","colorDark":"#00294f","band":4,"off":[0,3.1]}},{"type":"Feature","geometry":{"type":"Point","coordinates":[20.117115,50.072826]},"properties":{"line":"271","mode":"bus","color":"#0059a9","colorDark":"#00294f","band":4,"off":[3.4,3.1]}},{"type":"Feature","geometry":{"type":"Point","coordinates":[19.814497,50.008312]},"properties":{"name":"Tyniec Kamieniołom","band":4,"modes":"bus","arr":["112"],"off":[0,-0.8]}},{"type":"Feature","geometry":{"type":"Point","coordinates":[19.814497,50.008312]},"properties":{"line":"112","mode":"bus","color":"#0059a9","colorDark":"#00294f","band":4,"off":[0,1.1]}},{"type":"Feature","geometry":{"type":"Point","coordinates":[19.932909,50.04668]},"properties":{"name":"Os. Podwawelskie","band":4,"modes":"bus","arr":["112","124","126","146","162","219","300","424","708","A49","A60","LR0"],"off":[0,-0.8]}},{"type":"Feature","geometry":{"type":"Point","coordinates":[19.932909,50.04668]},"properties":{"name":"Kraków Os. Podwawelskie","band":4,"modes":"bus","arr":["112","124","126","146","162","219","300","424","708","A49","A60","LR0"],"off":[0,-1.9]}},{"type":"Feature","geometry":{"type":"Point","coordinates":[19.932909,50.04668]},"properties":{"line":"112","mode":"bus","color":"#0059a9","colorDark":"#00294f","band":4,"off":[-6.8,1.1]}},{"type":"Feature","geometry":{"type":"Point","coordinates":[19.932909,50.04668]},"properties":{"line":"124","mode":"bus","color":"#0059a9","colorDark":"#00294f","band":4,"off":[-3.4,1.1]}},{"type":"Feature","geometry":{"type":"Point","coordinates":[19.932909,50.04668]},"properties":{"line":"126","mode":"bus","color":"#0059a9","colorDark":"#00294f","band":4,"off":[0,1.1]}},{"type":"Feature","geometry":{"type":"Point","coordinates":[19.932909,50.04668]},"properties":{"line":"146","mode":"bus","color":"#0059a9","colorDark":"#00294f","band":4,"off":[3.4,1.1]}},{"type":"Feature","geometry":{"type":"Point","coordinates":[19.932909,50.04668]},"properties":{"line":"162","mode":"bus","color":"#0059a9","colorDark":"#00294f","band":4,"off":[6.8,1.1]}},{"type":"Feature","geometry":{"type":"Point","coordinates":[19.932909,50.04668]},"properties":{"line":"219","mode":"bus","color":"#0059a9","colorDark":"#00294f","band":4,"off":[-6.8,3.1]}},{"type":"Feature","geometry":{"type":"Point","coordinates":[19.932909,50.04668]},"properties":{"line":"300","mode":"bus","color":"#0059a9","colorDark":"#00294f","band":4,"off":[-3.4,3.1]}},{"type":"Feature","geometry":{"type":"Point","coordinates":[19.932909,50.04668]},"properties":{"line":"424","mode":"bus","color":"#0059a9","colorDark":"#00294f","band":4,"off":[0,3.1]}},{"type":"Feature","geometry":{"type":"Point","coordinates":[19.932909,50.04668]},"properties":{"line":"708","mode":"bus","color":"#0059a9","colorDark":"#00294f","band":4,"off":[3.4,3.1]}},{"type":"Feature","geometry":{"type":"Point","coordinates":[19.932909,50.04668]},"properties":{"line":"A49","mode":"bus","color":"#0059a9","colorDark":"#00294f","band":4,"off":[6.8,3.1]}},{"type":"Feature","geometry":{"type":"Point","coordinates":[19.932909,50.04668]},"properties":{"line":"A60","mode":"bus","color":"#0059a9","colorDark":"#00294f","band":4,"off":[-1.7,5.1]}},{"type":"Feature","geometry":{"type":"Point","coordinates":[19.932909,50.04668]},"properties":{"line":"LR0","mode":"bus","color":"#0059a9","colorDark":"#00294f","band":4,"off":[1.7,5.1]}},{"type":"Feature","geometry":{"type":"Point","coordinates":[20.005434,50.058021]},"properties":{"name":"Galicyjska","band":4,"modes":"bus","arr":["113"],"off":[0,-0.8]}},{"type":"Feature","geometry":{"type":"Point","coordinates":[20.005434,50.058021]},"properties":{"line":"113","mode":"bus","color":"#0059a9","colorDark":"#00294f","band":4,"off":[0,1.1]}},{"type":"Feature","geometry":{"type":"Point","coordinates":[20.015237,50.075143]},"properties":{"name":"Czyżyny Dworzec","band":4,"modes":"bus","arr":["113","148","202","212","222","232","262","A50","A57","611"],"off":[0,-0.8]}},{"type":"Feature","geometry":{"type":"Point","coordinates":[20.015237,50.075143]},"properties":{"line":"113","mode":"bus","color":"#0059a9","colorDark":"#00294f","band":4,"off":[-6.8,1.1]}},{"type":"Feature","geometry":{"type":"Point","coordinates":[20.015237,50.075143]},"properties":{"line":"148","mode":"bus","color":"#0059a9","colorDark":"#00294f","band":4,"off":[-3.4,1.1]}},{"type":"Feature","geometry":{"type":"Point","coordinates":[20.015237,50.075143]},"properties":{"line":"202","mode":"bus","color":"#0059a9","colorDark":"#00294f","band":4,"off":[0,1.1]}},{"type":"Feature","geometry":{"type":"Point","coordinates":[20.015237,50.075143]},"properties":{"line":"212","mode":"bus","color":"#0059a9","colorDark":"#00294f","band":4,"off":[3.4,1.1]}},{"type":"Feature","geometry":{"type":"Point","coordinates":[20.015237,50.075143]},"properties":{"line":"222","mode":"bus","color":"#0059a9","colorDark":"#00294f","band":4,"off":[6.8,1.1]}},{"type":"Feature","geometry":{"type":"Point","coordinates":[20.015237,50.075143]},"properties":{"line":"232","mode":"bus","color":"#0059a9","colorDark":"#00294f","band":4,"off":[-6.8,3.1]}},{"type":"Feature","geometry":{"type":"Point","coordinates":[20.015237,50.075143]},"properties":{"line":"262","mode":"bus","color":"#0059a9","colorDark":"#00294f","band":4,"off":[-3.4,3.1]}},{"type":"Feature","geometry":{"type":"Point","coordinates":[20.015237,50.075143]},"properties":{"line":"A50","mode":"bus","color":"#0059a9","colorDark":"#00294f","band":4,"off":[0,3.1]}},{"type":"Feature","geometry":{"type":"Point","coordinates":[20.015237,50.075143]},"properties":{"line":"A57","mode":"bus","color":"#0059a9","colorDark":"#00294f","band":4,"off":[3.4,3.1]}},{"type":"Feature","geometry":{"type":"Point","coordinates":[20.015237,50.075143]},"properties":{"line":"611","mode":"bus","color":"#000000","colorDark":"#000000","band":4,"off":[6.8,3.1]}},{"type":"Feature","geometry":{"type":"Point","coordinates":[19.844449,50.006404]},"properties":{"name":"Podgórki Tynieckie","band":4,"modes":"bus","arr":["116","162"],"off":[0,-0.8]}},{"type":"Feature","geometry":{"type":"Point","coordinates":[19.844449,50.006404]},"properties":{"line":"116","mode":"bus","color":"#0059a9","colorDark":"#00294f","band":4,"off":[-1.7,1.1]}},{"type":"Feature","geometry":{"type":"Point","coordinates":[19.844449,50.006404]},"properties":{"line":"162","mode":"bus","color":"#0059a9","colorDark":"#00294f","band":4,"off":[1.7,1.1]}},{"type":"Feature","geometry":{"type":"Point","coordinates":[19.936133,50.074859]},"properties":{"name":"Nowy Kleparz","band":4,"modes":"bus","arr":["120","140","189","301","337","420","502"],"off":[0,-0.8]}},{"type":"Feature","geometry":{"type":"Point","coordinates":[19.936133,50.074859]},"properties":{"line":"120","mode":"bus","color":"#0059a9","colorDark":"#00294f","band":4,"off":[-6.8,1.1]}},{"type":"Feature","geometry":{"type":"Point","coordinates":[19.936133,50.074859]},"properties":{"line":"140","mode":"bus","color":"#0059a9","colorDark":"#00294f","band":4,"off":[-3.4,1.1]}},{"type":"Feature","geometry":{"type":"Point","coordinates":[19.936133,50.074859]},"properties":{"line":"189","mode":"bus","color":"#0059a9","colorDark":"#00294f","band":4,"off":[0,1.1]}},{"type":"Feature","geometry":{"type":"Point","coordinates":[19.936133,50.074859]},"properties":{"line":"301","mode":"bus","color":"#0059a9","colorDark":"#00294f","band":4,"off":[3.4,1.1]}},{"type":"Feature","geometry":{"type":"Point","coordinates":[19.936133,50.074859]},"properties":{"line":"337","mode":"bus","color":"#0059a9","colorDark":"#00294f","band":4,"off":[6.8,1.1]}},{"type":"Feature","geometry":{"type":"Point","coordinates":[19.936133,50.074859]},"properties":{"line":"420","mode":"bus","color":"#0059a9","colorDark":"#00294f","band":4,"off":[-1.7,3.1]}},{"type":"Feature","geometry":{"type":"Point","coordinates":[19.936133,50.074859]},"properties":{"line":"502","mode":"bus","color":"#0059a9","colorDark":"#00294f","band":4,"off":[1.7,3.1]}},{"type":"Feature","geometry":{"type":"Point","coordinates":[19.87051,50.08006]},"properties":{"name":"Lindego","band":4,"modes":"bus","arr":["120","572"],"off":[0,-0.8]}},{"type":"Feature","geometry":{"type":"Point","coordinates":[19.87051,50.08006]},"properties":{"line":"120","mode":"bus","color":"#0059a9","colorDark":"#00294f","band":4,"off":[-1.7,1.1]}},{"type":"Feature","geometry":{"type":"Point","coordinates":[19.87051,50.08006]},"properties":{"line":"572","mode":"bus","color":"#0059a9","colorDark":"#00294f","band":4,"off":[1.7,1.1]}},{"type":"Feature","geometry":{"type":"Point","coordinates":[19.883032,50.082145]},"properties":{"name":"Bronowice Małe","band":4,"modes":"bus","arr":["238","248","258","268","278","288","704","708","664","910","948"],"off":[0,-0.8]}},{"type":"Feature","geometry":{"type":"Point","coordinates":[19.883032,50.082145]},"properties":{"line":"238","mode":"bus","color":"#0059a9","colorDark":"#00294f","band":4,"off":[-6.8,1.1]}},{"type":"Feature","geometry":{"type":"Point","coordinates":[19.883032,50.082145]},"properties":{"line":"248","mode":"bus","color":"#0059a9","colorDark":"#00294f","band":4,"off":[-3.4,1.1]}},{"type":"Feature","geometry":{"type":"Point","coordinates":[19.883032,50.082145]},"properties":{"line":"258","mode":"bus","color":"#0059a9","colorDark":"#00294f","band":4,"off":[0,1.1]}},{"type":"Feature","geometry":{"type":"Point","coordinates":[19.883032,50.082145]},"properties":{"line":"268","mode":"bus","color":"#0059a9","colorDark":"#00294f","band":4,"off":[3.4,1.1]}},{"type":"Feature","geometry":{"type":"Point","coordinates":[19.883032,50.082145]},"properties":{"line":"278","mode":"bus","color":"#0059a9","colorDark":"#00294f","band":4,"off":[6.8,1.1]}},{"type":"Feature","geometry":{"type":"Point","coordinates":[19.883032,50.082145]},"properties":{"line":"288","mode":"bus","color":"#0059a9","colorDark":"#00294f","band":4,"off":[-6.8,3.1]}},{"type":"Feature","geometry":{"type":"Point","coordinates":[19.883032,50.082145]},"properties":{"line":"704","mode":"bus","color":"#0059a9","colorDark":"#00294f","band":4,"off":[-3.4,3.1]}},{"type":"Feature","geometry":{"type":"Point","coordinates":[19.883032,50.082145]},"properties":{"line":"708","mode":"bus","color":"#0059a9","colorDark":"#00294f","band":4,"off":[0,3.1]}},{"type":"Feature","geometry":{"type":"Point","coordinates":[19.883032,50.082145]},"properties":{"line":"664","mode":"bus","color":"#000000","colorDark":"#000000","band":4,"off":[3.4,3.1]}},{"type":"Feature","geometry":{"type":"Point","coordinates":[19.883032,50.082145]},"properties":{"line":"910","mode":"bus","color":"#000000","colorDark":"#000000","band":4,"off":[6.8,3.1]}},{"type":"Feature","geometry":{"type":"Point","coordinates":[19.883032,50.082145]},"properties":{"line":"948","mode":"bus","color":"#000000","colorDark":"#000000","band":4,"off":[0,5.1]}},{"type":"Feature","geometry":{"type":"Point","coordinates":[19.890788,50.087618]},"properties":{"name":"Rondo Ofiar Katynia","band":4,"modes":"bus","arr":["258"],"off":[0,-0.8]}},{"type":"Feature","geometry":{"type":"Point","coordinates":[19.890788,50.087618]},"properties":{"line":"258","mode":"bus","color":"#0059a9","colorDark":"#00294f","band":4,"off":[0,1.1]}},{"type":"Feature","geometry":{"type":"Point","coordinates":[19.911619,49.995364]},"properties":{"name":"Kliny Poranne","band":4,"modes":"bus","arr":["121"],"off":[0,-0.8]}},{"type":"Feature","geometry":{"type":"Point","coordinates":[19.911619,49.995364]},"properties":{"line":"121","mode":"bus","color":"#0059a9","colorDark":"#00294f","band":4,"off":[0,1.1]}},{"type":"Feature","geometry":{"type":"Point","coordinates":[19.926646,50.011341]},"properties":{"name":"Borek Fałęcki","band":4,"modes":"bus","arr":["121","151","175","191","214","215","225","235","243","245","254","255","265","275","285","293","475"],"off":[0,-0.8]}},{"type":"Feature","geometry":{"type":"Point","coordinates":[19.926646,50.011341]},"properties":{"line":"121","mode":"bus","color":"#0059a9","colorDark":"#00294f","band":4,"off":[-6.8,1.1]}},{"type":"Feature","geometry":{"type":"Point","coordinates":[19.926646,50.011341]},"properties":{"line":"151","mode":"bus","color":"#0059a9","colorDark":"#00294f","band":4,"off":[-3.4,1.1]}},{"type":"Feature","geometry":{"type":"Point","coordinates":[19.926646,50.011341]},"properties":{"line":"175","mode":"bus","color":"#0059a9","colorDark":"#00294f","band":4,"off":[0,1.1]}},{"type":"Feature","geometry":{"type":"Point","coordinates":[19.926646,50.011341]},"properties":{"line":"191","mode":"bus","color":"#0059a9","colorDark":"#00294f","band":4,"off":[3.4,1.1]}},{"type":"Feature","geometry":{"type":"Point","coordinates":[19.926646,50.011341]},"properties":{"line":"214","mode":"bus","color":"#0059a9","colorDark":"#00294f","band":4,"off":[6.8,1.1]}},{"type":"Feature","geometry":{"type":"Point","coordinates":[19.926646,50.011341]},"properties":{"line":"215","mode":"bus","color":"#0059a9","colorDark":"#00294f","band":4,"off":[-6.8,3.1]}},{"type":"Feature","geometry":{"type":"Point","coordinates":[19.926646,50.011341]},"properties":{"line":"225","mode":"bus","color":"#0059a9","colorDark":"#00294f","band":4,"off":[-3.4,3.1]}},{"type":"Feature","geometry":{"type":"Point","coordinates":[19.926646,50.011341]},"properties":{"line":"235","mode":"bus","color":"#0059a9","colorDark":"#00294f","band":4,"off":[0,3.1]}},{"type":"Feature","geometry":{"type":"Point","coordinates":[19.926646,50.011341]},"properties":{"line":"243","mode":"bus","color":"#0059a9","colorDark":"#00294f","band":4,"off":[3.4,3.1]}},{"type":"Feature","geometry":{"type":"Point","coordinates":[19.926646,50.011341]},"properties":{"line":"245","mode":"bus","color":"#0059a9","colorDark":"#00294f","band":4,"off":[6.8,3.1]}},{"type":"Feature","geometry":{"type":"Point","coordinates":[19.926646,50.011341]},"properties":{"line":"254","mode":"bus","color":"#0059a9","colorDark":"#00294f","band":4,"off":[-6.8,5.1]}},{"type":"Feature","geometry":{"type":"Point","coordinates":[19.926646,50.011341]},"properties":{"line":"255","mode":"bus","color":"#0059a9","colorDark":"#00294f","band":4,"off":[-3.4,5.1]}},{"type":"Feature","geometry":{"type":"Point","coordinates":[19.926646,50.011341]},"properties":{"line":"265","mode":"bus","color":"#0059a9","colorDark":"#00294f","band":4,"off":[0,5.1]}},{"type":"Feature","geometry":{"type":"Point","coordinates":[19.926646,50.011341]},"properties":{"line":"275","mode":"bus","color":"#0059a9","colorDark":"#00294f","band":4,"off":[3.4,5.1]}},{"type":"Feature","geometry":{"type":"Point","coordinates":[19.926646,50.011341]},"properties":{"line":"285","mode":"bus","color":"#0059a9","colorDark":"#00294f","band":4,"off":[6.8,5.1]}},{"type":"Feature","geometry":{"type":"Point","coordinates":[19.926646,50.011341]},"properties":{"line":"293","mode":"bus","color":"#0059a9","colorDark":"#00294f","band":4,"off":[-1.7,7.1]}},{"type":"Feature","geometry":{"type":"Point","coordinates":[19.926646,50.011341]},"properties":{"line":"475","mode":"bus","color":"#0059a9","colorDark":"#00294f","band":4,"off":[1.7,7.1]}},{"type":"Feature","geometry":{"type":"Point","coordinates":[20.043855,50.106216]},"properties":{"name":"Zesławice","band":4,"modes":"bus","arr":["122"],"off":[0,-0.8]}},{"type":"Feature","geometry":{"type":"Point","coordinates":[20.043855,50.106216]},"properties":{"line":"122","mode":"bus","color":"#0059a9","colorDark":"#00294f","band":4,"off":[0,1.1]}},{"type":"Feature","geometry":{"type":"Point","coordinates":[20.033993,50.075238]},"properties":{"name":"Aleja Przyjaźni","band":4,"modes":"bus","arr":["122","160","502","572"],"off":[0,-0.8]}},{"type":"Feature","geometry":{"type":"Point","coordinates":[20.033993,50.075238]},"properties":{"line":"122","mode":"bus","color":"#0059a9","colorDark":"#00294f","band":4,"off":[-5.1,1.1]}},{"type":"Feature","geometry":{"type":"Point","coordinates":[20.033993,50.075238]},"properties":{"line":"160","mode":"bus","color":"#0059a9","colorDark":"#00294f","band":4,"off":[-1.7,1.1]}},{"type":"Feature","geometry":{"type":"Point","coordinates":[20.033993,50.075238]},"properties":{"line":"502","mode":"bus","color":"#0059a9","colorDark":"#00294f","band":4,"off":[1.7,1.1]}},{"type":"Feature","geometry":{"type":"Point","coordinates":[20.033993,50.075238]},"properties":{"line":"572","mode":"bus","color":"#0059a9","colorDark":"#00294f","band":4,"off":[5.1,1.1]}},{"type":"Feature","geometry":{"type":"Point","coordinates":[20.032761,50.091186]},"properties":{"name":"Zajezdnia Bieńczyce","band":4,"modes":"bus","arr":["601"],"off":[0,-0.8]}},{"type":"Feature","geometry":{"type":"Point","coordinates":[20.032761,50.091186]},"properties":{"line":"601","mode":"bus","color":"#000000","colorDark":"#000000","band":4,"off":[0,1.1]}},{"type":"Feature","geometry":{"type":"Point","coordinates":[19.996157,50.095879]},"properties":{"name":"Mistrzejowice","band":4,"modes":"bus","arr":["123","183","482"],"off":[0,-0.8]}},{"type":"Feature","geometry":{"type":"Point","coordinates":[19.996157,50.095879]},"properties":{"line":"123","mode":"bus","color":"#0059a9","colorDark":"#00294f","band":4,"off":[-3.4,1.1]}},{"type":"Feature","geometry":{"type":"Point","coordinates":[19.996157,50.095879]},"properties":{"line":"183","mode":"bus","color":"#0059a9","colorDark":"#00294f","band":4,"off":[0,1.1]}},{"type":"Feature","geometry":{"type":"Point","coordinates":[19.996157,50.095879]},"properties":{"line":"482","mode":"bus","color":"#0059a9","colorDark":"#00294f","band":4,"off":[3.4,1.1]}},{"type":"Feature","geometry":{"type":"Point","coordinates":[20.000792,50.040234]},"properties":{"name":"Mały Płaszów P+R","band":4,"modes":"bus","arr":["123","195","221","264"],"off":[0,-0.8]}},{"type":"Feature","geometry":{"type":"Point","coordinates":[20.000792,50.040234]},"properties":{"line":"123","mode":"bus","color":"#0059a9","colorDark":"#00294f","band":4,"off":[-5.1,1.1]}},{"type":"Feature","geometry":{"type":"Point","coordinates":[20.000792,50.040234]},"properties":{"line":"195","mode":"bus","color":"#0059a9","colorDark":"#00294f","band":4,"off":[-1.7,1.1]}},{"type":"Feature","geometry":{"type":"Point","coordinates":[20.000792,50.040234]},"properties":{"line":"221","mode":"bus","color":"#0059a9","colorDark":"#00294f","band":4,"off":[1.7,1.1]}},{"type":"Feature","geometry":{"type":"Point","coordinates":[20.000792,50.040234]},"properties":{"line":"264","mode":"bus","color":"#0059a9","colorDark":"#00294f","band":4,"off":[5.1,1.1]}},{"type":"Feature","geometry":{"type":"Point","coordinates":[20.045374,50.054047]},"properties":{"name":"Lesisko","band":4,"modes":"bus","arr":["149","183"],"off":[0,-0.8]}},{"type":"Feature","geometry":{"type":"Point","coordinates":[20.045374,50.054047]},"properties":{"line":"149","mode":"bus","color":"#0059a9","colorDark":"#00294f","band":4,"off":[-1.7,1.1]}},{"type":"Feature","geometry":{"type":"Point","coordinates":[20.045374,50.054047]},"properties":{"line":"183","mode":"bus","color":"#0059a9","colorDark":"#00294f","band":4,"off":[1.7,1.1]}},{"type":"Feature","geometry":{"type":"Point","coordinates":[19.982604,50.071879]},"properties":{"name":"TAURON Arena Kraków Wieczysta","band":4,"modes":"bus","arr":["124"],"off":[0,-0.8]}},{"type":"Feature","geometry":{"type":"Point","coordinates":[19.982604,50.071879]},"properties":{"line":"124","mode":"bus","color":"#0059a9","colorDark":"#00294f","band":4,"off":[0,1.1]}},{"type":"Feature","geometry":{"type":"Point","coordinates":[19.944201,50.064876]},"properties":{"name":"Teatr Słowackiego","band":4,"modes":"bus","arr":["704","605"],"off":[0,-0.8]}},{"type":"Feature","geometry":{"type":"Point","coordinates":[19.944201,50.064876]},"properties":{"line":"704","mode":"bus","color":"#0059a9","colorDark":"#00294f","band":4,"off":[-1.7,1.1]}},{"type":"Feature","geometry":{"type":"Point","coordinates":[19.944201,50.064876]},"properties":{"line":"605","mode":"bus","color":"#000000","colorDark":"#000000","band":4,"off":[1.7,1.1]}},{"type":"Feature","geometry":{"type":"Point","coordinates":[20.051306,50.021807]},"properties":{"name":"Złocień","band":4,"modes":"bus","arr":["125","605"],"off":[0,-0.8]}},{"type":"Feature","geometry":{"type":"Point","coordinates":[20.051306,50.021807]},"properties":{"line":"125","mode":"bus","color":"#0059a9","colorDark":"#00294f","band":4,"off":[-1.7,1.1]}},{"type":"Feature","geometry":{"type":"Point","coordinates":[20.051306,50.021807]},"properties":{"line":"605","mode":"bus","color":"#000000","colorDark":"#000000","band":4,"off":[1.7,1.1]}},{"type":"Feature","geometry":{"type":"Point","coordinates":[19.94943,50.068505]},"properties":{"name":"Dworzec Główny Wschód","band":4,"modes":"bus","arr":["125","182","192","317","482","609","902"],"off":[0,-0.8]}},{"type":"Feature","geometry":{"type":"Point","coordinates":[19.94943,50.068505]},"properties":{"line":"125","mode":"bus","color":"#0059a9","colorDark":"#00294f","band":4,"off":[-6.8,1.1]}},{"type":"Feature","geometry":{"type":"Point","coordinates":[19.94943,50.068505]},"properties":{"line":"182","mode":"bus","color":"#0059a9","colorDark":"#00294f","band":4,"off":[-3.4,1.1]}},{"type":"Feature","geometry":{"type":"Point","coordinates":[19.94943,50.068505]},"properties":{"line":"192","mode":"bus","color":"#0059a9","colorDark":"#00294f","band":4,"off":[0,1.1]}},{"type":"Feature","geometry":{"type":"Point","coordinates":[19.94943,50.068505]},"properties":{"line":"317","mode":"bus","color":"#0059a9","colorDark":"#00294f","band":4,"off":[3.4,1.1]}},{"type":"Feature","geometry":{"type":"Point","coordinates":[19.94943,50.068505]},"properties":{"line":"482","mode":"bus","color":"#0059a9","colorDark":"#00294f","band":4,"off":[6.8,1.1]}},{"type":"Feature","geometry":{"type":"Point","coordinates":[19.94943,50.068505]},"properties":{"line":"609","mode":"bus","color":"#000000","colorDark":"#000000","band":4,"off":[-1.7,3.1]}},{"type":"Feature","geometry":{"type":"Point","coordinates":[19.94943,50.068505]},"properties":{"line":"902","mode":"bus","color":"#000000","colorDark":"#000000","band":4,"off":[1.7,3.1]}},{"type":"Feature","geometry":{"type":"Point","coordinates":[19.962876,50.042123]},"properties":{"name":"Podgórze SKA","band":4,"modes":"bus","arr":["127","155","158"],"off":[0,-0.8]}},{"type":"Feature","geometry":{"type":"Point","coordinates":[19.962876,50.042123]},"properties":{"line":"127","mode":"bus","color":"#0059a9","colorDark":"#00294f","band":4,"off":[-3.4,1.1]}},{"type":"Feature","geometry":{"type":"Point","coordinates":[19.962876,50.042123]},"properties":{"line":"155","mode":"bus","color":"#0059a9","colorDark":"#00294f","band":4,"off":[0,1.1]}},{"type":"Feature","geometry":{"type":"Point","coordinates":[19.962876,50.042123]},"properties":{"line":"158","mode":"bus","color":"#0059a9","colorDark":"#00294f","band":4,"off":[3.4,1.1]}},{"type":"Feature","geometry":{"type":"Point","coordinates":[19.995291,50.034047]},"properties":{"name":"Bagry","band":4,"modes":"bus","arr":["127"],"off":[0,-0.8]}},{"type":"Feature","geometry":{"type":"Point","coordinates":[19.995291,50.034047]},"properties":{"line":"127","mode":"bus","color":"#0059a9","colorDark":"#00294f","band":4,"off":[0,1.1]}},{"type":"Feature","geometry":{"type":"Point","coordinates":[20.011679,50.035489]},"properties":{"name":"Zajezdnia Płaszów","band":4,"modes":"bus","arr":["128","148"],"off":[0,-0.8]}},{"type":"Feature","geometry":{"type":"Point","coordinates":[20.011679,50.035489]},"properties":{"line":"128","mode":"bus","color":"#0059a9","colorDark":"#00294f","band":4,"off":[-1.7,1.1]}},{"type":"Feature","geometry":{"type":"Point","coordinates":[20.011679,50.035489]},"properties":{"line":"148","mode":"bus","color":"#0059a9","colorDark":"#00294f","band":4,"off":[1.7,1.1]}},{"type":"Feature","geometry":{"type":"Point","coordinates":[19.963667,50.1051]},"properties":{"name":"Górka Narodowa P+R","band":4,"modes":"bus","arr":["128","169","217","247","257","277","280","297","469","503","669","917"],"off":[0,-0.8]}},{"type":"Feature","geometry":{"type":"Point","coordinates":[19.963667,50.1051]},"properties":{"line":"128","mode":"bus","color":"#0059a9","colorDark":"#00294f","band":4,"off":[-6.8,1.1]}},{"type":"Feature","geometry":{"type":"Point","coordinates":[19.963667,50.1051]},"properties":{"line":"169","mode":"bus","color":"#0059a9","colorDark":"#00294f","band":4,"off":[-3.4,1.1]}},{"type":"Feature","geometry":{"type":"Point","coordinates":[19.963667,50.1051]},"properties":{"line":"217","mode":"bus","color":"#0059a9","colorDark":"#00294f","band":4,"off":[0,1.1]}},{"type":"Feature","geometry":{"type":"Point","coordinates":[19.963667,50.1051]},"properties":{"line":"247","mode":"bus","color":"#0059a9","colorDark":"#00294f","band":4,"off":[3.4,1.1]}},{"type":"Feature","geometry":{"type":"Point","coordinates":[19.963667,50.1051]},"properties":{"line":"257","mode":"bus","color":"#0059a9","colorDark":"#00294f","band":4,"off":[6.8,1.1]}},{"type":"Feature","geometry":{"type":"Point","coordinates":[19.963667,50.1051]},"properties":{"line":"277","mode":"bus","color":"#0059a9","colorDark":"#00294f","band":4,"off":[-6.8,3.1]}},{"type":"Feature","geometry":{"type":"Point","coordinates":[19.963667,50.1051]},"properties":{"line":"280","mode":"bus","color":"#0059a9","colorDark":"#00294f","band":4,"off":[-3.4,3.1]}},{"type":"Feature","geometry":{"type":"Point","coordinates":[19.963667,50.1051]},"properties":{"line":"297","mode":"bus","color":"#0059a9","colorDark":"#00294f","band":4,"off":[0,3.1]}},{"type":"Feature","geometry":{"type":"Point","coordinates":[19.963667,50.1051]},"properties":{"line":"469","mode":"bus","color":"#0059a9","colorDark":"#00294f","band":4,"off":[3.4,3.1]}},{"type":"Feature","geometry":{"type":"Point","coordinates":[19.963667,50.1051]},"properties":{"line":"503","mode":"bus","color":"#0059a9","colorDark":"#00294f","band":4,"off":[6.8,3.1]}},{"type":"Feature","geometry":{"type":"Point","coordinates":[19.963667,50.1051]},"properties":{"line":"669","mode":"bus","color":"#000000","colorDark":"#000000","band":4,"off":[-1.7,5.1]}},{"type":"Feature","geometry":{"type":"Point","coordinates":[19.963667,50.1051]},"properties":{"line":"917","mode":"bus","color":"#000000","colorDark":"#000000","band":4,"off":[1.7,5.1]}},{"type":"Feature","geometry":{"type":"Point","coordinates":[19.908847,50.086785]},"properties":{"name":"Azory","band":4,"modes":"bus","arr":["130","138","173","494"],"off":[0,-0.8]}},{"type":"Feature","geometry":{"type":"Point","coordinates":[19.908847,50.086785]},"properties":{"line":"130","mode":"bus","color":"#0059a9","colorDark":"#00294f","band":4,"off":[-5.1,1.1]}},{"type":"Feature","geometry":{"type":"Point","coordinates":[19.908847,50.086785]},"properties":{"line":"138","mode":"bus","color":"#0059a9","colorDark":"#00294f","band":4,"off":[-1.7,1.1]}},{"type":"Feature","geometry":{"type":"Point","coordinates":[19.908847,50.086785]},"properties":{"line":"173","mode":"bus","color":"#0059a9","colorDark":"#00294f","band":4,"off":[1.7,1.1]}},{"type":"Feature","geometry":{"type":"Point","coordinates":[19.908847,50.086785]},"properties":{"line":"494","mode":"bus","color":"#0059a9","colorDark":"#00294f","band":4,"off":[5.1,1.1]}},{"type":"Feature","geometry":{"type":"Point","coordinates":[20.066521,50.078572]},"properties":{"name":"Kombinat","band":4,"modes":"bus","arr":["132","138","139","174","242","272"],"off":[0,-0.8]}},{"type":"Feature","geometry":{"type":"Point","coordinates":[20.066521,50.078572]},"properties":{"line":"132","mode":"bus","color":"#0059a9","colorDark":"#00294f","band":4,"off":[-6.8,1.1]}},{"type":"Feature","geometry":{"type":"Point","coordinates":[20.066521,50.078572]},"properties":{"line":"138","mode":"bus","color":"#0059a9","colorDark":"#00294f","band":4,"off":[-3.4,1.1]}},{"type":"Feature","geometry":{"type":"Point","coordinates":[20.066521,50.078572]},"properties":{"line":"139","mode":"bus","color":"#0059a9","colorDark":"#00294f","band":4,"off":[0,1.1]}},{"type":"Feature","geometry":{"type":"Point","coordinates":[20.066521,50.078572]},"properties":{"line":"174","mode":"bus","color":"#0059a9","colorDark":"#00294f","band":4,"off":[3.4,1.1]}},{"type":"Feature","geometry":{"type":"Point","coordinates":[20.066521,50.078572]},"properties":{"line":"242","mode":"bus","color":"#0059a9","colorDark":"#00294f","band":4,"off":[6.8,1.1]}},{"type":"Feature","geometry":{"type":"Point","coordinates":[20.066521,50.078572]},"properties":{"line":"272","mode":"bus","color":"#0059a9","colorDark":"#00294f","band":4,"off":[0,3.1]}},{"type":"Feature","geometry":{"type":"Point","coordinates":[19.855383,50.055084]},"properties":{"name":"ZOO","band":4,"modes":"bus","arr":["134","434"],"off":[0,-0.8]}},{"type":"Feature","geometry":{"type":"Point","coordinates":[19.855383,50.055084]},"properties":{"line":"134","mode":"bus","color":"#0059a9","colorDark":"#00294f","band":4,"off":[-1.7,1.1]}},{"type":"Feature","geometry":{"type":"Point","coordinates":[19.855383,50.055084]},"properties":{"line":"434","mode":"bus","color":"#0059a9","colorDark":"#00294f","band":4,"off":[1.7,1.1]}},{"type":"Feature","geometry":{"type":"Point","coordinates":[19.92259,50.058487]},"properties":{"name":"Cracovia Stadion","band":4,"modes":"bus","arr":["134","307"],"off":[0,-0.8]}},{"type":"Feature","geometry":{"type":"Point","coordinates":[19.92259,50.058487]},"properties":{"line":"134","mode":"bus","color":"#0059a9","colorDark":"#00294f","band":4,"off":[-1.7,1.1]}},{"type":"Feature","geometry":{"type":"Point","coordinates":[19.92259,50.058487]},"properties":{"line":"307","mode":"bus","color":"#0059a9","colorDark":"#00294f","band":4,"off":[1.7,1.1]}},{"type":"Feature","geometry":{"type":"Point","coordinates":[19.862334,50.059102]},"properties":{"name":"Baba Jaga","band":4,"modes":"bus","arr":["434"],"off":[0,-0.8]}},{"type":"Feature","geometry":{"type":"Point","coordinates":[19.862334,50.059102]},"properties":{"line":"434","mode":"bus","color":"#0059a9","colorDark":"#00294f","band":4,"off":[0,1.1]}},{"type":"Feature","geometry":{"type":"Point","coordinates":[19.964453,50.099858]},"properties":{"name":"Os. Gotyk","band":4,"modes":"bus","arr":["137"],"off":[0,-0.8]}},{"type":"Feature","geometry":{"type":"Point","coordinates":[19.964453,50.099858]},"properties":{"line":"137","mode":"bus","color":"#0059a9","colorDark":"#00294f","band":4,"off":[0,1.1]}},{"type":"Feature","geometry":{"type":"Point","coordinates":[19.899012,50.070695]},"properties":{"name":"Przybyszewskiego","band":4,"modes":"bus","arr":["139"],"off":[0,-0.8]}},{"type":"Feature","geometry":{"type":"Point","coordinates":[19.899012,50.070695]},"properties":{"line":"139","mode":"bus","color":"#0059a9","colorDark":"#00294f","band":4,"off":[0,1.1]}},{"type":"Feature","geometry":{"type":"Point","coordinates":[19.89403,50.08625]},"properties":{"name":"Radzikowskiego Osiedle","band":4,"modes":"bus","arr":["140"],"off":[0,-0.8]}},{"type":"Feature","geometry":{"type":"Point","coordinates":[19.89403,50.08625]},"properties":{"line":"140","mode":"bus","color":"#0059a9","colorDark":"#00294f","band":4,"off":[0,1.1]}},{"type":"Feature","geometry":{"type":"Point","coordinates":[20.011009,50.006305]},"properties":{"name":"Rżąka","band":4,"modes":"bus","arr":["144","195"],"off":[0,-0.8]}},{"type":"Feature","geometry":{"type":"Point","coordinates":[20.011009,50.006305]},"properties":{"line":"144","mode":"bus","color":"#0059a9","colorDark":"#00294f","band":4,"off":[-1.7,1.1]}},{"type":"Feature","geometry":{"type":"Point","coordinates":[20.011009,50.006305]},"properties":{"line":"195","mode":"bus","color":"#0059a9","colorDark":"#00294f","band":4,"off":[1.7,1.1]}},{"type":"Feature","geometry":{"type":"Point","coordinates":[19.93031,50.096261]},"properties":{"name":"Prądnik Biały","band":4,"modes":"bus","arr":["144","904"],"off":[0,-0.8]}},{"type":"Feature","geometry":{"type":"Point","coordinates":[19.93031,50.096261]},"properties":{"line":"144","mode":"bus","color":"#0059a9","colorDark":"#00294f","band":4,"off":[-1.7,1.1]}},{"type":"Feature","geometry":{"type":"Point","coordinates":[19.93031,50.096261]},"properties":{"line":"904","mode":"bus","color":"#000000","colorDark":"#000000","band":4,"off":[1.7,1.1]}},{"type":"Feature","geometry":{"type":"Point","coordinates":[19.811858,50.041919]},"properties":{"name":"Bielany Obwodnica","band":4,"modes":"bus","arr":["146"],"off":[0,-0.8]}},{"type":"Feature","geometry":{"type":"Point","coordinates":[19.811858,50.041919]},"properties":{"line":"146","mode":"bus","color":"#0059a9","colorDark":"#00294f","band":4,"off":[0,1.1]}},{"type":"Feature","geometry":{"type":"Point","coordinates":[20.064061,50.099456]},"properties":{"name":"Szpital Okulistyczny","band":4,"modes":"bus","arr":["149"],"off":[0,-0.8]}},{"type":"Feature","geometry":{"type":"Point","coordinates":[20.064061,50.099456]},"properties":{"line":"149","mode":"bus","color":"#0059a9","colorDark":"#00294f","band":4,"off":[0,1.1]}},{"type":"Feature","geometry":{"type":"Point","coordinates":[19.897641,50.095021]},"properties":{"name":"Piaskowa","band":4,"modes":"bus","arr":["150"],"off":[0,-0.8]}},{"type":"Feature","geometry":{"type":"Point","coordinates":[19.897641,50.095021]},"properties":{"line":"150","mode":"bus","color":"#0059a9","colorDark":"#00294f","band":4,"off":[0,1.1]}},{"type":"Feature","geometry":{"type":"Point","coordinates":[20.003626,50.009332]},"properties":{"name":"Miejskie Centrum Opieki","band":4,"modes":"bus","arr":["153","163","513"],"off":[0,-0.8]}},{"type":"Feature","geometry":{"type":"Point","coordinates":[20.003626,50.009332]},"properties":{"line":"153","mode":"bus","color":"#0059a9","colorDark":"#00294f","band":4,"off":[-3.4,1.1]}},{"type":"Feature","geometry":{"type":"Point","coordinates":[20.003626,50.009332]},"properties":{"line":"163","mode":"bus","color":"#0059a9","colorDark":"#00294f","band":4,"off":[0,1.1]}},{"type":"Feature","geometry":{"type":"Point","coordinates":[20.003626,50.009332]},"properties":{"line":"513","mode":"bus","color":"#0059a9","colorDark":"#00294f","band":4,"off":[3.4,1.1]}},{"type":"Feature","geometry":{"type":"Point","coordinates":[20.052867,50.008398]},"properties":{"name":"Bieżanów Potrzask","band":4,"modes":"bus","arr":["153"],"off":[0,-0.8]}},{"type":"Feature","geometry":{"type":"Point","coordinates":[20.052867,50.008398]},"properties":{"line":"153","mode":"bus","color":"#0059a9","colorDark":"#00294f","band":4,"off":[0,1.1]}},{"type":"Feature","geometry":{"type":"Point","coordinates":[20.02312,50.015187]},"properties":{"name":"Nowy Bieżanów P+R","band":4,"modes":"bus","arr":["669"],"off":[0,-0.8]}},{"type":"Feature","geometry":{"type":"Point","coordinates":[20.02312,50.015187]},"properties":{"line":"669","mode":"bus","color":"#000000","colorDark":"#000000","band":4,"off":[0,1.1]}},{"type":"Feature","geometry":{"type":"Point","coordinates":[19.872222,49.988466]},"properties":{"name":"Sidzina","band":4,"modes":"bus","arr":["156","175","475","610"],"off":[0,-0.8]}},{"type":"Feature","geometry":{"type":"Point","coordinates":[19.872222,49.988466]},"properties":{"line":"156","mode":"bus","color":"#0059a9","colorDark":"#00294f","band":4,"off":[-5.1,1.1]}},{"type":"Feature","geometry":{"type":"Point","coordinates":[19.872222,49.988466]},"properties":{"line":"175","mode":"bus","color":"#0059a9","colorDark":"#00294f","band":4,"off":[-1.7,1.1]}},{"type":"Feature","geometry":{"type":"Point","coordinates":[19.872222,49.988466]},"properties":{"line":"475","mode":"bus","color":"#0059a9","colorDark":"#00294f","band":4,"off":[1.7,1.1]}},{"type":"Feature","geometry":{"type":"Point","coordinates":[19.872222,49.988466]},"properties":{"line":"610","mode":"bus","color":"#000000","colorDark":"#000000","band":4,"off":[5.1,1.1]}},{"type":"Feature","geometry":{"type":"Point","coordinates":[20.060017,50.047632]},"properties":{"name":"Podwierzbie","band":4,"modes":"bus","arr":["158"],"off":[0,-0.8]}},{"type":"Feature","geometry":{"type":"Point","coordinates":[20.060017,50.047632]},"properties":{"line":"158","mode":"bus","color":"#0059a9","colorDark":"#00294f","band":4,"off":[0,1.1]}},{"type":"Feature","geometry":{"type":"Point","coordinates":[19.852133,50.028655]},"properties":{"name":"Kostrze OSP","band":4,"modes":"bus","arr":["176","476"],"off":[0,-0.8]}},{"type":"Feature","geometry":{"type":"Point","coordinates":[19.852133,50.028655]},"properties":{"line":"176","mode":"bus","color":"#0059a9","colorDark":"#00294f","band":4,"off":[-1.7,1.1]}},{"type":"Feature","geometry":{"type":"Point","coordinates":[19.852133,50.028655]},"properties":{"line":"476","mode":"bus","color":"#0059a9","colorDark":"#00294f","band":4,"off":[1.7,1.1]}},{"type":"Feature","geometry":{"type":"Point","coordinates":[20.021588,50.092618]},"properties":{"name":"Szpital Rydygiera","band":4,"modes":"bus","arr":["163"],"off":[0,-0.8]}},{"type":"Feature","geometry":{"type":"Point","coordinates":[20.021588,50.092618]},"properties":{"line":"163","mode":"bus","color":"#0059a9","colorDark":"#00294f","band":4,"off":[0,1.1]}},{"type":"Feature","geometry":{"type":"Point","coordinates":[19.970085,50.015255]},"properties":{"name":"Piaski Nowe","band":4,"modes":"bus","arr":["164"],"off":[0,-0.8]}},{"type":"Feature","geometry":{"type":"Point","coordinates":[19.970085,50.015255]},"properties":{"line":"164","mode":"bus","color":"#0059a9","colorDark":"#00294f","band":4,"off":[0,1.1]}},{"type":"Feature","geometry":{"type":"Point","coordinates":[19.840192,50.090889]},"properties":{"name":"Mydlniki Wapiennik SKA P+R","band":4,"modes":"bus","arr":["164","199","601"],"off":[0,-0.8]}},{"type":"Feature","geometry":{"type":"Point","coordinates":[19.840192,50.090889]},"properties":{"line":"164","mode":"bus","color":"#0059a9","colorDark":"#00294f","band":4,"off":[-3.4,1.1]}},{"type":"Feature","geometry":{"type":"Point","coordinates":[19.840192,50.090889]},"properties":{"line":"199","mode":"bus","color":"#0059a9","colorDark":"#00294f","band":4,"off":[0,1.1]}},{"type":"Feature","geometry":{"type":"Point","coordinates":[19.840192,50.090889]},"properties":{"line":"601","mode":"bus","color":"#000000","colorDark":"#000000","band":4,"off":[3.4,1.1]}},{"type":"Feature","geometry":{"type":"Point","coordinates":[19.897204,50.093298]},"properties":{"name":"Bronowice Wielkie Wschód","band":4,"modes":"bus","arr":["168","611"],"off":[0,-0.8]}},{"type":"Feature","geometry":{"type":"Point","coordinates":[19.897204,50.093298]},"properties":{"line":"168","mode":"bus","color":"#0059a9","colorDark":"#00294f","band":4,"off":[-1.7,1.1]}},{"type":"Feature","geometry":{"type":"Point","coordinates":[19.897204,50.093298]},"properties":{"line":"611","mode":"bus","color":"#000000","colorDark":"#000000","band":4,"off":[1.7,1.1]}},{"type":"Feature","geometry":{"type":"Point","coordinates":[19.982919,50.005788]},"properties":{"name":"Piaski Wielkie","band":4,"modes":"bus","arr":["169","469"],"off":[0,-0.8]}},{"type":"Feature","geometry":{"type":"Point","coordinates":[19.982919,50.005788]},"properties":{"line":"169","mode":"bus","color":"#0059a9","colorDark":"#00294f","band":4,"off":[-1.7,1.1]}},{"type":"Feature","geometry":{"type":"Point","coordinates":[19.982919,50.005788]},"properties":{"line":"469","mode":"bus","color":"#0059a9","colorDark":"#00294f","band":4,"off":[1.7,1.1]}},{"type":"Feature","geometry":{"type":"Point","coordinates":[20.189654,50.113617]},"properties":{"name":"Wróżenice","band":4,"modes":"bus","arr":["171"],"off":[0,-0.8]}},{"type":"Feature","geometry":{"type":"Point","coordinates":[20.189654,50.113617]},"properties":{"line":"171","mode":"bus","color":"#0059a9","colorDark":"#00294f","band":4,"off":[0,1.1]}},{"type":"Feature","geometry":{"type":"Point","coordinates":[20.015548,50.012677]},"properties":{"name":"Nowy Bieżanów Południe","band":4,"modes":"bus","arr":["173","234","244","274","284","503"],"off":[0,-0.8]}},{"type":"Feature","geometry":{"type":"Point","coordinates":[20.015548,50.012677]},"properties":{"line":"173","mode":"bus","color":"#0059a9","colorDark":"#00294f","band":4,"off":[-6.8,1.1]}},{"type":"Feature","geometry":{"type":"Point","coordinates":[20.015548,50.012677]},"properties":{"line":"234","mode":"bus","color":"#0059a9","colorDark":"#00294f","band":4,"off":[-3.4,1.1]}},{"type":"Feature","geometry":{"type":"Point","coordinates":[20.015548,50.012677]},"properties":{"line":"244","mode":"bus","color":"#0059a9","colorDark":"#00294f","band":4,"off":[0,1.1]}},{"type":"Feature","geometry":{"type":"Point","coordinates":[20.015548,50.012677]},"properties":{"line":"274","mode":"bus","color":"#0059a9","colorDark":"#00294f","band":4,"off":[3.4,1.1]}},{"type":"Feature","geometry":{"type":"Point","coordinates":[20.015548,50.012677]},"properties":{"line":"284","mode":"bus","color":"#0059a9","colorDark":"#00294f","band":4,"off":[6.8,1.1]}},{"type":"Feature","geometry":{"type":"Point","coordinates":[20.015548,50.012677]},"properties":{"line":"503","mode":"bus","color":"#0059a9","colorDark":"#00294f","band":4,"off":[0,3.1]}},{"type":"Feature","geometry":{"type":"Point","coordinates":[19.960373,50.004486]},"properties":{"name":"Kurdwanów Południe","band":4,"modes":"bus","arr":["174","179"],"off":[0,-0.8]}},{"type":"Feature","geometry":{"type":"Point","coordinates":[19.960373,50.004486]},"properties":{"line":"174","mode":"bus","color":"#0059a9","colorDark":"#00294f","band":4,"off":[-1.7,1.1]}},{"type":"Feature","geometry":{"type":"Point","coordinates":[19.960373,50.004486]},"properties":{"line":"179","mode":"bus","color":"#0059a9","colorDark":"#00294f","band":4,"off":[1.7,1.1]}},{"type":"Feature","geometry":{"type":"Point","coordinates":[20.035572,50.071743]},"properties":{"name":"Plac Centralny im. R. Reagana","band":4,"modes":"bus,tram","arr":["189","62","662"],"off":[0,-0.8]}},{"type":"Feature","geometry":{"type":"Point","coordinates":[20.035572,50.071743]},"properties":{"line":"189","mode":"bus","color":"#0059a9","colorDark":"#00294f","band":4,"off":[-3.4,1.1]}},{"type":"Feature","geometry":{"type":"Point","coordinates":[20.035572,50.071743]},"properties":{"line":"62","mode":"tram","color":"#000000","colorDark":"#000000","band":4,"off":[0,1.1]}},{"type":"Feature","geometry":{"type":"Point","coordinates":[20.035572,50.071743]},"properties":{"line":"662","mode":"bus","color":"#000000","colorDark":"#000000","band":4,"off":[3.4,1.1]}},{"type":"Feature","geometry":{"type":"Point","coordinates":[19.867555,50.038703]},"properties":{"name":"Bodzów","band":4,"modes":"bus","arr":["176"],"off":[0,-0.8]}},{"type":"Feature","geometry":{"type":"Point","coordinates":[19.867555,50.038703]},"properties":{"line":"176","mode":"bus","color":"#0059a9","colorDark":"#00294f","band":4,"off":[0,1.1]}},{"type":"Feature","geometry":{"type":"Point","coordinates":[20.050115,50.097851]},"properties":{"name":"Os. Na Stoku","band":4,"modes":"bus","arr":["180","182","608"],"off":[0,-0.8]}},{"type":"Feature","geometry":{"type":"Point","coordinates":[20.050115,50.097851]},"properties":{"line":"180","mode":"bus","color":"#0059a9","colorDark":"#00294f","band":4,"off":[-3.4,1.1]}},{"type":"Feature","geometry":{"type":"Point","coordinates":[20.050115,50.097851]},"properties":{"line":"182","mode":"bus","color":"#0059a9","colorDark":"#00294f","band":4,"off":[0,1.1]}},{"type":"Feature","geometry":{"type":"Point","coordinates":[20.050115,50.097851]},"properties":{"line":"608","mode":"bus","color":"#000000","colorDark":"#000000","band":4,"off":[3.4,1.1]}},{"type":"Feature","geometry":{"type":"Point","coordinates":[20.073158,50.097325]},"properties":{"name":"Grębałów","band":4,"modes":"bus","arr":["180"],"off":[0,-0.8]}},{"type":"Feature","geometry":{"type":"Point","coordinates":[20.073158,50.097325]},"properties":{"line":"180","mode":"bus","color":"#0059a9","colorDark":"#00294f","band":4,"off":[0,1.1]}},{"type":"Feature","geometry":{"type":"Point","coordinates":[19.805887,50.06186]},"properties":{"name":"Olszanica Bory","band":4,"modes":"bus","arr":["192"],"off":[0,-0.8]}},{"type":"Feature","geometry":{"type":"Point","coordinates":[19.805887,50.06186]},"properties":{"line":"192","mode":"bus","color":"#0059a9","colorDark":"#00294f","band":4,"off":[0,1.1]}},{"type":"Feature","geometry":{"type":"Point","coordinates":[19.685758,50.237651]},"properties":{"name":"Przeginia Kościół","band":4,"modes":"bus","arr":["200"],"off":[0,-0.8]}},{"type":"Feature","geometry":{"type":"Point","coordinates":[19.685758,50.237651]},"properties":{"line":"200","mode":"bus","color":"#0059a9","colorDark":"#00294f","band":4,"off":[0,1.1]}},{"type":"Feature","geometry":{"type":"Point","coordinates":[19.880517,50.081069]},"properties":{"name":"Bronowice Małe","band":4,"modes":"bus","arr":["200","210","218","228","230","298","918"],"off":[0,-0.8]}},{"type":"Feature","geometry":{"type":"Point","coordinates":[19.880517,50.081069]},"properties":{"line":"200","mode":"bus","color":"#0059a9","colorDark":"#00294f","band":4,"off":[-6.8,1.1]}},{"type":"Feature","geometry":{"type":"Point","coordinates":[19.880517,50.081069]},"properties":{"line":"210","mode":"bus","color":"#0059a9","colorDark":"#00294f","band":4,"off":[-3.4,1.1]}},{"type":"Feature","geometry":{"type":"Point","coordinates":[19.880517,50.081069]},"properties":{"line":"218","mode":"bus","color":"#0059a9","colorDark":"#00294f","band":4,"off":[0,1.1]}},{"type":"Feature","geometry":{"type":"Point","coordinates":[19.880517,50.081069]},"properties":{"line":"228","mode":"bus","color":"#0059a9","colorDark":"#00294f","band":4,"off":[3.4,1.1]}},{"type":"Feature","geometry":{"type":"Point","coordinates":[19.880517,50.081069]},"properties":{"line":"230","mode":"bus","color":"#0059a9","colorDark":"#00294f","band":4,"off":[6.8,1.1]}},{"type":"Feature","geometry":{"type":"Point","coordinates":[19.880517,50.081069]},"properties":{"line":"298","mode":"bus","color":"#0059a9","colorDark":"#00294f","band":4,"off":[-1.7,3.1]}},{"type":"Feature","geometry":{"type":"Point","coordinates":[19.880517,50.081069]},"properties":{"line":"918","mode":"bus","color":"#000000","colorDark":"#000000","band":4,"off":[1.7,3.1]}},{"type":"Feature","geometry":{"type":"Point","coordinates":[20.160161,50.187681]},"properties":{"name":"Łososkowice Remiza","band":4,"modes":"bus","arr":["202"],"off":[0,-0.8]}},{"type":"Feature","geometry":{"type":"Point","coordinates":[20.160161,50.187681]},"properties":{"line":"202","mode":"bus","color":"#0059a9","colorDark":"#00294f","band":4,"off":[0,1.1]}},{"type":"Feature","geometry":{"type":"Point","coordinates":[20.11313,50.135103]},"properties":{"name":"Kocmyrzów-Luborzyca Urząd Gminy","band":4,"modes":"bus","arr":["272"],"off":[0,-0.8]}},{"type":"Feature","geometry":{"type":"Point","coordinates":[20.11313,50.135103]},"properties":{"line":"272","mode":"bus","color":"#0059a9","colorDark":"#00294f","band":4,"off":[0,1.1]}},{"type":"Feature","geometry":{"type":"Point","coordinates":[19.829836,49.968549]},"properties":{"name":"Skawina","band":4,"modes":"bus","arr":["203","243","245","283","293","903"],"off":[0,-0.8]}},{"type":"Feature","geometry":{"type":"Point","coordinates":[19.829836,49.968549]},"properties":{"line":"203","mode":"bus","color":"#0059a9","colorDark":"#00294f","band":4,"off":[-6.8,1.1]}},{"type":"Feature","geometry":{"type":"Point","coordinates":[19.829836,49.968549]},"properties":{"line":"243","mode":"bus","color":"#0059a9","colorDark":"#00294f","band":4,"off":[-3.4,1.1]}},{"type":"Feature","geometry":{"type":"Point","coordinates":[19.829836,49.968549]},"properties":{"line":"245","mode":"bus","color":"#0059a9","colorDark":"#00294f","band":4,"off":[0,1.1]}},{"type":"Feature","geometry":{"type":"Point","coordinates":[19.829836,49.968549]},"properties":{"line":"283","mode":"bus","color":"#0059a9","colorDark":"#00294f","band":4,"off":[3.4,1.1]}},{"type":"Feature","geometry":{"type":"Point","coordinates":[19.829836,49.968549]},"properties":{"line":"293","mode":"bus","color":"#0059a9","colorDark":"#00294f","band":4,"off":[6.8,1.1]}},{"type":"Feature","geometry":{"type":"Point","coordinates":[19.829836,49.968549]},"properties":{"line":"903","mode":"bus","color":"#000000","colorDark":"#000000","band":4,"off":[0,3.1]}},{"type":"Feature","geometry":{"type":"Point","coordinates":[20.076008,49.98643]},"properties":{"name":"Wieliczka Kampus","band":4,"modes":"bus","arr":["204","224","244","304"],"off":[0,-0.8]}},{"type":"Feature","geometry":{"type":"Point","coordinates":[20.076008,49.98643]},"properties":{"line":"204","mode":"bus","color":"#0059a9","colorDark":"#00294f","band":4,"off":[-5.1,1.1]}},{"type":"Feature","geometry":{"type":"Point","coordinates":[20.076008,49.98643]},"properties":{"line":"224","mode":"bus","color":"#0059a9","colorDark":"#00294f","band":4,"off":[-1.7,1.1]}},{"type":"Feature","geometry":{"type":"Point","coordinates":[20.076008,49.98643]},"properties":{"line":"244","mode":"bus","color":"#0059a9","colorDark":"#00294f","band":4,"off":[1.7,1.1]}},{"type":"Feature","geometry":{"type":"Point","coordinates":[20.076008,49.98643]},"properties":{"line":"304","mode":"bus","color":"#0059a9","colorDark":"#00294f","band":4,"off":[5.1,1.1]}},{"type":"Feature","geometry":{"type":"Point","coordinates":[20.065133,49.987301]},"properties":{"name":"Wieliczka Cmentarz","band":4,"modes":"bus","arr":["904"],"off":[0,-0.8]}},{"type":"Feature","geometry":{"type":"Point","coordinates":[20.065133,49.987301]},"properties":{"line":"904","mode":"bus","color":"#000000","colorDark":"#000000","band":4,"off":[0,1.1]}},{"type":"Feature","geometry":{"type":"Point","coordinates":[19.910909,50.141]},"properties":{"name":"Trojanowice Pętla","band":4,"modes":"bus","arr":["207"],"off":[0,-0.8]}},{"type":"Feature","geometry":{"type":"Point","coordinates":[19.910909,50.141]},"properties":{"line":"207","mode":"bus","color":"#0059a9","colorDark":"#00294f","band":4,"off":[0,1.1]}},{"type":"Feature","geometry":{"type":"Point","coordinates":[19.916669,50.053073]},"properties":{"name":"Salwator","band":4,"modes":"bus","arr":["209","229","239","249","259","269","279","310"],"off":[0,-0.8]}},{"type":"Feature","geometry":{"type":"Point","coordinates":[19.916669,50.053073]},"properties":{"line":"209","mode":"bus","color":"#0059a9","colorDark":"#00294f","band":4,"off":[-6.8,1.1]}},{"type":"Feature","geometry":{"type":"Point","coordinates":[19.916669,50.053073]},"properties":{"line":"229","mode":"bus","color":"#0059a9","colorDark":"#00294f","band":4,"off":[-3.4,1.1]}},{"type":"Feature","geometry":{"type":"Point","coordinates":[19.916669,50.053073]},"properties":{"line":"239","mode":"bus","color":"#0059a9","colorDark":"#00294f","band":4,"off":[0,1.1]}},{"type":"Feature","geometry":{"type":"Point","coordinates":[19.916669,50.053073]},"properties":{"line":"249","mode":"bus","color":"#0059a9","colorDark":"#00294f","band":4,"off":[3.4,1.1]}},{"type":"Feature","geometry":{"type":"Point","coordinates":[19.916669,50.053073]},"properties":{"line":"259","mode":"bus","color":"#0059a9","colorDark":"#00294f","band":4,"off":[6.8,1.1]}},{"type":"Feature","geometry":{"type":"Point","coordinates":[19.916669,50.053073]},"properties":{"line":"269","mode":"bus","color":"#0059a9","colorDark":"#00294f","band":4,"off":[-3.4,3.1]}},{"type":"Feature","geometry":{"type":"Point","coordinates":[19.916669,50.053073]},"properties":{"line":"279","mode":"bus","color":"#0059a9","colorDark":"#00294f","band":4,"off":[0,3.1]}},{"type":"Feature","geometry":{"type":"Point","coordinates":[19.916669,50.053073]},"properties":{"line":"310","mode":"bus","color":"#0059a9","colorDark":"#00294f","band":4,"off":[3.4,3.1]}},{"type":"Feature","geometry":{"type":"Point","coordinates":[19.707349,50.068851]},"properties":{"name":"Mników Skały","band":4,"modes":"bus","arr":["209"],"off":[0,-0.8]}},{"type":"Feature","geometry":{"type":"Point","coordinates":[19.707349,50.068851]},"properties":{"line":"209","mode":"bus","color":"#0059a9","colorDark":"#00294f","band":4,"off":[0,1.1]}},{"type":"Feature","geometry":{"type":"Point","coordinates":[19.800173,50.071653]},"properties":{"name":"Kraków Airport","band":4,"modes":"bus","arr":["300","902"],"off":[0,-0.8]}},{"type":"Feature","geometry":{"type":"Point","coordinates":[19.800173,50.071653]},"properties":{"line":"300","mode":"bus","color":"#0059a9","colorDark":"#00294f","band":4,"off":[-1.7,1.1]}},{"type":"Feature","geometry":{"type":"Point","coordinates":[19.800173,50.071653]},"properties":{"line":"902","mode":"bus","color":"#000000","colorDark":"#000000","band":4,"off":[1.7,1.1]}},{"type":"Feature","geometry":{"type":"Point","coordinates":[19.840837,50.114289]},"properties":{"name":"Modlniczka Centrum Logistyczne","band":4,"modes":"bus","arr":["210"],"off":[0,-0.8]}},{"type":"Feature","geometry":{"type":"Point","coordinates":[19.840837,50.114289]},"properties":{"line":"210","mode":"bus","color":"#0059a9","colorDark":"#00294f","band":4,"off":[0,1.1]}},{"type":"Feature","geometry":{"type":"Point","coordinates":[20.352597,50.080185]},"properties":{"name":"Chobot Leśniczówka","band":4,"modes":"bus","arr":["211"],"off":[0,-0.8]}},{"type":"Feature","geometry":{"type":"Point","coordinates":[20.352597,50.080185]},"properties":{"line":"211","mode":"bus","color":"#0059a9","colorDark":"#00294f","band":4,"off":[0,1.1]}},{"type":"Feature","geometry":{"type":"Point","coordinates":[20.188001,50.126996]},"properties":{"name":"Czulice Kościół","band":4,"modes":"bus","arr":["212","271"],"off":[0,-0.8]}},{"type":"Feature","geometry":{"type":"Point","coordinates":[20.188001,50.126996]},"properties":{"line":"212","mode":"bus","color":"#0059a9","colorDark":"#00294f","band":4,"off":[-1.7,1.1]}},{"type":"Feature","geometry":{"type":"Point","coordinates":[20.188001,50.126996]},"properties":{"line":"271","mode":"bus","color":"#0059a9","colorDark":"#00294f","band":4,"off":[1.7,1.1]}},{"type":"Feature","geometry":{"type":"Point","coordinates":[19.997666,49.958498]},"properties":{"name":"Podstolice Centrum","band":4,"modes":"bus","arr":["214","P2"],"off":[0,-0.8]}},{"type":"Feature","geometry":{"type":"Point","coordinates":[19.997666,49.958498]},"properties":{"line":"214","mode":"bus","color":"#0059a9","colorDark":"#00294f","band":4,"off":[-1.7,1.1]}},{"type":"Feature","geometry":{"type":"Point","coordinates":[19.997666,49.958498]},"properties":{"line":"P2","mode":"bus","color":"#0059a9","colorDark":"#00294f","band":4,"off":[1.7,1.1]}},{"type":"Feature","geometry":{"type":"Point","coordinates":[19.999363,49.934869]},"properties":{"name":"Rzeszotary Panciawa Pętla","band":4,"modes":"bus","arr":["215"],"off":[0,-0.8]}},{"type":"Feature","geometry":{"type":"Point","coordinates":[19.999363,49.934869]},"properties":{"line":"215","mode":"bus","color":"#0059a9","colorDark":"#00294f","band":4,"off":[0,1.1]}},{"type":"Feature","geometry":{"type":"Point","coordinates":[19.946656,49.934314]},"properties":{"name":"Świątniki Górne Urząd Miasta i Gminy","band":4,"modes":"bus","arr":["225","915"],"off":[0,-0.8]}},{"type":"Feature","geometry":{"type":"Point","coordinates":[19.946656,49.934314]},"properties":{"line":"225","mode":"bus","color":"#0059a9","colorDark":"#00294f","band":4,"off":[-1.7,1.1]}},{"type":"Feature","geometry":{"type":"Point","coordinates":[19.946656,49.934314]},"properties":{"line":"915","mode":"bus","color":"#000000","colorDark":"#000000","band":4,"off":[1.7,1.1]}},{"type":"Feature","geometry":{"type":"Point","coordinates":[19.974789,50.128752]},"properties":{"name":"Węgrzce Pętla","band":4,"modes":"bus","arr":["217"],"off":[0,-0.8]}},{"type":"Feature","geometry":{"type":"Point","coordinates":[19.974789,50.128752]},"properties":{"line":"217","mode":"bus","color":"#0059a9","colorDark":"#00294f","band":4,"off":[0,1.1]}},{"type":"Feature","geometry":{"type":"Point","coordinates":[19.801249,50.119521]},"properties":{"name":"Zabierzów Młyn","band":4,"modes":"bus","arr":["218","288"],"off":[0,-0.8]}},{"type":"Feature","geometry":{"type":"Point","coordinates":[19.801249,50.119521]},"properties":{"line":"218","mode":"bus","color":"#0059a9","colorDark":"#00294f","band":4,"off":[-1.7,1.1]}},{"type":"Feature","geometry":{"type":"Point","coordinates":[19.801249,50.119521]},"properties":{"line":"288","mode":"bus","color":"#0059a9","colorDark":"#00294f","band":4,"off":[1.7,1.1]}},{"type":"Feature","geometry":{"type":"Point","coordinates":[19.778521,49.98714]},"properties":{"name":"Jeziorzany Pętla","band":4,"modes":"bus","arr":["219"],"off":[0,-0.8]}},{"type":"Feature","geometry":{"type":"Point","coordinates":[19.778521,49.98714]},"properties":{"line":"219","mode":"bus","color":"#0059a9","colorDark":"#00294f","band":4,"off":[0,1.1]}},{"type":"Feature","geometry":{"type":"Point","coordinates":[19.87103,50.151601]},"properties":{"name":"Giebułtów Morgi","band":4,"modes":"bus","arr":["220"],"off":[0,-0.8]}},{"type":"Feature","geometry":{"type":"Point","coordinates":[19.87103,50.151601]},"properties":{"line":"220","mode":"bus","color":"#0059a9","colorDark":"#00294f","band":4,"off":[0,1.1]}},{"type":"Feature","geometry":{"type":"Point","coordinates":[20.216381,50.037958]},"properties":{"name":"Niepołomice Dworzec","band":4,"modes":"bus","arr":["221","301","A18"],"off":[0,-0.8]}},{"type":"Feature","geometry":{"type":"Point","coordinates":[20.216381,50.037958]},"properties":{"line":"221","mode":"bus","color":"#0059a9","colorDark":"#00294f","band":4,"off":[-3.4,1.1]}},{"type":"Feature","geometry":{"type":"Point","coordinates":[20.216381,50.037958]},"properties":{"line":"301","mode":"bus","color":"#0059a9","colorDark":"#00294f","band":4,"off":[0,1.1]}},{"type":"Feature","geometry":{"type":"Point","coordinates":[20.216381,50.037958]},"properties":{"line":"A18","mode":"bus","color":"#0059a9","colorDark":"#00294f","band":4,"off":[3.4,1.1]}},{"type":"Feature","geometry":{"type":"Point","coordinates":[20.084491,50.245302]},"properties":{"name":"Słomniki Osiedle","band":4,"modes":"bus","arr":["222"],"off":[0,-0.8]}},{"type":"Feature","geometry":{"type":"Point","coordinates":[20.084491,50.245302]},"properties":{"line":"222","mode":"bus","color":"#0059a9","colorDark":"#00294f","band":4,"off":[0,1.1]}},{"type":"Feature","geometry":{"type":"Point","coordinates":[19.628389,49.967166]},"properties":{"name":"Brzeźnica Dworzec","band":4,"modes":"bus","arr":["223"],"off":[0,-0.8]}},{"type":"Feature","geometry":{"type":"Point","coordinates":[19.628389,49.967166]},"properties":{"line":"223","mode":"bus","color":"#0059a9","colorDark":"#00294f","band":4,"off":[0,1.1]}},{"type":"Feature","geometry":{"type":"Point","coordinates":[19.937099,50.012394]},"properties":{"name":"Centrum JP II","band":4,"modes":"bus","arr":["224"],"off":[0,-0.8]}},{"type":"Feature","geometry":{"type":"Point","coordinates":[19.937099,50.012394]},"properties":{"line":"224","mode":"bus","color":"#0059a9","colorDark":"#00294f","band":4,"off":[0,1.1]}},{"type":"Feature","geometry":{"type":"Point","coordinates":[19.936107,50.162466]},"properties":{"name":"Górna Wieś Pętla","band":4,"modes":"bus","arr":["227","917"],"off":[0,-0.8]}},{"type":"Feature","geometry":{"type":"Point","coordinates":[19.936107,50.162466]},"properties":{"line":"227","mode":"bus","color":"#0059a9","colorDark":"#00294f","band":4,"off":[-1.7,1.1]}},{"type":"Feature","geometry":{"type":"Point","coordinates":[19.936107,50.162466]},"properties":{"line":"917","mode":"bus","color":"#000000","colorDark":"#000000","band":4,"off":[1.7,1.1]}},{"type":"Feature","geometry":{"type":"Point","coordinates":[19.709535,50.082165]},"properties":{"name":"Chrosna Pętla","band":4,"modes":"bus","arr":["228"],"off":[0,-0.8]}},{"type":"Feature","geometry":{"type":"Point","coordinates":[19.709535,50.082165]},"properties":{"line":"228","mode":"bus","color":"#0059a9","colorDark":"#00294f","band":4,"off":[0,1.1]}},{"type":"Feature","geometry":{"type":"Point","coordinates":[19.586718,50.014952]},"properties":{"name":"Kamień Szkoła","band":4,"modes":"bus","arr":["229"],"off":[0,-0.8]}},{"type":"Feature","geometry":{"type":"Point","coordinates":[19.586718,50.014952]},"properties":{"line":"229","mode":"bus","color":"#0059a9","colorDark":"#00294f","band":4,"off":[0,1.1]}},{"type":"Feature","geometry":{"type":"Point","coordinates":[19.676514,49.987181]},"properties":{"name":"Czernichów Rynek","band":4,"modes":"bus","arr":["249","259","A14"],"off":[0,-0.8]}},{"type":"Feature","geometry":{"type":"Point","coordinates":[19.676514,49.987181]},"properties":{"line":"249","mode":"bus","color":"#0059a9","colorDark":"#00294f","band":4,"off":[-3.4,1.1]}},{"type":"Feature","geometry":{"type":"Point","coordinates":[19.676514,49.987181]},"properties":{"line":"259","mode":"bus","color":"#0059a9","colorDark":"#00294f","band":4,"off":[0,1.1]}},{"type":"Feature","geometry":{"type":"Point","coordinates":[19.676514,49.987181]},"properties":{"line":"A14","mode":"bus","color":"#0059a9","colorDark":"#00294f","band":4,"off":[3.4,1.1]}},{"type":"Feature","geometry":{"type":"Point","coordinates":[19.820316,50.135831]},"properties":{"name":"Ujazd Pętla","band":4,"modes":"bus","arr":["230"],"off":[0,-0.8]}},{"type":"Feature","geometry":{"type":"Point","coordinates":[19.820316,50.135831]},"properties":{"line":"230","mode":"bus","color":"#0059a9","colorDark":"#00294f","band":4,"off":[0,1.1]}},{"type":"Feature","geometry":{"type":"Point","coordinates":[20.109786,50.177533]},"properties":{"name":"Wilków Pętla","band":4,"modes":"bus","arr":["232"],"off":[0,-0.8]}},{"type":"Feature","geometry":{"type":"Point","coordinates":[20.109786,50.177533]},"properties":{"line":"232","mode":"bus","color":"#0059a9","colorDark":"#00294f","band":4,"off":[0,1.1]}},{"type":"Feature","geometry":{"type":"Point","coordinates":[19.821764,49.976485]},"properties":{"name":"Skawina SCK","band":4,"modes":"bus","arr":["233","A43","A53"],"off":[0,-0.8]}},{"type":"Feature","geometry":{"type":"Point","coordinates":[19.821764,49.976485]},"properties":{"line":"233","mode":"bus","color":"#0059a9","colorDark":"#00294f","band":4,"off":[-3.4,1.1]}},{"type":"Feature","geometry":{"type":"Point","coordinates":[19.821764,49.976485]},"properties":{"line":"A43","mode":"bus","color":"#0059a9","colorDark":"#00294f","band":4,"off":[0,1.1]}},{"type":"Feature","geometry":{"type":"Point","coordinates":[19.821764,49.976485]},"properties":{"line":"A53","mode":"bus","color":"#0059a9","colorDark":"#00294f","band":4,"off":[3.4,1.1]}},{"type":"Feature","geometry":{"type":"Point","coordinates":[20.115211,50.01476]},"properties":{"name":"Węgrzce Wielkie Pętla","band":4,"modes":"bus","arr":["234","W2","Z1"],"off":[0,-0.8]}},{"type":"Feature","geometry":{"type":"Point","coordinates":[20.115211,50.01476]},"properties":{"line":"234","mode":"bus","color":"#0059a9","colorDark":"#00294f","band":4,"off":[-3.4,1.1]}},{"type":"Feature","geometry":{"type":"Point","coordinates":[20.115211,50.01476]},"properties":{"line":"W2","mode":"bus","color":"#0059a9","colorDark":"#00294f","band":4,"off":[0,1.1]}},{"type":"Feature","geometry":{"type":"Point","coordinates":[20.115211,50.01476]},"properties":{"line":"Z1","mode":"bus","color":"#0059a9","colorDark":"#00294f","band":4,"off":[3.4,1.1]}},{"type":"Feature","geometry":{"type":"Point","coordinates":[19.750438,49.9778]},"properties":{"name":"Ochodza Odwiśle","band":4,"modes":"bus","arr":["235"],"off":[0,-0.8]}},{"type":"Feature","geometry":{"type":"Point","coordinates":[19.750438,49.9778]},"properties":{"line":"235","mode":"bus","color":"#0059a9","colorDark":"#00294f","band":4,"off":[0,1.1]}},{"type":"Feature","geometry":{"type":"Point","coordinates":[19.692373,50.111969]},"properties":{"name":"Młynka Pętla","band":4,"modes":"bus","arr":["238"],"off":[0,-0.8]}},{"type":"Feature","geometry":{"type":"Point","coordinates":[19.692373,50.111969]},"properties":{"line":"238","mode":"bus","color":"#0059a9","colorDark":"#00294f","band":4,"off":[0,1.1]}},{"type":"Feature","geometry":{"type":"Point","coordinates":[19.711842,50.122248]},"properties":{"name":"Rudawa Rynek","band":4,"modes":"bus","arr":["918"],"off":[0,-0.8]}},{"type":"Feature","geometry":{"type":"Point","coordinates":[19.711842,50.122248]},"properties":{"line":"918","mode":"bus","color":"#000000","colorDark":"#000000","band":4,"off":[0,1.1]}},{"type":"Feature","geometry":{"type":"Point","coordinates":[19.727926,49.986355]},"properties":{"name":"Wołowice Kapliczka","band":4,"modes":"bus","arr":["239"],"off":[0,-0.8]}},{"type":"Feature","geometry":{"type":"Point","coordinates":[19.727926,49.986355]},"properties":{"line":"239","mode":"bus","color":"#0059a9","colorDark":"#00294f","band":4,"off":[0,1.1]}},{"type":"Feature","geometry":{"type":"Point","coordinates":[19.897806,50.12819]},"properties":{"name":"Pękowice Ojcowska","band":4,"modes":"bus","arr":["240","290"],"off":[0,-0.8]}},{"type":"Feature","geometry":{"type":"Point","coordinates":[19.897806,50.12819]},"properties":{"line":"240","mode":"bus","color":"#0059a9","colorDark":"#00294f","band":4,"off":[-1.7,1.1]}},{"type":"Feature","geometry":{"type":"Point","coordinates":[19.897806,50.12819]},"properties":{"line":"290","mode":"bus","color":"#0059a9","colorDark":"#00294f","band":4,"off":[1.7,1.1]}},{"type":"Feature","geometry":{"type":"Point","coordinates":[20.13828,50.115926]},"properties":{"name":"Krzysztoforzyce Pętla","band":4,"modes":"bus","arr":["242"],"off":[0,-0.8]}},{"type":"Feature","geometry":{"type":"Point","coordinates":[20.13828,50.115926]},"properties":{"line":"242","mode":"bus","color":"#0059a9","colorDark":"#00294f","band":4,"off":[0,1.1]}},{"type":"Feature","geometry":{"type":"Point","coordinates":[19.870839,49.944031]},"properties":{"name":"Mogilany Pętla","band":4,"modes":"bus","arr":["255"],"off":[0,-0.8]}},{"type":"Feature","geometry":{"type":"Point","coordinates":[19.870839,49.944031]},"properties":{"line":"255","mode":"bus","color":"#0059a9","colorDark":"#00294f","band":4,"off":[0,1.1]}},{"type":"Feature","geometry":{"type":"Point","coordinates":[19.939792,50.123608]},"properties":{"name":"Zielonki Marszowiec Pętla","band":4,"modes":"bus","arr":["247","317"],"off":[0,-0.8]}},{"type":"Feature","geometry":{"type":"Point","coordinates":[19.939792,50.123608]},"properties":{"line":"247","mode":"bus","color":"#0059a9","colorDark":"#00294f","band":4,"off":[-1.7,1.1]}},{"type":"Feature","geometry":{"type":"Point","coordinates":[19.939792,50.123608]},"properties":{"line":"317","mode":"bus","color":"#0059a9","colorDark":"#00294f","band":4,"off":[1.7,1.1]}},{"type":"Feature","geometry":{"type":"Point","coordinates":[19.811558,50.161429]},"properties":{"name":"Zelków Pętla","band":4,"modes":"bus","arr":["248","948"],"off":[0,-0.8]}},{"type":"Feature","geometry":{"type":"Point","coordinates":[19.811558,50.161429]},"properties":{"line":"248","mode":"bus","color":"#0059a9","colorDark":"#00294f","band":4,"off":[-1.7,1.1]}},{"type":"Feature","geometry":{"type":"Point","coordinates":[19.811558,50.161429]},"properties":{"line":"948","mode":"bus","color":"#000000","colorDark":"#000000","band":4,"off":[1.7,1.1]}},{"type":"Feature","geometry":{"type":"Point","coordinates":[19.725598,50.039289]},"properties":{"name":"Kaszów Remiza","band":4,"modes":"bus","arr":["269"],"off":[0,-0.8]}},{"type":"Feature","geometry":{"type":"Point","coordinates":[19.725598,50.039289]},"properties":{"line":"269","mode":"bus","color":"#0059a9","colorDark":"#00294f","band":4,"off":[0,1.1]}},{"type":"Feature","geometry":{"type":"Point","coordinates":[20.050674,50.121266]},"properties":{"name":"Zastów Pętla","band":4,"modes":"bus","arr":["250"],"off":[0,-0.8]}},{"type":"Feature","geometry":{"type":"Point","coordinates":[20.050674,50.121266]},"properties":{"line":"250","mode":"bus","color":"#0059a9","colorDark":"#00294f","band":4,"off":[0,1.1]}},{"type":"Feature","geometry":{"type":"Point","coordinates":[19.7684,49.902494]},"properties":{"name":"Wola Radziszowska Pętla","band":4,"modes":"bus","arr":["253"],"off":[0,-0.8]}},{"type":"Feature","geometry":{"type":"Point","coordinates":[19.7684,49.902494]},"properties":{"line":"253","mode":"bus","color":"#0059a9","colorDark":"#00294f","band":4,"off":[0,1.1]}},{"type":"Feature","geometry":{"type":"Point","coordinates":[19.967323,49.973872]},"properties":{"name":"Golkowice Pętla","band":4,"modes":"bus","arr":["254","G3"],"off":[0,-0.8]}},{"type":"Feature","geometry":{"type":"Point","coordinates":[19.967323,49.973872]},"properties":{"line":"254","mode":"bus","color":"#0059a9","colorDark":"#00294f","band":4,"off":[-1.7,1.1]}},{"type":"Feature","geometry":{"type":"Point","coordinates":[19.967323,49.973872]},"properties":{"line":"G3","mode":"bus","color":"#0059a9","colorDark":"#00294f","band":4,"off":[1.7,1.1]}},{"type":"Feature","geometry":{"type":"Point","coordinates":[19.932575,50.180683]},"properties":{"name":"Narama Remiza","band":4,"modes":"bus","arr":["257"],"off":[0,-0.8]}},{"type":"Feature","geometry":{"type":"Point","coordinates":[19.932575,50.180683]},"properties":{"line":"257","mode":"bus","color":"#0059a9","colorDark":"#00294f","band":4,"off":[0,1.1]}},{"type":"Feature","geometry":{"type":"Point","coordinates":[19.709609,50.106673]},"properties":{"name":"Nielepice Pętla","band":4,"modes":"bus","arr":["258","298"],"off":[0,-0.8]}},{"type":"Feature","geometry":{"type":"Point","coordinates":[19.709609,50.106673]},"properties":{"line":"258","mode":"bus","color":"#0059a9","colorDark":"#00294f","band":4,"off":[-1.7,1.1]}},{"type":"Feature","geometry":{"type":"Point","coordinates":[19.709609,50.106673]},"properties":{"line":"298","mode":"bus","color":"#0059a9","colorDark":"#00294f","band":4,"off":[1.7,1.1]}},{"type":"Feature","geometry":{"type":"Point","coordinates":[19.739157,49.999294]},"properties":{"name":"Dąbrowa Szlachecka Krzemiennik","band":4,"modes":"bus","arr":["279"],"off":[0,-0.8]}},{"type":"Feature","geometry":{"type":"Point","coordinates":[19.739157,49.999294]},"properties":{"line":"279","mode":"bus","color":"#0059a9","colorDark":"#00294f","band":4,"off":[0,1.1]}},{"type":"Feature","geometry":{"type":"Point","coordinates":[20.048382,50.147231]},"properties":{"name":"Pielgrzymowice Pętla","band":4,"modes":"bus","arr":["260","270"],"off":[0,-0.8]}},{"type":"Feature","geometry":{"type":"Point","coordinates":[20.048382,50.147231]},"properties":{"line":"260","mode":"bus","color":"#0059a9","colorDark":"#00294f","band":4,"off":[-1.7,1.1]}},{"type":"Feature","geometry":{"type":"Point","coordinates":[20.048382,50.147231]},"properties":{"line":"270","mode":"bus","color":"#0059a9","colorDark":"#00294f","band":4,"off":[1.7,1.1]}},{"type":"Feature","geometry":{"type":"Point","coordinates":[20.15545,50.166445]},"properties":{"name":"Rawałowice Kapliczka","band":4,"modes":"bus","arr":["262"],"off":[0,-0.8]}},{"type":"Feature","geometry":{"type":"Point","coordinates":[20.15545,50.166445]},"properties":{"line":"262","mode":"bus","color":"#0059a9","colorDark":"#00294f","band":4,"off":[0,1.1]}},{"type":"Feature","geometry":{"type":"Point","coordinates":[20.139403,50.040557]},"properties":{"name":"Grabie Kościół","band":4,"modes":"bus","arr":["264"],"off":[0,-0.8]}},{"type":"Feature","geometry":{"type":"Point","coordinates":[20.139403,50.040557]},"properties":{"line":"264","mode":"bus","color":"#0059a9","colorDark":"#00294f","band":4,"off":[0,1.1]}},{"type":"Feature","geometry":{"type":"Point","coordinates":[19.921216,49.944229]},"properties":{"name":"Konary Pętla","band":4,"modes":"bus","arr":["265"],"off":[0,-0.8]}},{"type":"Feature","geometry":{"type":"Point","coordinates":[19.921216,49.944229]},"properties":{"line":"265","mode":"bus","color":"#0059a9","colorDark":"#00294f","band":4,"off":[0,1.1]}},{"type":"Feature","geometry":{"type":"Point","coordinates":[19.853859,50.230311]},"properties":{"name":"Skała Rynek","band":4,"modes":"bus","arr":["267"],"off":[0,-0.8]}},{"type":"Feature","geometry":{"type":"Point","coordinates":[19.853859,50.230311]},"properties":{"line":"267","mode":"bus","color":"#0059a9","colorDark":"#00294f","band":4,"off":[0,1.1]}},{"type":"Feature","geometry":{"type":"Point","coordinates":[19.77392,50.152471]},"properties":{"name":"Karniowice Pętla","band":4,"modes":"bus","arr":["268"],"off":[0,-0.8]}},{"type":"Feature","geometry":{"type":"Point","coordinates":[19.77392,50.152471]},"properties":{"line":"268","mode":"bus","color":"#0059a9","colorDark":"#00294f","band":4,"off":[0,1.1]}},{"type":"Feature","geometry":{"type":"Point","coordinates":[20.147053,49.957328]},"properties":{"name":"Trąbki P+R","band":4,"modes":"bus","arr":["274"],"off":[0,-0.8]}},{"type":"Feature","geometry":{"type":"Point","coordinates":[20.147053,49.957328]},"properties":{"line":"274","mode":"bus","color":"#0059a9","colorDark":"#00294f","band":4,"off":[0,1.1]}},{"type":"Feature","geometry":{"type":"Point","coordinates":[19.902954,49.913619]},"properties":{"name":"Włosań Centrum","band":4,"modes":"bus","arr":["275"],"off":[0,-0.8]}},{"type":"Feature","geometry":{"type":"Point","coordinates":[19.902954,49.913619]},"properties":{"line":"275","mode":"bus","color":"#0059a9","colorDark":"#00294f","band":4,"off":[0,1.1]}},{"type":"Feature","geometry":{"type":"Point","coordinates":[19.979671,50.22053]},"properties":{"name":"Iwanowice Dworskie Pętla","band":4,"modes":"bus","arr":["277"],"off":[0,-0.8]}},{"type":"Feature","geometry":{"type":"Point","coordinates":[19.979671,50.22053]},"properties":{"line":"277","mode":"bus","color":"#0059a9","colorDark":"#00294f","band":4,"off":[0,1.1]}},{"type":"Feature","geometry":{"type":"Point","coordinates":[19.709393,50.148281]},"properties":{"name":"Radwanowice Pętla","band":4,"modes":"bus","arr":["278"],"off":[0,-0.8]}},{"type":"Feature","geometry":{"type":"Point","coordinates":[19.709393,50.148281]},"properties":{"line":"278","mode":"bus","color":"#0059a9","colorDark":"#00294f","band":4,"off":[0,1.1]}},{"type":"Feature","geometry":{"type":"Point","coordinates":[19.91321,50.17427]},"properties":{"name":"Owczary Pętla","band":4,"modes":"bus","arr":["280","337","937"],"off":[0,-0.8]}},{"type":"Feature","geometry":{"type":"Point","coordinates":[19.91321,50.17427]},"properties":{"line":"280","mode":"bus","color":"#0059a9","colorDark":"#00294f","band":4,"off":[-3.4,1.1]}},{"type":"Feature","geometry":{"type":"Point","coordinates":[19.91321,50.17427]},"properties":{"line":"337","mode":"bus","color":"#0059a9","colorDark":"#00294f","band":4,"off":[0,1.1]}},{"type":"Feature","geometry":{"type":"Point","coordinates":[19.91321,50.17427]},"properties":{"line":"937","mode":"bus","color":"#000000","colorDark":"#000000","band":4,"off":[3.4,1.1]}},{"type":"Feature","geometry":{"type":"Point","coordinates":[20.05702,49.98514]},"properties":{"name":"Wieliczka Centrum Dw.","band":4,"modes":"bus","arr":["284","A2","A6","A8","A9","A16","A17","A19","A58","A59","B2","D2","G3","G4","J1","L1","P2","R2","W2","Z1"],"off":[0,-0.8]}},{"type":"Feature","geometry":{"type":"Point","coordinates":[20.05702,49.98514]},"properties":{"name":"Wieliczka Centrum","band":4,"modes":"bus","arr":["284","A2","A6","A8","A9","A16","A17","A19","A58","A59","B2","D2","G3","G4","J1","L1","P2","R2","W2","Z1"],"off":[0,-3]}},{"type":"Feature","geometry":{"type":"Point","coordinates":[20.05702,49.98514]},"properties":{"line":"284","mode":"bus","color":"#0059a9","colorDark":"#00294f","band":4,"off":[-6.8,1.1]}},{"type":"Feature","geometry":{"type":"Point","coordinates":[20.05702,49.98514]},"properties":{"line":"A2","mode":"bus","color":"#0059a9","colorDark":"#00294f","band":4,"off":[-3.4,1.1]}},{"type":"Feature","geometry":{"type":"Point","coordinates":[20.05702,49.98514]},"properties":{"line":"A6","mode":"bus","color":"#0059a9","colorDark":"#00294f","band":4,"off":[0,1.1]}},{"type":"Feature","geometry":{"type":"Point","coordinates":[20.05702,49.98514]},"properties":{"line":"A8","mode":"bus","color":"#0059a9","colorDark":"#00294f","band":4,"off":[3.4,1.1]}},{"type":"Feature","geometry":{"type":"Point","coordinates":[20.05702,49.98514]},"properties":{"line":"A9","mode":"bus","color":"#0059a9","colorDark":"#00294f","band":4,"off":[6.8,1.1]}},{"type":"Feature","geometry":{"type":"Point","coordinates":[20.05702,49.98514]},"properties":{"line":"A16","mode":"bus","color":"#0059a9","colorDark":"#00294f","band":4,"off":[-6.8,3.1]}},{"type":"Feature","geometry":{"type":"Point","coordinates":[20.05702,49.98514]},"properties":{"line":"A17","mode":"bus","color":"#0059a9","colorDark":"#00294f","band":4,"off":[-3.4,3.1]}},{"type":"Feature","geometry":{"type":"Point","coordinates":[20.05702,49.98514]},"properties":{"line":"A19","mode":"bus","color":"#0059a9","colorDark":"#00294f","band":4,"off":[0,3.1]}},{"type":"Feature","geometry":{"type":"Point","coordinates":[20.05702,49.98514]},"properties":{"line":"A58","mode":"bus","color":"#0059a9","colorDark":"#00294f","band":4,"off":[3.4,3.1]}},{"type":"Feature","geometry":{"type":"Point","coordinates":[20.05702,49.98514]},"properties":{"line":"A59","mode":"bus","color":"#0059a9","colorDark":"#00294f","band":4,"off":[6.8,3.1]}},{"type":"Feature","geometry":{"type":"Point","coordinates":[20.05702,49.98514]},"properties":{"line":"B2","mode":"bus","color":"#0059a9","colorDark":"#00294f","band":4,"off":[-6.8,5.1]}},{"type":"Feature","geometry":{"type":"Point","coordinates":[20.05702,49.98514]},"properties":{"line":"D2","mode":"bus","color":"#0059a9","colorDark":"#00294f","band":4,"off":[-3.4,5.1]}},{"type":"Feature","geometry":{"type":"Point","coordinates":[20.05702,49.98514]},"properties":{"line":"G3","mode":"bus","color":"#0059a9","colorDark":"#00294f","band":4,"off":[0,5.1]}},{"type":"Feature","geometry":{"type":"Point","coordinates":[20.05702,49.98514]},"properties":{"line":"G4","mode":"bus","color":"#0059a9","colorDark":"#00294f","band":4,"off":[3.4,5.1]}},{"type":"Feature","geometry":{"type":"Point","coordinates":[20.05702,49.98514]},"properties":{"line":"J1","mode":"bus","color":"#0059a9","colorDark":"#00294f","band":4,"off":[6.8,5.1]}},{"type":"Feature","geometry":{"type":"Point","coordinates":[20.05702,49.98514]},"properties":{"line":"L1","mode":"bus","color":"#0059a9","colorDark":"#00294f","band":4,"off":[-6.8,7.1]}},{"type":"Feature","geometry":{"type":"Point","coordinates":[20.05702,49.98514]},"properties":{"line":"P2","mode":"bus","color":"#0059a9","colorDark":"#00294f","band":4,"off":[-3.4,7.1]}},{"type":"Feature","geometry":{"type":"Point","coordinates":[20.05702,49.98514]},"properties":{"line":"R2","mode":"bus","color":"#0059a9","colorDark":"#00294f","band":4,"off":[0,7.1]}},{"type":"Feature","geometry":{"type":"Point","coordinates":[20.05702,49.98514]},"properties":{"line":"W2","mode":"bus","color":"#0059a9","colorDark":"#00294f","band":4,"off":[3.4,7.1]}},{"type":"Feature","geometry":{"type":"Point","coordinates":[20.05702,49.98514]},"properties":{"line":"Z1","mode":"bus","color":"#0059a9","colorDark":"#00294f","band":4,"off":[6.8,7.1]}},{"type":"Feature","geometry":{"type":"Point","coordinates":[19.973934,49.954175]},"properties":{"name":"Ochojno Remiza","band":4,"modes":"bus","arr":["285"],"off":[0,-0.8]}},{"type":"Feature","geometry":{"type":"Point","coordinates":[19.973934,49.954175]},"properties":{"line":"285","mode":"bus","color":"#0059a9","colorDark":"#00294f","band":4,"off":[0,1.1]}},{"type":"Feature","geometry":{"type":"Point","coordinates":[20.0121,50.117109]},"properties":{"name":"Dziekanowice Kapliczka","band":4,"modes":"bus","arr":["297"],"off":[0,-0.8]}},{"type":"Feature","geometry":{"type":"Point","coordinates":[20.0121,50.117109]},"properties":{"line":"297","mode":"bus","color":"#0059a9","colorDark":"#00294f","band":4,"off":[0,1.1]}},{"type":"Feature","geometry":{"type":"Point","coordinates":[19.978456,50.158875]},"properties":{"name":"Michałowice P+R","band":4,"modes":"bus","arr":["307"],"off":[0,-0.8]}},{"type":"Feature","geometry":{"type":"Point","coordinates":[19.978456,50.158875]},"properties":{"line":"307","mode":"bus","color":"#0059a9","colorDark":"#00294f","band":4,"off":[0,1.1]}},{"type":"Feature","geometry":{"type":"Point","coordinates":[19.747301,50.158629]},"properties":{"name":"Będkowice Pętla","band":4,"modes":"bus","arr":["310","910"],"off":[0,-0.8]}},{"type":"Feature","geometry":{"type":"Point","coordinates":[19.747301,50.158629]},"properties":{"line":"310","mode":"bus","color":"#0059a9","colorDark":"#00294f","band":4,"off":[-1.7,1.1]}},{"type":"Feature","geometry":{"type":"Point","coordinates":[19.747301,50.158629]},"properties":{"line":"910","mode":"bus","color":"#000000","colorDark":"#000000","band":4,"off":[1.7,1.1]}},{"type":"Feature","geometry":{"type":"Point","coordinates":[19.885916,50.10939]},"properties":{"name":"Tonie","band":4,"modes":"bus","arr":["420"],"off":[0,-0.8]}},{"type":"Feature","geometry":{"type":"Point","coordinates":[19.885916,50.10939]},"properties":{"line":"420","mode":"bus","color":"#0059a9","colorDark":"#00294f","band":4,"off":[0,1.1]}},{"type":"Feature","geometry":{"type":"Point","coordinates":[19.984161,50.077034]},"properties":{"name":"Ugorek","band":4,"modes":"bus","arr":["424"],"off":[0,-0.8]}},{"type":"Feature","geometry":{"type":"Point","coordinates":[19.984161,50.077034]},"properties":{"line":"424","mode":"bus","color":"#0059a9","colorDark":"#00294f","band":4,"off":[0,1.1]}},{"type":"Feature","geometry":{"type":"Point","coordinates":[19.923684,50.100575]},"properties":{"name":"Prądnik Biały Zachód","band":4,"modes":"bus","arr":["513"],"off":[0,-0.8]}},{"type":"Feature","geometry":{"type":"Point","coordinates":[19.923684,50.100575]},"properties":{"line":"513","mode":"bus","color":"#0059a9","colorDark":"#00294f","band":4,"off":[0,1.1]}},{"type":"Feature","geometry":{"type":"Point","coordinates":[19.831268,50.212833]},"properties":{"name":"Ojców Zamek","band":4,"modes":"bus","arr":["LR0"],"off":[0,-0.8]}},{"type":"Feature","geometry":{"type":"Point","coordinates":[19.831268,50.212833]},"properties":{"line":"LR0","mode":"bus","color":"#0059a9","colorDark":"#00294f","band":4,"off":[0,1.1]}},{"type":"Feature","geometry":{"type":"Point","coordinates":[19.93746,50.030787]},"properties":{"name":"Łagiewniki","band":4,"modes":"bus","arr":["915"],"off":[0,-0.8]}},{"type":"Feature","geometry":{"type":"Point","coordinates":[19.93746,50.030787]},"properties":{"line":"915","mode":"bus","color":"#000000","colorDark":"#000000","band":4,"off":[0,1.1]}},{"type":"Feature","geometry":{"type":"Point","coordinates":[19.936225,50.030092]},"properties":{"name":"Łagiewniki","band":4,"modes":"bus","arr":["915"],"off":[0,-0.8]}},{"type":"Feature","geometry":{"type":"Point","coordinates":[19.936225,50.030092]},"properties":{"line":"915","mode":"bus","color":"#000000","colorDark":"#000000","band":4,"off":[0,1.1]}},{"type":"Feature","geometry":{"type":"Point","coordinates":[19.948389,49.834494]},"properties":{"name":"Myślenice D.A.","band":4,"modes":"bus","arr":["A1","A2","A11","A16","A41"],"off":[0,-0.8]}},{"type":"Feature","geometry":{"type":"Point","coordinates":[19.948389,49.834494]},"properties":{"line":"A1","mode":"bus","color":"#0059a9","colorDark":"#00294f","band":4,"off":[-6.8,1.1]}},{"type":"Feature","geometry":{"type":"Point","coordinates":[19.948389,49.834494]},"properties":{"line":"A2","mode":"bus","color":"#0059a9","colorDark":"#00294f","band":4,"off":[-3.4,1.1]}},{"type":"Feature","geometry":{"type":"Point","coordinates":[19.948389,49.834494]},"properties":{"line":"A11","mode":"bus","color":"#0059a9","colorDark":"#00294f","band":4,"off":[0,1.1]}},{"type":"Feature","geometry":{"type":"Point","coordinates":[19.948389,49.834494]},"properties":{"line":"A16","mode":"bus","color":"#0059a9","colorDark":"#00294f","band":4,"off":[3.4,1.1]}},{"type":"Feature","geometry":{"type":"Point","coordinates":[19.948389,49.834494]},"properties":{"line":"A41","mode":"bus","color":"#0059a9","colorDark":"#00294f","band":4,"off":[6.8,1.1]}},{"type":"Feature","geometry":{"type":"Point","coordinates":[19.94941,50.067905]},"properties":{"name":"Kraków MDA","band":4,"modes":"bus","arr":["A1","A12","A13","A14","A40","A44","A56","A64","A67","A73"],"off":[0,-0.8]}},{"type":"Feature","geometry":{"type":"Point","coordinates":[19.94941,50.067905]},"properties":{"line":"A1","mode":"bus","color":"#0059a9","colorDark":"#00294f","band":4,"off":[-6.8,1.1]}},{"type":"Feature","geometry":{"type":"Point","coordinates":[19.94941,50.067905]},"properties":{"line":"A12","mode":"bus","color":"#0059a9","colorDark":"#00294f","band":4,"off":[-3.4,1.1]}},{"type":"Feature","geometry":{"type":"Point","coordinates":[19.94941,50.067905]},"properties":{"line":"A13","mode":"bus","color":"#0059a9","colorDark":"#00294f","band":4,"off":[0,1.1]}},{"type":"Feature","geometry":{"type":"Point","coordinates":[19.94941,50.067905]},"properties":{"line":"A14","mode":"bus","color":"#0059a9","colorDark":"#00294f","band":4,"off":[3.4,1.1]}},{"type":"Feature","geometry":{"type":"Point","coordinates":[19.94941,50.067905]},"properties":{"line":"A40","mode":"bus","color":"#0059a9","colorDark":"#00294f","band":4,"off":[6.8,1.1]}},{"type":"Feature","geometry":{"type":"Point","coordinates":[19.94941,50.067905]},"properties":{"line":"A44","mode":"bus","color":"#0059a9","colorDark":"#00294f","band":4,"off":[-6.8,3.1]}},{"type":"Feature","geometry":{"type":"Point","coordinates":[19.94941,50.067905]},"properties":{"line":"A56","mode":"bus","color":"#0059a9","colorDark":"#00294f","band":4,"off":[-3.4,3.1]}},{"type":"Feature","geometry":{"type":"Point","coordinates":[19.94941,50.067905]},"properties":{"line":"A64","mode":"bus","color":"#0059a9","colorDark":"#00294f","band":4,"off":[0,3.1]}},{"type":"Feature","geometry":{"type":"Point","coordinates":[19.94941,50.067905]},"properties":{"line":"A67","mode":"bus","color":"#0059a9","colorDark":"#00294f","band":4,"off":[3.4,3.1]}},{"type":"Feature","geometry":{"type":"Point","coordinates":[19.94941,50.067905]},"properties":{"line":"A73","mode":"bus","color":"#0059a9","colorDark":"#00294f","band":4,"off":[6.8,3.1]}},{"type":"Feature","geometry":{"type":"Point","coordinates":[20.420482,49.699222]},"properties":{"name":"Limanowa Zygmunta Augusta","band":4,"modes":"bus","arr":["A3","A9"],"off":[0,-0.8]}},{"type":"Feature","geometry":{"type":"Point","coordinates":[20.420482,49.699222]},"properties":{"line":"A3","mode":"bus","color":"#0059a9","colorDark":"#00294f","band":4,"off":[-1.7,1.1]}},{"type":"Feature","geometry":{"type":"Point","coordinates":[20.420482,49.699222]},"properties":{"line":"A9","mode":"bus","color":"#0059a9","colorDark":"#00294f","band":4,"off":[1.7,1.1]}},{"type":"Feature","geometry":{"type":"Point","coordinates":[20.432592,49.970108]},"properties":{"name":"Bochnia pl. Gen. Kazimierza Pułaskiego","band":4,"modes":"bus","arr":["A26"],"off":[0,-0.8]}},{"type":"Feature","geometry":{"type":"Point","coordinates":[20.432592,49.970108]},"properties":{"line":"A26","mode":"bus","color":"#0059a9","colorDark":"#00294f","band":4,"off":[0,1.1]}},{"type":"Feature","geometry":{"type":"Point","coordinates":[20.431759,49.976893]},"properties":{"name":"Bochnia Dworzec PKP","band":4,"modes":"bus","arr":["A3","A4","A20","A65"],"off":[0,-0.8]}},{"type":"Feature","geometry":{"type":"Point","coordinates":[20.431759,49.976893]},"properties":{"line":"A3","mode":"bus","color":"#0059a9","colorDark":"#00294f","band":4,"off":[-5.1,1.1]}},{"type":"Feature","geometry":{"type":"Point","coordinates":[20.431759,49.976893]},"properties":{"line":"A4","mode":"bus","color":"#0059a9","colorDark":"#00294f","band":4,"off":[-1.7,1.1]}},{"type":"Feature","geometry":{"type":"Point","coordinates":[20.431759,49.976893]},"properties":{"line":"A20","mode":"bus","color":"#0059a9","colorDark":"#00294f","band":4,"off":[1.7,1.1]}},{"type":"Feature","geometry":{"type":"Point","coordinates":[20.431759,49.976893]},"properties":{"line":"A65","mode":"bus","color":"#0059a9","colorDark":"#00294f","band":4,"off":[5.1,1.1]}},{"type":"Feature","geometry":{"type":"Point","coordinates":[20.376855,50.132109]},"properties":{"name":"Nowe Brzesko Rynek","band":4,"modes":"bus","arr":["A4","A65"],"off":[0,-0.8]}},{"type":"Feature","geometry":{"type":"Point","coordinates":[20.376855,50.132109]},"properties":{"line":"A4","mode":"bus","color":"#0059a9","colorDark":"#00294f","band":4,"off":[-1.7,1.1]}},{"type":"Feature","geometry":{"type":"Point","coordinates":[20.376855,50.132109]},"properties":{"line":"A65","mode":"bus","color":"#0059a9","colorDark":"#00294f","band":4,"off":[1.7,1.1]}},{"type":"Feature","geometry":{"type":"Point","coordinates":[20.58182,50.17511]},"properties":{"name":"Koszyce","band":4,"modes":"bus","arr":["A5","A57"],"off":[0,-0.8]}},{"type":"Feature","geometry":{"type":"Point","coordinates":[20.58182,50.17511]},"properties":{"line":"A5","mode":"bus","color":"#0059a9","colorDark":"#00294f","band":4,"off":[-1.7,1.1]}},{"type":"Feature","geometry":{"type":"Point","coordinates":[20.58182,50.17511]},"properties":{"line":"A57","mode":"bus","color":"#0059a9","colorDark":"#00294f","band":4,"off":[1.7,1.1]}},{"type":"Feature","geometry":{"type":"Point","coordinates":[20.61639,49.9716]},"properties":{"name":"Brzesko D.A.","band":4,"modes":"bus","arr":["A5"],"off":[0,-0.8]}},{"type":"Feature","geometry":{"type":"Point","coordinates":[20.61639,49.9716]},"properties":{"line":"A5","mode":"bus","color":"#0059a9","colorDark":"#00294f","band":4,"off":[0,1.1]}},{"type":"Feature","geometry":{"type":"Point","coordinates":[20.291618,49.864491]},"properties":{"name":"Łapanów Rynek","band":4,"modes":"bus","arr":["A6"],"off":[0,-0.8]}},{"type":"Feature","geometry":{"type":"Point","coordinates":[20.291618,49.864491]},"properties":{"line":"A6","mode":"bus","color":"#0059a9","colorDark":"#00294f","band":4,"off":[0,1.1]}},{"type":"Feature","geometry":{"type":"Point","coordinates":[20.27517,50.19502]},"properties":{"name":"Proszowice P+R Kościuszki","band":4,"modes":"bus","arr":["A7","A37","A50"],"off":[0,-0.8]}},{"type":"Feature","geometry":{"type":"Point","coordinates":[20.27517,50.19502]},"properties":{"line":"A7","mode":"bus","color":"#0059a9","colorDark":"#00294f","band":4,"off":[-3.4,1.1]}},{"type":"Feature","geometry":{"type":"Point","coordinates":[20.27517,50.19502]},"properties":{"line":"A37","mode":"bus","color":"#0059a9","colorDark":"#00294f","band":4,"off":[0,1.1]}},{"type":"Feature","geometry":{"type":"Point","coordinates":[20.27517,50.19502]},"properties":{"line":"A50","mode":"bus","color":"#0059a9","colorDark":"#00294f","band":4,"off":[3.4,1.1]}},{"type":"Feature","geometry":{"type":"Point","coordinates":[20.297952,50.186246]},"properties":{"name":"Proszowice Szpital","band":4,"modes":"bus","arr":["A67"],"off":[0,-0.8]}},{"type":"Feature","geometry":{"type":"Point","coordinates":[20.297952,50.186246]},"properties":{"line":"A67","mode":"bus","color":"#0059a9","colorDark":"#00294f","band":4,"off":[0,1.1]}},{"type":"Feature","geometry":{"type":"Point","coordinates":[20.16978,50.01855]},"properties":{"name":"Podłęże P+R Północ","band":4,"modes":"bus","arr":["A7","A37"],"off":[0,-0.8]}},{"type":"Feature","geometry":{"type":"Point","coordinates":[20.16978,50.01855]},"properties":{"line":"A7","mode":"bus","color":"#0059a9","colorDark":"#00294f","band":4,"off":[-1.7,1.1]}},{"type":"Feature","geometry":{"type":"Point","coordinates":[20.16978,50.01855]},"properties":{"line":"A37","mode":"bus","color":"#0059a9","colorDark":"#00294f","band":4,"off":[1.7,1.1]}},{"type":"Feature","geometry":{"type":"Point","coordinates":[20.094816,49.879614]},"properties":{"name":"Dobczyce Witosa (pętla)","band":4,"modes":"bus","arr":["A17","A49"],"off":[0,-0.8]}},{"type":"Feature","geometry":{"type":"Point","coordinates":[20.094816,49.879614]},"properties":{"line":"A17","mode":"bus","color":"#0059a9","colorDark":"#00294f","band":4,"off":[-1.7,1.1]}},{"type":"Feature","geometry":{"type":"Point","coordinates":[20.094816,49.879614]},"properties":{"line":"A49","mode":"bus","color":"#0059a9","colorDark":"#00294f","band":4,"off":[1.7,1.1]}},{"type":"Feature","geometry":{"type":"Point","coordinates":[20.171366,49.802898]},"properties":{"name":"Pogorzany Diabli Kamień","band":4,"modes":"bus","arr":["A8"],"off":[0,-0.8]}},{"type":"Feature","geometry":{"type":"Point","coordinates":[20.171366,49.802898]},"properties":{"line":"A8","mode":"bus","color":"#0059a9","colorDark":"#00294f","band":4,"off":[0,1.1]}},{"type":"Feature","geometry":{"type":"Point","coordinates":[19.573921,50.274832]},"properties":{"name":"Olkusz Dworzec PKS","band":4,"modes":"bus","arr":["A10","A12","A13","A48"],"off":[0,-0.8]}},{"type":"Feature","geometry":{"type":"Point","coordinates":[19.573921,50.274832]},"properties":{"line":"A10","mode":"bus","color":"#0059a9","colorDark":"#00294f","band":4,"off":[-5.1,1.1]}},{"type":"Feature","geometry":{"type":"Point","coordinates":[19.573921,50.274832]},"properties":{"line":"A12","mode":"bus","color":"#0059a9","colorDark":"#00294f","band":4,"off":[-1.7,1.1]}},{"type":"Feature","geometry":{"type":"Point","coordinates":[19.573921,50.274832]},"properties":{"line":"A13","mode":"bus","color":"#0059a9","colorDark":"#00294f","band":4,"off":[1.7,1.1]}},{"type":"Feature","geometry":{"type":"Point","coordinates":[19.573921,50.274832]},"properties":{"line":"A48","mode":"bus","color":"#0059a9","colorDark":"#00294f","band":4,"off":[5.1,1.1]}},{"type":"Feature","geometry":{"type":"Point","coordinates":[19.633728,50.131202]},"properties":{"name":"Krzeszowice Dworzec PKP","band":4,"modes":"bus","arr":["A10","A42"],"off":[0,-0.8]}},{"type":"Feature","geometry":{"type":"Point","coordinates":[19.633728,50.131202]},"properties":{"line":"A10","mode":"bus","color":"#0059a9","colorDark":"#00294f","band":4,"off":[-1.7,1.1]}},{"type":"Feature","geometry":{"type":"Point","coordinates":[19.633728,50.131202]},"properties":{"line":"A42","mode":"bus","color":"#0059a9","colorDark":"#00294f","band":4,"off":[1.7,1.1]}},{"type":"Feature","geometry":{"type":"Point","coordinates":[20.084014,49.583957]},"properties":{"name":"Poręba Wielka Koninki Ośrodek Narciarski","band":4,"modes":"bus","arr":["A11"],"off":[0,-0.8]}},{"type":"Feature","geometry":{"type":"Point","coordinates":[20.084014,49.583957]},"properties":{"line":"A11","mode":"bus","color":"#0059a9","colorDark":"#00294f","band":4,"off":[0,1.1]}},{"type":"Feature","geometry":{"type":"Point","coordinates":[20.076793,49.674979]},"properties":{"name":"Mszana Dolna Dworzec Autobusowy","band":4,"modes":"bus","arr":["A41"],"off":[0,-0.8]}},{"type":"Feature","geometry":{"type":"Point","coordinates":[20.076793,49.674979]},"properties":{"line":"A41","mode":"bus","color":"#0059a9","colorDark":"#00294f","band":4,"off":[0,1.1]}},{"type":"Feature","geometry":{"type":"Point","coordinates":[19.575471,50.274893]},"properties":{"name":"Olkusz Dworzec PKP","band":4,"modes":"bus","arr":["A12","A13"],"off":[0,-0.8]}},{"type":"Feature","geometry":{"type":"Point","coordinates":[19.575471,50.274893]},"properties":{"line":"A12","mode":"bus","color":"#0059a9","colorDark":"#00294f","band":4,"off":[-1.7,1.1]}},{"type":"Feature","geometry":{"type":"Point","coordinates":[19.575471,50.274893]},"properties":{"line":"A13","mode":"bus","color":"#0059a9","colorDark":"#00294f","band":4,"off":[1.7,1.1]}},{"type":"Feature","geometry":{"type":"Point","coordinates":[19.82097,49.35166]},"properties":{"name":"Chochołów Chochołowskie Termy","band":4,"modes":"bus","arr":["A15"],"off":[0,-0.8]}},{"type":"Feature","geometry":{"type":"Point","coordinates":[19.82097,49.35166]},"properties":{"line":"A15","mode":"bus","color":"#0059a9","colorDark":"#00294f","band":4,"off":[0,1.1]}},{"type":"Feature","geometry":{"type":"Point","coordinates":[20.097066,49.330218]},"properties":{"name":"Bukowina Tatrzańska Klin","band":4,"modes":"bus","arr":["A32"],"off":[0,-0.8]}},{"type":"Feature","geometry":{"type":"Point","coordinates":[20.097066,49.330218]},"properties":{"line":"A32","mode":"bus","color":"#0059a9","colorDark":"#00294f","band":4,"off":[0,1.1]}},{"type":"Feature","geometry":{"type":"Point","coordinates":[20.323252,49.960628]},"properties":{"name":"Siedlec Centrum","band":4,"modes":"bus","arr":["A18"],"off":[0,-0.8]}},{"type":"Feature","geometry":{"type":"Point","coordinates":[20.323252,49.960628]},"properties":{"line":"A18","mode":"bus","color":"#0059a9","colorDark":"#00294f","band":4,"off":[0,1.1]}},{"type":"Feature","geometry":{"type":"Point","coordinates":[19.930844,49.914014]},"properties":{"name":"Olszowice Pętla","band":4,"modes":"bus","arr":["A19"],"off":[0,-0.8]}},{"type":"Feature","geometry":{"type":"Point","coordinates":[19.930844,49.914014]},"properties":{"line":"A19","mode":"bus","color":"#0059a9","colorDark":"#00294f","band":4,"off":[0,1.1]}},{"type":"Feature","geometry":{"type":"Point","coordinates":[20.532861,49.827572]},"properties":{"name":"Iwkowa Nagórze Pętla","band":4,"modes":"bus","arr":["A20"],"off":[0,-0.8]}},{"type":"Feature","geometry":{"type":"Point","coordinates":[20.532861,49.827572]},"properties":{"line":"A20","mode":"bus","color":"#0059a9","colorDark":"#00294f","band":4,"off":[0,1.1]}},{"type":"Feature","geometry":{"type":"Point","coordinates":[20.698473,49.617217]},"properties":{"name":"Nowy Sącz MDA","band":4,"modes":"bus","arr":["A21","A22"],"off":[0,-0.8]}},{"type":"Feature","geometry":{"type":"Point","coordinates":[20.698473,49.617217]},"properties":{"line":"A21","mode":"bus","color":"#0059a9","colorDark":"#00294f","band":4,"off":[-1.7,1.1]}},{"type":"Feature","geometry":{"type":"Point","coordinates":[20.698473,49.617217]},"properties":{"line":"A22","mode":"bus","color":"#0059a9","colorDark":"#00294f","band":4,"off":[1.7,1.1]}},{"type":"Feature","geometry":{"type":"Point","coordinates":[20.015455,49.473924]},"properties":{"name":"Nowy Targ Dworzec Kolejowy","band":4,"modes":"bus","arr":["A21","A45"],"off":[0,-0.8]}},{"type":"Feature","geometry":{"type":"Point","coordinates":[20.015455,49.473924]},"properties":{"line":"A21","mode":"bus","color":"#0059a9","colorDark":"#00294f","band":4,"off":[-1.7,1.1]}},{"type":"Feature","geometry":{"type":"Point","coordinates":[20.015455,49.473924]},"properties":{"line":"A45","mode":"bus","color":"#0059a9","colorDark":"#00294f","band":4,"off":[1.7,1.1]}},{"type":"Feature","geometry":{"type":"Point","coordinates":[20.84848,49.960321]},"properties":{"name":"Wojnicz Cmentarz","band":4,"modes":"bus","arr":["A74"],"off":[0,-0.8]}},{"type":"Feature","geometry":{"type":"Point","coordinates":[20.84848,49.960321]},"properties":{"line":"A74","mode":"bus","color":"#0059a9","colorDark":"#00294f","band":4,"off":[0,1.1]}},{"type":"Feature","geometry":{"type":"Point","coordinates":[20.973074,50.006517]},"properties":{"name":"Tarnów Dworzec Autobusowy","band":4,"modes":"bus","arr":["A22","A23","A28","A34","A36","A38","A39","A46","A55","A62","A63"],"off":[0,-0.8]}},{"type":"Feature","geometry":{"type":"Point","coordinates":[20.973074,50.006517]},"properties":{"line":"A22","mode":"bus","color":"#0059a9","colorDark":"#00294f","band":4,"off":[-6.8,1.1]}},{"type":"Feature","geometry":{"type":"Point","coordinates":[20.973074,50.006517]},"properties":{"line":"A23","mode":"bus","color":"#0059a9","colorDark":"#00294f","band":4,"off":[-3.4,1.1]}},{"type":"Feature","geometry":{"type":"Point","coordinates":[20.973074,50.006517]},"properties":{"line":"A28","mode":"bus","color":"#0059a9","colorDark":"#00294f","band":4,"off":[0,1.1]}},{"type":"Feature","geometry":{"type":"Point","coordinates":[20.973074,50.006517]},"properties":{"line":"A34","mode":"bus","color":"#0059a9","colorDark":"#00294f","band":4,"off":[3.4,1.1]}},{"type":"Feature","geometry":{"type":"Point","coordinates":[20.973074,50.006517]},"properties":{"line":"A36","mode":"bus","color":"#0059a9","colorDark":"#00294f","band":4,"off":[6.8,1.1]}},{"type":"Feature","geometry":{"type":"Point","coordinates":[20.973074,50.006517]},"properties":{"line":"A38","mode":"bus","color":"#0059a9","colorDark":"#00294f","band":4,"off":[-6.8,3.1]}},{"type":"Feature","geometry":{"type":"Point","coordinates":[20.973074,50.006517]},"properties":{"line":"A39","mode":"bus","color":"#0059a9","colorDark":"#00294f","band":4,"off":[-3.4,3.1]}},{"type":"Feature","geometry":{"type":"Point","coordinates":[20.973074,50.006517]},"properties":{"line":"A46","mode":"bus","color":"#0059a9","colorDark":"#00294f","band":4,"off":[0,3.1]}},{"type":"Feature","geometry":{"type":"Point","coordinates":[20.973074,50.006517]},"properties":{"line":"A55","mode":"bus","color":"#0059a9","colorDark":"#00294f","band":4,"off":[3.4,3.1]}},{"type":"Feature","geometry":{"type":"Point","coordinates":[20.973074,50.006517]},"properties":{"line":"A62","mode":"bus","color":"#0059a9","colorDark":"#00294f","band":4,"off":[6.8,3.1]}},{"type":"Feature","geometry":{"type":"Point","coordinates":[20.973074,50.006517]},"properties":{"line":"A63","mode":"bus","color":"#0059a9","colorDark":"#00294f","band":4,"off":[0,5.1]}},{"type":"Feature","geometry":{"type":"Point","coordinates":[20.976542,50.0105]},"properties":{"name":"Tarnów Sikorskiego","band":4,"modes":"bus","arr":["A26","A51","A52","A54"],"off":[0,-0.8]}},{"type":"Feature","geometry":{"type":"Point","coordinates":[20.976542,50.0105]},"properties":{"line":"A26","mode":"bus","color":"#0059a9","colorDark":"#00294f","band":4,"off":[-5.1,1.1]}},{"type":"Feature","geometry":{"type":"Point","coordinates":[20.976542,50.0105]},"properties":{"line":"A51","mode":"bus","color":"#0059a9","colorDark":"#00294f","band":4,"off":[-1.7,1.1]}},{"type":"Feature","geometry":{"type":"Point","coordinates":[20.976542,50.0105]},"properties":{"line":"A52","mode":"bus","color":"#0059a9","colorDark":"#00294f","band":4,"off":[1.7,1.1]}},{"type":"Feature","geometry":{"type":"Point","coordinates":[20.976542,50.0105]},"properties":{"line":"A54","mode":"bus","color":"#0059a9","colorDark":"#00294f","band":4,"off":[5.1,1.1]}},{"type":"Feature","geometry":{"type":"Point","coordinates":[20.975541,50.007989]},"properties":{"name":"Tarnów Krakowska – Planty","band":4,"modes":"bus","arr":["A26","A51","A52","A54"],"off":[0,-0.8]}},{"type":"Feature","geometry":{"type":"Point","coordinates":[20.975541,50.007989]},"properties":{"line":"A26","mode":"bus","color":"#0059a9","colorDark":"#00294f","band":4,"off":[-5.1,1.1]}},{"type":"Feature","geometry":{"type":"Point","coordinates":[20.975541,50.007989]},"properties":{"line":"A51","mode":"bus","color":"#0059a9","colorDark":"#00294f","band":4,"off":[-1.7,1.1]}},{"type":"Feature","geometry":{"type":"Point","coordinates":[20.975541,50.007989]},"properties":{"line":"A52","mode":"bus","color":"#0059a9","colorDark":"#00294f","band":4,"off":[1.7,1.1]}},{"type":"Feature","geometry":{"type":"Point","coordinates":[20.975541,50.007989]},"properties":{"line":"A54","mode":"bus","color":"#0059a9","colorDark":"#00294f","band":4,"off":[5.1,1.1]}},{"type":"Feature","geometry":{"type":"Point","coordinates":[21.181862,49.441463]},"properties":{"name":"Wysowa Zdrój Sanatorium Beskid","band":4,"modes":"bus","arr":["A23"],"off":[0,-0.8]}},{"type":"Feature","geometry":{"type":"Point","coordinates":[21.181862,49.441463]},"properties":{"line":"A23","mode":"bus","color":"#0059a9","colorDark":"#00294f","band":4,"off":[0,1.1]}},{"type":"Feature","geometry":{"type":"Point","coordinates":[21.044587,50.080646]},"properties":{"name":"Lisia Góra Szkoła","band":4,"modes":"bus","arr":["A24"],"off":[0,-0.8]}},{"type":"Feature","geometry":{"type":"Point","coordinates":[21.044587,50.080646]},"properties":{"line":"A24","mode":"bus","color":"#0059a9","colorDark":"#00294f","band":4,"off":[0,1.1]}},{"type":"Feature","geometry":{"type":"Point","coordinates":[20.924457,50.014914]},"properties":{"name":"Tarnów Mościce - Plac","band":4,"modes":"bus","arr":["A24","A27","A74"],"off":[0,-0.8]}},{"type":"Feature","geometry":{"type":"Point","coordinates":[20.924457,50.014914]},"properties":{"line":"A24","mode":"bus","color":"#0059a9","colorDark":"#00294f","band":4,"off":[-3.4,1.1]}},{"type":"Feature","geometry":{"type":"Point","coordinates":[20.924457,50.014914]},"properties":{"line":"A27","mode":"bus","color":"#0059a9","colorDark":"#00294f","band":4,"off":[0,1.1]}},{"type":"Feature","geometry":{"type":"Point","coordinates":[20.924457,50.014914]},"properties":{"line":"A74","mode":"bus","color":"#0059a9","colorDark":"#00294f","band":4,"off":[3.4,1.1]}},{"type":"Feature","geometry":{"type":"Point","coordinates":[19.350868,49.855681]},"properties":{"name":"Andrychów D.A.","band":4,"modes":"bus","arr":["A25","A47"],"off":[0,-0.8]}},{"type":"Feature","geometry":{"type":"Point","coordinates":[19.350868,49.855681]},"properties":{"line":"A25","mode":"bus","color":"#0059a9","colorDark":"#00294f","band":4,"off":[-1.7,1.1]}},{"type":"Feature","geometry":{"type":"Point","coordinates":[19.350868,49.855681]},"properties":{"line":"A47","mode":"bus","color":"#0059a9","colorDark":"#00294f","band":4,"off":[1.7,1.1]}},{"type":"Feature","geometry":{"type":"Point","coordinates":[19.488261,50.02428]},"properties":{"name":"Smolice Lipowa","band":4,"modes":"bus","arr":["A25"],"off":[0,-0.8]}},{"type":"Feature","geometry":{"type":"Point","coordinates":[19.488261,50.02428]},"properties":{"line":"A25","mode":"bus","color":"#0059a9","colorDark":"#00294f","band":4,"off":[0,1.1]}},{"type":"Feature","geometry":{"type":"Point","coordinates":[21.011654,49.97332]},"properties":{"name":"Zawada - Pętla","band":4,"modes":"bus","arr":["A27"],"off":[0,-0.8]}},{"type":"Feature","geometry":{"type":"Point","coordinates":[21.011654,49.97332]},"properties":{"line":"A27","mode":"bus","color":"#0059a9","colorDark":"#00294f","band":4,"off":[0,1.1]}},{"type":"Feature","geometry":{"type":"Point","coordinates":[20.992546,50.020025]},"properties":{"name":"Tarnów Marszałka","band":4,"modes":"bus","arr":["A29","A30"],"off":[0,-0.8]}},{"type":"Feature","geometry":{"type":"Point","coordinates":[20.992546,50.020025]},"properties":{"line":"A29","mode":"bus","color":"#0059a9","colorDark":"#00294f","band":4,"off":[-1.7,1.1]}},{"type":"Feature","geometry":{"type":"Point","coordinates":[20.992546,50.020025]},"properties":{"line":"A30","mode":"bus","color":"#0059a9","colorDark":"#00294f","band":4,"off":[1.7,1.1]}},{"type":"Feature","geometry":{"type":"Point","coordinates":[20.899626,49.946644]},"properties":{"name":"Szczepanowice - Zatoka","band":4,"modes":"bus","arr":["A31"],"off":[0,-0.8]}},{"type":"Feature","geometry":{"type":"Point","coordinates":[20.899626,49.946644]},"properties":{"line":"A31","mode":"bus","color":"#0059a9","colorDark":"#00294f","band":4,"off":[0,1.1]}},{"type":"Feature","geometry":{"type":"Point","coordinates":[20.957349,49.953033]},"properties":{"name":"Świebodzin - Kłokowa PKP","band":4,"modes":"bus","arr":["A31"],"off":[0,-0.8]}},{"type":"Feature","geometry":{"type":"Point","coordinates":[20.957349,49.953033]},"properties":{"line":"A31","mode":"bus","color":"#0059a9","colorDark":"#00294f","band":4,"off":[0,1.1]}},{"type":"Feature","geometry":{"type":"Point","coordinates":[19.784212,49.569497]},"properties":{"name":"Spytkowice Szkoła","band":4,"modes":"bus","arr":["A32"],"off":[0,-0.8]}},{"type":"Feature","geometry":{"type":"Point","coordinates":[19.784212,49.569497]},"properties":{"line":"A32","mode":"bus","color":"#0059a9","colorDark":"#00294f","band":4,"off":[0,1.1]}},{"type":"Feature","geometry":{"type":"Point","coordinates":[20.191908,49.413044]},"properties":{"name":"Dursztyn Kościół","band":4,"modes":"bus","arr":["A33"],"off":[0,-0.8]}},{"type":"Feature","geometry":{"type":"Point","coordinates":[20.191908,49.413044]},"properties":{"line":"A33","mode":"bus","color":"#0059a9","colorDark":"#00294f","band":4,"off":[0,1.1]}},{"type":"Feature","geometry":{"type":"Point","coordinates":[20.55239,49.407955]},"properties":{"name":"Jaworki Czarna Woda","band":4,"modes":"bus","arr":["A33"],"off":[0,-0.8]}},{"type":"Feature","geometry":{"type":"Point","coordinates":[20.55239,49.407955]},"properties":{"line":"A33","mode":"bus","color":"#0059a9","colorDark":"#00294f","band":4,"off":[0,1.1]}},{"type":"Feature","geometry":{"type":"Point","coordinates":[21.135156,50.066939]},"properties":{"name":"Jodłówka - Wałki - Dół","band":4,"modes":"bus","arr":["A34","A35"],"off":[0,-0.8]}},{"type":"Feature","geometry":{"type":"Point","coordinates":[21.135156,50.066939]},"properties":{"line":"A34","mode":"bus","color":"#0059a9","colorDark":"#00294f","band":4,"off":[-1.7,1.1]}},{"type":"Feature","geometry":{"type":"Point","coordinates":[21.135156,50.066939]},"properties":{"line":"A35","mode":"bus","color":"#0059a9","colorDark":"#00294f","band":4,"off":[1.7,1.1]}},{"type":"Feature","geometry":{"type":"Point","coordinates":[20.957142,49.888792]},"properties":{"name":"Lichwin - Centrum","band":4,"modes":"bus","arr":["A35"],"off":[0,-0.8]}},{"type":"Feature","geometry":{"type":"Point","coordinates":[20.957142,49.888792]},"properties":{"line":"A35","mode":"bus","color":"#0059a9","colorDark":"#00294f","band":4,"off":[0,1.1]}},{"type":"Feature","geometry":{"type":"Point","coordinates":[20.975936,50.177928]},"properties":{"name":"Dąbrowa Tarnowska Szpitalna","band":4,"modes":"bus","arr":["A36"],"off":[0,-0.8]}},{"type":"Feature","geometry":{"type":"Point","coordinates":[20.975936,50.177928]},"properties":{"line":"A36","mode":"bus","color":"#0059a9","colorDark":"#00294f","band":4,"off":[0,1.1]}},{"type":"Feature","geometry":{"type":"Point","coordinates":[21.182811,50.117828]},"properties":{"name":"Nowa Jastrząbka - Podlesie","band":4,"modes":"bus","arr":["A38"],"off":[0,-0.8]}},{"type":"Feature","geometry":{"type":"Point","coordinates":[21.182811,50.117828]},"properties":{"line":"A38","mode":"bus","color":"#0059a9","colorDark":"#00294f","band":4,"off":[0,1.1]}},{"type":"Feature","geometry":{"type":"Point","coordinates":[21.09366,50.073005]},"properties":{"name":"Zaczarnie - Pętla","band":4,"modes":"bus","arr":["A39"],"off":[0,-0.8]}},{"type":"Feature","geometry":{"type":"Point","coordinates":[21.09366,50.073005]},"properties":{"line":"A39","mode":"bus","color":"#0059a9","colorDark":"#00294f","band":4,"off":[0,1.1]}},{"type":"Feature","geometry":{"type":"Point","coordinates":[19.226801,49.866277]},"properties":{"name":"Kęty Grupa Kęty","band":4,"modes":"bus","arr":["A40"],"off":[0,-0.8]}},{"type":"Feature","geometry":{"type":"Point","coordinates":[19.226801,49.866277]},"properties":{"line":"A40","mode":"bus","color":"#0059a9","colorDark":"#00294f","band":4,"off":[0,1.1]}},{"type":"Feature","geometry":{"type":"Point","coordinates":[19.681939,49.86638]},"properties":{"name":"Kalwaria Zebrzydowska D.A.","band":4,"modes":"bus","arr":["A43"],"off":[0,-0.8]}},{"type":"Feature","geometry":{"type":"Point","coordinates":[19.681939,49.86638]},"properties":{"line":"A43","mode":"bus","color":"#0059a9","colorDark":"#00294f","band":4,"off":[0,1.1]}},{"type":"Feature","geometry":{"type":"Point","coordinates":[19.427167,50.137783]},"properties":{"name":"Chrzanów Szpital","band":4,"modes":"bus","arr":["A42","A48"],"off":[0,-0.8]}},{"type":"Feature","geometry":{"type":"Point","coordinates":[19.427167,50.137783]},"properties":{"line":"A42","mode":"bus","color":"#0059a9","colorDark":"#00294f","band":4,"off":[-1.7,1.1]}},{"type":"Feature","geometry":{"type":"Point","coordinates":[19.427167,50.137783]},"properties":{"line":"A48","mode":"bus","color":"#0059a9","colorDark":"#00294f","band":4,"off":[1.7,1.1]}},{"type":"Feature","geometry":{"type":"Point","coordinates":[19.523555,50.05483]},"properties":{"name":"Alwernia Zakłady Chemiczne","band":4,"modes":"bus","arr":["A44","A60","A64","A66"],"off":[0,-0.8]}},{"type":"Feature","geometry":{"type":"Point","coordinates":[19.523555,50.05483]},"properties":{"line":"A44","mode":"bus","color":"#0059a9","colorDark":"#00294f","band":4,"off":[-5.1,1.1]}},{"type":"Feature","geometry":{"type":"Point","coordinates":[19.523555,50.05483]},"properties":{"line":"A60","mode":"bus","color":"#0059a9","colorDark":"#00294f","band":4,"off":[-1.7,1.1]}},{"type":"Feature","geometry":{"type":"Point","coordinates":[19.523555,50.05483]},"properties":{"line":"A64","mode":"bus","color":"#0059a9","colorDark":"#00294f","band":4,"off":[1.7,1.1]}},{"type":"Feature","geometry":{"type":"Point","coordinates":[19.523555,50.05483]},"properties":{"line":"A66","mode":"bus","color":"#0059a9","colorDark":"#00294f","band":4,"off":[5.1,1.1]}},{"type":"Feature","geometry":{"type":"Point","coordinates":[21.254034,49.906703]},"properties":{"name":"Lubcza Centrum","band":4,"modes":"bus","arr":["A46","A62"],"off":[0,-0.8]}},{"type":"Feature","geometry":{"type":"Point","coordinates":[21.254034,49.906703]},"properties":{"line":"A46","mode":"bus","color":"#0059a9","colorDark":"#00294f","band":4,"off":[-1.7,1.1]}},{"type":"Feature","geometry":{"type":"Point","coordinates":[21.254034,49.906703]},"properties":{"line":"A62","mode":"bus","color":"#0059a9","colorDark":"#00294f","band":4,"off":[1.7,1.1]}},{"type":"Feature","geometry":{"type":"Point","coordinates":[21.137668,49.879679]},"properties":{"name":"Ryglice Węzeł Przesiadkowy","band":4,"modes":"bus","arr":["A63"],"off":[0,-0.8]}},{"type":"Feature","geometry":{"type":"Point","coordinates":[21.137668,49.879679]},"properties":{"line":"A63","mode":"bus","color":"#0059a9","colorDark":"#00294f","band":4,"off":[0,1.1]}},{"type":"Feature","geometry":{"type":"Point","coordinates":[19.253279,50.034698]},"properties":{"name":"Oświęcim Lodowisko","band":4,"modes":"bus","arr":["A47"],"off":[0,-0.8]}},{"type":"Feature","geometry":{"type":"Point","coordinates":[19.253279,50.034698]},"properties":{"line":"A47","mode":"bus","color":"#0059a9","colorDark":"#00294f","band":4,"off":[0,1.1]}},{"type":"Feature","geometry":{"type":"Point","coordinates":[19.2009,50.041594]},"properties":{"name":"Oświęcim Dworzec PKP","band":4,"modes":"bus","arr":["A66"],"off":[0,-0.8]}},{"type":"Feature","geometry":{"type":"Point","coordinates":[19.2009,50.041594]},"properties":{"line":"A66","mode":"bus","color":"#0059a9","colorDark":"#00294f","band":4,"off":[0,1.1]}},{"type":"Feature","geometry":{"type":"Point","coordinates":[19.582797,49.5891]},"properties":{"name":"Zawoja Krowiarki","band":4,"modes":"bus","arr":["A53"],"off":[0,-0.8]}},{"type":"Feature","geometry":{"type":"Point","coordinates":[19.582797,49.5891]},"properties":{"line":"A53","mode":"bus","color":"#0059a9","colorDark":"#00294f","band":4,"off":[0,1.1]}},{"type":"Feature","geometry":{"type":"Point","coordinates":[20.849404,50.08365]},"properties":{"name":"Radłów Plac Kościuszki","band":4,"modes":"bus","arr":["A54"],"off":[0,-0.8]}},{"type":"Feature","geometry":{"type":"Point","coordinates":[20.849404,50.08365]},"properties":{"line":"A54","mode":"bus","color":"#0059a9","colorDark":"#00294f","band":4,"off":[0,1.1]}},{"type":"Feature","geometry":{"type":"Point","coordinates":[20.650879,49.802467]},"properties":{"name":"Wytrzyszczka","band":4,"modes":"bus","arr":["A55"],"off":[0,-0.8]}},{"type":"Feature","geometry":{"type":"Point","coordinates":[20.650879,49.802467]},"properties":{"line":"A55","mode":"bus","color":"#0059a9","colorDark":"#00294f","band":4,"off":[0,1.1]}},{"type":"Feature","geometry":{"type":"Point","coordinates":[19.717175,49.844617]},"properties":{"name":"Lanckorona Centrum","band":4,"modes":"bus","arr":["A56"],"off":[0,-0.8]}},{"type":"Feature","geometry":{"type":"Point","coordinates":[19.717175,49.844617]},"properties":{"line":"A56","mode":"bus","color":"#0059a9","colorDark":"#00294f","band":4,"off":[0,1.1]}},{"type":"Feature","geometry":{"type":"Point","coordinates":[19.999504,50.039897]},"properties":{"name":"Kraków Mały Płaszów P+R","band":4,"modes":"bus","arr":["A58"],"off":[0,-0.8]}},{"type":"Feature","geometry":{"type":"Point","coordinates":[19.999504,50.039897]},"properties":{"line":"A58","mode":"bus","color":"#0059a9","colorDark":"#00294f","band":4,"off":[0,1.1]}},{"type":"Feature","geometry":{"type":"Point","coordinates":[20.356923,49.935133]},"properties":{"name":"Dąbrowica Szkoła","band":4,"modes":"bus","arr":["A59"],"off":[0,-0.8]}},{"type":"Feature","geometry":{"type":"Point","coordinates":[20.356923,49.935133]},"properties":{"line":"A59","mode":"bus","color":"#0059a9","colorDark":"#00294f","band":4,"off":[0,1.1]}},{"type":"Feature","geometry":{"type":"Point","coordinates":[20.03268,49.54936]},"properties":{"name":"Obidowa Pętla","band":4,"modes":"bus","arr":["A61","A71"],"off":[0,-0.8]}},{"type":"Feature","geometry":{"type":"Point","coordinates":[20.03268,49.54936]},"properties":{"line":"A61","mode":"bus","color":"#0059a9","colorDark":"#00294f","band":4,"off":[-1.7,1.1]}},{"type":"Feature","geometry":{"type":"Point","coordinates":[20.03268,49.54936]},"properties":{"line":"A71","mode":"bus","color":"#0059a9","colorDark":"#00294f","band":4,"off":[1.7,1.1]}},{"type":"Feature","geometry":{"type":"Point","coordinates":[19.79231,49.972648]},"properties":{"name":"Skawina Zachodnia P+ R","band":4,"modes":"bus","arr":["A73"],"off":[0,-0.8]}},{"type":"Feature","geometry":{"type":"Point","coordinates":[19.79231,49.972648]},"properties":{"line":"A73","mode":"bus","color":"#0059a9","colorDark":"#00294f","band":4,"off":[0,1.1]}},{"type":"Feature","geometry":{"type":"Point","coordinates":[20.094776,50.03133]},"properties":{"name":"Brzegi Pętla","band":4,"modes":"bus","arr":["B2","G4"],"off":[0,-0.8]}},{"type":"Feature","geometry":{"type":"Point","coordinates":[20.094776,50.03133]},"properties":{"line":"B2","mode":"bus","color":"#0059a9","colorDark":"#00294f","band":4,"off":[-1.7,1.1]}},{"type":"Feature","geometry":{"type":"Point","coordinates":[20.094776,50.03133]},"properties":{"line":"G4","mode":"bus","color":"#0059a9","colorDark":"#00294f","band":4,"off":[1.7,1.1]}},{"type":"Feature","geometry":{"type":"Point","coordinates":[20.116625,49.942639]},"properties":{"name":"Dobranowice Szkoła","band":4,"modes":"bus","arr":["D2"],"off":[0,-0.8]}},{"type":"Feature","geometry":{"type":"Point","coordinates":[20.116625,49.942639]},"properties":{"line":"D2","mode":"bus","color":"#0059a9","colorDark":"#00294f","band":4,"off":[0,1.1]}},{"type":"Feature","geometry":{"type":"Point","coordinates":[20.013111,49.95408]},"properties":{"name":"Janowice Szkoła","band":4,"modes":"bus","arr":["J1"],"off":[0,-0.8]}},{"type":"Feature","geometry":{"type":"Point","coordinates":[20.013111,49.95408]},"properties":{"line":"J1","mode":"bus","color":"#0059a9","colorDark":"#00294f","band":4,"off":[0,1.1]}},{"type":"Feature","geometry":{"type":"Point","coordinates":[20.086376,49.977513]},"properties":{"name":"Lednica Górna Zakręt","band":4,"modes":"bus","arr":["L1"],"off":[0,-0.8]}},{"type":"Feature","geometry":{"type":"Point","coordinates":[20.086376,49.977513]},"properties":{"line":"L1","mode":"bus","color":"#0059a9","colorDark":"#00294f","band":4,"off":[0,1.1]}},{"type":"Feature","geometry":{"type":"Point","coordinates":[20.062191,49.924355]},"properties":{"name":"Jankówka Skrzyżowanie","band":4,"modes":"bus","arr":["R2"],"off":[0,-0.8]}},{"type":"Feature","geometry":{"type":"Point","coordinates":[20.062191,49.924355]},"properties":{"line":"R2","mode":"bus","color":"#0059a9","colorDark":"#00294f","band":4,"off":[0,1.1]}},{"type":"Feature","geometry":{"type":"Point","coordinates":[19.913794,50.052729]},"properties":{"name":"Salwator","band":4,"modes":"tram","arr":["1","13"],"off":[0,-0.8]}},{"type":"Feature","geometry":{"type":"Point","coordinates":[19.913794,50.052729]},"properties":{"line":"1","mode":"tram","color":"#d6212b","colorDark":"#7c1116","band":4,"off":[-1.7,1.1]}},{"type":"Feature","geometry":{"type":"Point","coordinates":[19.913794,50.052729]},"properties":{"line":"13","mode":"tram","color":"#d6212b","colorDark":"#7c1116","band":4,"off":[1.7,1.1]}},{"type":"Feature","geometry":{"type":"Point","coordinates":[20.064855,50.094596]},"properties":{"name":"Wzgórza Krzesławickie","band":4,"modes":"tram","arr":["1","5","74"],"off":[0,-0.8]}},{"type":"Feature","geometry":{"type":"Point","coordinates":[20.064855,50.094596]},"properties":{"line":"1","mode":"tram","color":"#d6212b","colorDark":"#7c1116","band":4,"off":[-3.4,1.1]}},{"type":"Feature","geometry":{"type":"Point","coordinates":[20.064855,50.094596]},"properties":{"line":"5","mode":"tram","color":"#d6212b","colorDark":"#7c1116","band":4,"off":[0,1.1]}},{"type":"Feature","geometry":{"type":"Point","coordinates":[20.064855,50.094596]},"properties":{"line":"74","mode":"tram","color":"#d6212b","colorDark":"#7c1116","band":4,"off":[3.4,1.1]}},{"type":"Feature","geometry":{"type":"Point","coordinates":[20.023064,50.015594]},"properties":{"name":"Nowy Bieżanów P+R","band":4,"modes":"tram","arr":["3","9","13","49","69"],"off":[0,-0.8]}},{"type":"Feature","geometry":{"type":"Point","coordinates":[20.023064,50.015594]},"properties":{"line":"3","mode":"tram","color":"#d6212b","colorDark":"#7c1116","band":4,"off":[-6.8,1.1]}},{"type":"Feature","geometry":{"type":"Point","coordinates":[20.023064,50.015594]},"properties":{"line":"9","mode":"tram","color":"#d6212b","colorDark":"#7c1116","band":4,"off":[-3.4,1.1]}},{"type":"Feature","geometry":{"type":"Point","coordinates":[20.023064,50.015594]},"properties":{"line":"13","mode":"tram","color":"#d6212b","colorDark":"#7c1116","band":4,"off":[0,1.1]}},{"type":"Feature","geometry":{"type":"Point","coordinates":[20.023064,50.015594]},"properties":{"line":"49","mode":"tram","color":"#d6212b","colorDark":"#7c1116","band":4,"off":[3.4,1.1]}},{"type":"Feature","geometry":{"type":"Point","coordinates":[20.023064,50.015594]},"properties":{"line":"69","mode":"tram","color":"#000000","colorDark":"#000000","band":4,"off":[6.8,1.1]}},{"type":"Feature","geometry":{"type":"Point","coordinates":[19.931661,50.089386]},"properties":{"name":"Krowodrza Górka P+R","band":4,"modes":"tram","arr":["3","5"],"off":[0,-0.8]}},{"type":"Feature","geometry":{"type":"Point","coordinates":[19.931661,50.089386]},"properties":{"line":"3","mode":"tram","color":"#d6212b","colorDark":"#7c1116","band":4,"off":[-1.7,1.1]}},{"type":"Feature","geometry":{"type":"Point","coordinates":[19.931661,50.089386]},"properties":{"line":"5","mode":"tram","color":"#d6212b","colorDark":"#7c1116","band":4,"off":[1.7,1.1]}},{"type":"Feature","geometry":{"type":"Point","coordinates":[19.940383,50.075925]},"properties":{"name":"Dworzec Towarowy","band":4,"modes":"tram","arr":["14","20"],"off":[0,-0.8]}},{"type":"Feature","geometry":{"type":"Point","coordinates":[19.940383,50.075925]},"properties":{"line":"14","mode":"tram","color":"#d6212b","colorDark":"#7c1116","band":4,"off":[-1.7,1.1]}},{"type":"Feature","geometry":{"type":"Point","coordinates":[19.940383,50.075925]},"properties":{"line":"20","mode":"tram","color":"#d6212b","colorDark":"#7c1116","band":4,"off":[1.7,1.1]}},{"type":"Feature","geometry":{"type":"Point","coordinates":[19.927011,50.013093]},"properties":{"name":"Borek Fałęcki","band":4,"modes":"tram","arr":["8","22","50"],"off":[0,-0.8]}},{"type":"Feature","geometry":{"type":"Point","coordinates":[19.927011,50.013093]},"properties":{"line":"8","mode":"tram","color":"#d6212b","colorDark":"#7c1116","band":4,"off":[-3.4,1.1]}},{"type":"Feature","geometry":{"type":"Point","coordinates":[19.927011,50.013093]},"properties":{"line":"22","mode":"tram","color":"#d6212b","colorDark":"#7c1116","band":4,"off":[0,1.1]}},{"type":"Feature","geometry":{"type":"Point","coordinates":[19.927011,50.013093]},"properties":{"line":"50","mode":"tram","color":"#d6212b","colorDark":"#7c1116","band":4,"off":[3.4,1.1]}},{"type":"Feature","geometry":{"type":"Point","coordinates":[19.903375,50.062937]},"properties":{"name":"Cichy Kącik","band":4,"modes":"tram","arr":["8","77"],"off":[0,-0.8]}},{"type":"Feature","geometry":{"type":"Point","coordinates":[19.903375,50.062937]},"properties":{"line":"8","mode":"tram","color":"#d6212b","colorDark":"#7c1116","band":4,"off":[-1.7,1.1]}},{"type":"Feature","geometry":{"type":"Point","coordinates":[19.903375,50.062937]},"properties":{"line":"77","mode":"tram","color":"#d6212b","colorDark":"#7c1116","band":4,"off":[1.7,1.1]}},{"type":"Feature","geometry":{"type":"Point","coordinates":[20.021371,50.090091]},"properties":{"name":"Rondo Hipokratesa","band":4,"modes":"tram","arr":["9"],"off":[0,-0.8]}},{"type":"Feature","geometry":{"type":"Point","coordinates":[20.021371,50.090091]},"properties":{"line":"9","mode":"tram","color":"#d6212b","colorDark":"#7c1116","band":4,"off":[0,1.1]}},{"type":"Feature","geometry":{"type":"Point","coordinates":[20.064912,50.067772]},"properties":{"name":"Bardosa","band":4,"modes":"tram","arr":["16"],"off":[0,-0.8]}},{"type":"Feature","geometry":{"type":"Point","coordinates":[20.064912,50.067772]},"properties":{"line":"16","mode":"tram","color":"#d6212b","colorDark":"#7c1116","band":4,"off":[0,1.1]}},{"type":"Feature","geometry":{"type":"Point","coordinates":[19.948094,50.014078]},"properties":{"name":"Kurdwanów P+R","band":4,"modes":"tram","arr":["10","74"],"off":[0,-0.8]}},{"type":"Feature","geometry":{"type":"Point","coordinates":[19.948094,50.014078]},"properties":{"line":"10","mode":"tram","color":"#d6212b","colorDark":"#7c1116","band":4,"off":[-1.7,1.1]}},{"type":"Feature","geometry":{"type":"Point","coordinates":[19.948094,50.014078]},"properties":{"line":"74","mode":"tram","color":"#d6212b","colorDark":"#7c1116","band":4,"off":[1.7,1.1]}},{"type":"Feature","geometry":{"type":"Point","coordinates":[20.001503,50.040064]},"properties":{"name":"Mały Płaszów P+R","band":4,"modes":"tram","arr":["11","20","76"],"off":[0,-0.8]}},{"type":"Feature","geometry":{"type":"Point","coordinates":[20.001503,50.040064]},"properties":{"line":"11","mode":"tram","color":"#d6212b","colorDark":"#7c1116","band":4,"off":[-3.4,1.1]}},{"type":"Feature","geometry":{"type":"Point","coordinates":[20.001503,50.040064]},"properties":{"line":"20","mode":"tram","color":"#d6212b","colorDark":"#7c1116","band":4,"off":[0,1.1]}},{"type":"Feature","geometry":{"type":"Point","coordinates":[20.001503,50.040064]},"properties":{"line":"76","mode":"tram","color":"#d6212b","colorDark":"#7c1116","band":4,"off":[3.4,1.1]}},{"type":"Feature","geometry":{"type":"Point","coordinates":[19.995526,50.094875]},"properties":{"name":"Mistrzejowice","band":4,"modes":"tram","arr":["14","16"],"off":[0,-0.8]}},{"type":"Feature","geometry":{"type":"Point","coordinates":[19.995526,50.094875]},"properties":{"line":"14","mode":"tram","color":"#d6212b","colorDark":"#7c1116","band":4,"off":[-1.7,1.1]}},{"type":"Feature","geometry":{"type":"Point","coordinates":[19.995526,50.094875]},"properties":{"line":"16","mode":"tram","color":"#d6212b","colorDark":"#7c1116","band":4,"off":[1.7,1.1]}},{"type":"Feature","geometry":{"type":"Point","coordinates":[19.962464,50.104864]},"properties":{"name":"Górka Narodowa P+R","band":4,"modes":"tram","arr":["18","50","75","69"],"off":[0,-0.8]}},{"type":"Feature","geometry":{"type":"Point","coordinates":[19.962464,50.104864]},"properties":{"line":"18","mode":"tram","color":"#d6212b","colorDark":"#7c1116","band":4,"off":[-5.1,1.1]}},{"type":"Feature","geometry":{"type":"Point","coordinates":[19.962464,50.104864]},"properties":{"line":"50","mode":"tram","color":"#d6212b","colorDark":"#7c1116","band":4,"off":[-1.7,1.1]}},{"type":"Feature","geometry":{"type":"Point","coordinates":[19.962464,50.104864]},"properties":{"line":"75","mode":"tram","color":"#d6212b","colorDark":"#7c1116","band":4,"off":[1.7,1.1]}},{"type":"Feature","geometry":{"type":"Point","coordinates":[19.962464,50.104864]},"properties":{"line":"69","mode":"tram","color":"#000000","colorDark":"#000000","band":4,"off":[5.1,1.1]}},{"type":"Feature","geometry":{"type":"Point","coordinates":[20.067076,50.069652]},"properties":{"name":"Kopiec Wandy","band":4,"modes":"tram","arr":["22","75"],"off":[0,-0.8]}},{"type":"Feature","geometry":{"type":"Point","coordinates":[20.067076,50.069652]},"properties":{"line":"22","mode":"tram","color":"#d6212b","colorDark":"#7c1116","band":4,"off":[-1.7,1.1]}},{"type":"Feature","geometry":{"type":"Point","coordinates":[20.067076,50.069652]},"properties":{"line":"75","mode":"tram","color":"#d6212b","colorDark":"#7c1116","band":4,"off":[1.7,1.1]}},{"type":"Feature","geometry":{"type":"Point","coordinates":[20.012061,50.101981]},"properties":{"name":"Os. Piastów","band":4,"modes":"tram","arr":["21","52"],"off":[0,-0.8]}},{"type":"Feature","geometry":{"type":"Point","coordinates":[20.012061,50.101981]},"properties":{"line":"21","mode":"tram","color":"#d6212b","colorDark":"#7c1116","band":4,"off":[-1.7,1.1]}},{"type":"Feature","geometry":{"type":"Point","coordinates":[20.012061,50.101981]},"properties":{"line":"52","mode":"tram","color":"#d6212b","colorDark":"#7c1116","band":4,"off":[1.7,1.1]}},{"type":"Feature","geometry":{"type":"Point","coordinates":[19.985167,50.072101]},"properties":{"name":"TAURON Arena Kraków Wieczysta","band":4,"modes":"tram","arr":["49"],"off":[0,-0.8]}},{"type":"Feature","geometry":{"type":"Point","coordinates":[19.985167,50.072101]},"properties":{"line":"49","mode":"tram","color":"#d6212b","colorDark":"#7c1116","band":4,"off":[0,1.1]}},{"type":"Feature","geometry":{"type":"Point","coordinates":[19.9574,50.074278]},"properties":{"name":"Cmentarz Rakowicki","band":4,"modes":"tram","arr":["76"],"off":[0,-0.8]}},{"type":"Feature","geometry":{"type":"Point","coordinates":[19.9574,50.074278]},"properties":{"line":"76","mode":"tram","color":"#d6212b","colorDark":"#7c1116","band":4,"off":[0,1.1]}},{"type":"Feature","geometry":{"type":"Point","coordinates":[20.702702,49.606498]},"properties":{"name":"Nowy Sącz","band":4,"modes":"metro","arr":["Dunajec","KML"],"off":[0,-0.8]}},{"type":"Feature","geometry":{"type":"Point","coordinates":[20.702702,49.606498]},"properties":{"line":"Dunajec","mode":"tram","color":"#a518a3","colorDark":"#5a0c59","band":4,"metro":1,"off":[-1.7,1.1]}},{"type":"Feature","geometry":{"type":"Point","coordinates":[20.702702,49.606498]},"properties":{"line":"KML","mode":"tram","color":"#a518a3","colorDark":"#5a0c59","band":4,"metro":1,"off":[1.7,1.1]}},{"type":"Feature","geometry":{"type":"Point","coordinates":[20.975422,50.005307]},"properties":{"name":"Tarnów","band":4,"modes":"metro","arr":["SKA3"],"off":[0,-0.8]}},{"type":"Feature","geometry":{"type":"Point","coordinates":[20.975422,50.005307]},"properties":{"line":"SKA3","mode":"tram","color":"#F2C43B","colorDark":"#856c20","band":4,"metro":1,"off":[0,1.1]}},{"type":"Feature","geometry":{"type":"Point","coordinates":[19.948008,50.068426]},"properties":{"name":"Kraków Główny","band":4,"modes":"metro","arr":["Dunajec","Hubal","Luxtorpeda","SKA1","SKA2","SKA3"],"off":[0,-0.8]}},{"type":"Feature","geometry":{"type":"Point","coordinates":[19.948008,50.068426]},"properties":{"line":"Dunajec","mode":"tram","color":"#a518a3","colorDark":"#5a0c59","band":4,"metro":1,"off":[-6.8,1.1]}},{"type":"Feature","geometry":{"type":"Point","coordinates":[19.948008,50.068426]},"properties":{"line":"Hubal","mode":"tram","color":"#a518a3","colorDark":"#5a0c59","band":4,"metro":1,"off":[-3.4,1.1]}},{"type":"Feature","geometry":{"type":"Point","coordinates":[19.948008,50.068426]},"properties":{"line":"Luxtorpeda","mode":"tram","color":"#a518a3","colorDark":"#5a0c59","band":4,"metro":1,"off":[0,1.1]}},{"type":"Feature","geometry":{"type":"Point","coordinates":[19.948008,50.068426]},"properties":{"line":"SKA1","mode":"tram","color":"#60B6F0","colorDark":"#356484","band":4,"metro":1,"off":[3.4,1.1]}},{"type":"Feature","geometry":{"type":"Point","coordinates":[19.948008,50.068426]},"properties":{"line":"SKA2","mode":"tram","color":"#D4328A","colorDark":"#751c4c","band":4,"metro":1,"off":[6.8,1.1]}},{"type":"Feature","geometry":{"type":"Point","coordinates":[19.948008,50.068426]},"properties":{"line":"SKA3","mode":"tram","color":"#F2C43B","colorDark":"#856c20","band":4,"metro":1,"off":[0,3.1]}},{"type":"Feature","geometry":{"type":"Point","coordinates":[19.200152,50.041657]},"properties":{"name":"Oświęcim","band":4,"modes":"metro","arr":["Dunajec","SKA2","SKA3"],"off":[0,-0.8]}},{"type":"Feature","geometry":{"type":"Point","coordinates":[19.200152,50.041657]},"properties":{"line":"Dunajec","mode":"tram","color":"#a518a3","colorDark":"#5a0c59","band":4,"metro":1,"off":[-3.4,1.1]}},{"type":"Feature","geometry":{"type":"Point","coordinates":[19.200152,50.041657]},"properties":{"line":"SKA2","mode":"tram","color":"#D4328A","colorDark":"#751c4c","band":4,"metro":1,"off":[0,1.1]}},{"type":"Feature","geometry":{"type":"Point","coordinates":[19.200152,50.041657]},"properties":{"line":"SKA3","mode":"tram","color":"#F2C43B","colorDark":"#856c20","band":4,"metro":1,"off":[3.4,1.1]}},{"type":"Feature","geometry":{"type":"Point","coordinates":[21.470438,49.737429]},"properties":{"name":"Jasło","band":4,"modes":"metro","arr":["Hubal","KML"],"off":[0,-0.8]}},{"type":"Feature","geometry":{"type":"Point","coordinates":[21.470438,49.737429]},"properties":{"line":"Hubal","mode":"tram","color":"#a518a3","colorDark":"#5a0c59","band":4,"metro":1,"off":[-1.7,1.1]}},{"type":"Feature","geometry":{"type":"Point","coordinates":[21.470438,49.737429]},"properties":{"line":"KML","mode":"tram","color":"#a518a3","colorDark":"#5a0c59","band":4,"metro":1,"off":[1.7,1.1]}},{"type":"Feature","geometry":{"type":"Point","coordinates":[19.963011,49.300907]},"properties":{"name":"Zakopane","band":4,"modes":"metro","arr":["Luxtorpeda"],"off":[0,-0.8]}},{"type":"Feature","geometry":{"type":"Point","coordinates":[19.963011,49.300907]},"properties":{"line":"Luxtorpeda","mode":"tram","color":"#a518a3","colorDark":"#5a0c59","band":4,"metro":1,"off":[0,1.1]}},{"type":"Feature","geometry":{"type":"Point","coordinates":[19.822646,49.977248]},"properties":{"name":"Skawina","band":4,"modes":"metro","arr":["SKA2"],"off":[0,-0.8]}},{"type":"Feature","geometry":{"type":"Point","coordinates":[19.822646,49.977248]},"properties":{"line":"SKA2","mode":"tram","color":"#D4328A","colorDark":"#751c4c","band":4,"metro":1,"off":[0,1.1]}},{"type":"Feature","geometry":{"type":"Point","coordinates":[20.056806,49.98564]},"properties":{"name":"Wieliczka Rynek-Kopalnia","band":4,"modes":"metro","arr":["SKA1"],"off":[0,-0.8]}},{"type":"Feature","geometry":{"type":"Point","coordinates":[20.056806,49.98564]},"properties":{"line":"SKA1","mode":"tram","color":"#60B6F0","colorDark":"#356484","band":4,"metro":1,"off":[0,1.1]}},{"type":"Feature","geometry":{"type":"Point","coordinates":[19.801365,50.071019]},"properties":{"name":"Kraków Lotnisko","band":4,"modes":"metro","arr":["SKA1"],"off":[0,-0.8]}},{"type":"Feature","geometry":{"type":"Point","coordinates":[19.801365,50.071019]},"properties":{"line":"SKA1","mode":"tram","color":"#60B6F0","colorDark":"#356484","band":4,"metro":1,"off":[0,1.1]}},{"type":"Feature","geometry":{"type":"Point","coordinates":[20.012188,50.475212]},"properties":{"name":"Kozłów","band":4,"modes":"metro","arr":["SKA2"],"off":[0,-0.8]}},{"type":"Feature","geometry":{"type":"Point","coordinates":[20.012188,50.475212]},"properties":{"line":"SKA2","mode":"tram","color":"#D4328A","colorDark":"#751c4c","band":4,"metro":1,"off":[0,1.1]}},{"type":"Feature","geometry":{"type":"Point","coordinates":[20.054997,50.565865]},"properties":{"name":"Sędziszów","band":4,"modes":"metro","arr":["SKA2"],"off":[0,-0.8]}},{"type":"Feature","geometry":{"type":"Point","coordinates":[20.054997,50.565865]},"properties":{"line":"SKA2","mode":"tram","color":"#D4328A","colorDark":"#751c4c","band":4,"metro":1,"off":[0,1.1]}}]}