{"type":"FeatureCollection","features":[{"type":"Feature","properties":{"mode":"bus","n":15,"arr":["102","137","138","150","168","194","207","220","227","240","267","290","337","669","937"],"lines":"102, 137, 138, 150, 168, 194, 207, 220, 227, 240, 267, 290, 337, 669, 937"},"geometry":{"type":"LineString","coordinates":[[19.931201,50.087925],[19.931202,50.087869],[19.931281,50.087809]]}},{"type":"Feature","properties":{"mode":"bus","n":5,"arr":["102","126","192","300","902"],"lines":"102, 126, 192, 300, 902"},"geometry":{"type":"LineString","coordinates":[[19.846667,50.067919],[19.846736,50.067979],[19.846891,50.068006],[19.847011,50.067977],[19.847179,50.067994],[19.847673,50.067941],[19.847688,50.067939],[19.847698,50.067937],[19.847701,50.067935],[19.847698,50.067932],[19.847689,50.06793],[19.847674,50.067928],[19.847235,50.067869],[19.846974,50.067796]]}},{"type":"Feature","properties":{"mode":"bus","n":5,"arr":["102","126","192","300","902"],"lines":"102, 126, 192, 300, 902"},"geometry":{"type":"LineString","coordinates":[[19.846753,50.067789],[19.846672,50.067842]]}},{"type":"Feature","properties":{"mode":"bus","n":5,"arr":["102","126","192","300","902"],"lines":"102, 126, 192, 300, 902"},"geometry":{"type":"LineString","coordinates":[[19.86907,50.067205],[19.870579,50.066669],[19.8711,50.066563],[19.871582,50.066536],[19.873308,50.066548],[19.874013,50.066514],[19.874273,50.066447],[19.874558,50.06634],[19.875799,50.065726],[19.876405,50.065519]]}},{"type":"Feature","properties":{"mode":"bus","n":5,"arr":["102","126","192","300","902"],"lines":"102, 126, 192, 300, 902"},"geometry":{"type":"LineString","coordinates":[[19.847728,50.067935],[19.847976,50.067955],[19.84812,50.067942],[19.848379,50.067888],[19.848753,50.067759],[19.849095,50.067675],[19.85038,50.067499],[19.850673,50.067483],[19.851209,50.067538]]}},{"type":"Feature","properties":{"mode":"bus","n":14,"arr":["102","137","138","150","168","194","207","220","227","240","267","290","337","937"],"lines":"102, 137, 138, 150, 168, 194, 207, 220, 227, 240, 267, 290, 337, 937"},"geometry":{"type":"LineString","coordinates":[[19.93142,50.087819],[19.931583,50.087904],[19.932634,50.08823]]}},{"type":"Feature","properties":{"mode":"bus","n":6,"arr":["104","194","204","293","494","608"],"lines":"104, 194, 204, 293, 494, 608"},"geometry":{"type":"LineString","coordinates":[[19.905128,50.006915],[19.905236,50.006916],[19.905326,50.006953]]}},{"type":"Feature","properties":{"mode":"bus","n":6,"arr":["104","194","204","293","494","608"],"lines":"104, 194, 204, 293, 494, 608"},"geometry":{"type":"LineString","coordinates":[[19.905363,50.007081],[19.905304,50.007134],[19.905183,50.007163]]}},{"type":"Feature","properties":{"mode":"bus","n":6,"arr":["104","194","204","293","494","608"],"lines":"104, 194, 204, 293, 494, 608"},"geometry":{"type":"LineString","coordinates":[[19.904987,50.007064],[19.904913,50.007013],[19.904364,50.006798],[19.9038,50.006629],[19.903035,50.006474],[19.902476,50.00642],[19.901722,50.006414],[19.898936,50.006532],[19.898489,50.006581],[19.897909,50.006702]]}},{"type":"Feature","properties":{"mode":"bus","n":6,"arr":["104","194","204","293","494","608"],"lines":"104, 194, 204, 293, 494, 608"},"geometry":{"type":"LineString","coordinates":[[19.896277,50.007215],[19.89583,50.007392],[19.895429,50.00747],[19.89486,50.00752],[19.893624,50.007566]]}},{"type":"Feature","properties":{"mode":"bus","n":6,"arr":["104","194","204","293","494","608"],"lines":"104, 194, 204, 293, 494, 608"},"geometry":{"type":"LineString","coordinates":[[19.897909,50.006702],[19.897767,50.006756],[19.896952,50.00696],[19.896325,50.007197],[19.896311,50.007202],[19.896302,50.007204],[19.896298,50.007204],[19.896299,50.007201],[19.896304,50.007196],[19.896314,50.007188],[19.89647,50.007073],[19.896799,50.006917],[19.897411,50.006748],[19.897791,50.006699],[19.897909,50.006702]]}},{"type":"Feature","properties":{"mode":"bus","n":8,"arr":["104","121","151","194","204","293","494","608"],"lines":"104, 121, 151, 194, 204, 293, 494, 608"},"geometry":{"type":"LineString","coordinates":[[19.905326,50.006953],[19.905372,50.007015],[19.905363,50.007081]]}},{"type":"Feature","properties":{"mode":"bus","n":8,"arr":["104","121","151","194","204","293","494","608"],"lines":"104, 121, 151, 194, 204, 293, 494, 608"},"geometry":{"type":"LineString","coordinates":[[19.905183,50.007163],[19.905064,50.00714],[19.904987,50.007064]]}},{"type":"Feature","properties":{"mode":"bus","n":8,"arr":["104","121","151","194","204","293","494","608"],"lines":"104, 121, 151, 194, 204, 293, 494, 608"},"geometry":{"type":"LineString","coordinates":[[19.905128,50.006915],[19.90506,50.006935]]}},{"type":"Feature","properties":{"mode":"bus","n":6,"arr":["111","160","161","171","211","271"],"lines":"111, 160, 161, 171, 211, 271"},"geometry":{"type":"LineString","coordinates":[[20.143887,50.075572],[20.144476,50.075585],[20.144825,50.075568],[20.145221,50.075659],[20.146733,50.07584],[20.147001,50.07585],[20.147882,50.075743],[20.148032,50.075675],[20.14812,50.075586],[20.14826,50.075558],[20.148422,50.07559],[20.148474,50.075633],[20.148469,50.075747],[20.148525,50.075811],[20.148919,50.076025],[20.149262,50.076118],[20.15031,50.076335]]}},{"type":"Feature","properties":{"mode":"bus","n":6,"arr":["111","160","161","171","211","271"],"lines":"111, 160, 161, 171, 211, 271"},"geometry":{"type":"LineString","coordinates":[[20.11726,50.072764],[20.1172,50.072796],[20.117174,50.072815],[20.117164,50.07284],[20.117157,50.072891],[20.117543,50.07327],[20.11758,50.073294],[20.117628,50.073307],[20.117734,50.073321],[20.118301,50.073118]]}},{"type":"Feature","properties":{"mode":"bus","n":6,"arr":["111","160","161","171","211","271"],"lines":"111, 160, 161, 171, 211, 271"},"geometry":{"type":"LineString","coordinates":[[20.11734,50.072758],[20.117808,50.072806],[20.117916,50.072864],[20.118141,50.073072]]}},{"type":"Feature","properties":{"mode":"bus","n":6,"arr":["111","160","161","171","211","271"],"lines":"111, 160, 161, 171, 211, 271"},"geometry":{"type":"LineString","coordinates":[[20.130593,50.073975],[20.13177,50.07402],[20.131999,50.074045],[20.133008,50.074022],[20.133276,50.074068],[20.135041,50.074509]]}},{"type":"Feature","properties":{"mode":"bus","n":6,"arr":["111","160","161","171","211","271"],"lines":"111, 160, 161, 171, 211, 271"},"geometry":{"type":"LineString","coordinates":[[20.151171,50.076537],[20.150775,50.076522],[20.15044,50.076549],[20.150126,50.076473],[20.149791,50.076428],[20.148076,50.076335],[20.145929,50.075913]]}},{"type":"Feature","properties":{"mode":"bus","n":6,"arr":["111","160","161","171","211","271"],"lines":"111, 160, 161, 171, 211, 271"},"geometry":{"type":"LineString","coordinates":[[20.135005,50.074594],[20.13385,50.074547],[20.133258,50.074595],[20.132873,50.074585],[20.131341,50.074218],[20.130552,50.074073]]}},{"type":"Feature","properties":{"mode":"bus","n":6,"arr":["111","160","161","171","211","271"],"lines":"111, 160, 161, 171, 211, 271"},"geometry":{"type":"LineString","coordinates":[[20.156092,50.07702],[20.15609,50.07714]]}},{"type":"Feature","properties":{"mode":"bus","n":9,"arr":["120","220","227","267","337","513","937","A12","A13"],"lines":"120, 220, 227, 267, 337, 513, 937, A12, A13"},"geometry":{"type":"LineString","coordinates":[[19.923145,50.102251],[19.923056,50.102098],[19.923093,50.101977],[19.925659,50.098637],[19.926536,50.097613],[19.927945,50.096195],[19.928374,50.095694],[19.928982,50.094819]]}},{"type":"Feature","properties":{"mode":"bus","n":7,"arr":["120","220","227","267","337","513","937"],"lines":"120, 220, 227, 267, 337, 513, 937"},"geometry":{"type":"LineString","coordinates":[[19.922808,50.102424],[19.922919,50.102423],[19.923067,50.102369]]}},{"type":"Feature","properties":{"mode":"bus","n":7,"arr":["120","200","210","230","310","910","LR0"],"lines":"120, 200, 210, 230, 310, 910, LR0"},"geometry":{"type":"LineString","coordinates":[[19.877827,50.108413],[19.878196,50.108098],[19.878632,50.107777],[19.879296,50.107386],[19.879413,50.107338],[19.879503,50.107326],[19.879545,50.107313],[19.879574,50.10729],[19.879617,50.107232]]}},{"type":"Feature","properties":{"mode":"bus","n":7,"arr":["120","200","210","230","310","910","LR0"],"lines":"120, 200, 210, 230, 310, 910, LR0"},"geometry":{"type":"LineString","coordinates":[[19.879283,50.107243],[19.879289,50.107198]]}},{"type":"Feature","properties":{"mode":"bus","n":7,"arr":["120","200","210","230","310","910","LR0"],"lines":"120, 200, 210, 230, 310, 910, LR0"},"geometry":{"type":"LineString","coordinates":[[19.879447,50.107126],[19.879521,50.107136]]}},{"type":"Feature","properties":{"mode":"bus","n":16,"arr":["120","200","210","230","238","248","258","268","278","288","310","511","611","910","948","LR0"],"lines":"120, 200, 210, 230, 238, 248, 258, 268, 278, 288, 310, 511, 611, 910, 948, LR0"},"geometry":{"type":"LineString","coordinates":[[19.891872,50.087214],[19.892058,50.087466],[19.892129,50.087679]]}},{"type":"Feature","properties":{"mode":"bus","n":10,"arr":["120","173","238","248","258","268","278","288","572","948"],"lines":"120, 173, 238, 248, 258, 268, 278, 288, 572, 948"},"geometry":{"type":"LineString","coordinates":[[19.892129,50.087679],[19.891387,50.087652]]}},{"type":"Feature","properties":{"mode":"bus","n":6,"arr":["120","227","267","337","513","937"],"lines":"120, 227, 267, 337, 513, 937"},"geometry":{"type":"LineString","coordinates":[[19.922598,50.102348],[19.922522,50.102188]]}},{"type":"Feature","properties":{"mode":"bus","n":6,"arr":["120","227","267","337","513","937"],"lines":"120, 227, 267, 337, 513, 937"},"geometry":{"type":"LineString","coordinates":[[19.922637,50.102048],[19.92282,50.102017],[19.922961,50.101933],[19.925955,50.098084],[19.92643,50.097551],[19.927259,50.096719],[19.927969,50.095925],[19.928419,50.095372],[19.928806,50.094791]]}},{"type":"Feature","properties":{"mode":"bus","n":5,"arr":["120","227","267","337","937"],"lines":"120, 227, 267, 337, 937"},"geometry":{"type":"LineString","coordinates":[[19.922522,50.102188],[19.922545,50.102111],[19.922637,50.102048]]}},{"type":"Feature","properties":{"mode":"bus","n":12,"arr":["122","189","202","212","222","232","262","572","608","664","A50","A57"],"lines":"122, 189, 202, 212, 222, 232, 262, 572, 608, 664, A50, A57"},"geometry":{"type":"LineString","coordinates":[[20.027583,50.080024],[20.027394,50.080025]]}},{"type":"Feature","properties":{"mode":"bus","n":12,"arr":["122","189","202","212","222","232","262","572","608","664","A50","A57"],"lines":"122, 189, 202, 212, 222, 232, 262, 572, 608, 664, A50, A57"},"geometry":{"type":"LineString","coordinates":[[20.026795,50.079773],[20.02673,50.079619]]}},{"type":"Feature","properties":{"mode":"bus","n":12,"arr":["122","189","202","212","222","232","262","572","608","664","A50","A57"],"lines":"122, 189, 202, 212, 222, 232, 262, 572, 608, 664, A50, A57"},"geometry":{"type":"LineString","coordinates":[[20.027125,50.079238],[20.027276,50.079243]]}},{"type":"Feature","properties":{"mode":"bus","n":12,"arr":["122","189","202","212","222","232","262","572","608","664","A50","A57"],"lines":"122, 189, 202, 212, 222, 232, 262, 572, 608, 664, A50, A57"},"geometry":{"type":"LineString","coordinates":[[20.027874,50.079472],[20.027935,50.079615]]}},{"type":"Feature","properties":{"mode":"bus","n":8,"arr":["122","202","212","222","232","262","A50","A57"],"lines":"122, 202, 212, 222, 232, 262, A50, A57"},"geometry":{"type":"LineString","coordinates":[[20.027394,50.080025],[20.02701,50.079945],[20.026849,50.079849],[20.026795,50.079773]]}},{"type":"Feature","properties":{"mode":"bus","n":5,"arr":["123","132","139","601","664"],"lines":"123, 132, 139, 601, 664"},"geometry":{"type":"LineString","coordinates":[[20.021843,50.090692],[20.021635,50.090788],[20.021458,50.090825],[20.020482,50.090879],[20.017894,50.09128],[20.017612,50.091355],[20.017168,50.091533],[20.016862,50.091699],[20.016642,50.091852]]}},{"type":"Feature","properties":{"mode":"bus","n":5,"arr":["123","132","139","601","664"],"lines":"123, 132, 139, 601, 664"},"geometry":{"type":"LineString","coordinates":[[20.017502,50.09121],[20.017996,50.091089],[20.020338,50.090732],[20.021119,50.090452]]}},{"type":"Feature","properties":{"mode":"bus","n":5,"arr":["123","132","139","601","664"],"lines":"123, 132, 139, 601, 664"},"geometry":{"type":"LineString","coordinates":[[20.016452,50.091747],[20.016823,50.0915],[20.017054,50.091389]]}},{"type":"Feature","properties":{"mode":"bus","n":9,"arr":["124","128","182","189","424","482","511","601","611"],"lines":"124, 128, 182, 189, 424, 482, 511, 601, 611"},"geometry":{"type":"LineString","coordinates":[[19.973679,50.080912],[19.973857,50.080775],[19.973875,50.080756],[19.97388,50.080735],[19.973873,50.080713],[19.973792,50.080579],[19.97356,50.08046]]}},{"type":"Feature","properties":{"mode":"bus","n":21,"arr":["124","144","164","169","173","179","194","300","301","424","469","494","503","513","608","610","708","A1","A40","A56","LR0"],"lines":"124, 144, 164, 169, 173, 179, 194, 300, 301, 424, 469, 494, 503, 513, 608, 610, 708, A1, A40, A56, LR0"},"geometry":{"type":"LineString","coordinates":[[19.931529,50.049043],[19.931546,50.048979]]}},{"type":"Feature","properties":{"mode":"bus","n":19,"arr":["124","144","164","169","173","179","300","301","424","469","503","513","608","610","708","A1","A40","A56","LR0"],"lines":"124, 144, 164, 169, 173, 179, 300, 301, 424, 469, 503, 513, 608, 610, 708, A1, A40, A56, LR0"},"geometry":{"type":"LineString","coordinates":[[19.931546,50.048979],[19.931638,50.048762],[19.931912,50.048571]]}},{"type":"Feature","properties":{"mode":"bus","n":23,"arr":["124","144","164","169","173","179","194","300","301","304","424","494","503","513","608","708","A1","A14","A40","A44","A56","A64","LR0"],"lines":"124, 144, 164, 169, 173, 179, 194, 300, 301, 304, 424, 494, 503, 513, 608, 708, A1, A14, A40, A44, A56, A64, LR0"},"geometry":{"type":"LineString","coordinates":[[19.931033,50.05077],[19.931859,50.05003],[19.93259,50.049084]]}},{"type":"Feature","properties":{"mode":"bus","n":13,"arr":["125","182","189","192","317","482","511","A1","A14","A40","A44","A56","A64"],"lines":"125, 182, 189, 192, 317, 482, 511, A1, A14, A40, A44, A56, A64"},"geometry":{"type":"LineString","coordinates":[[19.949774,50.069196],[19.949869,50.069137],[19.949913,50.069025]]}},{"type":"Feature","properties":{"mode":"bus","n":13,"arr":["125","182","189","192","317","482","511","A1","A14","A40","A44","A56","A64"],"lines":"125, 182, 189, 192, 317, 482, 511, A1, A14, A40, A44, A56, A64"},"geometry":{"type":"LineString","coordinates":[[19.949417,50.069161],[19.949371,50.069115]]}},{"type":"Feature","properties":{"mode":"bus","n":12,"arr":["125","182","189","192","482","511","A1","A14","A40","A44","A56","A64"],"lines":"125, 182, 189, 192, 482, 511, A1, A14, A40, A44, A56, A64"},"geometry":{"type":"LineString","coordinates":[[19.949417,50.069161],[19.949602,50.069219],[19.949774,50.069196]]}},{"type":"Feature","properties":{"mode":"bus","n":5,"arr":["125","182","189","317","482"],"lines":"125, 182, 189, 317, 482"},"geometry":{"type":"LineString","coordinates":[[19.949371,50.069115],[19.949349,50.069034],[19.949391,50.068951]]}},{"type":"Feature","properties":{"mode":"bus","n":17,"arr":["125","182","189","192","317","482","511","608","609","669","902","A1","A14","A40","A44","A56","A64"],"lines":"125, 182, 189, 192, 317, 482, 511, 608, 609, 669, 902, A1, A14, A40, A44, A56, A64"},"geometry":{"type":"LineString","coordinates":[[19.949391,50.068951],[19.949491,50.06888],[19.949717,50.068842],[19.949887,50.068706]]}},{"type":"Feature","properties":{"mode":"bus","n":5,"arr":["127","128","148","158","605"],"lines":"127, 128, 148, 158, 605"},"geometry":{"type":"LineString","coordinates":[[19.991648,50.042015],[19.991751,50.042024],[19.991876,50.041967]]}},{"type":"Feature","properties":{"mode":"bus","n":5,"arr":["127","128","148","158","605"],"lines":"127, 128, 148, 158, 605"},"geometry":{"type":"LineString","coordinates":[[19.991644,50.040895],[19.991562,50.04196]]}},{"type":"Feature","properties":{"mode":"bus","n":5,"arr":["127","128","148","158","605"],"lines":"127, 128, 148, 158, 605"},"geometry":{"type":"LineString","coordinates":[[19.991897,50.041904],[19.991865,50.041847],[19.991727,50.041799],[19.991701,50.041765],[19.991661,50.041648],[19.991671,50.041451]]}},{"type":"Feature","properties":{"mode":"bus","n":5,"arr":["127","128","148","158","605"],"lines":"127, 128, 148, 158, 605"},"geometry":{"type":"LineString","coordinates":[[19.991689,50.04041],[19.991653,50.040817]]}},{"type":"Feature","properties":{"mode":"bus","n":8,"arr":["128","138","182","189","482","601","608","611"],"lines":"128, 138, 182, 189, 482, 601, 608, 611"},"geometry":{"type":"LineString","coordinates":[[19.971679,50.085419],[19.971594,50.085139],[19.971381,50.08493]]}},{"type":"Feature","properties":{"mode":"bus","n":8,"arr":["128","138","182","189","482","601","608","611"],"lines":"128, 138, 182, 189, 482, 601, 608, 611"},"geometry":{"type":"LineString","coordinates":[[19.97117,50.085525],[19.971043,50.085425]]}},{"type":"Feature","properties":{"mode":"bus","n":9,"arr":["128","138","182","189","482","511","601","608","611"],"lines":"128, 138, 182, 189, 482, 511, 601, 608, 611"},"geometry":{"type":"LineString","coordinates":[[19.971043,50.085425],[19.970879,50.085341],[19.970722,50.08521],[19.970613,50.085096],[19.970534,50.084912]]}},{"type":"Feature","properties":{"mode":"bus","n":5,"arr":["132","139","182","601","664"],"lines":"132, 139, 182, 601, 664"},"geometry":{"type":"LineString","coordinates":[[20.013176,50.094493],[20.012942,50.094876]]}},{"type":"Feature","properties":{"mode":"bus","n":5,"arr":["132","139","182","601","664"],"lines":"132, 139, 182, 601, 664"},"geometry":{"type":"LineString","coordinates":[[20.012372,50.094977],[20.011857,50.094666]]}},{"type":"Feature","properties":{"mode":"bus","n":5,"arr":["132","139","182","601","664"],"lines":"132, 139, 182, 601, 664"},"geometry":{"type":"LineString","coordinates":[[20.012021,50.094273],[20.012716,50.094158]]}},{"type":"Feature","properties":{"mode":"bus","n":12,"arr":["137","138","150","168","194","207","220","227","240","267","290","937"],"lines":"137, 138, 150, 168, 194, 207, 220, 227, 240, 267, 290, 937"},"geometry":{"type":"LineString","coordinates":[[19.931281,50.087809],[19.93135,50.0878],[19.93142,50.087819]]}},{"type":"Feature","properties":{"mode":"bus","n":8,"arr":["138","149","202","212","222","232","262","601"],"lines":"138, 149, 202, 212, 222, 232, 262, 601"},"geometry":{"type":"LineString","coordinates":[[20.056988,50.089538],[20.057005,50.08952]]}},{"type":"Feature","properties":{"mode":"bus","n":8,"arr":["138","149","202","212","222","232","262","601"],"lines":"138, 149, 202, 212, 222, 232, 262, 601"},"geometry":{"type":"LineString","coordinates":[[20.057123,50.089229],[20.057029,50.089032],[20.056882,50.088938],[20.056028,50.088662],[20.055849,50.088632],[20.055652,50.08864],[20.0553,50.088757]]}},{"type":"Feature","properties":{"mode":"bus","n":7,"arr":["149","202","212","222","232","262","601"],"lines":"149, 202, 212, 222, 232, 262, 601"},"geometry":{"type":"LineString","coordinates":[[20.056359,50.089662],[20.056471,50.089666]]}},{"type":"Feature","properties":{"mode":"bus","n":7,"arr":["149","202","212","222","232","262","601"],"lines":"149, 202, 212, 222, 232, 262, 601"},"geometry":{"type":"LineString","coordinates":[[20.055135,50.089078],[20.055141,50.089152]]}},{"type":"Feature","properties":{"mode":"bus","n":9,"arr":["138","149","160","202","212","222","232","262","601"],"lines":"138, 149, 160, 202, 212, 222, 232, 262, 601"},"geometry":{"type":"LineString","coordinates":[[20.055141,50.089152],[20.055236,50.089269],[20.055399,50.089373],[20.056359,50.089662]]}},{"type":"Feature","properties":{"mode":"bus","n":9,"arr":["138","149","160","202","212","222","232","262","601"],"lines":"138, 149, 160, 202, 212, 222, 232, 262, 601"},"geometry":{"type":"LineString","coordinates":[[20.056471,50.089666],[20.05657,50.089824]]}},{"type":"Feature","properties":{"mode":"bus","n":13,"arr":["144","164","169","173","179","301","304","503","513","608","A1","A40","A56"],"lines":"144, 164, 169, 173, 179, 301, 304, 503, 513, 608, A1, A40, A56"},"geometry":{"type":"LineString","coordinates":[[19.93259,50.049084],[19.932729,50.048911]]}},{"type":"Feature","properties":{"mode":"bus","n":7,"arr":["144","155","169","173","174","179","469"],"lines":"144, 155, 169, 173, 174, 179, 469"},"geometry":{"type":"LineString","coordinates":[[19.951345,50.030167],[19.951498,50.030069],[19.952068,50.029842],[19.952436,50.029723],[19.953206,50.029524],[19.953518,50.029386],[19.953597,50.029277],[19.953543,50.029177],[19.953588,50.029101],[19.953862,50.029021],[19.953963,50.028951],[19.954093,50.028776],[19.954174,50.028592],[19.954175,50.028568],[19.954156,50.028546],[19.954103,50.028509],[19.954083,50.028432],[19.954127,50.028365],[19.954219,50.028323],[19.954356,50.028322],[19.954464,50.028374],[19.954725,50.028403],[19.955082,50.028526],[19.955413,50.028596],[19.955523,50.028599],[19.955681,50.028553],[19.955789,50.028574],[19.955865,50.02863],[19.955926,50.028761],[19.956062,50.028862],[19.956145,50.028967],[19.956252,50.029023],[19.956416,50.029047]]}},{"type":"Feature","properties":{"mode":"bus","n":7,"arr":["148","202","212","222","232","262","664"],"lines":"148, 202, 212, 222, 232, 262, 664"},"geometry":{"type":"LineString","coordinates":[[20.017788,50.07312],[20.017971,50.073373],[20.018043,50.073729]]}},{"type":"Feature","properties":{"mode":"bus","n":7,"arr":["148","202","212","222","232","262","664"],"lines":"148, 202, 212, 222, 232, 262, 664"},"geometry":{"type":"LineString","coordinates":[[20.016161,50.073751],[20.015556,50.073719],[20.015046,50.073741],[20.013084,50.073951]]}},{"type":"Feature","properties":{"mode":"bus","n":7,"arr":["148","202","212","222","232","262","611"],"lines":"148, 202, 212, 222, 232, 262, 611"},"geometry":{"type":"LineString","coordinates":[[20.013384,50.075576],[20.013628,50.075616],[20.014843,50.075492],[20.014939,50.075441],[20.014978,50.075339],[20.01477,50.074506],[20.014784,50.074466],[20.014865,50.074426],[20.015166,50.074398],[20.015326,50.074452],[20.015405,50.07454],[20.015496,50.074894],[20.015252,50.07513]]}},{"type":"Feature","properties":{"mode":"bus","n":7,"arr":["148","202","212","222","232","262","611"],"lines":"148, 202, 212, 222, 232, 262, 611"},"geometry":{"type":"LineString","coordinates":[[20.015149,50.075226],[20.015075,50.075296]]}},{"type":"Feature","properties":{"mode":"bus","n":9,"arr":["148","174","202","212","222","232","262","463","662"],"lines":"148, 174, 202, 212, 222, 232, 262, 463, 662"},"geometry":{"type":"LineString","coordinates":[[20.016954,50.073203],[20.016966,50.073527],[20.01716,50.073803]]}},{"type":"Feature","properties":{"mode":"bus","n":6,"arr":["149","202","212","222","232","262"],"lines":"149, 202, 212, 222, 232, 262"},"geometry":{"type":"LineString","coordinates":[[20.057005,50.08952],[20.057088,50.089402],[20.057123,50.089229]]}},{"type":"Feature","properties":{"mode":"bus","n":6,"arr":["149","202","212","222","232","262"],"lines":"149, 202, 212, 222, 232, 262"},"geometry":{"type":"LineString","coordinates":[[20.058059,50.090983],[20.057508,50.09074],[20.057244,50.09054],[20.057064,50.090356],[20.056859,50.090069],[20.056794,50.089908],[20.056802,50.089824]]}},{"type":"Feature","properties":{"mode":"bus","n":6,"arr":["149","202","212","222","232","262"],"lines":"149, 202, 212, 222, 232, 262"},"geometry":{"type":"LineString","coordinates":[[20.051422,50.087722],[20.054645,50.088728],[20.054825,50.088806],[20.055135,50.089078]]}},{"type":"Feature","properties":{"mode":"bus","n":8,"arr":["153","173","195","234","244","274","284","669"],"lines":"153, 173, 195, 234, 244, 274, 284, 669"},"geometry":{"type":"LineString","coordinates":[[20.015999,50.016434],[20.016077,50.016364],[20.016171,50.016322],[20.016265,50.016313],[20.016351,50.016341]]}},{"type":"Feature","properties":{"mode":"bus","n":8,"arr":["153","173","195","234","244","274","284","669"],"lines":"153, 173, 195, 234, 244, 274, 284, 669"},"geometry":{"type":"LineString","coordinates":[[20.016011,50.016551],[20.016078,50.016583],[20.016168,50.016588],[20.016254,50.01656],[20.01635,50.016485]]}},{"type":"Feature","properties":{"mode":"bus","n":5,"arr":["153","195","234","284","669"],"lines":"153, 195, 234, 284, 669"},"geometry":{"type":"LineString","coordinates":[[20.016351,50.016341],[20.016447,50.016374],[20.016562,50.016371],[20.022537,50.0152],[20.024219,50.014923],[20.024327,50.014892],[20.024388,50.014829],[20.024501,50.014793],[20.024627,50.014802],[20.024718,50.014847]]}},{"type":"Feature","properties":{"mode":"bus","n":5,"arr":["153","195","234","284","669"],"lines":"153, 195, 234, 284, 669"},"geometry":{"type":"LineString","coordinates":[[20.01635,50.016485],[20.016983,50.016349],[20.017849,50.016223],[20.023604,50.015095],[20.024249,50.015008],[20.024351,50.015011],[20.024473,50.015072]]}},{"type":"Feature","properties":{"mode":"bus","n":9,"arr":["168","200","210","230","240","310","511","611","910"],"lines":"168, 200, 210, 230, 240, 310, 511, 611, 910"},"geometry":{"type":"LineString","coordinates":[[19.892815,50.094584],[19.89296,50.094546],[19.893038,50.094476]]}},{"type":"Feature","properties":{"mode":"bus","n":9,"arr":["168","200","210","230","240","310","511","611","910"],"lines":"168, 200, 210, 230, 240, 310, 511, 611, 910"},"geometry":{"type":"LineString","coordinates":[[19.892567,50.094489],[19.892555,50.094431],[19.892539,50.094405],[19.892503,50.094388],[19.892376,50.094352],[19.89235,50.094341],[19.89234,50.094325],[19.892345,50.094305],[19.892855,50.093464],[19.892949,50.093213],[19.892937,50.092941],[19.892792,50.092662],[19.892788,50.092642],[19.892799,50.092626],[19.892825,50.092614],[19.89321,50.092508],[19.893335,50.092327]]}},{"type":"Feature","properties":{"mode":"bus","n":12,"arr":["168","173","200","210","230","240","310","511","572","611","910","LR0"],"lines":"168, 173, 200, 210, 230, 240, 310, 511, 572, 611, 910, LR0"},"geometry":{"type":"LineString","coordinates":[[19.891387,50.087652],[19.891237,50.087472],[19.891148,50.08723]]}},{"type":"Feature","properties":{"mode":"bus","n":5,"arr":["189","572","664","A50","A57"],"lines":"189, 572, 664, A50, A57"},"geometry":{"type":"LineString","coordinates":[[20.027935,50.079615],[20.027933,50.079882],[20.027816,50.079978],[20.027583,50.080024]]}},{"type":"Feature","properties":{"mode":"bus","n":9,"arr":["189","192","317","A1","A14","A40","A44","A56","A64"],"lines":"189, 192, 317, A1, A14, A40, A44, A56, A64"},"geometry":{"type":"LineString","coordinates":[[19.949645,50.068858],[19.949818,50.068897],[19.949883,50.068952],[19.949913,50.069025]]}},{"type":"Feature","properties":{"mode":"bus","n":6,"arr":["200","210","230","310","910","LR0"],"lines":"200, 210, 230, 310, 910, LR0"},"geometry":{"type":"LineString","coordinates":[[19.879289,50.107198],[19.879344,50.10715],[19.879447,50.107126]]}},{"type":"Feature","properties":{"mode":"bus","n":6,"arr":["200","210","230","310","910","LR0"],"lines":"200, 210, 230, 310, 910, LR0"},"geometry":{"type":"LineString","coordinates":[[19.870461,50.115293],[19.871002,50.114738],[19.877827,50.108413]]}},{"type":"Feature","properties":{"mode":"bus","n":6,"arr":["200","210","230","310","910","LR0"],"lines":"200, 210, 230, 310, 910, LR0"},"geometry":{"type":"LineString","coordinates":[[19.870268,50.115159],[19.870626,50.114778],[19.871849,50.113623],[19.877644,50.108294],[19.878189,50.107868],[19.878841,50.107456],[19.879283,50.107243]]}},{"type":"Feature","properties":{"mode":"bus","n":6,"arr":["200","210","230","310","910","LR0"],"lines":"200, 210, 230, 310, 910, LR0"},"geometry":{"type":"LineString","coordinates":[[19.879521,50.107136],[19.886064,50.10394],[19.886713,50.103546],[19.887284,50.103086],[19.887807,50.102528],[19.888235,50.101889],[19.891254,50.096633]]}},{"type":"Feature","properties":{"mode":"bus","n":6,"arr":["200","210","230","310","910","LR0"],"lines":"200, 210, 230, 310, 910, LR0"},"geometry":{"type":"LineString","coordinates":[[19.879617,50.107232],[19.88604,50.104092],[19.886601,50.103772],[19.887245,50.10331],[19.88782,50.102754],[19.888216,50.102217],[19.890697,50.097938]]}},{"type":"Feature","properties":{"mode":"bus","n":8,"arr":["200","210","230","240","310","511","611","910"],"lines":"200, 210, 230, 240, 310, 511, 611, 910"},"geometry":{"type":"LineString","coordinates":[[19.893042,50.09437],[19.892981,50.094311],[19.892974,50.094301],[19.892975,50.09429],[19.892982,50.094269],[19.89314,50.09405],[19.893308,50.093718],[19.893442,50.093389],[19.89357,50.092916],[19.8936,50.09265],[19.893555,50.091941],[19.893438,50.091755]]}},{"type":"Feature","properties":{"mode":"bus","n":6,"arr":["200","210","230","240","310","910"],"lines":"200, 210, 230, 240, 310, 910"},"geometry":{"type":"LineString","coordinates":[[19.893042,50.09437],[19.893038,50.094476]]}},{"type":"Feature","properties":{"mode":"bus","n":6,"arr":["200","210","230","240","310","910"],"lines":"200, 210, 230, 240, 310, 910"},"geometry":{"type":"LineString","coordinates":[[19.891443,50.096676],[19.891596,50.09652],[19.891859,50.09616],[19.892815,50.094584]]}},{"type":"Feature","properties":{"mode":"bus","n":6,"arr":["202","212","222","232","262","272"],"lines":"202, 212, 222, 232, 262, 272"},"geometry":{"type":"LineString","coordinates":[[20.101117,50.12622],[20.101194,50.126328],[20.101407,50.12644],[20.101534,50.126601],[20.101734,50.126691],[20.10256,50.12727],[20.106312,50.129977],[20.109156,50.13241],[20.109469,50.13267],[20.109732,50.132838],[20.11001,50.132968],[20.110477,50.133107],[20.111894,50.133313],[20.11224,50.133378],[20.112501,50.13346],[20.112781,50.13358],[20.113525,50.134002],[20.113679,50.134112],[20.113718,50.134211]]}},{"type":"Feature","properties":{"mode":"bus","n":6,"arr":["202","212","222","232","262","272"],"lines":"202, 212, 222, 232, 262, 272"},"geometry":{"type":"LineString","coordinates":[[20.113906,50.134011],[20.11383,50.134017],[20.113791,50.134015],[20.113757,50.134003],[20.112948,50.133562],[20.112494,50.133363],[20.112131,50.133268],[20.110445,50.133017],[20.110058,50.13289],[20.109731,50.132723],[20.109279,50.132379],[20.106578,50.13005],[20.102244,50.126924],[20.101938,50.126686],[20.10179,50.126475],[20.101531,50.126325],[20.101365,50.126148],[20.101268,50.126124]]}},{"type":"Feature","properties":{"mode":"bus","n":6,"arr":["202","212","222","232","262","272"],"lines":"202, 212, 222, 232, 262, 272"},"geometry":{"type":"LineString","coordinates":[[20.113827,50.134257],[20.113946,50.134253],[20.114028,50.134211],[20.114068,50.134139],[20.114038,50.134065]]}},{"type":"Feature","properties":{"mode":"bus","n":5,"arr":["202","212","222","232","262"],"lines":"202, 212, 222, 232, 262"},"geometry":{"type":"LineString","coordinates":[[20.086419,50.114723],[20.086263,50.114684],[20.086202,50.114623],[20.086193,50.114561],[20.085936,50.114417]]}},{"type":"Feature","properties":{"mode":"bus","n":5,"arr":["202","212","222","232","262"],"lines":"202, 212, 222, 232, 262"},"geometry":{"type":"LineString","coordinates":[[20.086486,50.11444],[20.086367,50.114437],[20.086294,50.114462],[20.086253,50.11447],[20.086212,50.114466],[20.085891,50.114393],[20.085333,50.113983],[20.084252,50.113262],[20.083987,50.113056],[20.08377,50.112854],[20.082979,50.111954],[20.08287,50.111884],[20.082868,50.111822],[20.082656,50.111573],[20.082392,50.111047],[20.082306,50.111013],[20.082269,50.110991],[20.08225,50.110961],[20.082229,50.110884],[20.08181,50.110576],[20.080823,50.109437]]}},{"type":"Feature","properties":{"mode":"bus","n":5,"arr":["202","212","222","232","262"],"lines":"202, 212, 222, 232, 262"},"geometry":{"type":"LineString","coordinates":[[20.072465,50.104027],[20.074759,50.106071],[20.075142,50.106322],[20.076312,50.106944],[20.077067,50.107254],[20.077941,50.107552],[20.079383,50.108087],[20.07968,50.108229],[20.079882,50.108389],[20.080823,50.109437],[20.081088,50.109646],[20.081599,50.110155],[20.081863,50.110483],[20.08208,50.110661],[20.082361,50.110798],[20.082483,50.110799],[20.082581,50.110846],[20.083322,50.110845],[20.083879,50.110927],[20.08492,50.111282],[20.085307,50.111485],[20.085631,50.111763],[20.085893,50.112153],[20.086434,50.114314],[20.086486,50.11444],[20.086576,50.114475],[20.086631,50.114532],[20.086614,50.114648]]}},{"type":"Feature","properties":{"mode":"bus","n":5,"arr":["202","212","222","232","262"],"lines":"202, 212, 222, 232, 262"},"geometry":{"type":"LineString","coordinates":[[20.101268,50.126124],[20.10106,50.126025],[20.100674,50.125719],[20.09892,50.12405],[20.096427,50.121739],[20.095939,50.121428],[20.092941,50.119931],[20.092482,50.119627],[20.092188,50.119317],[20.091534,50.118439],[20.091263,50.118027],[20.09098,50.117512],[20.090798,50.11726],[20.090526,50.116961],[20.089906,50.11642],[20.089463,50.116097],[20.089038,50.115857],[20.088484,50.115632],[20.087449,50.115296],[20.087094,50.115126],[20.086741,50.114854],[20.086629,50.114673],[20.086621,50.114663],[20.086611,50.114659],[20.086599,50.11466],[20.086585,50.114667],[20.086532,50.114702],[20.086455,50.114716],[20.086443,50.114719],[20.086437,50.114723],[20.086435,50.114727],[20.086439,50.114733],[20.086448,50.114738],[20.086502,50.114767],[20.086774,50.115031],[20.087087,50.115236],[20.087562,50.115427],[20.088475,50.115719],[20.088797,50.115848],[20.089379,50.11616],[20.089825,50.116489],[20.090408,50.116993],[20.090724,50.117338],[20.091413,50.118467],[20.092115,50.119401],[20.092407,50.119698],[20.092636,50.119864],[20.092908,50.120019],[20.095682,50.1214],[20.096218,50.12171],[20.096802,50.122219],[20.10071,50.125902],[20.101117,50.12622]]}},{"type":"Feature","properties":{"mode":"bus","n":6,"arr":["202","212","222","232","262","664"],"lines":"202, 212, 222, 232, 262, 664"},"geometry":{"type":"LineString","coordinates":[[20.017788,50.07312],[20.017301,50.073137],[20.016954,50.073203]]}},{"type":"Feature","properties":{"mode":"bus","n":6,"arr":["202","212","222","232","262","664"],"lines":"202, 212, 222, 232, 262, 664"},"geometry":{"type":"LineString","coordinates":[[20.018043,50.073729],[20.018104,50.073917],[20.018258,50.074166],[20.018605,50.074499],[20.019128,50.074805],[20.021015,50.075804]]}},{"type":"Feature","properties":{"mode":"bus","n":7,"arr":["202","212","222","232","262","608","664"],"lines":"202, 212, 222, 232, 262, 608, 664"},"geometry":{"type":"LineString","coordinates":[[20.027276,50.079243],[20.027705,50.079327],[20.027874,50.079472]]}},{"type":"Feature","properties":{"mode":"bus","n":5,"arr":["202","222","232","262","272"],"lines":"202, 222, 232, 262, 272"},"geometry":{"type":"LineString","coordinates":[[20.114038,50.134065],[20.113906,50.134011]]}},{"type":"Feature","properties":{"mode":"bus","n":5,"arr":["202","222","232","262","272"],"lines":"202, 222, 232, 262, 272"},"geometry":{"type":"LineString","coordinates":[[20.113533,50.134456],[20.112934,50.13484],[20.112915,50.134857],[20.112912,50.134876],[20.112924,50.134895],[20.113727,50.135699]]}},{"type":"Feature","properties":{"mode":"bus","n":5,"arr":["202","222","232","262","272"],"lines":"202, 222, 232, 262, 272"},"geometry":{"type":"LineString","coordinates":[[20.113718,50.134211],[20.113541,50.134411],[20.113536,50.13444],[20.113536,50.134446],[20.113537,50.134449],[20.113541,50.134451],[20.113547,50.13445],[20.113554,50.134448],[20.11361,50.134426],[20.113827,50.134257]]}},{"type":"Feature","properties":{"mode":"bus","n":9,"arr":["203","223","235","253","273","283","293","295","903"],"lines":"203, 223, 235, 253, 273, 283, 293, 295, 903"},"geometry":{"type":"LineString","coordinates":[[19.831173,49.975777],[19.831352,49.976221],[19.831411,49.976258],[19.831434,49.97628],[19.831438,49.976307],[19.831429,49.97636]]}},{"type":"Feature","properties":{"mode":"bus","n":9,"arr":["203","223","235","253","273","283","293","295","903"],"lines":"203, 223, 235, 253, 273, 283, 293, 295, 903"},"geometry":{"type":"LineString","coordinates":[[19.831347,49.9764],[19.83122,49.976386],[19.831168,49.97634]]}},{"type":"Feature","properties":{"mode":"bus","n":9,"arr":["204","224","244","301","304","904","A18","D2","W2"],"lines":"204, 224, 244, 301, 304, 904, A18, D2, W2"},"geometry":{"type":"LineString","coordinates":[[20.071312,49.986591],[20.071222,49.986497]]}},{"type":"Feature","properties":{"mode":"bus","n":9,"arr":["204","224","244","301","304","904","A18","D2","W2"],"lines":"204, 224, 244, 301, 304, 904, A18, D2, W2"},"geometry":{"type":"LineString","coordinates":[[20.070992,49.986721],[20.071117,49.986742],[20.071281,49.98668]]}},{"type":"Feature","properties":{"mode":"bus","n":9,"arr":["204","224","244","301","304","904","A18","D2","W2"],"lines":"204, 224, 244, 301, 304, 904, A18, D2, W2"},"geometry":{"type":"LineString","coordinates":[[20.070898,49.986627],[20.070936,49.986528],[20.071071,49.986475]]}},{"type":"Feature","properties":{"mode":"bus","n":5,"arr":["204","224","904","A18","D2"],"lines":"204, 224, 904, A18, D2"},"geometry":{"type":"LineString","coordinates":[[20.071281,49.98668],[20.071312,49.986591]]}},{"type":"Feature","properties":{"mode":"bus","n":5,"arr":["204","274","301","304","904"],"lines":"204, 274, 301, 304, 904"},"geometry":{"type":"LineString","coordinates":[[20.046217,49.991974],[20.046071,49.991949],[20.04578,49.991964]]}},{"type":"Feature","properties":{"mode":"bus","n":5,"arr":["204","274","301","304","904"],"lines":"204, 274, 301, 304, 904"},"geometry":{"type":"LineString","coordinates":[[20.046344,49.991847],[20.046347,49.99188]]}},{"type":"Feature","properties":{"mode":"bus","n":5,"arr":["204","274","301","304","904"],"lines":"204, 274, 301, 304, 904"},"geometry":{"type":"LineString","coordinates":[[20.042192,49.993397],[20.04193,49.993564],[20.041919,49.993637],[20.041847,49.993694],[20.041777,49.993713],[20.041652,49.993705],[20.041406,49.993776]]}},{"type":"Feature","properties":{"mode":"bus","n":5,"arr":["204","274","301","304","904"],"lines":"204, 274, 301, 304, 904"},"geometry":{"type":"LineString","coordinates":[[20.037505,49.995021],[20.037489,49.995138],[20.037473,49.995169],[20.037435,49.995191],[20.035963,49.9957],[20.035442,49.995937],[20.035143,49.996113],[20.033637,49.997154],[20.033442,49.997276],[20.03306,49.997463],[20.032403,49.997685],[20.030555,49.998075],[20.030083,49.998234],[20.02982,49.998353],[20.029332,49.998639],[20.028273,49.999548]]}},{"type":"Feature","properties":{"mode":"bus","n":5,"arr":["204","274","301","304","904"],"lines":"204, 274, 301, 304, 904"},"geometry":{"type":"LineString","coordinates":[[20.027799,49.999757],[20.0291,49.998624],[20.029441,49.998402],[20.029822,49.998213],[20.030164,49.998081],[20.03063,49.997953],[20.032144,49.99765],[20.032783,49.997468],[20.033137,49.997319],[20.033519,49.997107],[20.035042,49.996056],[20.035742,49.995665],[20.03639,49.995409],[20.038472,49.994686],[20.038875,49.994565],[20.040137,49.994258],[20.040782,49.994057],[20.041156,49.993916],[20.041406,49.993776],[20.041555,49.993639],[20.041545,49.993565],[20.041574,49.993519],[20.041662,49.993473],[20.041775,49.993465]]}},{"type":"Feature","properties":{"mode":"bus","n":7,"arr":["204","274","301","304","904","G3","P2"],"lines":"204, 274, 301, 304, 904, G3, P2"},"geometry":{"type":"LineString","coordinates":[[20.041775,49.993465],[20.041848,49.993484],[20.042192,49.993397],[20.045335,49.992091],[20.045573,49.992008],[20.04578,49.991964],[20.045966,49.991875],[20.046098,49.991777],[20.046199,49.991763]]}},{"type":"Feature","properties":{"mode":"bus","n":5,"arr":["204","224","301","904","W2"],"lines":"204, 224, 301, 904, W2"},"geometry":{"type":"LineString","coordinates":[[20.071071,49.986475],[20.071222,49.986497]]}},{"type":"Feature","properties":{"mode":"bus","n":7,"arr":["209","219","229","239","269","279","A60"],"lines":"209, 219, 229, 239, 269, 279, A60"},"geometry":{"type":"LineString","coordinates":[[19.810629,50.042374],[19.811095,50.042215],[19.811324,50.042197],[19.811414,50.042149],[19.811505,50.042056],[19.811969,50.041923],[19.811983,50.041918],[19.811991,50.041915],[19.811994,50.041913],[19.81199,50.041912],[19.811981,50.041913],[19.811965,50.041914],[19.811453,50.041971],[19.811395,50.041971],[19.811293,50.041931],[19.811133,50.041948],[19.811043,50.04201],[19.81103,50.042117],[19.810994,50.04216],[19.810629,50.042374],[19.808946,50.04307],[19.808546,50.043185],[19.808241,50.043234],[19.807881,50.043259],[19.807388,50.043225],[19.806902,50.043105],[19.806457,50.042914],[19.803244,50.041143],[19.802948,50.041029],[19.802489,50.040905],[19.802103,50.040837],[19.801517,50.040809],[19.801057,50.040846],[19.80049,50.040964],[19.797953,50.041839],[19.797467,50.042091],[19.797287,50.042237],[19.797256,50.042254],[19.797217,50.04226],[19.797137,50.042263],[19.797035,50.042301],[19.796964,50.04242],[19.797015,50.042507]]}},{"type":"Feature","properties":{"mode":"bus","n":7,"arr":["209","219","229","239","269","279","A60"],"lines":"209, 219, 229, 239, 269, 279, A60"},"geometry":{"type":"LineString","coordinates":[[19.797422,50.042486],[19.797444,50.042397],[19.797396,50.04231],[19.797592,50.042028]]}},{"type":"Feature","properties":{"mode":"bus","n":7,"arr":["209","219","229","239","269","279","A60"],"lines":"209, 219, 229, 239, 269, 279, A60"},"geometry":{"type":"LineString","coordinates":[[19.819728,50.043089],[19.815256,50.042294],[19.813021,50.041929],[19.81249,50.041884],[19.81202,50.041908]]}},{"type":"Feature","properties":{"mode":"bus","n":5,"arr":["209","218","228","298","918"],"lines":"209, 218, 228, 298, 918"},"geometry":{"type":"LineString","coordinates":[[19.807208,50.084894],[19.807139,50.084844]]}},{"type":"Feature","properties":{"mode":"bus","n":5,"arr":["209","218","228","298","918"],"lines":"209, 218, 228, 298, 918"},"geometry":{"type":"LineString","coordinates":[[19.806979,50.084825],[19.806778,50.084891],[19.806224,50.084911]]}},{"type":"Feature","properties":{"mode":"bus","n":6,"arr":["209","218","228","258","298","918"],"lines":"209, 218, 228, 258, 298, 918"},"geometry":{"type":"LineString","coordinates":[[19.789417,50.083777],[19.790388,50.083733],[19.790781,50.083779],[19.791322,50.083888],[19.791787,50.08402],[19.792928,50.084525],[19.793336,50.084675],[19.793905,50.084809],[19.794374,50.084864],[19.795187,50.084861],[19.795915,50.08477],[19.79678,50.084536],[19.798334,50.084053],[19.798844,50.083957],[19.799352,50.083928],[19.799754,50.083952],[19.800132,50.084014],[19.803267,50.084771],[19.803573,50.084828],[19.8046,50.084892],[19.806224,50.084911],[19.806753,50.08498],[19.806922,50.085081],[19.806996,50.085096],[19.807143,50.085072],[19.807197,50.085036]]}},{"type":"Feature","properties":{"mode":"bus","n":6,"arr":["209","219","229","239","269","279"],"lines":"209, 219, 229, 239, 269, 279"},"geometry":{"type":"LineString","coordinates":[[19.797144,50.042562],[19.797249,50.042563]]}},{"type":"Feature","properties":{"mode":"bus","n":6,"arr":["211","221","301","A7","A18","A37"],"lines":"211, 221, 301, A7, A18, A37"},"geometry":{"type":"LineString","coordinates":[[20.216244,50.033125],[20.216097,50.033092],[20.216005,50.03309],[20.215963,50.033095],[20.215929,50.033113],[20.215876,50.033158],[20.215628,50.034344],[20.215595,50.035474],[20.21555,50.035625],[20.215059,50.036494],[20.215061,50.036679],[20.2151,50.036769],[20.215215,50.036893],[20.21537,50.036973],[20.215495,50.03701],[20.21636,50.037154],[20.216718,50.037298],[20.216871,50.037401],[20.217137,50.037694],[20.217206,50.037998],[20.217205,50.03802],[20.217191,50.038037],[20.217165,50.038051],[20.217059,50.038086],[20.216856,50.038115],[20.216838,50.038117],[20.216828,50.038116],[20.216825,50.038113],[20.216829,50.038106],[20.216841,50.038098],[20.216925,50.038043],[20.217053,50.038019],[20.217082,50.038009],[20.217099,50.037994],[20.217105,50.037973],[20.217092,50.037627]]}},{"type":"Feature","properties":{"mode":"bus","n":6,"arr":["211","221","301","A7","A18","A37"],"lines":"211, 221, 301, A7, A18, A37"},"geometry":{"type":"LineString","coordinates":[[20.216615,50.038244],[20.216802,50.038123]]}},{"type":"Feature","properties":{"mode":"bus","n":6,"arr":["211","221","301","A7","A18","A37"],"lines":"211, 221, 301, A7, A18, A37"},"geometry":{"type":"LineString","coordinates":[[20.215805,50.033404],[20.216247,50.033518],[20.216271,50.033521],[20.216291,50.033519],[20.216306,50.033511],[20.216318,50.033497],[20.216403,50.033344]]}},{"type":"Feature","properties":{"mode":"bus","n":5,"arr":["215","285","A2","A19","A49"],"lines":"215, 285, A2, A19, A49"},"geometry":{"type":"LineString","coordinates":[[19.94439,49.934701],[19.944362,49.934741]]}},{"type":"Feature","properties":{"mode":"bus","n":6,"arr":["215","285","915","A2","A19","A49"],"lines":"215, 285, 915, A2, A19, A49"},"geometry":{"type":"LineString","coordinates":[[19.94421,49.934753],[19.944162,49.934706]]}},{"type":"Feature","properties":{"mode":"bus","n":6,"arr":["215","285","915","A2","A19","A49"],"lines":"215, 285, 915, A2, A19, A49"},"geometry":{"type":"LineString","coordinates":[[19.944215,49.934629],[19.944333,49.934627]]}},{"type":"Feature","properties":{"mode":"bus","n":8,"arr":["217","247","257","277","280","297","307","917"],"lines":"217, 247, 257, 277, 280, 297, 307, 917"},"geometry":{"type":"LineString","coordinates":[[19.964546,50.10537],[19.96483,50.106139],[19.96516,50.106879],[19.965456,50.108022],[19.965754,50.110036],[19.965715,50.110173],[19.965461,50.110405],[19.965416,50.110499],[19.965415,50.1106],[19.965502,50.110742],[19.965593,50.110807],[19.965835,50.110906],[19.965925,50.111004],[19.965934,50.11134],[19.966021,50.112002],[19.966152,50.112521],[19.966155,50.112531],[19.966157,50.112537],[19.96616,50.112539],[19.966161,50.112537],[19.966163,50.112531],[19.966164,50.112521],[19.966176,50.112375],[19.966056,50.111104],[19.966102,50.110995],[19.966431,50.11066],[19.966455,50.110506],[19.966368,50.110361],[19.966029,50.110177],[19.965935,50.110073],[19.965715,50.108571],[19.965531,50.107569],[19.965275,50.106597],[19.964877,50.105326]]}},{"type":"Feature","properties":{"mode":"bus","n":8,"arr":["217","247","257","277","280","297","307","917"],"lines":"217, 247, 257, 277, 280, 297, 307, 917"},"geometry":{"type":"LineString","coordinates":[[19.966161,50.112557],[19.966271,50.113257],[19.966412,50.113728],[19.967047,50.114897],[19.967174,50.11518],[19.967284,50.115596],[19.967287,50.116183],[19.966915,50.117822],[19.966911,50.11797],[19.967173,50.12001]]}},{"type":"Feature","properties":{"mode":"bus","n":8,"arr":["217","247","257","277","280","297","307","917"],"lines":"217, 247, 257, 277, 280, 297, 307, 917"},"geometry":{"type":"LineString","coordinates":[[19.966712,50.114304],[19.966445,50.114393],[19.966423,50.114398],[19.966406,50.114396],[19.966394,50.114388],[19.966387,50.114373],[19.966321,50.114101]]}},{"type":"Feature","properties":{"mode":"bus","n":5,"arr":["219","239","259","279","A14"],"lines":"219, 239, 259, 279, A14"},"geometry":{"type":"LineString","coordinates":[[19.776447,49.993818],[19.776331,49.993838],[19.776224,49.993799],[19.77619,49.993737],[19.776228,49.993683],[19.776254,49.993661],[19.776293,49.993648],[19.776377,49.993634],[19.776439,49.993657],[19.776466,49.993672],[19.776481,49.993693],[19.776497,49.993736],[19.776499,49.993759],[19.776485,49.99378],[19.776447,49.993818]]}},{"type":"Feature","properties":{"mode":"bus","n":5,"arr":["221","301","A7","A18","A37"],"lines":"221, 301, A7, A18, A37"},"geometry":{"type":"LineString","coordinates":[[20.215876,50.033158],[20.215752,50.033168],[20.215473,50.033068],[20.215152,50.033006]]}},{"type":"Feature","properties":{"mode":"bus","n":5,"arr":["221","301","A7","A18","A37"],"lines":"221, 301, A7, A18, A37"},"geometry":{"type":"LineString","coordinates":[[20.204914,50.028224],[20.21015,50.031358],[20.210785,50.031676],[20.213247,50.032649],[20.213611,50.032772],[20.214014,50.032859],[20.215152,50.033006],[20.215488,50.033011],[20.215655,50.032996],[20.215739,50.032957],[20.215847,50.032957],[20.215944,50.033011],[20.215958,50.033089]]}},{"type":"Feature","properties":{"mode":"bus","n":5,"arr":["223","253","283","293","903"],"lines":"223, 253, 283, 293, 903"},"geometry":{"type":"LineString","coordinates":[[19.834424,49.978671],[19.836063,49.980807],[19.838154,49.984078],[19.838529,49.984475],[19.838824,49.984718],[19.839351,49.985083],[19.842907,49.987458],[19.844567,49.988617],[19.846855,49.9903],[19.847885,49.991099],[19.848217,49.991264],[19.848326,49.991263],[19.848442,49.991307],[19.848502,49.991385],[19.8485,49.991478],[19.848574,49.991592],[19.849373,49.992191],[19.849481,49.992287],[19.849506,49.992343],[19.84951,49.992353],[19.849509,49.992359],[19.849504,49.992361],[19.849495,49.992359],[19.849482,49.992354],[19.849397,49.99231],[19.848956,49.991961],[19.84846,49.991632],[19.848335,49.991586],[19.84824,49.99159],[19.848106,49.991555],[19.848039,49.991492],[19.848045,49.991367],[19.847885,49.991099]]}},{"type":"Feature","properties":{"mode":"bus","n":5,"arr":["223","253","283","293","903"],"lines":"223, 253, 283, 293, 903"},"geometry":{"type":"LineString","coordinates":[[19.833214,49.977334],[19.833107,49.977272],[19.83302,49.977183],[19.832949,49.977165],[19.832918,49.977152],[19.8329,49.977131],[19.832879,49.977084],[19.832576,49.976951],[19.832505,49.976894]]}},{"type":"Feature","properties":{"mode":"bus","n":5,"arr":["223","253","283","293","903"],"lines":"223, 253, 283, 293, 903"},"geometry":{"type":"LineString","coordinates":[[19.831429,49.97636],[19.831584,49.976487],[19.832505,49.976894],[19.832621,49.97691],[19.832898,49.977025],[19.832925,49.977032],[19.832953,49.977029],[19.833008,49.977016],[19.833086,49.977034],[19.833118,49.97707],[19.833128,49.97709],[19.833125,49.977112],[19.833116,49.977132],[19.833112,49.977154],[19.833122,49.977174],[19.833186,49.977249],[19.833214,49.977334],[19.833468,49.977572],[19.833781,49.97793]]}},{"type":"Feature","properties":{"mode":"bus","n":5,"arr":["223","253","283","293","903"],"lines":"223, 253, 283, 293, 903"},"geometry":{"type":"LineString","coordinates":[[19.852036,49.995417],[19.85171,49.995164],[19.851287,49.994724],[19.849771,49.99265],[19.84952,49.992373]]}},{"type":"Feature","properties":{"mode":"bus","n":5,"arr":["223","253","283","293","903"],"lines":"223, 253, 283, 293, 903"},"geometry":{"type":"LineString","coordinates":[[19.831584,49.976487],[19.831463,49.976463],[19.831347,49.9764]]}},{"type":"Feature","properties":{"mode":"bus","n":5,"arr":["223","253","283","293","903"],"lines":"223, 253, 283, 293, 903"},"geometry":{"type":"LineString","coordinates":[[19.834424,49.978671],[19.83436,49.978564],[19.833888,49.978017],[19.833816,49.977958],[19.833806,49.97795],[19.833799,49.977946],[19.833795,49.977945],[19.833795,49.977948],[19.833798,49.977954],[19.833804,49.977963],[19.83396,49.978187],[19.834296,49.978573],[19.834424,49.978671]]}},{"type":"Feature","properties":{"mode":"bus","n":6,"arr":["227","267","337","937","A12","A13"],"lines":"227, 267, 337, 937, A12, A13"},"geometry":{"type":"LineString","coordinates":[[19.921038,50.118037],[19.920564,50.116581],[19.920142,50.115099],[19.920118,50.11482],[19.920337,50.11368],[19.920467,50.113442],[19.920649,50.113231],[19.92107,50.112845],[19.921323,50.112671],[19.921479,50.112611],[19.921538,50.112552],[19.921541,50.112479],[19.921489,50.112419],[19.921537,50.112138],[19.921871,50.111432],[19.922312,50.110784],[19.923404,50.109621],[19.923603,50.109354],[19.924054,50.108601],[19.924575,50.107274],[19.925278,50.106224],[19.925387,50.105886],[19.925561,50.105549],[19.926925,50.103505],[19.926932,50.103485],[19.926922,50.103469],[19.926896,50.103458],[19.925134,50.102959],[19.923506,50.102444],[19.923145,50.102251]]}},{"type":"Feature","properties":{"mode":"bus","n":5,"arr":["227","267","337","513","937"],"lines":"227, 267, 337, 513, 937"},"geometry":{"type":"LineString","coordinates":[[19.922808,50.102424],[19.922657,50.102385],[19.922598,50.102348]]}},{"type":"Feature","properties":{"mode":"bus","n":5,"arr":["235","253","283","293","903"],"lines":"235, 253, 283, 293, 903"},"geometry":{"type":"LineString","coordinates":[[19.831166,49.976282],[19.831256,49.976222],[19.831257,49.976036]]}},{"type":"Feature","properties":{"mode":"bus","n":8,"arr":["244","274","304","A18","A59","D2","L1","Z1"],"lines":"244, 274, 304, A18, A59, D2, L1, Z1"},"geometry":{"type":"LineString","coordinates":[[20.069555,49.981854],[20.069592,49.981866]]}},{"type":"Feature","properties":{"mode":"bus","n":8,"arr":["244","274","304","A18","A59","D2","L1","Z1"],"lines":"244, 274, 304, A18, A59, D2, L1, Z1"},"geometry":{"type":"LineString","coordinates":[[20.069463,49.981756],[20.069528,49.981647]]}},{"type":"Feature","properties":{"mode":"bus","n":8,"arr":["244","274","304","A18","A59","D2","L1","Z1"],"lines":"244, 274, 304, A18, A59, D2, L1, Z1"},"geometry":{"type":"LineString","coordinates":[[20.069676,49.981612],[20.069818,49.981655]]}},{"type":"Feature","properties":{"mode":"bus","n":7,"arr":["244","274","304","A18","A59","L1","Z1"],"lines":"244, 274, 304, A18, A59, L1, Z1"},"geometry":{"type":"LineString","coordinates":[[20.069528,49.981647],[20.069676,49.981612]]}},{"type":"Feature","properties":{"mode":"bus","n":7,"arr":["244","274","304","A18","A59","D2","Z1"],"lines":"244, 274, 304, A18, A59, D2, Z1"},"geometry":{"type":"LineString","coordinates":[[20.069747,49.981865],[20.069836,49.981818],[20.069872,49.981748]]}},{"type":"Feature","properties":{"mode":"bus","n":5,"arr":["248","268","278","288","948"],"lines":"248, 268, 278, 288, 948"},"geometry":{"type":"LineString","coordinates":[[19.803807,50.127165],[19.802264,50.123987],[19.802249,50.123836],[19.802183,50.123687],[19.802112,50.123599],[19.80206,50.123581]]}},{"type":"Feature","properties":{"mode":"bus","n":5,"arr":["248","268","278","288","948"],"lines":"248, 268, 278, 288, 948"},"geometry":{"type":"LineString","coordinates":[[19.80369,50.126899],[19.804137,50.127995]]}},{"type":"Feature","properties":{"mode":"bus","n":5,"arr":["248","268","278","288","948"],"lines":"248, 268, 278, 288, 948"},"geometry":{"type":"LineString","coordinates":[[19.802294,50.124045],[19.802253,50.124054],[19.802243,50.124055],[19.802235,50.124054],[19.802229,50.124051],[19.802224,50.124045],[19.802133,50.123851],[19.80206,50.123581],[19.801957,50.12349],[19.801947,50.123415],[19.801801,50.123172],[19.801797,50.123156],[19.801803,50.123144],[19.801821,50.123134],[19.801852,50.123122],[19.801869,50.123112],[19.801874,50.1231],[19.801867,50.123086],[19.801755,50.122952],[19.80161,50.122678],[19.801553,50.12246],[19.801583,50.122307],[19.801835,50.121694],[19.801886,50.121359],[19.801866,50.121121],[19.801634,50.119985]]}},{"type":"Feature","properties":{"mode":"bus","n":6,"arr":["249","259","712","A14","A44","A64"],"lines":"249, 259, 712, A14, A44, A64"},"geometry":{"type":"LineString","coordinates":[[19.814211,50.032511],[19.817714,50.033907],[19.817974,50.03418],[19.818001,50.034227],[19.818008,50.034252],[19.817998,50.034276],[19.817963,50.034324],[19.817966,50.034404],[19.818077,50.034505],[19.818178,50.034531],[19.818295,50.034528],[19.81844,50.034468],[19.818474,50.034421],[19.818498,50.034401],[19.818534,50.03439],[19.818653,50.034374],[19.818923,50.034407],[19.818939,50.034409],[19.818949,50.034409],[19.818953,50.034407],[19.818952,50.034404],[19.818945,50.034399],[19.818933,50.034393],[19.81879,50.034324],[19.818472,50.034286],[19.818365,50.034211],[19.818212,50.034187]]}},{"type":"Feature","properties":{"mode":"bus","n":6,"arr":["249","259","712","A14","A44","A64"],"lines":"249, 259, 712, A14, A44, A64"},"geometry":{"type":"LineString","coordinates":[[19.839651,50.041153],[19.839655,50.041094],[19.839596,50.041027],[19.839149,50.040662],[19.837384,50.039669],[19.836586,50.03929],[19.83583,50.039071],[19.83516,50.03897],[19.834095,50.038929],[19.831257,50.038888],[19.830182,50.038772],[19.829626,50.038636],[19.829393,50.03857],[19.829069,50.038439],[19.828416,50.038145],[19.826127,50.036878],[19.825589,50.036603],[19.824258,50.036029],[19.8235,50.035762],[19.822669,50.035519],[19.820919,50.03507],[19.820089,50.034822],[19.818978,50.034414]]}},{"type":"Feature","properties":{"mode":"bus","n":5,"arr":["274","A18","A59","L1","Z1"],"lines":"274, A18, A59, L1, Z1"},"geometry":{"type":"LineString","coordinates":[[20.069818,49.981655],[20.0702,49.981618],[20.072107,49.981184],[20.07839,49.979965],[20.080784,49.979479],[20.08094,49.97945],[20.081331,49.979428],[20.081553,49.97934],[20.081756,49.97935],[20.082068,49.979254],[20.082935,49.979068],[20.086209,49.978423]]}},{"type":"Feature","properties":{"mode":"bus","n":6,"arr":["A15","A21","A32","A33","A45","A71"],"lines":"A15, A21, A32, A33, A45, A71"},"geometry":{"type":"LineString","coordinates":[[20.050827,49.476589],[20.050811,49.4765]]}},{"type":"Feature","properties":{"mode":"bus","n":6,"arr":["A15","A21","A32","A45","A61","A71"],"lines":"A15, A21, A32, A45, A61, A71"},"geometry":{"type":"LineString","coordinates":[[20.050744,49.476686],[20.050622,49.476724],[20.050456,49.476706],[20.05037,49.476654],[20.050328,49.476564],[20.049902,49.476392]]}},{"type":"Feature","properties":{"mode":"bus","n":6,"arr":["A15","A21","A32","A45","A61","A71"],"lines":"A15, A21, A32, A45, A61, A71"},"geometry":{"type":"LineString","coordinates":[[20.023777,49.478838],[20.023849,49.478853],[20.023886,49.478855],[20.023921,49.478846],[20.023955,49.478831],[20.023983,49.478812],[20.023994,49.478786],[20.024004,49.478616],[20.024162,49.478345],[20.024285,49.478052],[20.024401,49.477605],[20.024478,49.477512],[20.024603,49.477434],[20.024647,49.477416],[20.024698,49.47741],[20.027638,49.477488],[20.033267,49.477492],[20.034738,49.477545],[20.036104,49.477633],[20.036529,49.477614],[20.037022,49.477561],[20.037199,49.477608],[20.037296,49.47761],[20.037385,49.477578],[20.037441,49.477496],[20.037506,49.477456],[20.03777,49.477349]]}},{"type":"Feature","properties":{"mode":"bus","n":7,"arr":["A15","A21","A32","A33","A45","A61","A71"],"lines":"A15, A21, A32, A33, A45, A61, A71"},"geometry":{"type":"LineString","coordinates":[[20.023735,49.478758],[20.023777,49.478838]]}},{"type":"Feature","properties":{"mode":"bus","n":7,"arr":["A15","A21","A32","A33","A45","A61","A71"],"lines":"A15, A21, A32, A33, A45, A61, A71"},"geometry":{"type":"LineString","coordinates":[[20.023011,49.478312],[20.022966,49.478666],[20.023013,49.478723],[20.023034,49.47874],[20.02306,49.47875],[20.023093,49.478752],[20.02346,49.478736],[20.02368,49.478754],[20.023714,49.478753],[20.023743,49.478744],[20.023766,49.478728],[20.023907,49.478592],[20.02414,49.478161],[20.024256,49.477599]]}},{"type":"Feature","properties":{"mode":"bus","n":7,"arr":["A15","A21","A32","A33","A45","A61","A71"],"lines":"A15, A21, A32, A33, A45, A61, A71"},"geometry":{"type":"LineString","coordinates":[[20.03777,49.477349],[20.042953,49.475912],[20.043714,49.475737],[20.044748,49.475594],[20.045445,49.475557],[20.046138,49.475567],[20.046809,49.475619],[20.047366,49.475697],[20.048228,49.47588],[20.049902,49.476392]]}},{"type":"Feature","properties":{"mode":"bus","n":6,"arr":["A21","A32","A33","A45","A61","A71"],"lines":"A21, A32, A33, A45, A61, A71"},"geometry":{"type":"LineString","coordinates":[[20.024275,49.477296],[20.027572,49.477405],[20.033117,49.477384],[20.034062,49.477411],[20.036366,49.477538],[20.036914,49.477515],[20.036996,49.477497],[20.037195,49.477375],[20.037304,49.477374],[20.03739,49.477408],[20.03777,49.477349]]}},{"type":"Feature","properties":{"mode":"bus","n":6,"arr":["A21","A32","A33","A45","A61","A71"],"lines":"A21, A32, A33, A45, A61, A71"},"geometry":{"type":"LineString","coordinates":[[20.049902,49.476392],[20.050389,49.476456],[20.050528,49.476403],[20.050687,49.476416]]}},{"type":"Feature","properties":{"mode":"bus","n":8,"arr":["A22","A23","A27","A28","A31","A46","A55","A63"],"lines":"A22, A23, A27, A28, A31, A46, A55, A63"},"geometry":{"type":"LineString","coordinates":[[20.977489,50.008809],[20.976288,50.008303]]}},{"type":"Feature","properties":{"mode":"bus","n":8,"arr":["A22","A23","A27","A28","A31","A46","A55","A63"],"lines":"A22, A23, A27, A28, A31, A46, A55, A63"},"geometry":{"type":"LineString","coordinates":[[20.977452,50.009007],[20.977538,50.008989],[20.977571,50.008976],[20.977594,50.008956],[20.977626,50.00891]]}},{"type":"Feature","properties":{"mode":"bus","n":17,"arr":["A22","A23","A24","A27","A28","A29","A30","A31","A34","A35","A36","A38","A39","A46","A55","A62","A63"],"lines":"A22, A23, A24, A27, A28, A29, A30, A31, A34, A35, A36, A38, A39, A46, A55, A62, A63"},"geometry":{"type":"LineString","coordinates":[[20.977315,50.008912],[20.977316,50.008896],[20.977314,50.008888],[20.977307,50.008881],[20.977151,50.008792],[20.97621,50.008389]]}},{"type":"Feature","properties":{"mode":"bus","n":17,"arr":["A22","A23","A24","A27","A28","A29","A30","A31","A34","A35","A36","A38","A39","A46","A55","A62","A63"],"lines":"A22, A23, A24, A27, A28, A29, A30, A31, A34, A35, A36, A38, A39, A46, A55, A62, A63"},"geometry":{"type":"LineString","coordinates":[[20.975414,50.007935],[20.974112,50.007324],[20.973781,50.0072],[20.971838,50.006342]]}},{"type":"Feature","properties":{"mode":"bus","n":17,"arr":["A22","A23","A24","A27","A28","A29","A30","A31","A34","A35","A36","A38","A39","A46","A55","A62","A63"],"lines":"A22, A23, A24, A27, A28, A29, A30, A31, A34, A35, A36, A38, A39, A46, A55, A62, A63"},"geometry":{"type":"LineString","coordinates":[[20.9737,50.007267],[20.975691,50.008155]]}},{"type":"Feature","properties":{"mode":"bus","n":6,"arr":["A23","A27","A28","A31","A46","A63"],"lines":"A23, A27, A28, A31, A46, A63"},"geometry":{"type":"LineString","coordinates":[[20.977452,50.009007],[20.97736,50.008978],[20.977315,50.008912]]}},{"type":"Feature","properties":{"mode":"bus","n":6,"arr":["A23","A27","A28","A31","A46","A63"],"lines":"A23, A27, A28, A31, A46, A63"},"geometry":{"type":"LineString","coordinates":[[20.989392,50.008842],[20.986614,50.008505],[20.98521,50.008268],[20.98476,50.008216],[20.980693,50.008499],[20.979205,50.008505],[20.97892,50.008529],[20.978489,50.008604]]}},{"type":"Feature","properties":{"mode":"bus","n":6,"arr":["A23","A27","A28","A31","A46","A63"],"lines":"A23, A27, A28, A31, A46, A63"},"geometry":{"type":"LineString","coordinates":[[20.977626,50.00891],[20.97844,50.008621],[20.978454,50.008616],[20.978461,50.008613],[20.978464,50.008611],[20.97846,50.008611],[20.978451,50.008612],[20.978436,50.008615],[20.977489,50.008809]]}},{"type":"Feature","properties":{"mode":"bus","n":6,"arr":["A23","A27","A28","A31","A46","A63"],"lines":"A23, A27, A28, A31, A46, A63"},"geometry":{"type":"LineString","coordinates":[[20.975995,50.008358],[20.97621,50.008389]]}},{"type":"Feature","properties":{"mode":"bus","n":12,"arr":["102","137","150","168","194","207","220","227","240","267","290","937"],"lines":"102, 137, 150, 168, 194, 207, 220, 227, 240, 267, 290, 937"},"geometry":{"type":"LineString","coordinates":[[19.93029,50.088611],[19.930453,50.088703],[19.930538,50.088715],[19.930582,50.088716],[19.930623,50.088705],[19.930967,50.088552],[19.931168,50.088533]]}},{"type":"Feature","properties":{"mode":"bus","n":12,"arr":["102","137","150","168","194","207","220","227","240","267","290","937"],"lines":"102, 137, 150, 168, 194, 207, 220, 227, 240, 267, 290, 937"},"geometry":{"type":"LineString","coordinates":[[19.932392,50.088797],[19.932372,50.08868],[19.932318,50.088591],[19.931915,50.088306],[19.931896,50.088296],[19.931878,50.088293],[19.931861,50.088297],[19.931845,50.088308],[19.931698,50.088444],[19.931385,50.088502]]}},{"type":"Feature","properties":{"mode":"bus","n":13,"arr":["102","137","138","150","168","194","207","220","227","240","267","290","937"],"lines":"102, 137, 138, 150, 168, 194, 207, 220, 227, 240, 267, 290, 937"},"geometry":{"type":"LineString","coordinates":[[19.93029,50.088611],[19.930986,50.088144],[19.931038,50.088063],[19.931201,50.087925]]}},{"type":"Feature","properties":{"mode":"bus","n":6,"arr":["102","130","144","194","494","904"],"lines":"102, 130, 144, 194, 494, 904"},"geometry":{"type":"LineString","coordinates":[[19.915456,50.082387],[19.915355,50.08173],[19.915359,50.081709],[19.915375,50.081695],[19.915405,50.081688],[19.915599,50.081667]]}},{"type":"Feature","properties":{"mode":"bus","n":6,"arr":["102","130","144","194","494","904"],"lines":"102, 130, 144, 194, 494, 904"},"geometry":{"type":"LineString","coordinates":[[19.918859,50.080291],[19.917009,50.081332],[19.916794,50.08143]]}},{"type":"Feature","properties":{"mode":"bus","n":6,"arr":["102","130","144","194","494","904"],"lines":"102, 130, 144, 194, 494, 904"},"geometry":{"type":"LineString","coordinates":[[19.915599,50.081667],[19.915675,50.081633],[19.9164,50.081523],[19.916755,50.081439],[19.916766,50.081437],[19.916773,50.081436],[19.916777,50.081437],[19.916777,50.08144],[19.916772,50.081444],[19.916765,50.081449],[19.91671,50.081485],[19.916454,50.081564],[19.915694,50.081681],[19.915599,50.081667]]}},{"type":"Feature","properties":{"mode":"bus","n":5,"arr":["102","134","192","300","902"],"lines":"102, 134, 192, 300, 902"},"geometry":{"type":"LineString","coordinates":[[19.876405,50.065519],[19.877333,50.065298],[19.879724,50.064853],[19.881188,50.064615],[19.881794,50.064462],[19.884876,50.063318],[19.887686,50.062339],[19.889421,50.061875],[19.889904,50.061638],[19.890521,50.061122],[19.890924,50.06092],[19.891475,50.060776],[19.892992,50.060598],[19.893398,50.060491],[19.89402,50.060216],[19.894218,50.060067],[19.894605,50.059686],[19.894859,50.059513],[19.895182,50.05935],[19.896091,50.058955],[19.897327,50.058627],[19.897806,50.058524],[19.898502,50.058409],[19.898754,50.058338],[19.899296,50.05811],[19.900561,50.057389],[19.900962,50.057195],[19.902795,50.056542],[19.903166,50.056439],[19.903538,50.056372],[19.904006,50.056339],[19.904476,50.05636],[19.905715,50.05655],[19.906367,50.056764],[19.906974,50.056869],[19.907441,50.056911],[19.908054,50.056905],[19.908406,50.056936],[19.922449,50.058939]]}},{"type":"Feature","properties":{"mode":"bus","n":9,"arr":["102","209","219","229","239","269","279","609","A60"],"lines":"102, 209, 219, 229, 239, 269, 279, 609, A60"},"geometry":{"type":"LineString","coordinates":[[19.827276,50.044155],[19.82644,50.044177],[19.825539,50.044112],[19.819728,50.043089]]}},{"type":"Feature","properties":{"mode":"bus","n":6,"arr":["102","134","192","300","307","902"],"lines":"102, 134, 192, 300, 307, 902"},"geometry":{"type":"LineString","coordinates":[[19.922449,50.058939],[19.923934,50.059151]]}},{"type":"Feature","properties":{"mode":"bus","n":13,"arr":["102","150","168","194","220","227","240","267","290","337","513","669","937"],"lines":"102, 150, 168, 194, 220, 227, 240, 267, 290, 337, 513, 669, 937"},"geometry":{"type":"LineString","coordinates":[[19.932634,50.08823],[19.932614,50.0883]]}},{"type":"Feature","properties":{"mode":"bus","n":15,"arr":["102","137","150","168","194","207","220","227","240","267","290","337","513","669","937"],"lines":"102, 137, 150, 168, 194, 207, 220, 227, 240, 267, 290, 337, 513, 669, 937"},"geometry":{"type":"LineString","coordinates":[[19.932614,50.0883],[19.932602,50.088344],[19.932645,50.088424],[19.932434,50.089115]]}},{"type":"Feature","properties":{"mode":"bus","n":15,"arr":["102","137","150","168","194","207","220","227","240","267","290","337","513","669","937"],"lines":"102, 137, 150, 168, 194, 207, 220, 227, 240, 267, 290, 337, 513, 669, 937"},"geometry":{"type":"LineString","coordinates":[[19.932081,50.089637],[19.932392,50.088797]]}},{"type":"Feature","properties":{"mode":"bus","n":8,"arr":["102","137","168","194","207","220","240","290"],"lines":"102, 137, 168, 194, 207, 220, 240, 290"},"geometry":{"type":"LineString","coordinates":[[19.932434,50.089115],[19.932499,50.089433],[19.932438,50.089662],[19.932352,50.089719],[19.932232,50.089727],[19.932122,50.089696],[19.932081,50.089637]]}},{"type":"Feature","properties":{"mode":"bus","n":10,"arr":["102","168","194","207","220","227","240","267","290","937"],"lines":"102, 168, 194, 207, 220, 227, 240, 267, 290, 937"},"geometry":{"type":"LineString","coordinates":[[19.931385,50.088502],[19.931219,50.088526]]}},{"type":"Feature","properties":{"mode":"bus","n":7,"arr":["104","214","215","225","254","265","915"],"lines":"104, 214, 215, 225, 254, 265, 915"},"geometry":{"type":"LineString","coordinates":[[19.925222,49.997329],[19.921052,49.999157],[19.920759,49.999253]]}},{"type":"Feature","properties":{"mode":"bus","n":5,"arr":["104","151","194","494","608"],"lines":"104, 151, 194, 494, 608"},"geometry":{"type":"LineString","coordinates":[[19.904494,50.001388],[19.90127,50.002095],[19.901237,50.002098],[19.901211,50.002092],[19.901191,50.002075],[19.900849,50.001658],[19.900364,50.001262],[19.899569,50.000533],[19.89893,49.999922],[19.898663,49.999629],[19.897854,49.998951],[19.897803,49.998871],[19.897818,49.998742],[19.897816,49.998731],[19.897809,49.998723],[19.897795,49.998716],[19.897749,49.998702],[19.897683,49.998641]]}},{"type":"Feature","properties":{"mode":"bus","n":5,"arr":["104","151","194","494","608"],"lines":"104, 151, 194, 494, 608"},"geometry":{"type":"LineString","coordinates":[[19.897683,49.998641],[19.89745,49.998401],[19.897349,49.998354],[19.897171,49.998362],[19.89704,49.998459],[19.897026,49.998507],[19.89707,49.998589],[19.897304,49.998728],[19.897339,49.998741],[19.89738,49.998744],[19.897461,49.998737],[19.897683,49.998641]]}},{"type":"Feature","properties":{"mode":"bus","n":5,"arr":["104","151","194","494","608"],"lines":"104, 151, 194, 494, 608"},"geometry":{"type":"LineString","coordinates":[[19.905265,50.006728],[19.905309,50.006666]]}},{"type":"Feature","properties":{"mode":"bus","n":6,"arr":["104","121","151","194","494","608"],"lines":"104, 121, 151, 194, 494, 608"},"geometry":{"type":"LineString","coordinates":[[19.904494,50.001388],[19.905618,50.003255],[19.905776,50.003527],[19.905803,50.003626],[19.905822,50.004153],[19.905787,50.005586],[19.905733,50.00584],[19.905372,50.00658]]}},{"type":"Feature","properties":{"mode":"bus","n":6,"arr":["104","121","151","194","494","608"],"lines":"104, 121, 151, 194, 494, 608"},"geometry":{"type":"LineString","coordinates":[[19.905265,50.006728],[19.905183,50.006881],[19.905128,50.006915]]}},{"type":"Feature","properties":{"mode":"bus","n":5,"arr":["104","194","293","494","608"],"lines":"104, 194, 293, 494, 608"},"geometry":{"type":"LineString","coordinates":[[19.899491,50.006507],[19.899264,50.006517]]}},{"type":"Feature","properties":{"mode":"bus","n":5,"arr":["104","194","293","494","608"],"lines":"104, 194, 293, 494, 608"},"geometry":{"type":"LineString","coordinates":[[19.898936,50.006532],[19.89869,50.006552]]}},{"type":"Feature","properties":{"mode":"bus","n":7,"arr":["104","204","223","233","253","283","903"],"lines":"104, 204, 223, 233, 253, 283, 903"},"geometry":{"type":"LineString","coordinates":[[19.881376,50.008349],[19.881271,50.008001],[19.881077,50.007553],[19.880827,50.007327]]}},{"type":"Feature","properties":{"mode":"bus","n":7,"arr":["104","204","223","233","253","283","903"],"lines":"104, 204, 223, 233, 253, 283, 903"},"geometry":{"type":"LineString","coordinates":[[19.887004,50.016439],[19.886694,50.016233],[19.886194,50.015836],[19.885745,50.015407],[19.884249,50.013351]]}},{"type":"Feature","properties":{"mode":"bus","n":7,"arr":["104","204","223","233","253","283","903"],"lines":"104, 204, 223, 233, 253, 283, 903"},"geometry":{"type":"LineString","coordinates":[[19.880676,50.007367],[19.880901,50.007576],[19.881376,50.008349],[19.882312,50.010475],[19.882821,50.011334]]}},{"type":"Feature","properties":{"mode":"bus","n":7,"arr":["104","204","223","233","253","283","903"],"lines":"104, 204, 223, 233, 253, 283, 903"},"geometry":{"type":"LineString","coordinates":[[19.882821,50.011334],[19.883047,50.011604],[19.883918,50.012833],[19.884191,50.013223],[19.884233,50.013316],[19.884237,50.013326],[19.884238,50.013333],[19.884236,50.013336],[19.884231,50.013335],[19.884223,50.013331],[19.884212,50.013324],[19.884096,50.013238],[19.883957,50.013088],[19.883483,50.01242],[19.883076,50.011839],[19.882821,50.011334]]}},{"type":"Feature","properties":{"mode":"bus","n":8,"arr":["104","204","223","233","253","283","476","903"],"lines":"104, 204, 223, 233, 253, 283, 476, 903"},"geometry":{"type":"LineString","coordinates":[[19.888032,50.017011],[19.887004,50.016439]]}},{"type":"Feature","properties":{"mode":"bus","n":8,"arr":["104","204","223","233","253","283","476","903"],"lines":"104, 204, 223, 233, 253, 283, 476, 903"},"geometry":{"type":"LineString","coordinates":[[19.889371,50.017555],[19.888912,50.017426],[19.888345,50.017227],[19.888144,50.017131],[19.888061,50.017042],[19.888052,50.017031],[19.88805,50.017025],[19.888055,50.017022],[19.888065,50.017022],[19.888082,50.017027],[19.889435,50.017453]]}},{"type":"Feature","properties":{"mode":"bus","n":8,"arr":["104","204","223","233","253","283","476","903"],"lines":"104, 204, 223, 233, 253, 283, 476, 903"},"geometry":{"type":"LineString","coordinates":[[19.889532,50.017478],[19.889506,50.01759]]}},{"type":"Feature","properties":{"mode":"bus","n":9,"arr":["104","204","223","233","253","283","476","662","903"],"lines":"104, 204, 223, 233, 253, 283, 476, 662, 903"},"geometry":{"type":"LineString","coordinates":[[19.889435,50.017453],[19.889532,50.017478]]}},{"type":"Feature","properties":{"mode":"bus","n":9,"arr":["104","204","223","233","253","283","476","662","903"],"lines":"104, 204, 223, 233, 253, 283, 476, 662, 903"},"geometry":{"type":"LineString","coordinates":[[19.889506,50.01759],[19.88935,50.017723],[19.888323,50.018318]]}},{"type":"Feature","properties":{"mode":"bus","n":9,"arr":["104","204","223","233","253","283","476","662","903"],"lines":"104, 204, 223, 233, 253, 283, 476, 662, 903"},"geometry":{"type":"LineString","coordinates":[[19.889392,50.018181],[19.88939,50.018013],[19.889395,50.017991],[19.88941,50.017973],[19.889437,50.017959],[19.889532,50.017923],[19.889656,50.017923],[19.889745,50.017948],[19.889844,50.018013],[19.889962,50.018202],[19.889947,50.018268],[19.889036,50.018802],[19.888919,50.018835],[19.888858,50.018836],[19.888827,50.018832],[19.888802,50.018821],[19.888748,50.018786],[19.888347,50.018391],[19.888322,50.018335],[19.888331,50.018258],[19.888382,50.018201],[19.889158,50.017758],[19.889262,50.017683],[19.889371,50.017555]]}},{"type":"Feature","properties":{"mode":"bus","n":9,"arr":["104","204","223","233","253","283","476","662","903"],"lines":"104, 204, 223, 233, 253, 283, 476, 662, 903"},"geometry":{"type":"LineString","coordinates":[[19.889385,50.018308],[19.888862,50.018636],[19.888747,50.01866],[19.888604,50.018645]]}},{"type":"Feature","properties":{"mode":"bus","n":8,"arr":["105","128","199","250","260","270","405","610"],"lines":"105, 128, 199, 250, 260, 270, 405, 610"},"geometry":{"type":"LineString","coordinates":[[19.973997,50.09632],[19.97335,50.097297],[19.972917,50.098029]]}},{"type":"Feature","properties":{"mode":"bus","n":5,"arr":["105","128","199","405","610"],"lines":"105, 128, 199, 405, 610"},"geometry":{"type":"LineString","coordinates":[[19.972917,50.098029],[19.972522,50.097855],[19.971948,50.097555],[19.970786,50.096817],[19.969727,50.096244],[19.968752,50.095577],[19.96826,50.095304],[19.966614,50.094477],[19.964221,50.093455],[19.963549,50.093223]]}},{"type":"Feature","properties":{"mode":"bus","n":6,"arr":["105","132","139","199","405","610"],"lines":"105, 132, 139, 199, 405, 610"},"geometry":{"type":"LineString","coordinates":[[19.965358,50.088023],[19.964549,50.087951],[19.962428,50.087936],[19.961886,50.087955],[19.961178,50.088035],[19.960321,50.088215],[19.958838,50.088697],[19.957889,50.08917]]}},{"type":"Feature","properties":{"mode":"bus","n":10,"arr":["105","132","137","139","199","307","317","405","503","610"],"lines":"105, 132, 137, 139, 199, 307, 317, 405, 503, 610"},"geometry":{"type":"LineString","coordinates":[[19.957889,50.08917],[19.957104,50.088559],[19.955731,50.087313],[19.954711,50.086298]]}},{"type":"Feature","properties":{"mode":"bus","n":10,"arr":["105","132","137","139","199","307","317","405","503","610"],"lines":"105, 132, 137, 139, 199, 307, 317, 405, 503, 610"},"geometry":{"type":"LineString","coordinates":[[19.958046,50.089083],[19.957638,50.088801],[19.956712,50.088013],[19.955421,50.086786],[19.954899,50.086235]]}},{"type":"Feature","properties":{"mode":"bus","n":9,"arr":["105","132","139","199","307","317","405","503","610"],"lines":"105, 132, 139, 199, 307, 317, 405, 503, 610"},"geometry":{"type":"LineString","coordinates":[[19.954711,50.086298],[19.954471,50.086035]]}},{"type":"Feature","properties":{"mode":"bus","n":11,"arr":["105","132","139","169","199","307","317","405","469","503","610"],"lines":"105, 132, 139, 169, 199, 307, 317, 405, 469, 503, 610"},"geometry":{"type":"LineString","coordinates":[[19.954471,50.086035],[19.953835,50.085213],[19.952256,50.083054]]}},{"type":"Feature","properties":{"mode":"bus","n":12,"arr":["105","132","139","169","199","307","317","405","469","503","608","610"],"lines":"105, 132, 139, 169, 199, 307, 317, 405, 469, 503, 608, 610"},"geometry":{"type":"LineString","coordinates":[[19.952256,50.083054],[19.951308,50.081595],[19.948316,50.077416],[19.947554,50.076435]]}},{"type":"Feature","properties":{"mode":"bus","n":11,"arr":["105","132","139","169","199","307","405","469","503","608","610"],"lines":"105, 132, 139, 169, 199, 307, 405, 469, 503, 608, 610"},"geometry":{"type":"LineString","coordinates":[[19.944003,50.07327],[19.944497,50.073396],[19.945032,50.073603],[19.945571,50.073904],[19.945964,50.074215],[19.946152,50.074412],[19.946377,50.074712],[19.946914,50.075637],[19.947554,50.076435]]}},{"type":"Feature","properties":{"mode":"bus","n":5,"arr":["105","132","405","608","610"],"lines":"105, 132, 405, 608, 610"},"geometry":{"type":"LineString","coordinates":[[19.944483,50.072578],[19.944265,50.073505],[19.944143,50.073683],[19.944034,50.073748],[19.9439,50.073785],[19.943765,50.073793],[19.943614,50.07377],[19.943505,50.073715],[19.943399,50.073607],[19.943408,50.073439],[19.943477,50.073362],[19.943612,50.073294],[19.943793,50.073266],[19.944003,50.07327]]}},{"type":"Feature","properties":{"mode":"bus","n":5,"arr":["105","132","405","608","610"],"lines":"105, 132, 405, 608, 610"},"geometry":{"type":"LineString","coordinates":[[19.94496,50.073487],[19.94484,50.073367],[19.944752,50.073178],[19.944823,50.072278],[19.94482,50.07216],[19.944768,50.072088]]}},{"type":"Feature","properties":{"mode":"bus","n":13,"arr":["105","130","132","179","189","192","304","405","511","608","610","669","904"],"lines":"105, 130, 132, 179, 189, 192, 304, 405, 511, 608, 610, 669, 904"},"geometry":{"type":"LineString","coordinates":[[19.944608,50.071958],[19.944483,50.072578]]}},{"type":"Feature","properties":{"mode":"bus","n":8,"arr":["105","130","132","179","304","405","610","904"],"lines":"105, 130, 132, 179, 304, 405, 610, 904"},"geometry":{"type":"LineString","coordinates":[[19.943368,50.06886],[19.943522,50.069276],[19.943845,50.070727],[19.944039,50.071022],[19.944077,50.071206],[19.944608,50.071958]]}},{"type":"Feature","properties":{"mode":"bus","n":13,"arr":["105","130","132","179","304","405","608","609","610","669","704","902","904"],"lines":"105, 130, 132, 179, 304, 405, 608, 609, 610, 669, 704, 902, 904"},"geometry":{"type":"LineString","coordinates":[[19.945091,50.069326],[19.945158,50.068765],[19.945127,50.068658],[19.945143,50.068521]]}},{"type":"Feature","properties":{"mode":"bus","n":11,"arr":["105","130","132","179","304","405","608","610","669","704","904"],"lines":"105, 130, 132, 179, 304, 405, 608, 610, 669, 704, 904"},"geometry":{"type":"LineString","coordinates":[[19.945127,50.070528],[19.945123,50.070151],[19.945208,50.069533],[19.945091,50.069326]]}},{"type":"Feature","properties":{"mode":"bus","n":13,"arr":["105","130","132","179","189","192","304","405","608","610","669","704","904"],"lines":"105, 130, 132, 179, 189, 192, 304, 405, 608, 610, 669, 704, 904"},"geometry":{"type":"LineString","coordinates":[[19.945015,50.071389],[19.945127,50.070528]]}},{"type":"Feature","properties":{"mode":"bus","n":14,"arr":["105","130","132","179","189","192","304","405","511","608","610","669","704","904"],"lines":"105, 130, 132, 179, 189, 192, 304, 405, 511, 608, 610, 669, 704, 904"},"geometry":{"type":"LineString","coordinates":[[19.945002,50.071522],[19.945015,50.071389]]}},{"type":"Feature","properties":{"mode":"bus","n":13,"arr":["105","130","132","179","189","192","304","405","511","608","610","704","904"],"lines":"105, 130, 132, 179, 189, 192, 304, 405, 511, 608, 610, 704, 904"},"geometry":{"type":"LineString","coordinates":[[19.944768,50.072088],[19.944939,50.072054],[19.945017,50.071987],[19.945002,50.071522]]}},{"type":"Feature","properties":{"mode":"bus","n":10,"arr":["105","132","139","169","199","307","405","503","608","610"],"lines":"105, 132, 139, 169, 199, 307, 405, 503, 608, 610"},"geometry":{"type":"LineString","coordinates":[[19.946899,50.075283],[19.946339,50.074493],[19.946037,50.074161],[19.945538,50.073786],[19.94496,50.073487]]}},{"type":"Feature","properties":{"mode":"bus","n":13,"arr":["105","132","139","169","199","307","317","405","503","608","610","A12","A13"],"lines":"105, 132, 139, 169, 199, 307, 317, 405, 503, 608, 610, A12, A13"},"geometry":{"type":"LineString","coordinates":[[19.95241,50.083001],[19.950215,50.079899],[19.950238,50.07983],[19.950091,50.079582],[19.949998,50.079283],[19.94983,50.07904],[19.949711,50.078882],[19.949513,50.078819],[19.949394,50.078752],[19.946899,50.075283]]}},{"type":"Feature","properties":{"mode":"bus","n":12,"arr":["105","132","139","169","199","307","317","405","503","610","A12","A13"],"lines":"105, 132, 139, 169, 199, 307, 317, 405, 503, 610, A12, A13"},"geometry":{"type":"LineString","coordinates":[[19.954642,50.085996],[19.953818,50.084964],[19.95241,50.083001]]}},{"type":"Feature","properties":{"mode":"bus","n":13,"arr":["105","132","137","139","169","199","307","317","405","503","610","A12","A13"],"lines":"105, 132, 137, 139, 169, 199, 307, 317, 405, 503, 610, A12, A13"},"geometry":{"type":"LineString","coordinates":[[19.954899,50.086235],[19.954642,50.085996]]}},{"type":"Feature","properties":{"mode":"bus","n":6,"arr":["107","164","169","174","179","610"],"lines":"107, 164, 169, 174, 179, 610"},"geometry":{"type":"LineString","coordinates":[[19.960176,50.020734],[19.96038,50.023318]]}},{"type":"Feature","properties":{"mode":"bus","n":6,"arr":["107","155","164","169","469","610"],"lines":"107, 155, 164, 169, 469, 610"},"geometry":{"type":"LineString","coordinates":[[19.960176,50.020734],[19.960237,50.020091],[19.960301,50.019974],[19.96179,50.018813],[19.962931,50.018041],[19.963021,50.017285],[19.963266,50.016579],[19.963757,50.015882],[19.963883,50.015652],[19.96444,50.014384],[19.964574,50.01427],[19.965472,50.013939]]}},{"type":"Feature","properties":{"mode":"bus","n":5,"arr":["111","160","161","171","271"],"lines":"111, 160, 161, 171, 271"},"geometry":{"type":"LineString","coordinates":[[20.117294,50.072759],[20.11726,50.072764]]}},{"type":"Feature","properties":{"mode":"bus","n":5,"arr":["111","160","161","171","271"],"lines":"111, 160, 161, 171, 271"},"geometry":{"type":"LineString","coordinates":[[20.156067,50.077808],[20.15609,50.07714]]}},{"type":"Feature","properties":{"mode":"bus","n":7,"arr":["111","160","161","171","211","271","A37"],"lines":"111, 160, 161, 171, 211, 271, A37"},"geometry":{"type":"LineString","coordinates":[[20.118141,50.073072],[20.118301,50.073118],[20.119102,50.072962],[20.11933,50.072844],[20.119476,50.072664]]}},{"type":"Feature","properties":{"mode":"bus","n":9,"arr":["111","160","161","171","211","271","A37","A50","A57"],"lines":"111, 160, 161, 171, 211, 271, A37, A50, A57"},"geometry":{"type":"LineString","coordinates":[[20.119476,50.072664],[20.130593,50.073975]]}},{"type":"Feature","properties":{"mode":"bus","n":9,"arr":["111","160","161","171","211","271","A37","A50","A57"],"lines":"111, 160, 161, 171, 211, 271, A37, A50, A57"},"geometry":{"type":"LineString","coordinates":[[20.135041,50.074509],[20.143887,50.075572]]}},{"type":"Feature","properties":{"mode":"bus","n":9,"arr":["111","160","161","171","211","271","A37","A50","A57"],"lines":"111, 160, 161, 171, 211, 271, A37, A50, A57"},"geometry":{"type":"LineString","coordinates":[[20.15031,50.076335],[20.156092,50.07702]]}},{"type":"Feature","properties":{"mode":"bus","n":9,"arr":["111","160","161","171","211","271","A37","A50","A57"],"lines":"111, 160, 161, 171, 211, 271, A37, A50, A57"},"geometry":{"type":"LineString","coordinates":[[20.15609,50.07714],[20.153841,50.076846],[20.151171,50.076537]]}},{"type":"Feature","properties":{"mode":"bus","n":9,"arr":["111","160","161","171","211","271","A37","A50","A57"],"lines":"111, 160, 161, 171, 211, 271, A37, A50, A57"},"geometry":{"type":"LineString","coordinates":[[20.145929,50.075913],[20.143596,50.075625],[20.138336,50.075021],[20.136831,50.07481],[20.135005,50.074594]]}},{"type":"Feature","properties":{"mode":"bus","n":9,"arr":["111","160","161","171","211","271","A37","A50","A57"],"lines":"111, 160, 161, 171, 211, 271, A37, A50, A57"},"geometry":{"type":"LineString","coordinates":[[20.130552,50.074073],[20.122095,50.073061],[20.119401,50.072777]]}},{"type":"Feature","properties":{"mode":"bus","n":11,"arr":["112","126","162","194","219","494","662","712","A14","A44","A64"],"lines":"112, 126, 162, 194, 219, 494, 662, 712, A14, A44, A64"},"geometry":{"type":"LineString","coordinates":[[19.924646,50.046482],[19.929921,50.04821]]}},{"type":"Feature","properties":{"mode":"bus","n":5,"arr":["112","126","162","219","712"],"lines":"112, 126, 162, 219, 712"},"geometry":{"type":"LineString","coordinates":[[19.929921,50.04821],[19.930232,50.048181]]}},{"type":"Feature","properties":{"mode":"bus","n":8,"arr":["112","126","162","219","662","712","A49","A60"],"lines":"112, 126, 162, 219, 662, 712, A49, A60"},"geometry":{"type":"LineString","coordinates":[[19.930232,50.048181],[19.930761,50.048344],[19.931306,50.048482],[19.931912,50.048571]]}},{"type":"Feature","properties":{"mode":"bus","n":26,"arr":["112","124","126","144","162","164","169","173","179","219","300","301","424","469","503","513","608","610","708","712","A1","A40","A49","A56","A60","LR0"],"lines":"112, 124, 126, 144, 162, 164, 169, 173, 179, 219, 300, 301, 424, 469, 503, 513, 608, 610, 708, 712, A1, A40, A49, A56, A60, LR0"},"geometry":{"type":"LineString","coordinates":[[19.931912,50.048571],[19.932492,50.048245],[19.932731,50.04808],[19.93298,50.047842],[19.933401,50.047323],[19.933636,50.047155]]}},{"type":"Feature","properties":{"mode":"bus","n":27,"arr":["112","124","126","144","162","164","169","173","179","219","300","301","304","424","469","503","513","608","610","708","712","A1","A40","A49","A56","A60","LR0"],"lines":"112, 124, 126, 144, 162, 164, 169, 173, 179, 219, 300, 301, 304, 424, 469, 503, 513, 608, 610, 708, 712, A1, A40, A49, A56, A60, LR0"},"geometry":{"type":"LineString","coordinates":[[19.933636,50.047155],[19.933819,50.046871],[19.93399,50.046521],[19.934197,50.045814]]}},{"type":"Feature","properties":{"mode":"bus","n":12,"arr":["112","124","126","162","219","300","424","708","712","A49","A60","LR0"],"lines":"112, 124, 126, 162, 219, 300, 424, 708, 712, A49, A60, LR0"},"geometry":{"type":"LineString","coordinates":[[19.934197,50.045814],[19.93404,50.045586],[19.933789,50.045419],[19.933396,50.045323],[19.932941,50.045257],[19.932909,50.045256],[19.932884,50.045265],[19.932868,50.045283],[19.93269,50.045591],[19.932564,50.045676]]}},{"type":"Feature","properties":{"mode":"bus","n":12,"arr":["112","124","126","162","219","300","424","708","712","A49","A60","LR0"],"lines":"112, 124, 126, 162, 219, 300, 424, 708, 712, A49, A60, LR0"},"geometry":{"type":"LineString","coordinates":[[19.930232,50.048181],[19.930391,50.047781]]}},{"type":"Feature","properties":{"mode":"bus","n":6,"arr":["112","126","162","712","A49","A60"],"lines":"112, 126, 162, 712, A49, A60"},"geometry":{"type":"LineString","coordinates":[[19.932222,50.046616],[19.932492,50.046644]]}},{"type":"Feature","properties":{"mode":"bus","n":10,"arr":["112","124","126","162","219","300","424","708","712","LR0"],"lines":"112, 124, 126, 162, 219, 300, 424, 708, 712, LR0"},"geometry":{"type":"LineString","coordinates":[[19.930391,50.047781],[19.93109,50.046155],[19.931104,50.046136],[19.931127,50.046127],[19.931159,50.046128],[19.93231,50.046293]]}},{"type":"Feature","properties":{"mode":"bus","n":12,"arr":["112","124","126","162","219","300","424","662","708","712","A60","LR0"],"lines":"112, 124, 126, 162, 219, 300, 424, 662, 708, 712, A60, LR0"},"geometry":{"type":"LineString","coordinates":[[19.930232,50.048181],[19.930268,50.048214],[19.93028,50.048232],[19.930275,50.048251],[19.930235,50.048314]]}},{"type":"Feature","properties":{"mode":"bus","n":7,"arr":["112","126","162","219","662","712","A60"],"lines":"112, 126, 162, 219, 662, 712, A60"},"geometry":{"type":"LineString","coordinates":[[19.930235,50.048314],[19.930225,50.048329],[19.930221,50.048333],[19.930215,50.048336],[19.930207,50.048337],[19.929882,50.048332]]}},{"type":"Feature","properties":{"mode":"bus","n":9,"arr":["112","126","162","219","712","A14","A44","A60","A64"],"lines":"112, 126, 162, 219, 712, A14, A44, A60, A64"},"geometry":{"type":"LineString","coordinates":[[19.929882,50.048332],[19.927911,50.047684]]}},{"type":"Feature","properties":{"mode":"bus","n":5,"arr":["120","140","189","301","337"],"lines":"120, 140, 189, 301, 337"},"geometry":{"type":"LineString","coordinates":[[19.935716,50.074675],[19.935892,50.074658],[19.936068,50.074675],[19.936099,50.074682],[19.936118,50.074695],[19.936125,50.074716],[19.936133,50.07486]]}},{"type":"Feature","properties":{"mode":"bus","n":5,"arr":["120","140","189","301","337"],"lines":"120, 140, 189, 301, 337"},"geometry":{"type":"LineString","coordinates":[[19.935977,50.075188],[19.936101,50.075156],[19.93613,50.075145],[19.936146,50.075128],[19.93615,50.075107],[19.936137,50.074933]]}},{"type":"Feature","properties":{"mode":"bus","n":9,"arr":["120","130","140","189","301","337","513","669","904"],"lines":"120, 130, 140, 189, 301, 337, 513, 669, 904"},"geometry":{"type":"LineString","coordinates":[[19.935716,50.074675],[19.93574,50.074728]]}},{"type":"Feature","properties":{"mode":"bus","n":7,"arr":["120","140","189","301","337","513","669"],"lines":"120, 140, 189, 301, 337, 513, 669"},"geometry":{"type":"LineString","coordinates":[[19.93574,50.074728],[19.935977,50.075188]]}},{"type":"Feature","properties":{"mode":"bus","n":5,"arr":["120","140","337","513","669"],"lines":"120, 140, 337, 513, 669"},"geometry":{"type":"LineString","coordinates":[[19.935977,50.075188],[19.936571,50.076337],[19.936815,50.077641],[19.936887,50.077734],[19.93783,50.0786]]}},{"type":"Feature","properties":{"mode":"bus","n":5,"arr":["120","140","337","513","669"],"lines":"120, 140, 337, 513, 669"},"geometry":{"type":"LineString","coordinates":[[19.935309,50.0817],[19.935859,50.081402],[19.937861,50.080453]]}},{"type":"Feature","properties":{"mode":"bus","n":5,"arr":["120","140","337","513","669"],"lines":"120, 140, 337, 513, 669"},"geometry":{"type":"LineString","coordinates":[[19.93783,50.0786],[19.937962,50.07867],[19.938685,50.079343],[19.938782,50.079486],[19.938824,50.079664],[19.938803,50.07983],[19.938753,50.079938],[19.938637,50.080076],[19.938343,50.080248],[19.937907,50.080433],[19.937894,50.080439],[19.937886,50.080441],[19.937882,50.080441],[19.937883,50.080439],[19.937888,50.080434],[19.937898,50.080426],[19.938092,50.080284],[19.938384,50.080136],[19.938553,50.08001],[19.938692,50.07981],[19.938705,50.079625],[19.938657,50.079447],[19.938596,50.079363],[19.937885,50.078704],[19.93783,50.0786]]}},{"type":"Feature","properties":{"mode":"bus","n":5,"arr":["120","140","337","513","669"],"lines":"120, 140, 337, 513, 669"},"geometry":{"type":"LineString","coordinates":[[19.934406,50.082909],[19.935264,50.081787],[19.935293,50.08173],[19.935297,50.081722],[19.935298,50.081716],[19.935296,50.081713],[19.935291,50.081713],[19.935284,50.081716],[19.935273,50.081722],[19.935085,50.081838],[19.933446,50.083925]]}},{"type":"Feature","properties":{"mode":"bus","n":6,"arr":["120","138","144","168","194","904"],"lines":"120, 138, 144, 168, 194, 904"},"geometry":{"type":"LineString","coordinates":[[19.923915,50.088319],[19.923005,50.087264],[19.922868,50.087023]]}},{"type":"Feature","properties":{"mode":"bus","n":6,"arr":["120","144","220","240","290","904"],"lines":"120, 144, 220, 240, 290, 904"},"geometry":{"type":"LineString","coordinates":[[19.922907,50.090938],[19.922982,50.090726],[19.922976,50.090614],[19.9226,50.089882],[19.922583,50.089657],[19.922622,50.089495],[19.922738,50.089297],[19.922906,50.089132],[19.923915,50.088319]]}},{"type":"Feature","properties":{"mode":"bus","n":7,"arr":["120","144","150","220","240","290","904"],"lines":"120, 144, 150, 220, 240, 290, 904"},"geometry":{"type":"LineString","coordinates":[[19.922845,50.091097],[19.922907,50.090938]]}},{"type":"Feature","properties":{"mode":"bus","n":6,"arr":["120","144","150","220","290","904"],"lines":"120, 144, 150, 220, 290, 904"},"geometry":{"type":"LineString","coordinates":[[19.921876,50.093392],[19.92222,50.092803],[19.922845,50.091097]]}},{"type":"Feature","properties":{"mode":"bus","n":7,"arr":["120","238","248","268","278","288","948"],"lines":"120, 238, 248, 268, 278, 288, 948"},"geometry":{"type":"LineString","coordinates":[[19.88115,50.090942],[19.8834,50.089937],[19.884962,50.089341],[19.885738,50.088979],[19.887266,50.088343],[19.889172,50.087657],[19.889542,50.087542],[19.890321,50.087367],[19.890798,50.087213],[19.890965,50.08712],[19.891148,50.086863]]}},{"type":"Feature","properties":{"mode":"bus","n":17,"arr":["120","173","200","210","230","238","248","268","278","288","310","511","572","611","910","948","LR0"],"lines":"120, 173, 200, 210, 230, 238, 248, 268, 278, 288, 310, 511, 572, 611, 910, 948, LR0"},"geometry":{"type":"LineString","coordinates":[[19.891148,50.086863],[19.891146,50.086495],[19.891017,50.085658],[19.89101,50.084795],[19.890937,50.083867],[19.890997,50.083628]]}},{"type":"Feature","properties":{"mode":"bus","n":17,"arr":["120","173","200","210","230","238","248","268","278","288","310","511","572","611","910","948","LR0"],"lines":"120, 173, 200, 210, 230, 238, 248, 268, 278, 288, 310, 511, 572, 611, 910, 948, LR0"},"geometry":{"type":"LineString","coordinates":[[19.890881,50.082431],[19.890685,50.081619],[19.890323,50.080685]]}},{"type":"Feature","properties":{"mode":"bus","n":18,"arr":["120","173","200","210","230","238","248","258","268","278","288","310","511","572","611","910","948","LR0"],"lines":"120, 173, 200, 210, 230, 238, 248, 258, 268, 278, 288, 310, 511, 572, 611, 910, 948, LR0"},"geometry":{"type":"LineString","coordinates":[[19.890804,50.081473],[19.890899,50.081873],[19.890915,50.082256],[19.890881,50.082431],[19.890997,50.083628],[19.891058,50.083813],[19.891199,50.085064],[19.891308,50.085275],[19.891458,50.085859],[19.891639,50.086862],[19.891745,50.087077],[19.891872,50.087214]]}},{"type":"Feature","properties":{"mode":"bus","n":12,"arr":["120","200","210","230","238","248","268","278","288","572","910","948"],"lines":"120, 200, 210, 230, 238, 248, 268, 278, 288, 572, 910, 948"},"geometry":{"type":"LineString","coordinates":[[19.890323,50.080685],[19.890071,50.080422],[19.889969,50.080369],[19.889816,50.080334],[19.889666,50.080332],[19.889479,50.080377],[19.889225,50.080508],[19.889084,50.080657],[19.889035,50.080841],[19.889084,50.081027],[19.889221,50.081272],[19.889198,50.081325],[19.889308,50.081516]]}},{"type":"Feature","properties":{"mode":"bus","n":19,"arr":["120","164","199","200","210","230","238","248","258","268","278","288","572","601","664","704","708","910","948"],"lines":"120, 164, 199, 200, 210, 230, 238, 248, 258, 268, 278, 288, 572, 601, 664, 704, 708, 910, 948"},"geometry":{"type":"LineString","coordinates":[[19.891446,50.081084],[19.886913,50.082004],[19.886411,50.082081],[19.885747,50.082114],[19.88303,50.082145]]}},{"type":"Feature","properties":{"mode":"bus","n":8,"arr":["120","164","199","200","210","230","572","601"],"lines":"120, 164, 199, 200, 210, 230, 572, 601"},"geometry":{"type":"LineString","coordinates":[[19.88303,50.082145],[19.88077,50.082207]]}},{"type":"Feature","properties":{"mode":"bus","n":8,"arr":["120","164","199","200","210","230","572","601"],"lines":"120, 164, 199, 200, 210, 230, 572, 601"},"geometry":{"type":"LineString","coordinates":[[19.880498,50.08099],[19.880008,50.078822]]}},{"type":"Feature","properties":{"mode":"bus","n":9,"arr":["120","164","199","218","228","298","572","601","918"],"lines":"120, 164, 199, 218, 228, 298, 572, 601, 918"},"geometry":{"type":"LineString","coordinates":[[19.88077,50.082207],[19.879879,50.082213],[19.879233,50.082189],[19.877439,50.081953],[19.876717,50.081805],[19.874801,50.081327],[19.873215,50.080994],[19.871651,50.080768],[19.870896,50.080725]]}},{"type":"Feature","properties":{"mode":"bus","n":12,"arr":["120","164","199","200","210","218","228","230","298","572","601","918"],"lines":"120, 164, 199, 200, 210, 218, 228, 230, 298, 572, 601, 918"},"geometry":{"type":"LineString","coordinates":[[19.88077,50.082207],[19.880769,50.082059],[19.880498,50.08099]]}},{"type":"Feature","properties":{"mode":"bus","n":16,"arr":["120","200","210","230","238","248","258","268","278","288","572","664","704","708","910","948"],"lines":"120, 200, 210, 230, 238, 248, 258, 268, 278, 288, 572, 664, 704, 708, 910, 948"},"geometry":{"type":"LineString","coordinates":[[19.891446,50.081084],[19.89168,50.081036]]}},{"type":"Feature","properties":{"mode":"bus","n":13,"arr":["120","200","210","230","238","248","258","268","278","288","572","910","948"],"lines":"120, 200, 210, 230, 238, 248, 258, 268, 278, 288, 572, 910, 948"},"geometry":{"type":"LineString","coordinates":[[19.89168,50.081036],[19.891813,50.080928],[19.891895,50.080779],[19.891635,50.080324],[19.891495,50.080216],[19.891333,50.080144],[19.891012,50.080095],[19.890663,50.080175],[19.890523,50.080294],[19.890459,50.080586]]}},{"type":"Feature","properties":{"mode":"bus","n":21,"arr":["120","164","173","199","200","210","230","238","248","258","268","278","288","310","511","572","601","611","910","948","LR0"],"lines":"120, 164, 173, 199, 200, 210, 230, 238, 248, 258, 268, 278, 288, 310, 511, 572, 601, 611, 910, 948, LR0"},"geometry":{"type":"LineString","coordinates":[[19.890459,50.080586],[19.890804,50.081473]]}},{"type":"Feature","properties":{"mode":"bus","n":8,"arr":["120","238","248","258","268","278","288","948"],"lines":"120, 238, 248, 258, 268, 278, 288, 948"},"geometry":{"type":"LineString","coordinates":[[19.891387,50.087652],[19.890903,50.087617],[19.89047,50.087636],[19.889993,50.087714],[19.889475,50.087867],[19.88651,50.08897],[19.8856,50.08927],[19.885135,50.089397],[19.884674,50.08957],[19.883572,50.090015],[19.881234,50.091047]]}},{"type":"Feature","properties":{"mode":"bus","n":22,"arr":["121","175","204","214","215","225","235","243","245","254","255","265","275","285","293","475","610","915","A1","A40","A49","A56"],"lines":"121, 175, 204, 214, 215, 225, 235, 243, 245, 254, 255, 265, 275, 285, 293, 475, 610, 915, A1, A40, A49, A56"},"geometry":{"type":"LineString","coordinates":[[19.924981,50.007],[19.92583,50.008661],[19.927341,50.011413]]}},{"type":"Feature","properties":{"mode":"bus","n":22,"arr":["121","175","204","214","215","225","235","243","245","254","255","265","275","285","293","475","610","915","A1","A40","A49","A56"],"lines":"121, 175, 204, 214, 215, 225, 235, 243, 245, 254, 255, 265, 275, 285, 293, 475, 610, 915, A1, A40, A49, A56"},"geometry":{"type":"LineString","coordinates":[[19.927077,50.011196],[19.92509,50.007503]]}},{"type":"Feature","properties":{"mode":"bus","n":18,"arr":["121","151","175","204","214","215","225","235","243","245","254","255","265","275","285","293","475","610"],"lines":"121, 151, 175, 204, 214, 215, 225, 235, 243, 245, 254, 255, 265, 275, 285, 293, 475, 610"},"geometry":{"type":"LineString","coordinates":[[19.92664,50.011338],[19.926869,50.011485],[19.926896,50.011497],[19.926927,50.011502],[19.92696,50.011498],[19.927341,50.011413]]}},{"type":"Feature","properties":{"mode":"bus","n":17,"arr":["121","175","204","214","215","225","235","243","245","254","255","265","275","285","293","475","610"],"lines":"121, 175, 204, 214, 215, 225, 235, 243, 245, 254, 255, 265, 275, 285, 293, 475, 610"},"geometry":{"type":"LineString","coordinates":[[19.926908,50.01151],[19.926179,50.011669],[19.926059,50.011655],[19.925897,50.011563],[19.925875,50.011546],[19.925867,50.011526],[19.925871,50.011505],[19.925902,50.011438],[19.925927,50.011409],[19.925969,50.01139],[19.926378,50.011283]]}},{"type":"Feature","properties":{"mode":"bus","n":12,"arr":["175","204","215","225","235","243","254","255","265","275","475","610"],"lines":"175, 204, 215, 225, 235, 243, 254, 255, 265, 275, 475, 610"},"geometry":{"type":"LineString","coordinates":[[19.926378,50.011283],[19.926421,50.011272]]}},{"type":"Feature","properties":{"mode":"bus","n":23,"arr":["121","151","175","204","214","215","225","235","243","245","254","255","265","275","285","293","475","610","915","A1","A40","A49","A56"],"lines":"121, 151, 175, 204, 214, 215, 225, 235, 243, 245, 254, 255, 265, 275, 285, 293, 475, 610, 915, A1, A40, A49, A56"},"geometry":{"type":"LineString","coordinates":[[19.927208,50.011438],[19.927077,50.011196]]}},{"type":"Feature","properties":{"mode":"bus","n":6,"arr":["122","202","212","222","232","262"],"lines":"122, 202, 212, 222, 232, 262"},"geometry":{"type":"LineString","coordinates":[[20.072244,50.103821],[20.072465,50.104027]]}},{"type":"Feature","properties":{"mode":"bus","n":7,"arr":["122","180","202","212","222","232","262"],"lines":"122, 180, 202, 212, 222, 232, 262"},"geometry":{"type":"LineString","coordinates":[[20.066942,50.099087],[20.072244,50.103821]]}},{"type":"Feature","properties":{"mode":"bus","n":8,"arr":["122","149","180","202","212","222","232","262"],"lines":"122, 149, 180, 202, 212, 222, 232, 262"},"geometry":{"type":"LineString","coordinates":[[20.065973,50.098057],[20.066251,50.098469],[20.066942,50.099087]]}},{"type":"Feature","properties":{"mode":"bus","n":8,"arr":["122","149","180","202","212","222","232","262"],"lines":"122, 149, 180, 202, 212, 222, 232, 262"},"geometry":{"type":"LineString","coordinates":[[20.065212,50.095274],[20.065811,50.095989],[20.065968,50.096364],[20.065936,50.097743],[20.065971,50.098037],[20.065971,50.098044],[20.065968,50.098048],[20.065964,50.09805],[20.065957,50.098049],[20.065948,50.098045],[20.065903,50.098024],[20.065839,50.097948],[20.065815,50.097858],[20.06584,50.09667],[20.065758,50.096255],[20.065466,50.095802],[20.065055,50.095328]]}},{"type":"Feature","properties":{"mode":"bus","n":9,"arr":["122","149","180","202","212","222","232","262","608"],"lines":"122, 149, 180, 202, 212, 222, 232, 262, 608"},"geometry":{"type":"LineString","coordinates":[[20.065055,50.095328],[20.064503,50.094701],[20.06414,50.094343],[20.063853,50.094104],[20.062151,50.093007],[20.061065,50.092339],[20.057938,50.091062]]}},{"type":"Feature","properties":{"mode":"bus","n":9,"arr":["122","149","180","202","212","222","232","262","608"],"lines":"122, 149, 180, 202, 212, 222, 232, 262, 608"},"geometry":{"type":"LineString","coordinates":[[20.065212,50.095274],[20.064555,50.094552],[20.064254,50.094269],[20.06394,50.094025],[20.061148,50.092272],[20.060574,50.09198],[20.060092,50.091798]]}},{"type":"Feature","properties":{"mode":"bus","n":5,"arr":["122","182","511","601","608"],"lines":"122, 182, 511, 601, 608"},"geometry":{"type":"LineString","coordinates":[[20.03486,50.093829],[20.035061,50.093833],[20.035203,50.093789],[20.035234,50.093784],[20.035263,50.093788],[20.035287,50.093802],[20.035722,50.094163],[20.035793,50.094263],[20.035803,50.094367],[20.035962,50.094509],[20.037012,50.095161],[20.037219,50.095242],[20.037393,50.095275],[20.037603,50.09527],[20.037733,50.09524],[20.038659,50.094832],[20.038884,50.094789],[20.03908,50.094786],[20.039264,50.094807],[20.04009,50.095026],[20.042423,50.095689],[20.042672,50.095727],[20.043005,50.095727],[20.043257,50.095691],[20.043459,50.09563],[20.044982,50.094991],[20.045316,50.094881],[20.045671,50.094813],[20.046109,50.094793],[20.046564,50.094857],[20.049856,50.095721],[20.052738,50.095899],[20.053198,50.095884],[20.053673,50.095777]]}},{"type":"Feature","properties":{"mode":"bus","n":5,"arr":["122","182","511","601","608"],"lines":"122, 182, 511, 601, 608"},"geometry":{"type":"LineString","coordinates":[[20.034553,50.093762],[20.034623,50.093785]]}},{"type":"Feature","properties":{"mode":"bus","n":8,"arr":["122","160","202","212","222","232","262","608"],"lines":"122, 160, 202, 212, 222, 232, 262, 608"},"geometry":{"type":"LineString","coordinates":[[20.043718,50.08672],[20.047081,50.087068]]}},{"type":"Feature","properties":{"mode":"bus","n":8,"arr":["122","160","202","212","222","232","262","608"],"lines":"122, 160, 202, 212, 222, 232, 262, 608"},"geometry":{"type":"LineString","coordinates":[[20.032569,50.082052],[20.03797,50.084973],[20.039303,50.085616],[20.039835,50.085788],[20.041277,50.086154],[20.043088,50.086589],[20.043665,50.086709],[20.04368,50.086712],[20.043688,50.086715],[20.043691,50.086716],[20.043688,50.086717],[20.043678,50.086716],[20.043663,50.086715],[20.04282,50.086641],[20.041874,50.086485],[20.039805,50.085977],[20.039093,50.085745],[20.037871,50.085155],[20.032364,50.082202]]}},{"type":"Feature","properties":{"mode":"bus","n":7,"arr":["122","202","212","222","232","262","608"],"lines":"122, 202, 212, 222, 232, 262, 608"},"geometry":{"type":"LineString","coordinates":[[20.032364,50.082202],[20.029626,50.08071],[20.029034,50.080422],[20.02848,50.080232],[20.027786,50.080055],[20.027583,50.080024]]}},{"type":"Feature","properties":{"mode":"bus","n":7,"arr":["122","202","212","222","232","262","608"],"lines":"122, 202, 212, 222, 232, 262, 608"},"geometry":{"type":"LineString","coordinates":[[20.027935,50.079615],[20.028211,50.079854],[20.028818,50.080063],[20.029066,50.080175],[20.032569,50.082052]]}},{"type":"Feature","properties":{"mode":"bus","n":5,"arr":["122","189","572","A50","A57"],"lines":"122, 189, 572, A50, A57"},"geometry":{"type":"LineString","coordinates":[[20.027276,50.079243],[20.027656,50.079199],[20.027805,50.079133],[20.028715,50.078468],[20.032337,50.075691]]}},{"type":"Feature","properties":{"mode":"bus","n":5,"arr":["122","189","572","A50","A57"],"lines":"122, 189, 572, A50, A57"},"geometry":{"type":"LineString","coordinates":[[20.032673,50.075668],[20.02798,50.079279],[20.027904,50.079354],[20.027874,50.079472]]}},{"type":"Feature","properties":{"mode":"bus","n":5,"arr":["122","189","601","A50","A57"],"lines":"122, 189, 601, A50, A57"},"geometry":{"type":"LineString","coordinates":[[20.033647,50.074968],[20.032673,50.075668]]}},{"type":"Feature","properties":{"mode":"bus","n":10,"arr":["122","149","160","180","202","212","222","232","262","608"],"lines":"122, 149, 160, 180, 202, 212, 222, 232, 262, 608"},"geometry":{"type":"LineString","coordinates":[[20.060092,50.091798],[20.058059,50.090983]]}},{"type":"Feature","properties":{"mode":"bus","n":6,"arr":["123","132","139","182","482","601"],"lines":"123, 132, 139, 182, 482, 601"},"geometry":{"type":"LineString","coordinates":[[19.995282,50.095583],[19.996138,50.095533],[19.996613,50.095455]]}},{"type":"Feature","properties":{"mode":"bus","n":5,"arr":["123","132","139","182","601"],"lines":"123, 132, 139, 182, 601"},"geometry":{"type":"LineString","coordinates":[[19.996613,50.095455],[19.998379,50.095017],[19.999615,50.094671],[20.000818,50.094388],[20.001339,50.094298],[20.004444,50.093946]]}},{"type":"Feature","properties":{"mode":"bus","n":5,"arr":["123","132","139","182","601"],"lines":"123, 132, 139, 182, 601"},"geometry":{"type":"LineString","coordinates":[[20.006867,50.093839],[20.006085,50.093823],[20.004759,50.09394],[20.0045,50.093945],[20.004484,50.093945],[20.004475,50.093944],[20.004471,50.093943],[20.004474,50.093941],[20.004482,50.093938],[20.004497,50.093935],[20.005285,50.09377],[20.006071,50.093449]]}},{"type":"Feature","properties":{"mode":"bus","n":5,"arr":["123","132","139","182","601"],"lines":"123, 132, 139, 182, 601"},"geometry":{"type":"LineString","coordinates":[[20.006803,50.093402],[20.007061,50.093468]]}},{"type":"Feature","properties":{"mode":"bus","n":7,"arr":["123","138","189","511","572","608","611"],"lines":"123, 138, 189, 511, 572, 608, 611"},"geometry":{"type":"LineString","coordinates":[[20.001253,50.087605],[20.003049,50.087675]]}},{"type":"Feature","properties":{"mode":"bus","n":7,"arr":["123","138","189","511","572","608","611"],"lines":"123, 138, 189, 511, 572, 608, 611"},"geometry":{"type":"LineString","coordinates":[[20.003141,50.08787],[20.001424,50.087775]]}},{"type":"Feature","properties":{"mode":"bus","n":5,"arr":["123","189","572","608","611"],"lines":"123, 189, 572, 608, 611"},"geometry":{"type":"LineString","coordinates":[[20.003049,50.087675],[20.003825,50.087668],[20.004727,50.087563],[20.005315,50.087443],[20.007143,50.086921],[20.007823,50.086762],[20.013453,50.085821]]}},{"type":"Feature","properties":{"mode":"bus","n":5,"arr":["123","189","572","608","611"],"lines":"123, 189, 572, 608, 611"},"geometry":{"type":"LineString","coordinates":[[20.013527,50.085986],[20.007962,50.086925],[20.007248,50.087092],[20.005489,50.0876],[20.004913,50.087742],[20.004198,50.087834],[20.003141,50.08787]]}},{"type":"Feature","properties":{"mode":"bus","n":5,"arr":["123","132","139","160","601"],"lines":"123, 132, 139, 160, 601"},"geometry":{"type":"LineString","coordinates":[[20.032364,50.082202],[20.034337,50.080705]]}},{"type":"Feature","properties":{"mode":"bus","n":6,"arr":["123","149","174","601","A50","A57"],"lines":"123, 149, 174, 601, A50, A57"},"geometry":{"type":"LineString","coordinates":[[20.052624,50.06863],[20.045856,50.069841]]}},{"type":"Feature","properties":{"mode":"bus","n":6,"arr":["123","149","174","601","A50","A57"],"lines":"123, 149, 174, 601, A50, A57"},"geometry":{"type":"LineString","coordinates":[[20.045782,50.069678],[20.052585,50.068454]]}},{"type":"Feature","properties":{"mode":"bus","n":6,"arr":["123","125","195","264","605","A58"],"lines":"123, 125, 195, 264, 605, A58"},"geometry":{"type":"LineString","coordinates":[[20.042551,50.038593],[20.037595,50.038725],[20.034919,50.038768],[20.033523,50.03875],[20.032773,50.038722],[20.031506,50.038637],[20.028842,50.038383],[20.026771,50.038144]]}},{"type":"Feature","properties":{"mode":"bus","n":6,"arr":["123","125","195","264","605","A58"],"lines":"123, 125, 195, 264, 605, A58"},"geometry":{"type":"LineString","coordinates":[[20.042511,50.038329],[20.036038,50.038543],[20.033724,50.038534],[20.03224,50.038462],[20.031025,50.038365],[20.02696,50.037895]]}},{"type":"Feature","properties":{"mode":"bus","n":8,"arr":["123","125","158","195","221","264","605","A58"],"lines":"123, 125, 158, 195, 221, 264, 605, A58"},"geometry":{"type":"LineString","coordinates":[[20.026771,50.038144],[20.024966,50.037926],[20.023884,50.037849],[20.023345,50.037832],[20.020368,50.03781],[20.018544,50.037887]]}},{"type":"Feature","properties":{"mode":"bus","n":8,"arr":["123","125","158","195","221","264","605","A58"],"lines":"123, 125, 158, 195, 221, 264, 605, A58"},"geometry":{"type":"LineString","coordinates":[[20.02696,50.037895],[20.025411,50.037713],[20.023813,50.037603],[20.021292,50.037573],[20.018613,50.037623]]}},{"type":"Feature","properties":{"mode":"bus","n":5,"arr":["123","128","148","158","605"],"lines":"123, 128, 148, 158, 605"},"geometry":{"type":"LineString","coordinates":[[20.011688,50.035539],[20.011523,50.034681],[20.011517,50.034666],[20.011505,50.034658],[20.011489,50.034657],[20.011467,50.034662],[20.004021,50.037242]]}},{"type":"Feature","properties":{"mode":"bus","n":6,"arr":["123","128","148","158","497","605"],"lines":"123, 128, 148, 158, 497, 605"},"geometry":{"type":"LineString","coordinates":[[20.004021,50.037242],[20.004178,50.038073]]}},{"type":"Feature","properties":{"mode":"bus","n":6,"arr":["123","128","148","158","497","605"],"lines":"123, 128, 148, 158, 497, 605"},"geometry":{"type":"LineString","coordinates":[[20.004555,50.039418],[20.004408,50.038673],[20.004191,50.038108],[20.004187,50.038098],[20.004184,50.038093],[20.004182,50.038091],[20.004181,50.038093],[20.00418,50.038099],[20.00418,50.038109],[20.004218,50.038684],[20.004298,50.039157]]}},{"type":"Feature","properties":{"mode":"bus","n":11,"arr":["123","125","128","148","158","195","221","264","497","605","A58"],"lines":"123, 125, 128, 148, 158, 195, 221, 264, 497, 605, A58"},"geometry":{"type":"LineString","coordinates":[[20.004555,50.039418],[20.001516,50.039706]]}},{"type":"Feature","properties":{"mode":"bus","n":11,"arr":["123","125","128","148","158","195","221","264","497","605","A58"],"lines":"123, 125, 128, 148, 158, 195, 221, 264, 497, 605, A58"},"geometry":{"type":"LineString","coordinates":[[20.004298,50.039157],[20.000632,50.039577]]}},{"type":"Feature","properties":{"mode":"bus","n":10,"arr":["123","125","128","148","158","195","221","264","497","605"],"lines":"123, 125, 128, 148, 158, 195, 221, 264, 497, 605"},"geometry":{"type":"LineString","coordinates":[[20.000632,50.039577],[20.000235,50.039613]]}},{"type":"Feature","properties":{"mode":"bus","n":7,"arr":["124","182","189","482","511","601","611"],"lines":"124, 182, 189, 482, 511, 601, 611"},"geometry":{"type":"LineString","coordinates":[[19.973199,50.0807],[19.972877,50.080237],[19.972621,50.079928]]}},{"type":"Feature","properties":{"mode":"bus","n":8,"arr":["124","182","189","424","482","511","601","611"],"lines":"124, 182, 189, 424, 482, 511, 601, 611"},"geometry":{"type":"LineString","coordinates":[[19.97356,50.08046],[19.972621,50.079928],[19.968786,50.076473],[19.967893,50.075582],[19.967027,50.07455],[19.965207,50.072669]]}},{"type":"Feature","properties":{"mode":"bus","n":8,"arr":["124","182","189","424","482","511","601","611"],"lines":"124, 182, 189, 424, 482, 511, 601, 611"},"geometry":{"type":"LineString","coordinates":[[19.959241,50.068156],[19.959392,50.066881],[19.959323,50.066774],[19.959218,50.066729],[19.959098,50.066712]]}},{"type":"Feature","properties":{"mode":"bus","n":8,"arr":["124","182","189","424","482","511","601","611"],"lines":"124, 182, 189, 424, 482, 511, 601, 611"},"geometry":{"type":"LineString","coordinates":[[19.960856,50.066025],[19.96078,50.066199],[19.960627,50.066327],[19.959819,50.066534],[19.959734,50.066613],[19.959653,50.0668],[19.959557,50.067776]]}},{"type":"Feature","properties":{"mode":"bus","n":8,"arr":["124","182","189","424","482","511","601","611"],"lines":"124, 182, 189, 424, 482, 511, 601, 611"},"geometry":{"type":"LineString","coordinates":[[19.958232,50.066289],[19.958494,50.065816]]}},{"type":"Feature","properties":{"mode":"bus","n":8,"arr":["124","125","424","601","605","611","662","664"],"lines":"124, 125, 424, 601, 605, 611, 662, 664"},"geometry":{"type":"LineString","coordinates":[[19.955141,50.065463],[19.951604,50.065152]]}},{"type":"Feature","properties":{"mode":"bus","n":8,"arr":["124","125","424","601","605","611","662","664"],"lines":"124, 125, 424, 601, 605, 611, 662, 664"},"geometry":{"type":"LineString","coordinates":[[19.951579,50.065064],[19.955354,50.065394]]}},{"type":"Feature","properties":{"mode":"bus","n":11,"arr":["124","424","601","605","608","609","611","662","664","669","902"],"lines":"124, 424, 601, 605, 608, 609, 611, 662, 664, 669, 902"},"geometry":{"type":"LineString","coordinates":[[19.951604,50.065152],[19.94802,50.064847],[19.947817,50.064794],[19.947263,50.064742],[19.946673,50.064745],[19.944946,50.064625]]}},{"type":"Feature","properties":{"mode":"bus","n":11,"arr":["124","424","601","605","608","610","611","664","704","902","904"],"lines":"124, 424, 601, 605, 608, 610, 611, 664, 704, 902, 904"},"geometry":{"type":"LineString","coordinates":[[19.944516,50.064768],[19.944946,50.064625]]}},{"type":"Feature","properties":{"mode":"bus","n":10,"arr":["124","424","601","608","610","611","664","704","902","904"],"lines":"124, 424, 601, 608, 610, 611, 664, 704, 902, 904"},"geometry":{"type":"LineString","coordinates":[[19.943848,50.064997],[19.944516,50.064768]]}},{"type":"Feature","properties":{"mode":"bus","n":8,"arr":["124","424","601","608","611","664","704","902"],"lines":"124, 424, 601, 608, 611, 664, 704, 902"},"geometry":{"type":"LineString","coordinates":[[19.939106,50.066263],[19.939826,50.066272],[19.94037,50.066181],[19.943848,50.064997]]}},{"type":"Feature","properties":{"mode":"bus","n":7,"arr":["124","424","601","611","664","704","902"],"lines":"124, 424, 601, 611, 664, 704, 902"},"geometry":{"type":"LineString","coordinates":[[19.926603,50.069002],[19.929016,50.066912],[19.92904,50.066897],[19.929069,50.06689],[19.929103,50.06689],[19.93379,50.067531],[19.933822,50.067531],[19.933845,50.067522],[19.93386,50.067504],[19.933965,50.067279],[19.934215,50.066504],[19.934572,50.06585],[19.934588,50.065831],[19.934613,50.065821],[19.934645,50.065819],[19.934964,50.065839],[19.935105,50.065823],[19.935415,50.065677],[19.935444,50.065669],[19.93547,50.065671],[19.935493,50.065685],[19.935923,50.066065],[19.936144,50.066159],[19.939106,50.066263]]}},{"type":"Feature","properties":{"mode":"bus","n":6,"arr":["124","424","601","611","664","902"],"lines":"124, 424, 601, 611, 664, 902"},"geometry":{"type":"LineString","coordinates":[[19.938383,50.06624],[19.93814,50.066817],[19.936914,50.068882],[19.934639,50.070854]]}},{"type":"Feature","properties":{"mode":"bus","n":6,"arr":["124","424","601","611","664","902"],"lines":"124, 424, 601, 611, 664, 902"},"geometry":{"type":"LineString","coordinates":[[19.931597,50.072471],[19.931245,50.072653]]}},{"type":"Feature","properties":{"mode":"bus","n":12,"arr":["124","424","601","611","664","902","A1","A14","A40","A44","A56","A64"],"lines":"124, 424, 601, 611, 664, 902, A1, A14, A40, A44, A56, A64"},"geometry":{"type":"LineString","coordinates":[[19.934639,50.070854],[19.934521,50.070938],[19.931597,50.072471]]}},{"type":"Feature","properties":{"mode":"bus","n":26,"arr":["124","139","169","179","192","199","301","304","307","424","469","503","511","513","601","608","611","664","704","902","A1","A14","A40","A44","A56","A64"],"lines":"124, 139, 169, 179, 192, 199, 301, 304, 307, 424, 469, 503, 511, 513, 601, 608, 611, 664, 704, 902, A1, A14, A40, A44, A56, A64"},"geometry":{"type":"LineString","coordinates":[[19.927213,50.070447],[19.928542,50.071251],[19.931245,50.072653]]}},{"type":"Feature","properties":{"mode":"bus","n":27,"arr":["124","139","169","179","192","199","301","304","307","424","469","503","511","513","601","608","611","664","704","708","902","A1","A14","A40","A44","A56","A64"],"lines":"124, 139, 169, 179, 192, 199, 301, 304, 307, 424, 469, 503, 511, 513, 601, 608, 611, 664, 704, 708, 902, A1, A14, A40, A44, A56, A64"},"geometry":{"type":"LineString","coordinates":[[19.926357,50.069294],[19.926895,50.070124],[19.927213,50.070447]]}},{"type":"Feature","properties":{"mode":"bus","n":27,"arr":["124","139","169","179","192","199","301","304","307","424","469","503","511","513","601","608","611","664","704","708","902","A1","A14","A40","A44","A56","A64"],"lines":"124, 139, 169, 179, 192, 199, 301, 304, 307, 424, 469, 503, 511, 513, 601, 608, 611, 664, 704, 708, 902, A1, A14, A40, A44, A56, A64"},"geometry":{"type":"LineString","coordinates":[[19.925298,50.067809],[19.925697,50.068403],[19.926284,50.069188]]}},{"type":"Feature","properties":{"mode":"bus","n":24,"arr":["124","139","169","179","192","199","301","304","307","424","469","503","511","513","601","608","611","902","A1","A14","A40","A44","A56","A64"],"lines":"124, 139, 169, 179, 192, 199, 301, 304, 307, 424, 469, 503, 511, 513, 601, 608, 611, 902, A1, A14, A40, A44, A56, A64"},"geometry":{"type":"LineString","coordinates":[[19.926284,50.069188],[19.926357,50.069294]]}},{"type":"Feature","properties":{"mode":"bus","n":25,"arr":["124","139","169","179","192","199","301","304","307","424","469","503","511","513","601","608","611","708","902","A1","A14","A40","A44","A56","A64"],"lines":"124, 139, 169, 179, 192, 199, 301, 304, 307, 424, 469, 503, 511, 513, 601, 608, 611, 708, 902, A1, A14, A40, A44, A56, A64"},"geometry":{"type":"LineString","coordinates":[[19.924368,50.065942],[19.924807,50.066992],[19.925298,50.067809]]}},{"type":"Feature","properties":{"mode":"bus","n":20,"arr":["124","169","179","192","301","304","307","424","469","503","513","608","708","902","A1","A14","A40","A44","A56","A64"],"lines":"124, 169, 179, 192, 301, 304, 307, 424, 469, 503, 513, 608, 708, 902, A1, A14, A40, A44, A56, A64"},"geometry":{"type":"LineString","coordinates":[[19.924368,50.065942],[19.924235,50.065573]]}},{"type":"Feature","properties":{"mode":"bus","n":27,"arr":["124","144","164","169","173","179","192","194","301","304","307","310","424","469","494","503","513","608","708","902","A1","A14","A40","A44","A56","A64","LR0"],"lines":"124, 144, 164, 169, 173, 179, 192, 194, 301, 304, 307, 310, 424, 469, 494, 503, 513, 608, 708, 902, A1, A14, A40, A44, A56, A64, LR0"},"geometry":{"type":"LineString","coordinates":[[19.924235,50.065573],[19.923296,50.063026],[19.923237,50.062812],[19.923222,50.06254],[19.923276,50.062242],[19.923393,50.061974],[19.924485,50.059901],[19.924848,50.059296]]}},{"type":"Feature","properties":{"mode":"bus","n":27,"arr":["124","134","144","164","169","173","179","194","300","301","304","307","310","424","469","494","503","513","608","708","A1","A14","A40","A44","A56","A64","LR0"],"lines":"124, 134, 144, 164, 169, 173, 179, 194, 300, 301, 304, 307, 310, 424, 469, 494, 503, 513, 608, 708, A1, A14, A40, A44, A56, A64, LR0"},"geometry":{"type":"LineString","coordinates":[[19.924848,50.059296],[19.925644,50.058153]]}},{"type":"Feature","properties":{"mode":"bus","n":25,"arr":["124","144","164","169","173","179","194","300","301","304","310","424","469","494","503","513","608","708","A1","A14","A40","A44","A56","A64","LR0"],"lines":"124, 144, 164, 169, 173, 179, 194, 300, 301, 304, 310, 424, 469, 494, 503, 513, 608, 708, A1, A14, A40, A44, A56, A64, LR0"},"geometry":{"type":"LineString","coordinates":[[19.925644,50.058153],[19.926229,50.057193],[19.926876,50.055976],[19.927177,50.055522],[19.927429,50.055217]]}},{"type":"Feature","properties":{"mode":"bus","n":24,"arr":["124","144","164","169","173","179","194","300","301","304","424","469","494","503","513","608","708","A1","A14","A40","A44","A56","A64","LR0"],"lines":"124, 144, 164, 169, 173, 179, 194, 300, 301, 304, 424, 469, 494, 503, 513, 608, 708, A1, A14, A40, A44, A56, A64, LR0"},"geometry":{"type":"LineString","coordinates":[[19.927429,50.055217],[19.927583,50.055141]]}},{"type":"Feature","properties":{"mode":"bus","n":24,"arr":["124","144","164","169","173","179","194","300","301","304","424","469","494","503","513","608","708","A1","A14","A40","A44","A56","A64","LR0"],"lines":"124, 144, 164, 169, 173, 179, 194, 300, 301, 304, 424, 469, 494, 503, 513, 608, 708, A1, A14, A40, A44, A56, A64, LR0"},"geometry":{"type":"LineString","coordinates":[[19.929244,50.052976],[19.929274,50.052866],[19.929669,50.052316],[19.930912,50.050742]]}},{"type":"Feature","properties":{"mode":"bus","n":25,"arr":["124","144","164","169","173","179","194","300","301","304","424","469","494","503","513","608","609","708","A1","A14","A40","A44","A56","A64","LR0"],"lines":"124, 144, 164, 169, 173, 179, 194, 300, 301, 304, 424, 469, 494, 503, 513, 608, 609, 708, A1, A14, A40, A44, A56, A64, LR0"},"geometry":{"type":"LineString","coordinates":[[19.927583,50.055141],[19.929244,50.052976]]}},{"type":"Feature","properties":{"mode":"bus","n":23,"arr":["124","144","164","169","173","179","194","300","301","424","469","494","503","513","608","708","A1","A14","A40","A44","A56","A64","LR0"],"lines":"124, 144, 164, 169, 173, 179, 194, 300, 301, 424, 469, 494, 503, 513, 608, 708, A1, A14, A40, A44, A56, A64, LR0"},"geometry":{"type":"LineString","coordinates":[[19.930912,50.050742],[19.931313,50.049964],[19.931529,50.049043]]}},{"type":"Feature","properties":{"mode":"bus","n":8,"arr":["124","219","300","424","708","A49","A60","LR0"],"lines":"124, 219, 300, 424, 708, A49, A60, LR0"},"geometry":{"type":"LineString","coordinates":[[19.932564,50.045676],[19.932717,50.045748],[19.93318,50.046051]]}},{"type":"Feature","properties":{"mode":"bus","n":6,"arr":["124","219","300","424","708","LR0"],"lines":"124, 219, 300, 424, 708, LR0"},"geometry":{"type":"LineString","coordinates":[[19.93318,50.046051],[19.933096,50.046296],[19.933083,50.046315],[19.933061,50.046326],[19.933029,50.046328],[19.9327,50.046307],[19.932602,50.046327]]}},{"type":"Feature","properties":{"mode":"bus","n":6,"arr":["124","219","300","424","708","LR0"],"lines":"124, 219, 300, 424, 708, LR0"},"geometry":{"type":"LineString","coordinates":[[19.93231,50.046293],[19.932475,50.046333],[19.932558,50.046329],[19.932583,50.046325],[19.932601,50.046315],[19.932611,50.046299],[19.932694,50.046051]]}},{"type":"Feature","properties":{"mode":"bus","n":6,"arr":["124","219","300","424","708","LR0"],"lines":"124, 219, 300, 424, 708, LR0"},"geometry":{"type":"LineString","coordinates":[[19.932709,50.046006],[19.932772,50.045803]]}},{"type":"Feature","properties":{"mode":"bus","n":11,"arr":["124","194","300","424","494","662","708","A14","A44","A64","LR0"],"lines":"124, 194, 300, 424, 494, 662, 708, A14, A44, A64, LR0"},"geometry":{"type":"LineString","coordinates":[[19.930643,50.048452],[19.930235,50.048314]]}},{"type":"Feature","properties":{"mode":"bus","n":10,"arr":["124","194","300","424","494","708","A14","A44","A64","LR0"],"lines":"124, 194, 300, 424, 494, 708, A14, A44, A64, LR0"},"geometry":{"type":"LineString","coordinates":[[19.93259,50.049084],[19.930643,50.048452]]}},{"type":"Feature","properties":{"mode":"bus","n":24,"arr":["124","144","164","169","173","179","194","300","301","304","424","494","503","513","608","609","708","A1","A14","A40","A44","A56","A64","LR0"],"lines":"124, 144, 164, 169, 173, 179, 194, 300, 301, 304, 424, 494, 503, 513, 608, 609, 708, A1, A14, A40, A44, A56, A64, LR0"},"geometry":{"type":"LineString","coordinates":[[19.931033,50.05077],[19.92985,50.052248],[19.929482,50.05275],[19.929372,50.052883],[19.929244,50.052976]]}},{"type":"Feature","properties":{"mode":"bus","n":24,"arr":["124","144","164","169","173","179","194","300","301","304","310","424","494","503","513","608","708","A1","A14","A40","A44","A56","A64","LR0"],"lines":"124, 144, 164, 169, 173, 179, 194, 300, 301, 304, 310, 424, 494, 503, 513, 608, 708, A1, A14, A40, A44, A56, A64, LR0"},"geometry":{"type":"LineString","coordinates":[[19.925294,50.059358],[19.926367,50.0577],[19.927513,50.055446],[19.927579,50.055293],[19.927583,50.055141]]}},{"type":"Feature","properties":{"mode":"bus","n":26,"arr":["124","144","164","169","173","179","192","194","301","304","307","310","424","494","503","513","608","708","902","A1","A14","A40","A44","A56","A64","LR0"],"lines":"124, 144, 164, 169, 173, 179, 192, 194, 301, 304, 307, 310, 424, 494, 503, 513, 608, 708, 902, A1, A14, A40, A44, A56, A64, LR0"},"geometry":{"type":"LineString","coordinates":[[19.924545,50.06511],[19.923759,50.06297],[19.923713,50.062756],[19.923704,50.06245],[19.923784,50.062129],[19.924001,50.061686],[19.924527,50.060677],[19.925294,50.059358]]}},{"type":"Feature","properties":{"mode":"bus","n":19,"arr":["124","169","179","192","301","304","307","424","503","513","608","708","902","A1","A14","A40","A44","A56","A64"],"lines":"124, 169, 179, 192, 301, 304, 307, 424, 503, 513, 608, 708, 902, A1, A14, A40, A44, A56, A64"},"geometry":{"type":"LineString","coordinates":[[19.924798,50.065783],[19.924545,50.06511]]}},{"type":"Feature","properties":{"mode":"bus","n":24,"arr":["124","139","169","179","192","199","301","304","307","424","503","511","513","601","608","611","708","902","A1","A14","A40","A44","A56","A64"],"lines":"124, 139, 169, 179, 192, 199, 301, 304, 307, 424, 503, 511, 513, 601, 608, 611, 708, 902, A1, A14, A40, A44, A56, A64"},"geometry":{"type":"LineString","coordinates":[[19.925693,50.067606],[19.925315,50.066987],[19.924798,50.065783]]}},{"type":"Feature","properties":{"mode":"bus","n":26,"arr":["124","139","169","179","192","199","301","304","307","424","503","511","513","601","608","611","664","704","708","902","A1","A14","A40","A44","A56","A64"],"lines":"124, 139, 169, 179, 192, 199, 301, 304, 307, 424, 503, 511, 513, 601, 608, 611, 664, 704, 708, 902, A1, A14, A40, A44, A56, A64"},"geometry":{"type":"LineString","coordinates":[[19.926603,50.069002],[19.925693,50.067606]]}},{"type":"Feature","properties":{"mode":"bus","n":11,"arr":["124","424","601","605","609","610","611","662","664","669","904"],"lines":"124, 424, 601, 605, 609, 610, 611, 662, 664, 669, 904"},"geometry":{"type":"LineString","coordinates":[[19.944946,50.064625],[19.94493,50.064572]]}},{"type":"Feature","properties":{"mode":"bus","n":7,"arr":["124","424","601","605","611","662","664"],"lines":"124, 424, 601, 605, 611, 662, 664"},"geometry":{"type":"LineString","coordinates":[[19.947263,50.064742],[19.945323,50.06456],[19.94493,50.064572]]}},{"type":"Feature","properties":{"mode":"bus","n":7,"arr":["124","424","601","605","611","662","664"],"lines":"124, 424, 601, 605, 611, 662, 664"},"geometry":{"type":"LineString","coordinates":[[19.947817,50.064794],[19.949072,50.064888],[19.949648,50.064906],[19.951579,50.065064]]}},{"type":"Feature","properties":{"mode":"bus","n":5,"arr":["124","424","601","611","664"],"lines":"124, 424, 601, 611, 664"},"geometry":{"type":"LineString","coordinates":[[19.955354,50.065394],[19.956784,50.065492],[19.957225,50.065498],[19.958798,50.065316]]}},{"type":"Feature","properties":{"mode":"bus","n":9,"arr":["124","182","189","424","482","511","601","611","664"],"lines":"124, 182, 189, 424, 482, 511, 601, 611, 664"},"geometry":{"type":"LineString","coordinates":[[19.958798,50.065316],[19.959313,50.065267],[19.959515,50.065285],[19.959727,50.06534],[19.960679,50.06577],[19.960807,50.065885],[19.960856,50.066025]]}},{"type":"Feature","properties":{"mode":"bus","n":5,"arr":["125","195","264","605","A58"],"lines":"125, 195, 264, 605, A58"},"geometry":{"type":"LineString","coordinates":[[20.042701,50.038589],[20.042551,50.038593]]}},{"type":"Feature","properties":{"mode":"bus","n":5,"arr":["125","195","221","264","A58"],"lines":"125, 195, 221, 264, A58"},"geometry":{"type":"LineString","coordinates":[[20.018544,50.037887],[20.014266,50.038106],[20.012961,50.038214],[20.011912,50.038355],[20.009277,50.03882],[20.008114,50.039003],[20.007314,50.039111],[20.004555,50.039418]]}},{"type":"Feature","properties":{"mode":"bus","n":5,"arr":["125","195","221","264","A58"],"lines":"125, 195, 221, 264, A58"},"geometry":{"type":"LineString","coordinates":[[20.018613,50.037623],[20.014862,50.037831],[20.01327,50.037951],[20.012219,50.038086],[20.009687,50.038521],[20.008021,50.038765],[20.00617,50.038982],[20.004298,50.039157]]}},{"type":"Feature","properties":{"mode":"bus","n":7,"arr":["125","128","148","158","497","605","A58"],"lines":"125, 128, 148, 158, 497, 605, A58"},"geometry":{"type":"LineString","coordinates":[[20.001516,50.039706],[19.999532,50.039894]]}},{"type":"Feature","properties":{"mode":"bus","n":6,"arr":["125","128","148","158","497","605"],"lines":"125, 128, 148, 158, 497, 605"},"geometry":{"type":"LineString","coordinates":[[19.999532,50.039894],[19.994961,50.040331],[19.993495,50.040502],[19.991786,50.040626]]}},{"type":"Feature","properties":{"mode":"bus","n":6,"arr":["125","128","148","158","497","605"],"lines":"125, 128, 148, 158, 497, 605"},"geometry":{"type":"LineString","coordinates":[[20.000235,50.039613],[19.99678,50.039945]]}},{"type":"Feature","properties":{"mode":"bus","n":5,"arr":["125","608","609","669","902"],"lines":"125, 608, 609, 669, 902"},"geometry":{"type":"LineString","coordinates":[[19.952365,50.067927],[19.952214,50.067687],[19.951604,50.065152]]}},{"type":"Feature","properties":{"mode":"bus","n":5,"arr":["125","182","189","482","511"],"lines":"125, 182, 189, 482, 511"},"geometry":{"type":"LineString","coordinates":[[19.949913,50.069025],[19.95001,50.068959],[19.951802,50.068203],[19.95213,50.068071],[19.952426,50.06801]]}},{"type":"Feature","properties":{"mode":"bus","n":14,"arr":["125","182","189","192","317","482","609","902","A1","A14","A40","A44","A56","A64"],"lines":"125, 182, 189, 192, 317, 482, 609, 902, A1, A14, A40, A44, A56, A64"},"geometry":{"type":"LineString","coordinates":[[19.949858,50.068546],[19.949911,50.068612],[19.949887,50.068706]]}},{"type":"Feature","properties":{"mode":"bus","n":14,"arr":["125","182","189","192","317","482","609","902","A1","A14","A40","A44","A56","A64"],"lines":"125, 182, 189, 192, 317, 482, 609, 902, A1, A14, A40, A44, A56, A64"},"geometry":{"type":"LineString","coordinates":[[19.949064,50.068678],[19.949098,50.068508]]}},{"type":"Feature","properties":{"mode":"bus","n":14,"arr":["125","182","189","192","317","482","609","902","A1","A14","A40","A44","A56","A64"],"lines":"125, 182, 189, 192, 317, 482, 609, 902, A1, A14, A40, A44, A56, A64"},"geometry":{"type":"LineString","coordinates":[[19.949599,50.068858],[19.949477,50.068786]]}},{"type":"Feature","properties":{"mode":"bus","n":8,"arr":["125","182","189","192","317","482","609","902"],"lines":"125, 182, 189, 192, 317, 482, 609, 902"},"geometry":{"type":"LineString","coordinates":[[19.949747,50.068513],[19.949858,50.068546]]}},{"type":"Feature","properties":{"mode":"bus","n":8,"arr":["125","182","189","192","317","482","609","902"],"lines":"125, 182, 189, 192, 317, 482, 609, 902"},"geometry":{"type":"LineString","coordinates":[[19.949098,50.068508],[19.949315,50.068503]]}},{"type":"Feature","properties":{"mode":"bus","n":8,"arr":["125","182","189","192","317","482","609","902"],"lines":"125, 182, 189, 192, 317, 482, 609, 902"},"geometry":{"type":"LineString","coordinates":[[19.949477,50.068786],[19.949408,50.06877],[19.949119,50.068781],[19.949102,50.068779],[19.949087,50.068773],[19.949064,50.068755],[19.949064,50.068678]]}},{"type":"Feature","properties":{"mode":"bus","n":7,"arr":["125","182","189","192","317","609","902"],"lines":"125, 182, 189, 192, 317, 609, 902"},"geometry":{"type":"LineString","coordinates":[[19.949665,50.068509],[19.949747,50.068513]]}},{"type":"Feature","properties":{"mode":"bus","n":9,"arr":["125","182","189","482","511","608","609","669","902"],"lines":"125, 182, 189, 482, 511, 608, 609, 669, 902"},"geometry":{"type":"LineString","coordinates":[[19.949887,50.068706],[19.950042,50.068598],[19.95049,50.06838],[19.950944,50.068204],[19.951263,50.068122],[19.951829,50.068041],[19.952365,50.067927]]}},{"type":"Feature","properties":{"mode":"bus","n":8,"arr":["125","127","128","148","158","427","497","605"],"lines":"125, 127, 128, 148, 158, 427, 497, 605"},"geometry":{"type":"LineString","coordinates":[[19.99678,50.039945],[19.992464,50.040371],[19.991689,50.04041]]}},{"type":"Feature","properties":{"mode":"bus","n":6,"arr":["126","219","A14","A44","A60","A64"],"lines":"126, 219, A14, A44, A60, A64"},"geometry":{"type":"LineString","coordinates":[[19.927911,50.047684],[19.923783,50.046356],[19.923415,50.0462]]}},{"type":"Feature","properties":{"mode":"bus","n":6,"arr":["126","219","A14","A44","A60","A64"],"lines":"126, 219, A14, A44, A60, A64"},"geometry":{"type":"LineString","coordinates":[[19.911458,50.046711],[19.913472,50.04515],[19.913949,50.044817],[19.914201,50.044687],[19.914556,50.044548],[19.914899,50.044452],[19.915411,50.04437],[19.916018,50.044355],[19.916606,50.044423],[19.918233,50.044811],[19.919072,50.044985],[19.921056,50.045347],[19.921905,50.045551]]}},{"type":"Feature","properties":{"mode":"bus","n":6,"arr":["126","219","A14","A44","A60","A64"],"lines":"126, 219, A14, A44, A60, A64"},"geometry":{"type":"LineString","coordinates":[[19.921249,50.045519],[19.918164,50.044904],[19.916612,50.04452],[19.916165,50.044459],[19.915872,50.044445],[19.915252,50.044484],[19.914851,50.04456],[19.914611,50.044631],[19.914123,50.044841],[19.91389,50.044981],[19.911632,50.046774]]}},{"type":"Feature","properties":{"mode":"bus","n":9,"arr":["126","194","219","494","662","A14","A44","A60","A64"],"lines":"126, 194, 219, 494, 662, A14, A44, A60, A64"},"geometry":{"type":"LineString","coordinates":[[19.923415,50.0462],[19.921249,50.045519]]}},{"type":"Feature","properties":{"mode":"bus","n":9,"arr":["126","194","219","494","662","A14","A44","A60","A64"],"lines":"126, 194, 219, 494, 662, A14, A44, A60, A64"},"geometry":{"type":"LineString","coordinates":[[19.921905,50.045551],[19.923403,50.045958]]}},{"type":"Feature","properties":{"mode":"bus","n":7,"arr":["126","219","712","A14","A44","A60","A64"],"lines":"126, 219, 712, A14, A44, A60, A64"},"geometry":{"type":"LineString","coordinates":[[19.911632,50.046774],[19.911323,50.047005],[19.910341,50.047599],[19.910024,50.047753],[19.909365,50.047997],[19.905125,50.049134],[19.90462,50.049194],[19.904121,50.049189]]}},{"type":"Feature","properties":{"mode":"bus","n":7,"arr":["126","219","712","A14","A44","A60","A64"],"lines":"126, 219, 712, A14, A44, A60, A64"},"geometry":{"type":"LineString","coordinates":[[19.903574,50.048988],[19.904325,50.0491],[19.904702,50.049102],[19.905058,50.04906],[19.909245,50.047942],[19.909919,50.0477],[19.910292,50.047519],[19.910708,50.047272],[19.911458,50.046711]]}},{"type":"Feature","properties":{"mode":"bus","n":15,"arr":["126","209","219","229","239","249","259","269","279","609","712","A14","A44","A60","A64"],"lines":"126, 209, 219, 229, 239, 249, 259, 269, 279, 609, 712, A14, A44, A60, A64"},"geometry":{"type":"LineString","coordinates":[[19.904121,50.049189],[19.903177,50.049028],[19.901895,50.048857],[19.897121,50.048109],[19.895647,50.047917],[19.891027,50.047695],[19.888081,50.047511],[19.88602,50.047454],[19.884902,50.047466],[19.884423,50.047451],[19.884048,50.047353],[19.881295,50.046272],[19.881047,50.04618],[19.880824,50.04613],[19.880275,50.046097],[19.87748,50.046119],[19.875772,50.046286],[19.875043,50.046321],[19.87428,50.046308],[19.873763,50.046265],[19.873527,50.046274],[19.87219,50.046174]]}},{"type":"Feature","properties":{"mode":"bus","n":14,"arr":["126","209","219","229","239","249","259","269","279","609","A14","A44","A60","A64"],"lines":"126, 209, 219, 229, 239, 249, 259, 269, 279, 609, A14, A44, A60, A64"},"geometry":{"type":"LineString","coordinates":[[19.873763,50.046265],[19.87295,50.046156],[19.872215,50.046085]]}},{"type":"Feature","properties":{"mode":"bus","n":14,"arr":["126","209","219","229","239","249","259","269","279","609","A14","A44","A60","A64"],"lines":"126, 209, 219, 229, 239, 249, 259, 269, 279, 609, A14, A44, A60, A64"},"geometry":{"type":"LineString","coordinates":[[19.901557,50.0488],[19.902752,50.04887],[19.903574,50.048988]]}},{"type":"Feature","properties":{"mode":"bus","n":8,"arr":["126","194","219","494","662","A14","A44","A64"],"lines":"126, 194, 219, 494, 662, A14, A44, A64"},"geometry":{"type":"LineString","coordinates":[[19.923403,50.045958],[19.924039,50.046265],[19.924646,50.046482]]}},{"type":"Feature","properties":{"mode":"bus","n":5,"arr":["127","155","158","427","497"],"lines":"127, 155, 158, 427, 497"},"geometry":{"type":"LineString","coordinates":[[19.962848,50.04225],[19.962927,50.04233],[19.963038,50.042362],[19.963807,50.042477],[19.963955,50.042471],[19.964093,50.04242],[19.964133,50.042398],[19.964155,50.042367],[19.964186,50.042294],[19.964127,50.042183],[19.964056,50.042136],[19.963898,50.042085]]}},{"type":"Feature","properties":{"mode":"bus","n":5,"arr":["127","155","158","427","497"],"lines":"127, 155, 158, 427, 497"},"geometry":{"type":"LineString","coordinates":[[19.962894,50.042078],[19.962989,50.041998],[19.963014,50.041983],[19.963043,50.041976],[19.963077,50.041977],[19.963867,50.042081],[19.963885,50.042081],[19.963898,50.042076],[19.963907,50.042065],[19.963923,50.042029]]}},{"type":"Feature","properties":{"mode":"bus","n":5,"arr":["127","155","158","427","497"],"lines":"127, 155, 158, 427, 497"},"geometry":{"type":"LineString","coordinates":[[19.962593,50.041888],[19.962769,50.041855],[19.962992,50.041871],[19.963923,50.042029],[19.964219,50.042043],[19.964376,50.042103],[19.964464,50.042208],[19.96444,50.042319],[19.96422,50.042529],[19.964078,50.042619]]}},{"type":"Feature","properties":{"mode":"bus","n":7,"arr":["127","155","158","174","427","463","497"],"lines":"127, 155, 158, 174, 427, 463, 497"},"geometry":{"type":"LineString","coordinates":[[19.964078,50.042619],[19.962792,50.042444]]}},{"type":"Feature","properties":{"mode":"bus","n":7,"arr":["127","155","158","174","427","463","497"],"lines":"127, 155, 158, 174, 427, 463, 497"},"geometry":{"type":"LineString","coordinates":[[19.962373,50.042058],[19.962593,50.041888]]}},{"type":"Feature","properties":{"mode":"bus","n":6,"arr":["127","158","174","427","463","497"],"lines":"127, 158, 174, 427, 463, 497"},"geometry":{"type":"LineString","coordinates":[[19.969263,50.043745],[19.967439,50.04314],[19.966537,50.042897],[19.966165,50.042769],[19.965781,50.042601],[19.965392,50.042395],[19.964956,50.042116],[19.964548,50.04193],[19.964264,50.041842],[19.963788,50.041735],[19.963142,50.041678],[19.962871,50.041728],[19.962593,50.041888]]}},{"type":"Feature","properties":{"mode":"bus","n":6,"arr":["127","158","174","427","463","497"],"lines":"127, 158, 174, 427, 463, 497"},"geometry":{"type":"LineString","coordinates":[[19.968391,50.043594],[19.967469,50.043282],[19.966741,50.043078],[19.96574,50.042875],[19.964078,50.042619]]}},{"type":"Feature","properties":{"mode":"bus","n":5,"arr":["127","158","174","427","497"],"lines":"127, 158, 174, 427, 497"},"geometry":{"type":"LineString","coordinates":[[19.972712,50.044714],[19.970804,50.044094],[19.969574,50.043798],[19.969263,50.043745]]}},{"type":"Feature","properties":{"mode":"bus","n":5,"arr":["127","158","174","427","497"],"lines":"127, 158, 174, 427, 497"},"geometry":{"type":"LineString","coordinates":[[19.973426,50.045356],[19.968632,50.043711],[19.968391,50.043594]]}},{"type":"Feature","properties":{"mode":"bus","n":6,"arr":["127","128","148","158","427","605"],"lines":"127, 128, 148, 158, 427, 605"},"geometry":{"type":"LineString","coordinates":[[19.991671,50.041451],[19.991786,50.040626]]}},{"type":"Feature","properties":{"mode":"bus","n":7,"arr":["128","182","189","482","511","601","611"],"lines":"128, 182, 189, 482, 511, 601, 611"},"geometry":{"type":"LineString","coordinates":[[19.970795,50.083106],[19.972497,50.081508],[19.973199,50.0807]]}},{"type":"Feature","properties":{"mode":"bus","n":7,"arr":["128","182","189","482","511","601","611"],"lines":"128, 182, 189, 482, 511, 601, 611"},"geometry":{"type":"LineString","coordinates":[[19.970939,50.083279],[19.971361,50.082841],[19.97262,50.081681],[19.973679,50.080912]]}},{"type":"Feature","properties":{"mode":"bus","n":8,"arr":["128","182","189","482","511","601","608","611"],"lines":"128, 182, 189, 482, 511, 601, 608, 611"},"geometry":{"type":"LineString","coordinates":[[19.970534,50.084912],[19.970581,50.084801],[19.970544,50.084631],[19.970355,50.084356],[19.970302,50.08423],[19.97034,50.083863],[19.970483,50.0835],[19.970795,50.083106]]}},{"type":"Feature","properties":{"mode":"bus","n":7,"arr":["128","138","182","189","482","601","611"],"lines":"128, 138, 182, 189, 482, 601, 611"},"geometry":{"type":"LineString","coordinates":[[19.973247,50.088634],[19.973131,50.088347],[19.972066,50.086377],[19.971744,50.086005],[19.97117,50.085525]]}},{"type":"Feature","properties":{"mode":"bus","n":7,"arr":["128","138","182","189","482","601","611"],"lines":"128, 138, 182, 189, 482, 601, 611"},"geometry":{"type":"LineString","coordinates":[[19.973678,50.088621],[19.973513,50.088537]]}},{"type":"Feature","properties":{"mode":"bus","n":7,"arr":["128","138","182","189","482","601","611"],"lines":"128, 138, 182, 189, 482, 601, 611"},"geometry":{"type":"LineString","coordinates":[[19.973356,50.08895],[19.973475,50.089071]]}},{"type":"Feature","properties":{"mode":"bus","n":6,"arr":["138","182","189","482","601","611"],"lines":"138, 182, 189, 482, 601, 611"},"geometry":{"type":"LineString","coordinates":[[19.973513,50.088537],[19.973336,50.088378],[19.973131,50.088102],[19.972304,50.086565],[19.971818,50.085836],[19.971679,50.085419]]}},{"type":"Feature","properties":{"mode":"bus","n":9,"arr":["128","132","138","139","182","189","482","601","611"],"lines":"128, 132, 138, 139, 182, 189, 482, 601, 611"},"geometry":{"type":"LineString","coordinates":[[19.974354,50.088923],[19.973908,50.088692],[19.973678,50.088621]]}},{"type":"Feature","properties":{"mode":"bus","n":9,"arr":["128","132","138","139","182","189","482","601","611"],"lines":"128, 132, 138, 139, 182, 189, 482, 601, 611"},"geometry":{"type":"LineString","coordinates":[[19.973475,50.089071],[19.973643,50.089166],[19.973782,50.089214]]}},{"type":"Feature","properties":{"mode":"bus","n":9,"arr":["128","132","138","139","182","189","482","601","611"],"lines":"128, 132, 138, 139, 182, 189, 482, 601, 611"},"geometry":{"type":"LineString","coordinates":[[19.973291,50.088789],[19.973356,50.08895]]}},{"type":"Feature","properties":{"mode":"bus","n":5,"arr":["128","137","307","317","503"],"lines":"128, 137, 307, 317, 503"},"geometry":{"type":"LineString","coordinates":[[19.961103,50.093722],[19.960579,50.091945]]}},{"type":"Feature","properties":{"mode":"bus","n":5,"arr":["128","137","307","317","503"],"lines":"128, 137, 307, 317, 503"},"geometry":{"type":"LineString","coordinates":[[19.96095,50.093831],[19.960386,50.091972]]}},{"type":"Feature","properties":{"mode":"bus","n":6,"arr":["128","137","169","307","317","503"],"lines":"128, 137, 169, 307, 317, 503"},"geometry":{"type":"LineString","coordinates":[[19.962352,50.097744],[19.961945,50.096701],[19.961764,50.096126],[19.961236,50.094365],[19.961103,50.093722]]}},{"type":"Feature","properties":{"mode":"bus","n":7,"arr":["128","137","169","307","317","503","669"],"lines":"128, 137, 169, 307, 317, 503, 669"},"geometry":{"type":"LineString","coordinates":[[19.962388,50.097822],[19.962352,50.097744]]}},{"type":"Feature","properties":{"mode":"bus","n":6,"arr":["128","137","169","307","503","669"],"lines":"128, 137, 169, 307, 503, 669"},"geometry":{"type":"LineString","coordinates":[[19.96356,50.101703],[19.963224,50.100691],[19.962647,50.098465],[19.962388,50.097822]]}},{"type":"Feature","properties":{"mode":"bus","n":5,"arr":["128","169","307","503","669"],"lines":"128, 169, 307, 503, 669"},"geometry":{"type":"LineString","coordinates":[[19.963592,50.101794],[19.96356,50.101703]]}},{"type":"Feature","properties":{"mode":"bus","n":5,"arr":["128","169","469","503","669"],"lines":"128, 169, 469, 503, 669"},"geometry":{"type":"LineString","coordinates":[[19.963607,50.105217],[19.963466,50.105265],[19.962591,50.105343],[19.962539,50.105379],[19.962519,50.1054],[19.962515,50.105424],[19.962539,50.10558]]}},{"type":"Feature","properties":{"mode":"bus","n":6,"arr":["128","137","169","307","469","503"],"lines":"128, 137, 169, 307, 469, 503"},"geometry":{"type":"LineString","coordinates":[[19.962214,50.097859],[19.96218,50.09778]]}},{"type":"Feature","properties":{"mode":"bus","n":7,"arr":["128","137","169","307","317","469","503"],"lines":"128, 137, 169, 307, 317, 469, 503"},"geometry":{"type":"LineString","coordinates":[[19.96218,50.09778],[19.961895,50.097112],[19.961751,50.096452],[19.96095,50.093831]]}},{"type":"Feature","properties":{"mode":"bus","n":6,"arr":["128","138","182","482","601","611"],"lines":"128, 138, 182, 482, 601, 611"},"geometry":{"type":"LineString","coordinates":[[19.973247,50.088634],[19.973291,50.088789]]}},{"type":"Feature","properties":{"mode":"bus","n":10,"arr":["130","179","304","608","609","610","669","704","902","904"],"lines":"130, 179, 304, 608, 609, 610, 669, 704, 902, 904"},"geometry":{"type":"LineString","coordinates":[[19.945143,50.068521],[19.945133,50.068142],[19.945179,50.068041],[19.945129,50.067319]]}},{"type":"Feature","properties":{"mode":"bus","n":9,"arr":["130","179","189","192","304","511","669","704","904"],"lines":"130, 179, 189, 192, 304, 511, 669, 704, 904"},"geometry":{"type":"LineString","coordinates":[[19.942106,50.073218],[19.942408,50.073232],[19.942705,50.073308],[19.942883,50.073405],[19.94336,50.073775],[19.943536,50.073854],[19.943686,50.073888],[19.943848,50.073891],[19.943992,50.073872],[19.94415,50.073818],[19.944313,50.073696],[19.944409,50.073514],[19.944768,50.072088]]}},{"type":"Feature","properties":{"mode":"bus","n":15,"arr":["130","139","169","179","189","192","199","304","307","469","503","511","669","704","904"],"lines":"130, 139, 169, 179, 189, 192, 199, 304, 307, 469, 503, 511, 669, 704, 904"},"geometry":{"type":"LineString","coordinates":[[19.942106,50.073218],[19.937268,50.073887],[19.936986,50.073908],[19.936623,50.073895]]}},{"type":"Feature","properties":{"mode":"bus","n":6,"arr":["130","189","301","513","669","904"],"lines":"130, 189, 301, 513, 669, 904"},"geometry":{"type":"LineString","coordinates":[[19.935746,50.073815],[19.935682,50.074497],[19.935716,50.074675]]}},{"type":"Feature","properties":{"mode":"bus","n":5,"arr":["130","138","168","494","904"],"lines":"130, 138, 168, 494, 904"},"geometry":{"type":"LineString","coordinates":[[19.916865,50.087584],[19.913384,50.088028],[19.91305,50.088097],[19.912544,50.088338],[19.912207,50.088412],[19.911863,50.088416],[19.910428,50.088244]]}},{"type":"Feature","properties":{"mode":"bus","n":5,"arr":["130","138","168","494","904"],"lines":"130, 138, 168, 494, 904"},"geometry":{"type":"LineString","coordinates":[[19.909312,50.087905],[19.909518,50.088359],[19.909533,50.088378],[19.909556,50.088386],[19.909588,50.088385],[19.910374,50.088253],[19.910389,50.08825],[19.910398,50.088248],[19.910401,50.088245],[19.910398,50.088243],[19.910388,50.088241],[19.910373,50.08824],[19.91025,50.08823],[19.909655,50.088303]]}},{"type":"Feature","properties":{"mode":"bus","n":7,"arr":["130","138","140","168","173","494","904"],"lines":"130, 138, 140, 168, 173, 494, 904"},"geometry":{"type":"LineString","coordinates":[[19.909312,50.087905],[19.909225,50.087641],[19.90938,50.087251],[19.90936,50.087199],[19.909233,50.087106],[19.908967,50.087038],[19.908927,50.087021],[19.908905,50.086994],[19.908878,50.086935]]}},{"type":"Feature","properties":{"mode":"bus","n":7,"arr":["130","138","140","168","173","494","904"],"lines":"130, 138, 140, 168, 173, 494, 904"},"geometry":{"type":"LineString","coordinates":[[19.909292,50.08645],[19.908859,50.086549],[19.908837,50.086558],[19.908824,50.086572],[19.908808,50.086604],[19.908831,50.086709]]}},{"type":"Feature","properties":{"mode":"bus","n":6,"arr":["130","138","168","173","494","904"],"lines":"130, 138, 168, 173, 494, 904"},"geometry":{"type":"LineString","coordinates":[[19.909655,50.088303],[19.909395,50.087646],[19.909477,50.087236],[19.909427,50.087132],[19.909292,50.08645]]}},{"type":"Feature","properties":{"mode":"bus","n":13,"arr":["130","189","301","513","608","669","904","A1","A14","A40","A44","A56","A64"],"lines":"130, 189, 301, 513, 608, 669, 904, A1, A14, A40, A44, A56, A64"},"geometry":{"type":"LineString","coordinates":[[19.935785,50.073521],[19.935746,50.073815]]}},{"type":"Feature","properties":{"mode":"bus","n":13,"arr":["130","139","169","179","189","192","199","304","307","503","511","669","904"],"lines":"130, 139, 169, 179, 189, 192, 199, 304, 307, 503, 511, 669, 904"},"geometry":{"type":"LineString","coordinates":[[19.935785,50.073521],[19.936875,50.073651],[19.937463,50.07367],[19.937984,50.073655],[19.942054,50.073084]]}},{"type":"Feature","properties":{"mode":"bus","n":8,"arr":["130","179","189","192","304","511","669","904"],"lines":"130, 179, 189, 192, 304, 511, 669, 904"},"geometry":{"type":"LineString","coordinates":[[19.942054,50.073084],[19.94234,50.073022],[19.942921,50.072941],[19.944014,50.072884],[19.944284,50.072787],[19.944483,50.072578]]}},{"type":"Feature","properties":{"mode":"bus","n":5,"arr":["130","179","304","610","904"],"lines":"130, 179, 304, 610, 904"},"geometry":{"type":"LineString","coordinates":[[19.943711,50.067278],[19.942818,50.067268],[19.942747,50.067299],[19.942712,50.067356],[19.943368,50.06886]]}},{"type":"Feature","properties":{"mode":"bus","n":6,"arr":["132","138","139","174","242","272"],"lines":"132, 138, 139, 174, 242, 272"},"geometry":{"type":"LineString","coordinates":[[20.066192,50.078045],[20.066481,50.078068],[20.066533,50.078102],[20.066553,50.078122],[20.066559,50.078146],[20.066503,50.078816],[20.066415,50.078876],[20.066086,50.078922]]}},{"type":"Feature","properties":{"mode":"bus","n":8,"arr":["132","138","139","149","174","242","272","601"],"lines":"132, 138, 139, 149, 174, 242, 272, 601"},"geometry":{"type":"LineString","coordinates":[[20.066086,50.078922],[20.066041,50.079456]]}},{"type":"Feature","properties":{"mode":"bus","n":6,"arr":["132","139","149","174","463","601"],"lines":"132, 139, 149, 174, 463, 601"},"geometry":{"type":"LineString","coordinates":[[20.066041,50.079456],[20.065457,50.079397],[20.063609,50.079153],[20.062961,50.079047],[20.053916,50.07666],[20.05326,50.076537],[20.051753,50.076135]]}},{"type":"Feature","properties":{"mode":"bus","n":6,"arr":["132","139","149","174","463","601"],"lines":"132, 139, 149, 174, 463, 601"},"geometry":{"type":"LineString","coordinates":[[20.051908,50.07592],[20.053323,50.076298],[20.053914,50.076502],[20.062944,50.078899],[20.063503,50.078992],[20.063846,50.079015],[20.065402,50.078945]]}},{"type":"Feature","properties":{"mode":"bus","n":5,"arr":["132","139","149","463","601"],"lines":"132, 139, 149, 463, 601"},"geometry":{"type":"LineString","coordinates":[[20.051753,50.076135],[20.050185,50.075668],[20.046843,50.074806]]}},{"type":"Feature","properties":{"mode":"bus","n":5,"arr":["132","139","149","463","601"],"lines":"132, 139, 149, 463, 601"},"geometry":{"type":"LineString","coordinates":[[20.046946,50.074638],[20.047546,50.074817],[20.050487,50.075596],[20.051908,50.07592]]}},{"type":"Feature","properties":{"mode":"bus","n":5,"arr":["132","139","182","482","601"],"lines":"132, 139, 182, 482, 601"},"geometry":{"type":"LineString","coordinates":[[19.988479,50.095037],[19.988599,50.095109],[19.988872,50.09516],[19.99017,50.095302],[19.990714,50.095337]]}},{"type":"Feature","properties":{"mode":"bus","n":5,"arr":["132","139","182","482","601"],"lines":"132, 139, 182, 482, 601"},"geometry":{"type":"LineString","coordinates":[[19.987738,50.093868],[19.987726,50.094311],[19.987816,50.094595],[19.987935,50.094738],[19.98808,50.094855],[19.988231,50.094941],[19.988479,50.095037],[19.99018,50.095235],[19.990714,50.095337],[19.991891,50.09545],[19.992661,50.095484]]}},{"type":"Feature","properties":{"mode":"bus","n":5,"arr":["132","139","182","482","601"],"lines":"132, 139, 182, 482, 601"},"geometry":{"type":"LineString","coordinates":[[19.995282,50.095583],[19.994436,50.095508],[19.993277,50.095477],[19.992717,50.095483],[19.992701,50.095484],[19.992692,50.095484],[19.992689,50.095485],[19.992692,50.095485],[19.992701,50.095486],[19.992716,50.095487],[19.994082,50.095573],[19.994986,50.095595],[19.995282,50.095583]]}},{"type":"Feature","properties":{"mode":"bus","n":5,"arr":["132","139","182","482","601"],"lines":"132, 139, 182, 482, 601"},"geometry":{"type":"LineString","coordinates":[[19.988381,50.089802],[19.988328,50.089401],[19.988272,50.089298],[19.98811,50.089124]]}},{"type":"Feature","properties":{"mode":"bus","n":5,"arr":["132","139","182","482","601"],"lines":"132, 139, 182, 482, 601"},"geometry":{"type":"LineString","coordinates":[[19.987905,50.092251],[19.987904,50.091889],[19.988052,50.090813],[19.988266,50.090093],[19.988381,50.089802],[19.988486,50.089688],[19.988515,50.08957],[19.988501,50.089429],[19.988423,50.089267],[19.988319,50.089135],[19.988157,50.089011]]}},{"type":"Feature","properties":{"mode":"bus","n":5,"arr":["132","139","182","482","601"],"lines":"132, 139, 182, 482, 601"},"geometry":{"type":"LineString","coordinates":[[19.987738,50.093868],[19.987834,50.09342],[19.987925,50.092343],[19.987912,50.092283],[19.987909,50.092274],[19.987906,50.092269],[19.987903,50.092267],[19.987899,50.092268],[19.987895,50.092273],[19.98789,50.092282],[19.987823,50.092416],[19.987786,50.09263],[19.987722,50.093561],[19.987738,50.093868]]}},{"type":"Feature","properties":{"mode":"bus","n":8,"arr":["132","138","139","182","189","482","601","611"],"lines":"132, 138, 139, 182, 189, 482, 601, 611"},"geometry":{"type":"LineString","coordinates":[[19.98811,50.089124],[19.987239,50.089393],[19.986472,50.089662],[19.986096,50.089754]]}},{"type":"Feature","properties":{"mode":"bus","n":8,"arr":["132","138","139","182","189","482","601","611"],"lines":"132, 138, 139, 182, 189, 482, 601, 611"},"geometry":{"type":"LineString","coordinates":[[19.973782,50.089214],[19.974116,50.089256],[19.974562,50.089236],[19.975432,50.089329],[19.97594,50.089345]]}},{"type":"Feature","properties":{"mode":"bus","n":8,"arr":["132","138","139","182","189","482","601","611"],"lines":"132, 138, 139, 182, 189, 482, 601, 611"},"geometry":{"type":"LineString","coordinates":[[19.988157,50.089011],[19.986634,50.089521],[19.986208,50.089686],[19.986096,50.089754],[19.985472,50.089925],[19.984927,50.090031],[19.984228,50.090122],[19.98351,50.090167],[19.983075,50.090172],[19.982063,50.090111],[19.97594,50.089345],[19.974995,50.089134],[19.974354,50.088923]]}},{"type":"Feature","properties":{"mode":"bus","n":5,"arr":["134","192","300","307","902"],"lines":"134, 192, 300, 307, 902"},"geometry":{"type":"LineString","coordinates":[[19.923934,50.059151],[19.924848,50.059296]]}},{"type":"Feature","properties":{"mode":"bus","n":5,"arr":["137","169","317","469","503"],"lines":"137, 169, 317, 469, 503"},"geometry":{"type":"LineString","coordinates":[[19.962214,50.097859],[19.962388,50.097822]]}},{"type":"Feature","properties":{"mode":"bus","n":5,"arr":["137","138","169","A12","A13"],"lines":"137, 138, 169, A12, A13"},"geometry":{"type":"LineString","coordinates":[[19.951005,50.087023],[19.951221,50.086996],[19.952687,50.086689],[19.954437,50.086371],[19.954711,50.086298]]}},{"type":"Feature","properties":{"mode":"bus","n":6,"arr":["137","138","169","572","A12","A13"],"lines":"137, 138, 169, 572, A12, A13"},"geometry":{"type":"LineString","coordinates":[[19.943612,50.09009],[19.946178,50.088743],[19.947043,50.088312],[19.947725,50.08801],[19.948172,50.087851],[19.94952,50.087441],[19.951005,50.087023]]}},{"type":"Feature","properties":{"mode":"bus","n":5,"arr":["137","138","572","A12","A13"],"lines":"137, 138, 572, A12, A13"},"geometry":{"type":"LineString","coordinates":[[19.94351,50.090138],[19.943612,50.09009]]}},{"type":"Feature","properties":{"mode":"bus","n":6,"arr":["137","138","207","572","A12","A13"],"lines":"137, 138, 207, 572, A12, A13"},"geometry":{"type":"LineString","coordinates":[[19.939559,50.091494],[19.940054,50.091421],[19.940606,50.09131],[19.941532,50.091046],[19.942266,50.090751],[19.94351,50.090138]]}},{"type":"Feature","properties":{"mode":"bus","n":5,"arr":["137","138","169","469","572"],"lines":"137, 138, 169, 469, 572"},"geometry":{"type":"LineString","coordinates":[[19.94341,50.089983],[19.946297,50.08849],[19.947814,50.087778],[19.948363,50.087594],[19.951271,50.086776],[19.951915,50.086571],[19.953134,50.086341],[19.954471,50.086035]]}},{"type":"Feature","properties":{"mode":"bus","n":7,"arr":["138","149","202","212","222","232","262"],"lines":"138, 149, 202, 212, 222, 232, 262"},"geometry":{"type":"LineString","coordinates":[[20.056802,50.089824],[20.056988,50.089538]]}},{"type":"Feature","properties":{"mode":"bus","n":7,"arr":["138","149","202","212","222","232","262"],"lines":"138, 149, 202, 212, 222, 232, 262"},"geometry":{"type":"LineString","coordinates":[[20.0553,50.088757],[20.055098,50.088756],[20.054952,50.088727],[20.051104,50.087529],[20.050823,50.087476],[20.050379,50.087448]]}},{"type":"Feature","properties":{"mode":"bus","n":8,"arr":["138","149","160","202","212","222","232","262"],"lines":"138, 149, 160, 202, 212, 222, 232, 262"},"geometry":{"type":"LineString","coordinates":[[20.047081,50.087068],[20.049706,50.08734],[20.050379,50.087448],[20.051422,50.087722]]}},{"type":"Feature","properties":{"mode":"bus","n":6,"arr":["138","189","511","572","608","611"],"lines":"138, 189, 511, 572, 608, 611"},"geometry":{"type":"LineString","coordinates":[[20.001424,50.087775],[19.998956,50.087658]]}},{"type":"Feature","properties":{"mode":"bus","n":6,"arr":["138","189","511","572","608","611"],"lines":"138, 189, 511, 572, 608, 611"},"geometry":{"type":"LineString","coordinates":[[20.001253,50.087605],[19.99311,50.087204],[19.991925,50.087117]]}},{"type":"Feature","properties":{"mode":"bus","n":6,"arr":["138","168","194","220","240","290"],"lines":"138, 168, 194, 220, 240, 290"},"geometry":{"type":"LineString","coordinates":[[19.923915,50.088319],[19.924676,50.088511],[19.928799,50.089422],[19.928963,50.089416],[19.929164,50.089346],[19.93029,50.088611]]}},{"type":"Feature","properties":{"mode":"bus","n":5,"arr":["138","144","168","194","904"],"lines":"138, 144, 168, 194, 904"},"geometry":{"type":"LineString","coordinates":[[19.922868,50.087023],[19.921159,50.087563],[19.920904,50.087604],[19.918926,50.087674],[19.916865,50.087584]]}},{"type":"Feature","properties":{"mode":"bus","n":9,"arr":["139","164","173","199","310","511","601","611","LR0"],"lines":"139, 164, 173, 199, 310, 511, 601, 611, LR0"},"geometry":{"type":"LineString","coordinates":[[19.895239,50.071158],[19.897655,50.070884],[19.904894,50.069862],[19.90535,50.069855]]}},{"type":"Feature","properties":{"mode":"bus","n":9,"arr":["139","164","173","199","310","511","601","611","LR0"],"lines":"139, 164, 173, 199, 310, 511, 601, 611, LR0"},"geometry":{"type":"LineString","coordinates":[[19.913637,50.067971],[19.911382,50.068891],[19.910822,50.069042],[19.90535,50.069855],[19.905166,50.069918],[19.904829,50.069981],[19.903666,50.070156],[19.897875,50.070966],[19.896653,50.071202],[19.895309,50.071396]]}},{"type":"Feature","properties":{"mode":"bus","n":12,"arr":["139","144","164","173","194","199","310","494","511","601","611","LR0"],"lines":"139, 144, 164, 173, 194, 199, 310, 494, 511, 601, 611, LR0"},"geometry":{"type":"LineString","coordinates":[[19.922437,50.066438],[19.918564,50.06748],[19.91821,50.067559],[19.917603,50.067612],[19.915773,50.067542],[19.91524,50.06754],[19.914782,50.067591],[19.914484,50.06765],[19.913637,50.067971]]}},{"type":"Feature","properties":{"mode":"bus","n":12,"arr":["139","144","164","173","194","199","310","494","511","601","611","LR0"],"lines":"139, 144, 164, 173, 194, 199, 310, 494, 511, 601, 611, LR0"},"geometry":{"type":"LineString","coordinates":[[19.92366,50.066037],[19.922517,50.066403],[19.922465,50.066426],[19.922456,50.06643],[19.922452,50.066434],[19.922454,50.066436],[19.92246,50.066437],[19.922471,50.066438],[19.922581,50.066437],[19.924368,50.065942]]}},{"type":"Feature","properties":{"mode":"bus","n":5,"arr":["139","199","511","601","611"],"lines":"139, 199, 511, 601, 611"},"geometry":{"type":"LineString","coordinates":[[19.924798,50.065783],[19.9247,50.065771],[19.924384,50.06582],[19.923882,50.065989],[19.92366,50.066037]]}},{"type":"Feature","properties":{"mode":"bus","n":19,"arr":["139","169","179","192","199","301","304","307","503","511","513","608","708","A1","A14","A40","A44","A56","A64"],"lines":"139, 169, 179, 192, 199, 301, 304, 307, 503, 511, 513, 608, 708, A1, A14, A40, A44, A56, A64"},"geometry":{"type":"LineString","coordinates":[[19.927394,50.070125],[19.927151,50.069814],[19.926603,50.069002]]}},{"type":"Feature","properties":{"mode":"bus","n":18,"arr":["139","169","179","192","199","301","304","307","503","511","513","608","A1","A14","A40","A44","A56","A64"],"lines":"139, 169, 179, 192, 199, 301, 304, 307, 503, 511, 513, 608, A1, A14, A40, A44, A56, A64"},"geometry":{"type":"LineString","coordinates":[[19.931597,50.072471],[19.929132,50.071189],[19.928258,50.070707],[19.927704,50.070389],[19.927394,50.070125]]}},{"type":"Feature","properties":{"mode":"bus","n":12,"arr":["139","169","179","192","199","301","304","307","503","511","513","608"],"lines":"139, 169, 179, 192, 199, 301, 304, 307, 503, 511, 513, 608"},"geometry":{"type":"LineString","coordinates":[[19.931597,50.072471],[19.932187,50.072757],[19.932991,50.073061],[19.934333,50.073399],[19.934528,50.073422]]}},{"type":"Feature","properties":{"mode":"bus","n":11,"arr":["139","169","179","192","199","301","304","307","503","511","513"],"lines":"139, 169, 179, 192, 199, 301, 304, 307, 503, 511, 513"},"geometry":{"type":"LineString","coordinates":[[19.934528,50.073422],[19.935785,50.073521]]}},{"type":"Feature","properties":{"mode":"bus","n":5,"arr":["139","169","199","307","503"],"lines":"139, 169, 199, 307, 503"},"geometry":{"type":"LineString","coordinates":[[19.942054,50.073084],[19.942895,50.073062],[19.943581,50.073115],[19.944345,50.073272],[19.94496,50.073487]]}},{"type":"Feature","properties":{"mode":"bus","n":6,"arr":["139","169","199","307","469","503"],"lines":"139, 169, 199, 307, 469, 503"},"geometry":{"type":"LineString","coordinates":[[19.942106,50.073218],[19.942334,50.073178],[19.94295,50.073158],[19.943442,50.073187],[19.944003,50.07327]]}},{"type":"Feature","properties":{"mode":"bus","n":11,"arr":["139","169","179","192","199","304","307","469","503","511","704"],"lines":"139, 169, 179, 192, 199, 304, 307, 469, 503, 511, 704"},"geometry":{"type":"LineString","coordinates":[[19.936623,50.073895],[19.935746,50.073815]]}},{"type":"Feature","properties":{"mode":"bus","n":20,"arr":["139","169","179","192","199","301","304","307","469","503","511","513","608","704","A1","A14","A40","A44","A56","A64"],"lines":"139, 169, 179, 192, 199, 301, 304, 307, 469, 503, 511, 513, 608, 704, A1, A14, A40, A44, A56, A64"},"geometry":{"type":"LineString","coordinates":[[19.935746,50.073815],[19.934195,50.073665],[19.932823,50.073326],[19.93192,50.072986],[19.931245,50.072653]]}},{"type":"Feature","properties":{"mode":"bus","n":5,"arr":["140","168","173","240","572"],"lines":"140, 168, 173, 240, 572"},"geometry":{"type":"LineString","coordinates":[[19.893876,50.087587],[19.896353,50.087989],[19.896887,50.08813],[19.897925,50.088303],[19.8997,50.088562],[19.904541,50.089353],[19.905202,50.089431],[19.905664,50.08946],[19.906193,50.089471],[19.907442,50.089443]]}},{"type":"Feature","properties":{"mode":"bus","n":9,"arr":["144","195","204","224","244","274","301","304","503"],"lines":"144, 195, 204, 224, 244, 274, 301, 304, 503"},"geometry":{"type":"LineString","coordinates":[[20.011138,50.009152],[20.004776,50.011993]]}},{"type":"Feature","properties":{"mode":"bus","n":9,"arr":["144","195","204","224","244","274","301","304","503"],"lines":"144, 195, 204, 224, 244, 274, 301, 304, 503"},"geometry":{"type":"LineString","coordinates":[[20.004642,50.011868],[20.011181,50.008938]]}},{"type":"Feature","properties":{"mode":"bus","n":8,"arr":["144","195","224","244","274","301","304","503"],"lines":"144, 195, 224, 244, 274, 301, 304, 503"},"geometry":{"type":"LineString","coordinates":[[20.004776,50.011993],[20.002949,50.012782],[20.000131,50.01378]]}},{"type":"Feature","properties":{"mode":"bus","n":8,"arr":["144","195","224","244","274","301","304","503"],"lines":"144, 195, 224, 244, 274, 301, 304, 503"},"geometry":{"type":"LineString","coordinates":[[19.999376,50.013863],[20.002817,50.012656],[20.004642,50.011868]]}},{"type":"Feature","properties":{"mode":"bus","n":5,"arr":["144","224","301","304","503"],"lines":"144, 224, 301, 304, 503"},"geometry":{"type":"LineString","coordinates":[[20.000131,50.01378],[19.999581,50.013969]]}},{"type":"Feature","properties":{"mode":"bus","n":7,"arr":["144","204","224","301","304","503","513"],"lines":"144, 204, 224, 301, 304, 503, 513"},"geometry":{"type":"LineString","coordinates":[[19.999581,50.013969],[19.998822,50.01424]]}},{"type":"Feature","properties":{"mode":"bus","n":9,"arr":["144","173","204","224","301","304","503","513","669"],"lines":"144, 173, 204, 224, 301, 304, 503, 513, 669"},"geometry":{"type":"LineString","coordinates":[[19.998822,50.01424],[19.993572,50.016076],[19.992858,50.01638],[19.988313,50.019036],[19.987041,50.019816],[19.981782,50.022879],[19.980791,50.023511],[19.979691,50.024153]]}},{"type":"Feature","properties":{"mode":"bus","n":9,"arr":["144","173","204","224","301","304","503","513","669"],"lines":"144, 173, 204, 224, 301, 304, 503, 513, 669"},"geometry":{"type":"LineString","coordinates":[[19.979658,50.023949],[19.992727,50.016254],[19.993458,50.015948],[19.998546,50.014155]]}},{"type":"Feature","properties":{"mode":"bus","n":8,"arr":["144","173","301","304","503","513","669","904"],"lines":"144, 173, 301, 304, 503, 513, 669, 904"},"geometry":{"type":"LineString","coordinates":[[19.979691,50.024153],[19.979287,50.024417]]}},{"type":"Feature","properties":{"mode":"bus","n":8,"arr":["144","173","301","304","503","513","669","904"],"lines":"144, 173, 301, 304, 503, 513, 669, 904"},"geometry":{"type":"LineString","coordinates":[[19.978078,50.025015],[19.978591,50.024723],[19.979102,50.024363]]}},{"type":"Feature","properties":{"mode":"bus","n":7,"arr":["144","173","301","304","503","513","904"],"lines":"144, 173, 301, 304, 503, 513, 904"},"geometry":{"type":"LineString","coordinates":[[19.979287,50.024417],[19.97882,50.02474],[19.978168,50.025108],[19.977812,50.025284],[19.976922,50.025626],[19.976581,50.025744],[19.975615,50.026017],[19.974996,50.026153],[19.974065,50.026313]]}},{"type":"Feature","properties":{"mode":"bus","n":7,"arr":["144","173","301","304","503","513","904"],"lines":"144, 173, 301, 304, 503, 513, 904"},"geometry":{"type":"LineString","coordinates":[[19.97396,50.026251],[19.975404,50.025992],[19.976176,50.025789],[19.976587,50.025654],[19.977669,50.02523],[19.978078,50.025015]]}},{"type":"Feature","properties":{"mode":"bus","n":9,"arr":["144","155","169","173","301","304","503","513","904"],"lines":"144, 155, 169, 173, 301, 304, 503, 513, 904"},"geometry":{"type":"LineString","coordinates":[[19.958758,50.028704],[19.965923,50.027298],[19.967519,50.027109],[19.971236,50.026786],[19.972071,50.026663],[19.974065,50.026313]]}},{"type":"Feature","properties":{"mode":"bus","n":11,"arr":["144","155","169","173","174","179","301","304","503","513","904"],"lines":"144, 155, 169, 173, 174, 179, 301, 304, 503, 513, 904"},"geometry":{"type":"LineString","coordinates":[[19.956845,50.029101],[19.958758,50.028704]]}},{"type":"Feature","properties":{"mode":"bus","n":11,"arr":["144","155","169","173","174","179","301","304","503","513","904"],"lines":"144, 155, 169, 173, 174, 179, 301, 304, 503, 513, 904"},"geometry":{"type":"LineString","coordinates":[[19.948845,50.031529],[19.949522,50.031064],[19.94996,50.030827],[19.950617,50.030533]]}},{"type":"Feature","properties":{"mode":"bus","n":6,"arr":["144","155","169","173","174","179"],"lines":"144, 155, 169, 173, 174, 179"},"geometry":{"type":"LineString","coordinates":[[19.950617,50.030533],[19.951791,50.030177],[19.953154,50.029808],[19.956197,50.029252],[19.956845,50.029101]]}},{"type":"Feature","properties":{"mode":"bus","n":10,"arr":["144","155","169","173","174","179","301","304","503","513"],"lines":"144, 155, 169, 173, 174, 179, 301, 304, 503, 513"},"geometry":{"type":"LineString","coordinates":[[19.948659,50.031618],[19.948845,50.031529]]}},{"type":"Feature","properties":{"mode":"bus","n":14,"arr":["144","155","164","169","173","174","179","301","304","469","503","513","610","904"],"lines":"144, 155, 164, 169, 173, 174, 179, 301, 304, 469, 503, 513, 610, 904"},"geometry":{"type":"LineString","coordinates":[[19.946235,50.033552],[19.948659,50.031618]]}},{"type":"Feature","properties":{"mode":"bus","n":12,"arr":["144","164","169","173","179","301","304","469","503","513","610","904"],"lines":"144, 164, 169, 173, 179, 301, 304, 469, 503, 513, 610, 904"},"geometry":{"type":"LineString","coordinates":[[19.94032,50.036347],[19.94039,50.036243],[19.940496,50.036173],[19.941942,50.035782],[19.944503,50.034654],[19.945335,50.034204],[19.945781,50.033902],[19.946235,50.033552]]}},{"type":"Feature","properties":{"mode":"bus","n":11,"arr":["144","164","169","173","179","301","304","503","513","610","904"],"lines":"144, 164, 169, 173, 179, 301, 304, 503, 513, 610, 904"},"geometry":{"type":"LineString","coordinates":[[19.941942,50.035782],[19.941027,50.036411]]}},{"type":"Feature","properties":{"mode":"bus","n":15,"arr":["144","164","169","173","179","301","304","503","513","608","610","A1","A40","A49","A56"],"lines":"144, 164, 169, 173, 179, 301, 304, 503, 513, 608, 610, A1, A40, A49, A56"},"geometry":{"type":"LineString","coordinates":[[19.941027,50.036411],[19.939786,50.037347],[19.937958,50.038784],[19.93742,50.039341],[19.936548,50.040498]]}},{"type":"Feature","properties":{"mode":"bus","n":14,"arr":["144","164","169","173","179","301","304","503","513","608","610","A1","A40","A56"],"lines":"144, 164, 169, 173, 179, 301, 304, 503, 513, 608, 610, A1, A40, A56"},"geometry":{"type":"LineString","coordinates":[[19.936548,50.040498],[19.93584,50.041457],[19.935491,50.04198],[19.935256,50.04245],[19.935062,50.04305]]}},{"type":"Feature","properties":{"mode":"bus","n":14,"arr":["144","164","169","173","179","301","304","503","513","608","610","A1","A40","A56"],"lines":"144, 164, 169, 173, 179, 301, 304, 503, 513, 608, 610, A1, A40, A56"},"geometry":{"type":"LineString","coordinates":[[19.933916,50.047064],[19.933857,50.04734],[19.933683,50.047624],[19.932729,50.048911]]}},{"type":"Feature","properties":{"mode":"bus","n":15,"arr":["144","164","169","173","179","301","304","503","513","608","609","610","A1","A40","A56"],"lines":"144, 164, 169, 173, 179, 301, 304, 503, 513, 608, 609, 610, A1, A40, A56"},"geometry":{"type":"LineString","coordinates":[[19.935062,50.04305],[19.934245,50.046291],[19.934092,50.04672],[19.933916,50.047064]]}},{"type":"Feature","properties":{"mode":"bus","n":7,"arr":["144","164","173","194","310","494","LR0"],"lines":"144, 164, 173, 194, 310, 494, LR0"},"geometry":{"type":"LineString","coordinates":[[19.924368,50.065942],[19.924503,50.065608],[19.924522,50.065411],[19.924495,50.06527],[19.924545,50.06511]]}},{"type":"Feature","properties":{"mode":"bus","n":7,"arr":["144","164","173","194","310","494","LR0"],"lines":"144, 164, 173, 194, 310, 494, LR0"},"geometry":{"type":"LineString","coordinates":[[19.92366,50.066037],[19.924037,50.065835],[19.924235,50.065573]]}},{"type":"Feature","properties":{"mode":"bus","n":16,"arr":["144","164","169","173","179","301","304","469","503","513","608","610","A1","A40","A49","A56"],"lines":"144, 164, 169, 173, 179, 301, 304, 469, 503, 513, 608, 610, A1, A40, A49, A56"},"geometry":{"type":"LineString","coordinates":[[19.934197,50.045814],[19.935008,50.042609],[19.935107,50.042354],[19.935291,50.042044],[19.936011,50.041069],[19.936752,50.039975],[19.937096,50.039533],[19.937943,50.038685],[19.939049,50.037832],[19.939816,50.037161],[19.939955,50.036989],[19.94032,50.036347]]}},{"type":"Feature","properties":{"mode":"bus","n":12,"arr":["144","155","169","173","174","179","301","304","469","503","513","904"],"lines":"144, 155, 169, 173, 174, 179, 301, 304, 469, 503, 513, 904"},"geometry":{"type":"LineString","coordinates":[[19.948659,50.031618],[19.948811,50.031423],[19.949205,50.031138],[19.949503,50.030959],[19.950064,50.030659],[19.95055,50.030443],[19.951345,50.030167]]}},{"type":"Feature","properties":{"mode":"bus","n":12,"arr":["144","155","169","173","174","179","301","304","469","503","513","904"],"lines":"144, 155, 169, 173, 174, 179, 301, 304, 469, 503, 513, 904"},"geometry":{"type":"LineString","coordinates":[[19.956416,50.029047],[19.958658,50.028626]]}},{"type":"Feature","properties":{"mode":"bus","n":10,"arr":["144","155","169","173","301","304","469","503","513","904"],"lines":"144, 155, 169, 173, 301, 304, 469, 503, 513, 904"},"geometry":{"type":"LineString","coordinates":[[19.958658,50.028626],[19.960354,50.028318],[19.966143,50.027183],[19.96763,50.027032],[19.971181,50.026721],[19.972115,50.026585],[19.97396,50.026251]]}},{"type":"Feature","properties":{"mode":"bus","n":7,"arr":["144","173","301","304","503","513","669"],"lines":"144, 173, 301, 304, 503, 513, 669"},"geometry":{"type":"LineString","coordinates":[[19.979102,50.024363],[19.979658,50.023949]]}},{"type":"Feature","properties":{"mode":"bus","n":7,"arr":["144","173","224","301","304","503","669"],"lines":"144, 173, 224, 301, 304, 503, 669"},"geometry":{"type":"LineString","coordinates":[[19.998546,50.014155],[19.999265,50.013902]]}},{"type":"Feature","properties":{"mode":"bus","n":10,"arr":["144","173","195","224","244","274","301","304","503","669"],"lines":"144, 173, 195, 224, 244, 274, 301, 304, 503, 669"},"geometry":{"type":"LineString","coordinates":[[19.999265,50.013902],[19.999376,50.013863]]}},{"type":"Feature","properties":{"mode":"bus","n":9,"arr":["148","202","212","222","232","262","664","A50","A57"],"lines":"148, 202, 212, 222, 232, 262, 664, A50, A57"},"geometry":{"type":"LineString","coordinates":[[20.016633,50.073773],[20.016161,50.073751]]}},{"type":"Feature","properties":{"mode":"bus","n":9,"arr":["148","202","212","222","232","262","664","A50","A57"],"lines":"148, 202, 212, 222, 232, 262, 664, A50, A57"},"geometry":{"type":"LineString","coordinates":[[20.018753,50.074849],[20.017788,50.07436],[20.017265,50.073935]]}},{"type":"Feature","properties":{"mode":"bus","n":6,"arr":["148","202","212","222","232","262"],"lines":"148, 202, 212, 222, 232, 262"},"geometry":{"type":"LineString","coordinates":[[20.013084,50.073951],[20.012785,50.074016],[20.01268,50.074061],[20.01264,50.074118],[20.012643,50.074194],[20.013067,50.074998],[20.01317,50.075264],[20.013313,50.075519],[20.013384,50.075576]]}},{"type":"Feature","properties":{"mode":"bus","n":6,"arr":["148","202","212","222","232","262"],"lines":"148, 202, 212, 222, 232, 262"},"geometry":{"type":"LineString","coordinates":[[20.01716,50.073803],[20.017265,50.073935]]}},{"type":"Feature","properties":{"mode":"bus","n":9,"arr":["148","202","212","222","232","262","611","A50","A57"],"lines":"148, 202, 212, 222, 232, 262, 611, A50, A57"},"geometry":{"type":"LineString","coordinates":[[20.015075,50.075296],[20.015121,50.075467]]}},{"type":"Feature","properties":{"mode":"bus","n":8,"arr":["148","202","212","222","232","262","A50","A57"],"lines":"148, 202, 212, 222, 232, 262, A50, A57"},"geometry":{"type":"LineString","coordinates":[[20.015121,50.075467],[20.018605,50.075146],[20.018738,50.0751],[20.018811,50.07503],[20.018826,50.074932],[20.018753,50.074849]]}},{"type":"Feature","properties":{"mode":"bus","n":8,"arr":["149","160","202","212","222","232","262","601"],"lines":"149, 160, 202, 212, 222, 232, 262, 601"},"geometry":{"type":"LineString","coordinates":[[20.05657,50.089824],[20.0569,50.090377],[20.057097,50.090627],[20.057295,50.090762],[20.057938,50.091062]]}},{"type":"Feature","properties":{"mode":"bus","n":7,"arr":["149","189","463","601","662","A50","A57"],"lines":"149, 189, 463, 601, 662, A50, A57"},"geometry":{"type":"LineString","coordinates":[[20.037994,50.072526],[20.037099,50.072647]]}},{"type":"Feature","properties":{"mode":"bus","n":7,"arr":["149","189","463","601","662","A50","A57"],"lines":"149, 189, 463, 601, 662, A50, A57"},"geometry":{"type":"LineString","coordinates":[[20.036632,50.072476],[20.036529,50.071723]]}},{"type":"Feature","properties":{"mode":"bus","n":7,"arr":["149","189","463","601","662","A50","A57"],"lines":"149, 189, 463, 601, 662, A50, A57"},"geometry":{"type":"LineString","coordinates":[[20.037862,50.07154],[20.038267,50.072226]]}},{"type":"Feature","properties":{"mode":"bus","n":5,"arr":["149","189","601","A50","A57"],"lines":"149, 189, 601, A50, A57"},"geometry":{"type":"LineString","coordinates":[[20.036529,50.071723],[20.036541,50.071601],[20.0366,50.071553],[20.036707,50.071524]]}},{"type":"Feature","properties":{"mode":"bus","n":8,"arr":["149","174","189","463","601","662","A50","A57"],"lines":"149, 174, 189, 463, 601, 662, A50, A57"},"geometry":{"type":"LineString","coordinates":[[20.036707,50.071524],[20.037769,50.071375]]}},{"type":"Feature","properties":{"mode":"bus","n":5,"arr":["149","174","601","A50","A57"],"lines":"149, 174, 601, A50, A57"},"geometry":{"type":"LineString","coordinates":[[20.037769,50.071375],[20.041367,50.070483],[20.045782,50.069678]]}},{"type":"Feature","properties":{"mode":"bus","n":5,"arr":["149","174","601","A50","A57"],"lines":"149, 174, 601, A50, A57"},"geometry":{"type":"LineString","coordinates":[[20.045856,50.069841],[20.04147,50.070632],[20.037862,50.07154]]}},{"type":"Feature","properties":{"mode":"bus","n":7,"arr":["150","227","267","337","513","669","937"],"lines":"150, 227, 267, 337, 513, 669, 937"},"geometry":{"type":"LineString","coordinates":[[19.930927,50.091167],[19.931749,50.090306],[19.931885,50.090087],[19.932081,50.089637]]}},{"type":"Feature","properties":{"mode":"bus","n":8,"arr":["150","220","227","267","337","513","669","937"],"lines":"150, 220, 227, 267, 337, 513, 669, 937"},"geometry":{"type":"LineString","coordinates":[[19.932434,50.089115],[19.931868,50.090697],[19.93168,50.091098],[19.931402,50.091534]]}},{"type":"Feature","properties":{"mode":"bus","n":6,"arr":["151","915","A1","A40","A49","A56"],"lines":"151, 915, A1, A40, A49, A56"},"geometry":{"type":"LineString","coordinates":[[19.929577,50.01591],[19.927208,50.011438]]}},{"type":"Feature","properties":{"mode":"bus","n":6,"arr":["151","915","A1","A40","A49","A56"],"lines":"151, 915, A1, A40, A49, A56"},"geometry":{"type":"LineString","coordinates":[[19.927341,50.011413],[19.92791,50.012559],[19.930247,50.016973],[19.930793,50.017887],[19.93108,50.018443]]}},{"type":"Feature","properties":{"mode":"bus","n":5,"arr":["153","173","204","513","669"],"lines":"153, 173, 204, 513, 669"},"geometry":{"type":"LineString","coordinates":[[19.999376,50.013863],[19.999581,50.013969]]}},{"type":"Feature","properties":{"mode":"bus","n":6,"arr":["153","173","195","244","274","669"],"lines":"153, 173, 195, 244, 274, 669"},"geometry":{"type":"LineString","coordinates":[[19.99987,50.014134],[20.000154,50.014319],[20.00023,50.014403]]}},{"type":"Feature","properties":{"mode":"bus","n":6,"arr":["153","173","195","244","274","669"],"lines":"153, 173, 195, 244, 274, 669"},"geometry":{"type":"LineString","coordinates":[[20.015227,50.016463],[20.012283,50.016012],[20.011764,50.015968],[20.010971,50.015953],[20.010477,50.015975],[20.009661,50.016059],[20.005849,50.016677],[20.005272,50.016694],[20.004746,50.016646],[20.004217,50.016528],[20.003779,50.016365],[20.00023,50.014403],[19.99995,50.014287]]}},{"type":"Feature","properties":{"mode":"bus","n":6,"arr":["153","173","195","244","274","669"],"lines":"153, 173, 195, 244, 274, 669"},"geometry":{"type":"LineString","coordinates":[[20.016011,50.016551],[20.015875,50.016525],[20.01542,50.0165],[20.01528,50.016473],[20.015266,50.01647],[20.015257,50.016468],[20.015254,50.016466],[20.015258,50.016464],[20.015267,50.016464],[20.015283,50.016463],[20.015824,50.016468],[20.015999,50.016434]]}},{"type":"Feature","properties":{"mode":"bus","n":7,"arr":["155","214","215","225","254","265","915"],"lines":"155, 214, 215, 225, 254, 265, 915"},"geometry":{"type":"LineString","coordinates":[[19.939771,49.993143],[19.93959,49.993084],[19.939428,49.993066],[19.935977,49.992882],[19.935521,49.992884],[19.935213,49.992939],[19.925222,49.997329]]}},{"type":"Feature","properties":{"mode":"bus","n":7,"arr":["155","214","215","225","254","265","915"],"lines":"155, 214, 215, 225, 254, 265, 915"},"geometry":{"type":"LineString","coordinates":[[19.941459,49.990742],[19.942792,49.990878],[19.943554,49.991016],[19.944442,49.990993],[19.945399,49.990855],[19.945703,49.990861],[19.945967,49.9909],[19.945997,49.990908],[19.946013,49.990923],[19.946017,49.990944],[19.945992,49.991193],[19.946155,49.992142],[19.946277,49.99252],[19.94652,49.993036],[19.946653,49.99401],[19.946718,49.994246],[19.946719,49.994261],[19.946712,49.994273],[19.946696,49.994281],[19.946673,49.994285],[19.946326,49.994309],[19.943759,49.994303],[19.942524,49.994156],[19.942082,49.994048],[19.941911,49.993944],[19.941814,49.99383],[19.941691,49.993527],[19.941541,49.993413],[19.941337,49.993365],[19.941185,49.993359],[19.94039,49.993394],[19.940192,49.993351],[19.939815,49.993165],[19.939794,49.993149],[19.939789,49.993132],[19.9398,49.993112],[19.940503,49.992373],[19.940581,49.992238],[19.940656,49.991889],[19.940612,49.991404],[19.940717,49.991156],[19.941053,49.990808]]}},{"type":"Feature","properties":{"mode":"bus","n":6,"arr":["155","214","215","225","254","915"],"lines":"155, 214, 215, 225, 254, 915"},"geometry":{"type":"LineString","coordinates":[[19.941053,49.990808],[19.941303,49.990747],[19.941459,49.990742]]}},{"type":"Feature","properties":{"mode":"bus","n":5,"arr":["155","174","179","204","610"],"lines":"155, 174, 179, 204, 610"},"geometry":{"type":"LineString","coordinates":[[19.948296,50.005612],[19.948316,50.005905],[19.948277,50.007984],[19.948305,50.008626],[19.948375,50.009057],[19.94849,50.009542],[19.94982,50.013524]]}},{"type":"Feature","properties":{"mode":"bus","n":5,"arr":["155","174","179","204","610"],"lines":"155, 174, 179, 204, 610"},"geometry":{"type":"LineString","coordinates":[[19.95003,50.013852],[19.949923,50.013588],[19.949856,50.013546],[19.949843,50.01354],[19.949832,50.013537],[19.949824,50.013539],[19.949819,50.013546],[19.949816,50.013556],[19.949802,50.013662],[19.949888,50.013996]]}},{"type":"Feature","properties":{"mode":"bus","n":8,"arr":["164","173","199","310","511","601","611","LR0"],"lines":"164, 173, 199, 310, 511, 601, 611, LR0"},"geometry":{"type":"LineString","coordinates":[[19.895309,50.071396],[19.892818,50.071639],[19.889975,50.071991],[19.889491,50.072079],[19.889095,50.072194],[19.888707,50.072377],[19.888386,50.072624],[19.888162,50.07293],[19.88809,50.073147],[19.88806,50.073374],[19.888105,50.073725],[19.888257,50.074356],[19.888868,50.076052],[19.889191,50.077308],[19.890459,50.080586]]}},{"type":"Feature","properties":{"mode":"bus","n":8,"arr":["164","173","199","310","511","601","611","LR0"],"lines":"164, 173, 199, 310, 511, 601, 611, LR0"},"geometry":{"type":"LineString","coordinates":[[19.888321,50.075835],[19.888095,50.074418],[19.887933,50.073722],[19.887884,50.073337],[19.887927,50.073073],[19.88802,50.072848],[19.888181,50.072621],[19.888459,50.072377],[19.888672,50.072245],[19.888936,50.072124],[19.889203,50.072034],[19.889573,50.071946],[19.89267,50.071545],[19.893974,50.071315],[19.895239,50.071158]]}},{"type":"Feature","properties":{"mode":"bus","n":7,"arr":["164","199","218","228","298","601","918"],"lines":"164, 199, 218, 228, 298, 601, 918"},"geometry":{"type":"LineString","coordinates":[[19.870896,50.080725],[19.868635,50.080924],[19.8683,50.080937],[19.861789,50.080851],[19.861139,50.08085],[19.860843,50.080875],[19.852368,50.082561],[19.847331,50.083531],[19.846741,50.083669],[19.846005,50.083937],[19.845584,50.08415],[19.845307,50.084324],[19.83793,50.089658]]}},{"type":"Feature","properties":{"mode":"bus","n":6,"arr":["164","199","200","210","230","601"],"lines":"164, 199, 200, 210, 230, 601"},"geometry":{"type":"LineString","coordinates":[[19.880008,50.078822],[19.880136,50.078253]]}},{"type":"Feature","properties":{"mode":"bus","n":10,"arr":["168","200","210","230","240","310","511","611","910","LR0"],"lines":"168, 200, 210, 230, 240, 310, 511, 611, 910, LR0"},"geometry":{"type":"LineString","coordinates":[[19.893335,50.092327],[19.893316,50.091855],[19.893266,50.091607],[19.893139,50.09116],[19.892777,50.090242],[19.892607,50.089707],[19.892467,50.089567],[19.892117,50.088673],[19.891858,50.088201],[19.891387,50.087652]]}},{"type":"Feature","properties":{"mode":"bus","n":10,"arr":["169","217","247","257","277","280","297","307","503","917"],"lines":"169, 217, 247, 257, 277, 280, 297, 307, 503, 917"},"geometry":{"type":"LineString","coordinates":[[19.964877,50.105326],[19.964843,50.105228]]}},{"type":"Feature","properties":{"mode":"bus","n":9,"arr":["169","217","247","257","277","280","297","503","917"],"lines":"169, 217, 247, 257, 277, 280, 297, 503, 917"},"geometry":{"type":"LineString","coordinates":[[19.963647,50.105447],[19.964186,50.105419],[19.964546,50.10537]]}},{"type":"Feature","properties":{"mode":"bus","n":6,"arr":["169","257","297","469","503","917"],"lines":"169, 257, 297, 469, 503, 917"},"geometry":{"type":"LineString","coordinates":[[19.963647,50.105447],[19.964039,50.105342]]}},{"type":"Feature","properties":{"mode":"bus","n":10,"arr":["169","217","247","257","277","280","297","469","503","917"],"lines":"169, 217, 247, 257, 277, 280, 297, 469, 503, 917"},"geometry":{"type":"LineString","coordinates":[[19.964039,50.105342],[19.964514,50.105269]]}},{"type":"Feature","properties":{"mode":"bus","n":6,"arr":["173","234","244","274","284","503"],"lines":"173, 234, 244, 274, 284, 503"},"geometry":{"type":"LineString","coordinates":[[20.015546,50.012681],[20.015632,50.012512],[20.015697,50.012465],[20.015823,50.012443],[20.016025,50.012462],[20.016056,50.012469],[20.016074,50.012482],[20.01608,50.012503],[20.016075,50.012838],[20.016098,50.012977],[20.016097,50.012993],[20.016089,50.013004],[20.016072,50.01301],[20.016049,50.013011],[20.015587,50.012999],[20.015481,50.012944],[20.015458,50.012854]]}},{"type":"Feature","properties":{"mode":"bus","n":5,"arr":["173","234","244","274","284"],"lines":"173, 234, 244, 274, 284"},"geometry":{"type":"LineString","coordinates":[[20.016104,50.013013],[20.016518,50.01467],[20.01653,50.014885],[20.016219,50.016314]]}},{"type":"Feature","properties":{"mode":"bus","n":10,"arr":["173","200","210","230","310","511","572","611","910","LR0"],"lines":"173, 200, 210, 230, 310, 511, 572, 611, 910, LR0"},"geometry":{"type":"LineString","coordinates":[[19.891148,50.08723],[19.891148,50.086863]]}},{"type":"Feature","properties":{"mode":"bus","n":5,"arr":["173","310","511","611","LR0"],"lines":"173, 310, 511, 611, LR0"},"geometry":{"type":"LineString","coordinates":[[19.890323,50.080685],[19.889035,50.077345],[19.888405,50.07606],[19.888321,50.075835]]}},{"type":"Feature","properties":{"mode":"bus","n":5,"arr":["175","243","475","610","A49"],"lines":"175, 243, 475, 610, A49"},"geometry":{"type":"LineString","coordinates":[[19.914703,49.987353],[19.914546,49.98741]]}},{"type":"Feature","properties":{"mode":"bus","n":13,"arr":["175","235","243","245","255","275","285","475","610","A1","A40","A49","A56"],"lines":"175, 235, 243, 245, 255, 275, 285, 475, 610, A1, A40, A49, A56"},"geometry":{"type":"LineString","coordinates":[[19.917101,49.992147],[19.917077,49.992029],[19.914703,49.987353]]}},{"type":"Feature","properties":{"mode":"bus","n":13,"arr":["175","235","243","245","255","275","285","475","610","A1","A40","A49","A56"],"lines":"175, 235, 243, 245, 255, 275, 285, 475, 610, A1, A40, A49, A56"},"geometry":{"type":"LineString","coordinates":[[19.920266,49.998191],[19.920512,49.998559],[19.920877,49.999217]]}},{"type":"Feature","properties":{"mode":"bus","n":13,"arr":["175","235","243","245","255","275","285","475","610","A1","A40","A49","A56"],"lines":"175, 235, 243, 245, 255, 275, 285, 475, 610, A1, A40, A49, A56"},"geometry":{"type":"LineString","coordinates":[[19.914546,49.98741],[19.915561,49.989354],[19.915767,49.989671],[19.916972,49.992022],[19.917101,49.992147],[19.919117,49.996055],[19.920266,49.998191],[19.920415,49.998582],[19.920759,49.999253]]}},{"type":"Feature","properties":{"mode":"bus","n":19,"arr":["175","214","215","225","235","243","245","254","255","265","275","285","475","610","915","A1","A40","A49","A56"],"lines":"175, 214, 215, 225, 235, 243, 245, 254, 255, 265, 275, 285, 475, 610, 915, A1, A40, A49, A56"},"geometry":{"type":"LineString","coordinates":[[19.920877,49.999217],[19.922664,50.00269],[19.924981,50.007]]}},{"type":"Feature","properties":{"mode":"bus","n":19,"arr":["175","214","215","225","235","243","245","254","255","265","275","285","475","610","915","A1","A40","A49","A56"],"lines":"175, 214, 215, 225, 235, 243, 245, 254, 255, 265, 275, 285, 475, 610, 915, A1, A40, A49, A56"},"geometry":{"type":"LineString","coordinates":[[19.920759,49.999253],[19.922008,50.001677],[19.924846,50.007034]]}},{"type":"Feature","properties":{"mode":"bus","n":11,"arr":["175","204","215","225","235","243","254","265","275","475","610"],"lines":"175, 204, 215, 225, 235, 243, 254, 265, 275, 475, 610"},"geometry":{"type":"LineString","coordinates":[[19.926421,50.011272],[19.926436,50.011269]]}},{"type":"Feature","properties":{"mode":"bus","n":20,"arr":["175","204","214","215","225","235","243","245","254","255","265","275","285","475","610","915","A1","A40","A49","A56"],"lines":"175, 204, 214, 215, 225, 235, 243, 245, 254, 255, 265, 275, 285, 475, 610, 915, A1, A40, A49, A56"},"geometry":{"type":"LineString","coordinates":[[19.92509,50.007503],[19.924846,50.007034]]}},{"type":"Feature","properties":{"mode":"bus","n":6,"arr":["182","189","482","511","601","611"],"lines":"182, 189, 482, 511, 601, 611"},"geometry":{"type":"LineString","coordinates":[[19.965207,50.072669],[19.962809,50.070275],[19.960171,50.06834]]}},{"type":"Feature","properties":{"mode":"bus","n":6,"arr":["182","189","482","511","601","611"],"lines":"182, 189, 482, 511, 601, 611"},"geometry":{"type":"LineString","coordinates":[[19.959557,50.067776],[19.959623,50.067931],[19.960135,50.068313],[19.960145,50.068323],[19.960149,50.06833],[19.960145,50.068336],[19.960134,50.068339],[19.960115,50.068341],[19.959956,50.068343],[19.959357,50.068269],[19.959264,50.068229],[19.959241,50.068156]]}},{"type":"Feature","properties":{"mode":"bus","n":6,"arr":["182","189","482","511","601","611"],"lines":"182, 189, 482, 511, 601, 611"},"geometry":{"type":"LineString","coordinates":[[19.971381,50.08493],[19.970902,50.084523],[19.970798,50.084384],[19.970706,50.084181],[19.970671,50.083936],[19.970703,50.083744],[19.970794,50.083492],[19.970939,50.083279]]}},{"type":"Feature","properties":{"mode":"bus","n":5,"arr":["189","192","317","609","902"],"lines":"189, 192, 317, 609, 902"},"geometry":{"type":"LineString","coordinates":[[19.949473,50.068506],[19.949665,50.068509]]}},{"type":"Feature","properties":{"mode":"bus","n":5,"arr":["189","572","608","611","664"],"lines":"189, 572, 608, 611, 664"},"geometry":{"type":"LineString","coordinates":[[20.020147,50.085009],[20.019838,50.085184]]}},{"type":"Feature","properties":{"mode":"bus","n":5,"arr":["189","572","608","611","664"],"lines":"189, 572, 608, 611, 664"},"geometry":{"type":"LineString","coordinates":[[20.018959,50.085413],[20.018564,50.085417]]}},{"type":"Feature","properties":{"mode":"bus","n":5,"arr":["189","572","608","611","664"],"lines":"189, 572, 608, 611, 664"},"geometry":{"type":"LineString","coordinates":[[20.018327,50.084892],[20.018529,50.084828]]}},{"type":"Feature","properties":{"mode":"bus","n":5,"arr":["189","572","608","611","664"],"lines":"189, 572, 608, 611, 664"},"geometry":{"type":"LineString","coordinates":[[20.019433,50.084573],[20.01971,50.084507]]}},{"type":"Feature","properties":{"mode":"bus","n":9,"arr":["189","192","511","A1","A14","A40","A44","A56","A64"],"lines":"189, 192, 511, A1, A14, A40, A44, A56, A64"},"geometry":{"type":"LineString","coordinates":[[19.945127,50.070528],[19.945644,50.070531],[19.945802,50.070513],[19.945913,50.070468],[19.946021,50.07028],[19.946021,50.069736],[19.9461,50.069491],[19.946363,50.069245],[19.946634,50.069108],[19.946917,50.06905],[19.949261,50.06908],[19.949371,50.069115]]}},{"type":"Feature","properties":{"mode":"bus","n":5,"arr":["189","192","511","608","669"],"lines":"189, 192, 511, 608, 669"},"geometry":{"type":"LineString","coordinates":[[19.944608,50.071958],[19.944827,50.070402]]}},{"type":"Feature","properties":{"mode":"bus","n":11,"arr":["189","192","511","608","669","A1","A14","A40","A44","A56","A64"],"lines":"189, 192, 511, 608, 669, A1, A14, A40, A44, A56, A64"},"geometry":{"type":"LineString","coordinates":[[19.944827,50.070402],[19.94497,50.070409]]}},{"type":"Feature","properties":{"mode":"bus","n":13,"arr":["189","192","511","608","609","669","902","A1","A14","A40","A44","A56","A64"],"lines":"189, 192, 511, 608, 609, 669, 902, A1, A14, A40, A44, A56, A64"},"geometry":{"type":"LineString","coordinates":[[19.94497,50.070409],[19.945471,50.070421],[19.945629,50.070397],[19.945754,50.07034],[19.945843,50.070234],[19.945893,50.069596],[19.946013,50.069327],[19.946194,50.069154],[19.946383,50.069052],[19.946558,50.068993],[19.94682,50.068942],[19.94928,50.068977],[19.949391,50.068951]]}},{"type":"Feature","properties":{"mode":"bus","n":5,"arr":["189","601","662","A50","A57"],"lines":"189, 601, 662, A50, A57"},"geometry":{"type":"LineString","coordinates":[[20.038267,50.072226],[20.038289,50.072333],[20.038252,50.072416],[20.038153,50.07249],[20.037994,50.072526]]}},{"type":"Feature","properties":{"mode":"bus","n":6,"arr":["194","494","662","A14","A44","A64"],"lines":"194, 494, 662, A14, A44, A64"},"geometry":{"type":"LineString","coordinates":[[19.929921,50.04821],[19.930235,50.048314]]}},{"type":"Feature","properties":{"mode":"bus","n":5,"arr":["200","210","230","310","910"],"lines":"200, 210, 230, 310, 910"},"geometry":{"type":"LineString","coordinates":[[19.891254,50.096633],[19.891324,50.096402],[19.892279,50.094702],[19.892375,50.094606],[19.892567,50.094489]]}},{"type":"Feature","properties":{"mode":"bus","n":8,"arr":["200","210","230","310","511","611","910","LR0"],"lines":"200, 210, 230, 310, 511, 611, 910, LR0"},"geometry":{"type":"LineString","coordinates":[[19.892129,50.087679],[19.892167,50.087928]]}},{"type":"Feature","properties":{"mode":"bus","n":9,"arr":["200","210","230","240","310","511","611","910","LR0"],"lines":"200, 210, 230, 240, 310, 511, 611, 910, LR0"},"geometry":{"type":"LineString","coordinates":[[19.893438,50.091755],[19.893267,50.091114],[19.892724,50.089697],[19.892754,50.089555],[19.892491,50.088635],[19.892167,50.087928]]}},{"type":"Feature","properties":{"mode":"bus","n":7,"arr":["200","210","230","240","310","910","LR0"],"lines":"200, 210, 230, 240, 310, 910, LR0"},"geometry":{"type":"LineString","coordinates":[[19.890697,50.097938],[19.891443,50.096676]]}},{"type":"Feature","properties":{"mode":"bus","n":8,"arr":["202","212","222","232","262","664","A50","A57"],"lines":"202, 212, 222, 232, 262, 664, A50, A57"},"geometry":{"type":"LineString","coordinates":[[20.02673,50.079619],[20.026338,50.079073],[20.026166,50.078908],[20.025861,50.078687],[20.018753,50.074849]]}},{"type":"Feature","properties":{"mode":"bus","n":8,"arr":["202","212","222","232","262","664","A50","A57"],"lines":"202, 212, 222, 232, 262, 664, A50, A57"},"geometry":{"type":"LineString","coordinates":[[20.021015,50.075804],[20.021901,50.076311],[20.026221,50.078626],[20.026465,50.078781],[20.026888,50.079157],[20.026996,50.07921],[20.027125,50.079238]]}},{"type":"Feature","properties":{"mode":"bus","n":8,"arr":["202","212","222","232","262","664","A50","A57"],"lines":"202, 212, 222, 232, 262, 664, A50, A57"},"geometry":{"type":"LineString","coordinates":[[20.017265,50.073935],[20.017132,50.073918],[20.016633,50.073773]]}},{"type":"Feature","properties":{"mode":"bus","n":6,"arr":["203","223","235","273","295","A43"],"lines":"203, 223, 235, 273, 295, A43"},"geometry":{"type":"LineString","coordinates":[[19.821637,49.975831],[19.821029,49.975925],[19.819282,49.976062],[19.816912,49.975826]]}},{"type":"Feature","properties":{"mode":"bus","n":7,"arr":["203","223","235","273","295","A43","A53"],"lines":"203, 223, 235, 273, 295, A43, A53"},"geometry":{"type":"LineString","coordinates":[[19.828994,49.975726],[19.828784,49.975166],[19.828771,49.975147],[19.828748,49.975137],[19.828716,49.975136],[19.828502,49.975157],[19.827737,49.975287],[19.825891,49.975637],[19.825512,49.975689],[19.825289,49.975675],[19.825132,49.975637],[19.82498,49.975578],[19.824634,49.975373],[19.824417,49.975294],[19.82419,49.975258],[19.823996,49.975261],[19.8238,49.975309],[19.822974,49.975598],[19.821637,49.975831]]}},{"type":"Feature","properties":{"mode":"bus","n":6,"arr":["203","223","273","295","A43","A53"],"lines":"203, 223, 273, 295, A43, A53"},"geometry":{"type":"LineString","coordinates":[[19.830914,49.974615],[19.829659,49.974708],[19.828694,49.974668],[19.828671,49.974669],[19.828655,49.974675],[19.828648,49.974686],[19.828649,49.974701],[19.828771,49.975131]]}},{"type":"Feature","properties":{"mode":"bus","n":11,"arr":["203","223","235","253","273","283","293","295","903","A43","A53"],"lines":"203, 223, 235, 253, 273, 283, 293, 295, 903, A43, A53"},"geometry":{"type":"LineString","coordinates":[[19.830914,49.974615],[19.831108,49.975503]]}},{"type":"Feature","properties":{"mode":"bus","n":10,"arr":["203","223","235","253","273","283","293","295","903","A53"],"lines":"203, 223, 235, 253, 273, 283, 293, 295, 903, A53"},"geometry":{"type":"LineString","coordinates":[[19.831108,49.975503],[19.831173,49.975777]]}},{"type":"Feature","properties":{"mode":"bus","n":5,"arr":["203","223","235","273","295"],"lines":"203, 223, 235, 273, 295"},"geometry":{"type":"LineString","coordinates":[[19.831168,49.97634],[19.830715,49.976302],[19.829865,49.976284],[19.829636,49.976249],[19.829433,49.976181],[19.829203,49.976048],[19.829091,49.975933],[19.828994,49.975726]]}},{"type":"Feature","properties":{"mode":"bus","n":5,"arr":["203","273","295","A43","A53"],"lines":"203, 273, 295, A43, A53"},"geometry":{"type":"LineString","coordinates":[[19.821637,49.975831],[19.821732,49.97632],[19.821732,49.976336],[19.821723,49.976348],[19.821707,49.976355],[19.821684,49.976359],[19.821526,49.976366]]}},{"type":"Feature","properties":{"mode":"bus","n":5,"arr":["244","304","A18","D2","L1"],"lines":"244, 304, A18, D2, L1"},"geometry":{"type":"LineString","coordinates":[[20.070621,49.984028],[20.070562,49.983878],[20.070157,49.983379],[20.069986,49.983097],[20.069654,49.982296],[20.069661,49.982136],[20.069592,49.981866]]}},{"type":"Feature","properties":{"mode":"bus","n":8,"arr":["204","224","244","304","904","A18","D2","L1"],"lines":"204, 224, 244, 304, 904, A18, D2, L1"},"geometry":{"type":"LineString","coordinates":[[20.070834,49.985138],[20.070721,49.984667],[20.070621,49.984028]]}},{"type":"Feature","properties":{"mode":"bus","n":7,"arr":["204","224","244","304","904","A18","D2"],"lines":"204, 224, 244, 304, 904, A18, D2"},"geometry":{"type":"LineString","coordinates":[[20.071222,49.986497],[20.071181,49.986071],[20.070969,49.985572],[20.070834,49.985138]]}},{"type":"Feature","properties":{"mode":"bus","n":7,"arr":["204","224","301","904","A18","D2","W2"],"lines":"204, 224, 301, 904, A18, D2, W2"},"geometry":{"type":"LineString","coordinates":[[20.07032,49.986826],[20.07068,49.986788],[20.070992,49.986721]]}},{"type":"Feature","properties":{"mode":"bus","n":7,"arr":["204","224","301","904","A18","D2","W2"],"lines":"204, 224, 301, 904, A18, D2, W2"},"geometry":{"type":"LineString","coordinates":[[20.067249,49.987207],[20.067776,49.987157],[20.07032,49.986826],[20.070805,49.986699],[20.070898,49.986627]]}},{"type":"Feature","properties":{"mode":"bus","n":8,"arr":["204","224","301","904","A18","B2","D2","W2"],"lines":"204, 224, 301, 904, A18, B2, D2, W2"},"geometry":{"type":"LineString","coordinates":[[20.067178,49.987213],[20.067249,49.987207]]}},{"type":"Feature","properties":{"mode":"bus","n":8,"arr":["204","224","301","904","A18","B2","D2","W2"],"lines":"204, 224, 301, 904, A18, B2, D2, W2"},"geometry":{"type":"LineString","coordinates":[[20.066758,49.987236],[20.066822,49.987234]]}},{"type":"Feature","properties":{"mode":"bus","n":8,"arr":["204","224","301","904","A18","B2","D2","W2"],"lines":"204, 224, 301, 904, A18, B2, D2, W2"},"geometry":{"type":"LineString","coordinates":[[20.065797,49.987273],[20.065974,49.987267]]}},{"type":"Feature","properties":{"mode":"bus","n":8,"arr":["204","224","301","904","A18","B2","D2","W2"],"lines":"204, 224, 301, 904, A18, B2, D2, W2"},"geometry":{"type":"LineString","coordinates":[[20.065426,49.987289],[20.065511,49.987285]]}},{"type":"Feature","properties":{"mode":"bus","n":8,"arr":["204","224","301","904","A18","B2","D2","W2"],"lines":"204, 224, 301, 904, A18, B2, D2, W2"},"geometry":{"type":"LineString","coordinates":[[20.064778,49.987318],[20.065257,49.987295]]}},{"type":"Feature","properties":{"mode":"bus","n":8,"arr":["204","224","301","904","A18","B2","D2","W2"],"lines":"204, 224, 301, 904, A18, B2, D2, W2"},"geometry":{"type":"LineString","coordinates":[[20.064008,49.987346],[20.064551,49.987325]]}},{"type":"Feature","properties":{"mode":"bus","n":8,"arr":["204","224","301","904","A18","B2","D2","W2"],"lines":"204, 224, 301, 904, A18, B2, D2, W2"},"geometry":{"type":"LineString","coordinates":[[20.062614,49.98743],[20.062956,49.987395]]}},{"type":"Feature","properties":{"mode":"bus","n":5,"arr":["301","A18","B2","D2","W2"],"lines":"301, A18, B2, D2, W2"},"geometry":{"type":"LineString","coordinates":[[20.066274,49.987254],[20.066511,49.987245]]}},{"type":"Feature","properties":{"mode":"bus","n":5,"arr":["301","A18","B2","D2","W2"],"lines":"301, A18, B2, D2, W2"},"geometry":{"type":"LineString","coordinates":[[20.065511,49.987285],[20.065667,49.987278]]}},{"type":"Feature","properties":{"mode":"bus","n":5,"arr":["301","A18","B2","D2","W2"],"lines":"301, A18, B2, D2, W2"},"geometry":{"type":"LineString","coordinates":[[20.065257,49.987295],[20.065106,49.987303]]}},{"type":"Feature","properties":{"mode":"bus","n":5,"arr":["301","A18","B2","D2","W2"],"lines":"301, A18, B2, D2, W2"},"geometry":{"type":"LineString","coordinates":[[20.064008,49.987346],[20.063826,49.987355]]}},{"type":"Feature","properties":{"mode":"bus","n":5,"arr":["301","A18","B2","D2","W2"],"lines":"301, A18, B2, D2, W2"},"geometry":{"type":"LineString","coordinates":[[20.062956,49.987395],[20.063147,49.98738]]}},{"type":"Feature","properties":{"mode":"bus","n":7,"arr":["204","301","904","A18","B2","D2","W2"],"lines":"204, 301, 904, A18, B2, D2, W2"},"geometry":{"type":"LineString","coordinates":[[20.065667,49.987278],[20.065797,49.987273]]}},{"type":"Feature","properties":{"mode":"bus","n":7,"arr":["204","301","904","A18","B2","D2","W2"],"lines":"204, 301, 904, A18, B2, D2, W2"},"geometry":{"type":"LineString","coordinates":[[20.054258,49.98853],[20.056239,49.988368],[20.05884,49.987831],[20.059371,49.987741],[20.062614,49.98743]]}},{"type":"Feature","properties":{"mode":"bus","n":7,"arr":["204","224","904","A18","B2","D2","W2"],"lines":"204, 224, 904, A18, B2, D2, W2"},"geometry":{"type":"LineString","coordinates":[[20.065257,49.987295],[20.065426,49.987289]]}},{"type":"Feature","properties":{"mode":"bus","n":7,"arr":["204","224","244","274","301","304","904"],"lines":"204, 224, 244, 274, 301, 304, 904"},"geometry":{"type":"LineString","coordinates":[[20.028273,49.999548],[20.026898,50.000772],[20.025969,50.001555],[20.024672,50.002555],[20.023727,50.00333],[20.023119,50.003741],[20.022579,50.00403],[20.02166,50.004463],[20.015548,50.007193]]}},{"type":"Feature","properties":{"mode":"bus","n":7,"arr":["204","224","244","274","301","304","904"],"lines":"204, 224, 244, 274, 301, 304, 904"},"geometry":{"type":"LineString","coordinates":[[20.014353,50.007527],[20.021952,50.004189],[20.022493,50.003948],[20.02305,50.003653],[20.023534,50.003354],[20.025016,50.002157],[20.026409,50.000996],[20.027799,49.999757]]}},{"type":"Feature","properties":{"mode":"bus","n":6,"arr":["204","224","244","274","301","304"],"lines":"204, 224, 244, 274, 301, 304"},"geometry":{"type":"LineString","coordinates":[[20.015548,50.007193],[20.014631,50.007589]]}},{"type":"Feature","properties":{"mode":"bus","n":6,"arr":["204","224","244","274","301","304"],"lines":"204, 224, 244, 274, 301, 304"},"geometry":{"type":"LineString","coordinates":[[20.013153,50.008061],[20.014353,50.007527]]}},{"type":"Feature","properties":{"mode":"bus","n":7,"arr":["204","224","244","274","301","304","503"],"lines":"204, 224, 244, 274, 301, 304, 503"},"geometry":{"type":"LineString","coordinates":[[20.014631,50.007589],[20.011138,50.009152]]}},{"type":"Feature","properties":{"mode":"bus","n":7,"arr":["204","224","244","274","301","304","503"],"lines":"204, 224, 244, 274, 301, 304, 503"},"geometry":{"type":"LineString","coordinates":[[20.011181,50.008938],[20.013153,50.008061]]}},{"type":"Feature","properties":{"mode":"bus","n":7,"arr":["204","224","244","301","304","904","W2"],"lines":"204, 224, 244, 301, 304, 904, W2"},"geometry":{"type":"LineString","coordinates":[[20.073954,49.986554],[20.073727,49.986526],[20.071654,49.986628],[20.071437,49.986619],[20.071312,49.986591]]}},{"type":"Feature","properties":{"mode":"bus","n":5,"arr":["204","224","244","304","904"],"lines":"204, 224, 244, 304, 904"},"geometry":{"type":"LineString","coordinates":[[20.074686,49.986217],[20.074446,49.9863],[20.074265,49.9864],[20.074171,49.986489],[20.074018,49.986515],[20.073954,49.986554]]}},{"type":"Feature","properties":{"mode":"bus","n":7,"arr":["207","227","267","337","937","A12","A13"],"lines":"207, 227, 267, 337, 937, A12, A13"},"geometry":{"type":"LineString","coordinates":[[19.916654,50.129687],[19.917094,50.129334],[19.917508,50.128952],[19.918798,50.127342],[19.919597,50.126604],[19.919759,50.126375],[19.919926,50.126058],[19.919963,50.12582],[19.919702,50.125271],[19.919678,50.12513],[19.919707,50.124946],[19.92025,50.124104],[19.920487,50.123382],[19.921409,50.121603],[19.921788,50.120225],[19.921807,50.119893],[19.921751,50.119659],[19.921426,50.119157],[19.921038,50.118037]]}},{"type":"Feature","properties":{"mode":"bus","n":8,"arr":["209","229","239","249","259","269","279","310"],"lines":"209, 229, 239, 249, 259, 269, 279, 310"},"geometry":{"type":"LineString","coordinates":[[19.916669,50.053073],[19.916422,50.052925],[19.916369,50.052861],[19.916338,50.052745]]}},{"type":"Feature","properties":{"mode":"bus","n":8,"arr":["209","229","239","249","259","269","279","310"],"lines":"209, 229, 239, 249, 259, 269, 279, 310"},"geometry":{"type":"LineString","coordinates":[[19.916846,50.052791],[19.916841,50.052683]]}},{"type":"Feature","properties":{"mode":"bus","n":8,"arr":["209","229","239","249","259","269","279","609"],"lines":"209, 229, 239, 249, 259, 269, 279, 609"},"geometry":{"type":"LineString","coordinates":[[19.916338,50.052745],[19.915496,50.052776],[19.914693,50.052714],[19.914014,50.052586],[19.911689,50.051953],[19.911212,50.051877],[19.909983,50.0518],[19.909664,50.051756],[19.90927,50.051666],[19.909011,50.051592],[19.908543,50.051411],[19.906583,50.050357]]}},{"type":"Feature","properties":{"mode":"bus","n":8,"arr":["209","229","239","249","259","269","279","609"],"lines":"209, 229, 239, 249, 259, 269, 279, 609"},"geometry":{"type":"LineString","coordinates":[[19.903574,50.048988],[19.903587,50.048872],[19.903668,50.048684],[19.903741,50.048574],[19.903823,50.048512],[19.903961,50.048453],[19.904112,50.048423],[19.904261,50.048427],[19.904421,50.048464],[19.904571,50.048558],[19.904611,50.048625],[19.905557,50.049573],[19.905701,50.049648],[19.906425,50.0502],[19.906553,50.050327],[19.906561,50.050335],[19.906565,50.050341],[19.906565,50.050344],[19.906561,50.050344],[19.906552,50.05034],[19.90654,50.050334],[19.906276,50.050194],[19.905888,50.049908],[19.905162,50.049471],[19.904953,50.049393],[19.904267,50.049246],[19.904121,50.049189]]}},{"type":"Feature","properties":{"mode":"bus","n":14,"arr":["209","219","229","239","249","259","269","279","609","712","A14","A44","A60","A64"],"lines":"209, 219, 229, 239, 249, 259, 269, 279, 609, 712, A14, A44, A60, A64"},"geometry":{"type":"LineString","coordinates":[[19.87219,50.046174],[19.869337,50.045933],[19.869137,50.045901],[19.859781,50.045157],[19.851431,50.044139],[19.849709,50.043955],[19.849307,50.043931],[19.847525,50.043986],[19.84713,50.043958],[19.846949,50.043921],[19.842824,50.042672],[19.842431,50.042482],[19.840234,50.041256],[19.839969,50.041183],[19.839651,50.041153]]}},{"type":"Feature","properties":{"mode":"bus","n":8,"arr":["209","219","229","239","269","279","609","A60"],"lines":"209, 219, 229, 239, 269, 279, 609, A60"},"geometry":{"type":"LineString","coordinates":[[19.839651,50.041153],[19.838709,50.0412],[19.838086,50.041298],[19.837758,50.041325],[19.837403,50.041281],[19.836862,50.04114],[19.836609,50.041134],[19.836362,50.041176],[19.836158,50.041253],[19.835997,50.041355],[19.835847,50.041543],[19.835804,50.041723],[19.835826,50.041829],[19.836049,50.042166],[19.836122,50.042363],[19.836067,50.042541],[19.835961,50.042645],[19.835769,50.042747],[19.835478,50.042802],[19.835156,50.042783],[19.834948,50.042715],[19.834455,50.042434],[19.834287,50.042375],[19.83404,50.042339],[19.833741,50.042356],[19.833379,50.042442],[19.833232,50.042516],[19.832687,50.042923],[19.832371,50.043044],[19.828917,50.043984],[19.828293,50.044065],[19.827276,50.044155]]}},{"type":"Feature","properties":{"mode":"bus","n":13,"arr":["209","219","229","239","249","259","269","279","609","A14","A44","A60","A64"],"lines":"209, 219, 229, 239, 249, 259, 269, 279, 609, A14, A44, A60, A64"},"geometry":{"type":"LineString","coordinates":[[19.872215,50.046085],[19.870987,50.045979],[19.869137,50.045901]]}},{"type":"Feature","properties":{"mode":"bus","n":9,"arr":["209","229","239","249","259","269","279","310","609"],"lines":"209, 229, 239, 249, 259, 269, 279, 310, 609"},"geometry":{"type":"LineString","coordinates":[[19.916841,50.052683],[19.916338,50.052745]]}},{"type":"Feature","properties":{"mode":"bus","n":7,"arr":["209","229","239","249","259","269","279"],"lines":"209, 229, 239, 249, 259, 269, 279"},"geometry":{"type":"LineString","coordinates":[[19.916775,50.052877],[19.91673,50.053008],[19.916669,50.053073]]}},{"type":"Feature","properties":{"mode":"bus","n":5,"arr":["214","215","225","254","915"],"lines":"214, 215, 225, 254, 915"},"geometry":{"type":"LineString","coordinates":[[19.946021,49.990908],[19.946122,49.990651],[19.946153,49.990448],[19.946066,49.99014],[19.945956,49.989998]]}},{"type":"Feature","properties":{"mode":"bus","n":6,"arr":["215","225","285","915","A2","A19"],"lines":"215, 225, 285, 915, A2, A19"},"geometry":{"type":"LineString","coordinates":[[19.967721,49.934045],[19.96725,49.934214],[19.965958,49.934601],[19.963971,49.935051],[19.963598,49.935087],[19.960149,49.935219],[19.959229,49.935203],[19.957782,49.935111],[19.954885,49.934705],[19.954655,49.934643],[19.954002,49.93439],[19.952273,49.933947],[19.951647,49.933801],[19.950835,49.933699],[19.950275,49.933686],[19.949751,49.933723],[19.949366,49.933793],[19.948115,49.934104],[19.947738,49.934177],[19.946663,49.934313]]}},{"type":"Feature","properties":{"mode":"bus","n":5,"arr":["215","285","915","A2","A19"],"lines":"215, 285, 915, A2, A19"},"geometry":{"type":"LineString","coordinates":[[19.946663,49.934313],[19.944333,49.934627]]}},{"type":"Feature","properties":{"mode":"bus","n":7,"arr":["217","247","257","277","280","297","917"],"lines":"217, 247, 257, 277, 280, 297, 917"},"geometry":{"type":"LineString","coordinates":[[19.964843,50.105228],[19.964514,50.105269]]}},{"type":"Feature","properties":{"mode":"bus","n":5,"arr":["218","228","258","298","918"],"lines":"218, 228, 258, 298, 918"},"geometry":{"type":"LineString","coordinates":[[19.807197,50.085036],[19.807265,50.085013],[19.807647,50.085021],[19.808022,50.085102],[19.809135,50.085448]]}},{"type":"Feature","properties":{"mode":"bus","n":6,"arr":["218","248","268","278","288","948"],"lines":"218, 248, 268, 278, 288, 948"},"geometry":{"type":"LineString","coordinates":[[19.801634,50.119985],[19.801543,50.119494]]}},{"type":"Feature","properties":{"mode":"bus","n":5,"arr":["219","229","239","279","A60"],"lines":"219, 229, 239, 279, A60"},"geometry":{"type":"LineString","coordinates":[[19.797015,50.042507],[19.796893,50.042663],[19.796876,50.042727],[19.796675,50.042914],[19.796424,50.043087],[19.796122,50.043211],[19.79389,50.043743],[19.793605,50.043759],[19.793267,50.043706]]}},{"type":"Feature","properties":{"mode":"bus","n":5,"arr":["219","229","239","279","A44"],"lines":"219, 229, 239, 279, A44"},"geometry":{"type":"LineString","coordinates":[[19.769374,50.038977],[19.768972,50.038939],[19.768235,50.03875]]}},{"type":"Feature","properties":{"mode":"bus","n":5,"arr":["219","259","A14","A44","A64"],"lines":"219, 259, A14, A44, A64"},"geometry":{"type":"LineString","coordinates":[[19.795928,50.023542],[19.795537,50.023435],[19.795264,50.023308],[19.793801,50.022416],[19.793692,50.022321],[19.793639,50.022197],[19.793653,50.021965],[19.793554,50.020813],[19.793766,50.020035],[19.793792,50.019822],[19.793771,50.019725],[19.793714,50.019657],[19.793512,50.019509],[19.793363,50.019439],[19.791016,50.018722],[19.790823,50.018692],[19.789122,50.018622],[19.787884,50.018316],[19.787285,50.018134],[19.786974,50.018071],[19.785723,50.017948],[19.781754,50.01765],[19.781175,50.017566],[19.776977,50.016639],[19.77528,50.016479]]}},{"type":"Feature","properties":{"mode":"bus","n":6,"arr":["219","249","259","A14","A44","A64"],"lines":"219, 249, 259, A14, A44, A64"},"geometry":{"type":"LineString","coordinates":[[19.795928,50.023542],[19.796161,50.023383],[19.79618,50.023373],[19.796199,50.02337],[19.796218,50.023373],[19.796238,50.023383],[19.796571,50.023603],[19.796578,50.023682],[19.796576,50.023697],[19.796567,50.023706],[19.796552,50.023708],[19.79653,50.023704],[19.795928,50.023542]]}},{"type":"Feature","properties":{"mode":"bus","n":9,"arr":["220","227","267","337","513","669","937","A12","A13"],"lines":"220, 227, 267, 337, 513, 669, 937, A12, A13"},"geometry":{"type":"LineString","coordinates":[[19.928982,50.094819],[19.929905,50.093599],[19.930696,50.092341],[19.931402,50.091534]]}},{"type":"Feature","properties":{"mode":"bus","n":6,"arr":["223","233","253","283","293","903"],"lines":"223, 233, 253, 283, 293, 903"},"geometry":{"type":"LineString","coordinates":[[19.880007,50.007037],[19.880269,50.007148],[19.880676,50.007367]]}},{"type":"Feature","properties":{"mode":"bus","n":6,"arr":["223","233","253","283","293","903"],"lines":"223, 233, 253, 283, 293, 903"},"geometry":{"type":"LineString","coordinates":[[19.880312,50.007083],[19.876578,50.006356],[19.876207,50.006311],[19.875815,50.006308],[19.875588,50.006333],[19.874029,50.00662]]}},{"type":"Feature","properties":{"mode":"bus","n":6,"arr":["223","233","253","283","293","903"],"lines":"223, 233, 253, 283, 293, 903"},"geometry":{"type":"LineString","coordinates":[[19.852475,49.995694],[19.852678,49.995579],[19.852694,49.995567],[19.852698,49.995556],[19.852692,49.995545],[19.852675,49.995534],[19.852329,49.995369],[19.852183,49.995344],[19.852102,49.995368],[19.852059,49.9954],[19.852049,49.995411],[19.85205,49.995422],[19.852061,49.995433],[19.852475,49.995694],[19.854765,49.996994],[19.855386,49.997283],[19.856059,49.997541],[19.863741,49.999867],[19.864259,50.000016],[19.865927,50.000388],[19.866665,50.000698],[19.867066,50.000962],[19.867316,50.001174],[19.867731,50.001633],[19.86877,50.002886],[19.869319,50.003362],[19.870532,50.004026],[19.871618,50.004401],[19.871817,50.004482],[19.872061,50.004647],[19.872261,50.004865],[19.8728,50.005696],[19.873064,50.006036],[19.87341,50.00641],[19.873643,50.00656]]}},{"type":"Feature","properties":{"mode":"bus","n":6,"arr":["223","233","253","283","293","903"],"lines":"223, 233, 253, 283, 293, 903"},"geometry":{"type":"LineString","coordinates":[[19.874029,50.00662],[19.873818,50.00667],[19.87367,50.006679],[19.87365,50.006679],[19.873636,50.006674],[19.873626,50.006666],[19.873622,50.006654],[19.873614,50.006601],[19.873633,50.006574],[19.873639,50.006569],[19.873646,50.006565],[19.873655,50.006565],[19.873665,50.006567],[19.873791,50.006607],[19.874029,50.00662]]}},{"type":"Feature","properties":{"mode":"bus","n":5,"arr":["223","235","273","295","A43"],"lines":"223, 235, 273, 295, A43"},"geometry":{"type":"LineString","coordinates":[[19.816912,49.975826],[19.816003,49.975738],[19.815756,49.97565],[19.815537,49.975507],[19.815424,49.975379],[19.815353,49.975213],[19.815178,49.974152],[19.815066,49.974025],[19.814871,49.97395]]}},{"type":"Feature","properties":{"mode":"bus","n":5,"arr":["223","233","253","283","903"],"lines":"223, 233, 253, 283, 903"},"geometry":{"type":"LineString","coordinates":[[19.880827,50.007327],[19.880488,50.007145],[19.880312,50.007083]]}},{"type":"Feature","properties":{"mode":"bus","n":5,"arr":["224","A18","B2","D2","W2"],"lines":"224, A18, B2, D2, W2"},"geometry":{"type":"LineString","coordinates":[[20.062614,49.98743],[20.062538,49.987933],[20.062487,49.988007],[20.062282,49.988109]]}},{"type":"Feature","properties":{"mode":"bus","n":7,"arr":["224","284","A18","A58","B2","D2","W2"],"lines":"224, 284, A18, A58, B2, D2, W2"},"geometry":{"type":"LineString","coordinates":[[20.061717,49.986812],[20.061746,49.987153],[20.061906,49.987401],[20.061979,49.987631],[20.062282,49.988109]]}},{"type":"Feature","properties":{"mode":"bus","n":5,"arr":["224","284","A18","A58","L1"],"lines":"224, 284, A18, A58, L1"},"geometry":{"type":"LineString","coordinates":[[20.061124,49.984399],[20.061616,49.985572],[20.061718,49.985872],[20.061696,49.985995]]}},{"type":"Feature","properties":{"mode":"bus","n":17,"arr":["224","244","274","284","304","A2","A6","A8","A9","A16","A17","A18","A58","A59","L1","R2","Z1"],"lines":"224, 244, 274, 284, 304, A2, A6, A8, A9, A16, A17, A18, A58, A59, L1, R2, Z1"},"geometry":{"type":"LineString","coordinates":[[20.058699,49.984749],[20.058886,49.984791],[20.059446,49.984734],[20.060448,49.984438],[20.060802,49.984398],[20.061124,49.984399]]}},{"type":"Feature","properties":{"mode":"bus","n":21,"arr":["224","244","274","284","304","A2","A6","A8","A9","A16","A17","A18","A58","A59","B2","D2","G4","L1","R2","W2","Z1"],"lines":"224, 244, 274, 284, 304, A2, A6, A8, A9, A16, A17, A18, A58, A59, B2, D2, G4, L1, R2, W2, Z1"},"geometry":{"type":"LineString","coordinates":[[20.057106,49.98426],[20.057732,49.984328],[20.058417,49.98428],[20.058557,49.984292],[20.058619,49.984322],[20.058666,49.984385],[20.058643,49.984694],[20.058699,49.984749]]}},{"type":"Feature","properties":{"mode":"bus","n":25,"arr":["224","244","274","284","304","A2","A6","A8","A9","A16","A17","A18","A19","A58","A59","B2","D2","G3","G4","J1","L1","P2","R2","W2","Z1"],"lines":"224, 244, 274, 284, 304, A2, A6, A8, A9, A16, A17, A18, A19, A58, A59, B2, D2, G3, G4, J1, L1, P2, R2, W2, Z1"},"geometry":{"type":"LineString","coordinates":[[20.056584,49.984241],[20.056811,49.984228],[20.057106,49.98426]]}},{"type":"Feature","properties":{"mode":"bus","n":5,"arr":["224","244","A19","G3","J1"],"lines":"224, 244, A19, G3, J1"},"geometry":{"type":"LineString","coordinates":[[20.046443,49.98485],[20.047115,49.983517],[20.04715,49.983287],[20.047166,49.982558],[20.047242,49.982324],[20.047347,49.982179],[20.047474,49.982094],[20.047649,49.98202],[20.048685,49.981696],[20.048851,49.981562],[20.04942,49.980752],[20.04967,49.980564],[20.049832,49.980495],[20.050061,49.980447],[20.050623,49.980477],[20.051064,49.980464]]}},{"type":"Feature","properties":{"mode":"bus","n":6,"arr":["224","244","A19","G3","J1","P2"],"lines":"224, 244, A19, G3, J1, P2"},"geometry":{"type":"LineString","coordinates":[[20.046443,49.98485],[20.045976,49.985744]]}},{"type":"Feature","properties":{"mode":"bus","n":6,"arr":["227","267","337","513","669","937"],"lines":"227, 267, 337, 513, 669, 937"},"geometry":{"type":"LineString","coordinates":[[19.928806,50.094791],[19.929804,50.093466],[19.930337,50.092636],[19.930445,50.092391],[19.930676,50.091616],[19.930927,50.091167]]}},{"type":"Feature","properties":{"mode":"bus","n":5,"arr":["229","249","259","A14","A64"],"lines":"229, 249, 259, A14, A64"},"geometry":{"type":"LineString","coordinates":[[19.676427,49.987132],[19.676586,49.987221],[19.676637,49.987308]]}},{"type":"Feature","properties":{"mode":"bus","n":5,"arr":["233","243","283","293","903"],"lines":"233, 243, 283, 293, 903"},"geometry":{"type":"LineString","coordinates":[[19.82983,49.96855],[19.83015,49.968458],[19.830268,49.968457],[19.830319,49.968464],[19.830358,49.968485],[19.830506,49.968606],[19.830544,49.968661],[19.83055,49.968679],[19.830542,49.968694],[19.830519,49.968705],[19.829394,49.969046]]}},{"type":"Feature","properties":{"mode":"bus","n":5,"arr":["233","243","283","293","903"],"lines":"233, 243, 283, 293, 903"},"geometry":{"type":"LineString","coordinates":[[19.828131,49.969218],[19.828471,49.969983],[19.828697,49.970313]]}},{"type":"Feature","properties":{"mode":"bus","n":6,"arr":["233","243","245","283","293","903"],"lines":"233, 243, 245, 283, 293, 903"},"geometry":{"type":"LineString","coordinates":[[19.829804,49.968558],[19.829386,49.968688],[19.829355,49.968717],[19.829349,49.968983],[19.829378,49.969024],[19.829383,49.969034],[19.829381,49.969043],[19.829374,49.96905],[19.829359,49.969055],[19.829046,49.96914],[19.828131,49.969218]]}},{"type":"Feature","properties":{"mode":"bus","n":7,"arr":["233","243","253","283","293","903","A53"],"lines":"233, 243, 253, 283, 293, 903, A53"},"geometry":{"type":"LineString","coordinates":[[19.828697,49.970313],[19.829028,49.970724],[19.829221,49.971031],[19.829394,49.971566],[19.829703,49.972356],[19.829854,49.973094],[19.829942,49.973293],[19.830039,49.973418],[19.830419,49.973742],[19.830555,49.973904],[19.830815,49.97433],[19.830914,49.974615]]}},{"type":"Feature","properties":{"mode":"bus","n":5,"arr":["234","A18","A58","B2","Z1"],"lines":"234, A18, A58, B2, Z1"},"geometry":{"type":"LineString","coordinates":[[20.105048,50.014631],[20.105333,50.014611],[20.106412,50.014639],[20.110005,50.014827]]}},{"type":"Feature","properties":{"mode":"bus","n":8,"arr":["235","245","255","275","285","A1","A40","A56"],"lines":"235, 245, 255, 275, 285, A1, A40, A56"},"geometry":{"type":"LineString","coordinates":[[19.914703,49.987353],[19.914279,49.986506],[19.913957,49.986028],[19.912424,49.983297],[19.91017,49.978905]]}},{"type":"Feature","properties":{"mode":"bus","n":8,"arr":["235","245","255","275","285","A1","A40","A56"],"lines":"235, 245, 255, 275, 285, A1, A40, A56"},"geometry":{"type":"LineString","coordinates":[[19.910007,49.978941],[19.911415,49.98161],[19.912617,49.983998],[19.913001,49.984588],[19.913896,49.986157],[19.914546,49.98741]]}},{"type":"Feature","properties":{"mode":"bus","n":5,"arr":["235","245","255","275","285"],"lines":"235, 245, 255, 275, 285"},"geometry":{"type":"LineString","coordinates":[[19.91286,49.983652],[19.912771,49.983594],[19.912664,49.983336],[19.91265,49.983316],[19.912627,49.983304],[19.912594,49.9833],[19.912424,49.983297]]}},{"type":"Feature","properties":{"mode":"bus","n":5,"arr":["238","248","258","288","948"],"lines":"238, 248, 258, 288, 948"},"geometry":{"type":"LineString","coordinates":[[19.837029,50.107716],[19.837265,50.107796],[19.837424,50.107941]]}},{"type":"Feature","properties":{"mode":"bus","n":6,"arr":["238","248","268","278","288","948"],"lines":"238, 248, 268, 278, 288, 948"},"geometry":{"type":"LineString","coordinates":[[19.861752,50.102458],[19.864494,50.101602],[19.864859,50.101458],[19.865354,50.101202],[19.866386,50.100434],[19.867011,50.099846],[19.867432,50.099338],[19.868352,50.098049],[19.868573,50.097833],[19.868779,50.097682],[19.86918,50.09746],[19.871469,50.096366],[19.872506,50.095801],[19.874238,50.094798],[19.874545,50.094644],[19.876973,50.09301],[19.877771,50.092535],[19.878917,50.091934],[19.88115,50.090942]]}},{"type":"Feature","properties":{"mode":"bus","n":7,"arr":["238","248","258","268","278","288","948"],"lines":"238, 248, 258, 268, 278, 288, 948"},"geometry":{"type":"LineString","coordinates":[[19.881234,50.091047],[19.87899,50.092037],[19.877916,50.092576],[19.877085,50.093061],[19.874651,50.094705],[19.873739,50.095247],[19.872245,50.096083],[19.869097,50.097647],[19.868911,50.09776],[19.868576,50.098021],[19.868394,50.098232],[19.867342,50.09968],[19.866923,50.100167],[19.866023,50.100908],[19.865561,50.101231],[19.864999,50.101517]]}},{"type":"Feature","properties":{"mode":"bus","n":7,"arr":["238","248","258","268","278","288","948"],"lines":"238, 248, 258, 268, 278, 288, 948"},"geometry":{"type":"LineString","coordinates":[[19.837511,50.108017],[19.837424,50.107941]]}},{"type":"Feature","properties":{"mode":"bus","n":5,"arr":["239","249","259","279","310"],"lines":"239, 249, 259, 279, 310"},"geometry":{"type":"LineString","coordinates":[[19.916856,50.052887],[19.916875,50.05282],[19.916846,50.052791]]}},{"type":"Feature","properties":{"mode":"bus","n":5,"arr":["244","274","304","A59","Z1"],"lines":"244, 274, 304, A59, Z1"},"geometry":{"type":"LineString","coordinates":[[20.06753,49.982519],[20.069173,49.981931],[20.069463,49.981756]]}},{"type":"Feature","properties":{"mode":"bus","n":13,"arr":["244","274","304","A2","A6","A8","A9","A16","A17","A59","L1","R2","Z1"],"lines":"244, 274, 304, A2, A6, A8, A9, A16, A17, A59, L1, R2, Z1"},"geometry":{"type":"LineString","coordinates":[[20.061124,49.984399],[20.062562,49.984494],[20.062977,49.984483],[20.065881,49.983857],[20.066279,49.983683],[20.066891,49.983308],[20.06731,49.982693],[20.067393,49.982605],[20.06753,49.982519]]}},{"type":"Feature","properties":{"mode":"bus","n":24,"arr":["244","274","284","304","A2","A6","A8","A9","A16","A17","A18","A19","A58","A59","B2","D2","G3","G4","J1","L1","P2","R2","W2","Z1"],"lines":"244, 274, 284, 304, A2, A6, A8, A9, A16, A17, A18, A19, A58, A59, B2, D2, G3, G4, J1, L1, P2, R2, W2, Z1"},"geometry":{"type":"LineString","coordinates":[[20.056207,49.98432],[20.056584,49.984241]]}},{"type":"Feature","properties":{"mode":"bus","n":5,"arr":["244","274","304","G3","P2"],"lines":"244, 274, 304, G3, P2"},"geometry":{"type":"LineString","coordinates":[[20.050845,49.986646],[20.051059,49.986545],[20.052077,49.986176],[20.052306,49.986072],[20.054153,49.984937],[20.054495,49.984819],[20.056207,49.98432]]}},{"type":"Feature","properties":{"mode":"bus","n":6,"arr":["245","255","275","285","A1","A56"],"lines":"245, 255, 275, 285, A1, A56"},"geometry":{"type":"LineString","coordinates":[[19.893105,49.938033],[19.891525,49.938772],[19.891218,49.938968],[19.890721,49.939356],[19.890537,49.939471],[19.890359,49.939501],[19.88972,49.939475],[19.889688,49.939478],[19.889663,49.939488],[19.889647,49.939507],[19.889115,49.940515],[19.888885,49.940753],[19.888667,49.940869],[19.88841,49.940941],[19.887534,49.941045],[19.887391,49.94108],[19.886792,49.941385],[19.886433,49.941673],[19.886071,49.942235],[19.885866,49.94263],[19.885693,49.943495],[19.885727,49.943757],[19.885787,49.943906],[19.886272,49.944843]]}},{"type":"Feature","properties":{"mode":"bus","n":7,"arr":["245","255","275","285","A1","A40","A56"],"lines":"245, 255, 275, 285, A1, A40, A56"},"geometry":{"type":"LineString","coordinates":[[19.889694,49.955263],[19.890008,49.954415],[19.890111,49.953935],[19.890124,49.953561],[19.890006,49.952091],[19.890018,49.951651],[19.890089,49.951127],[19.890953,49.947495],[19.89164,49.944166],[19.891773,49.94384],[19.892006,49.943456],[19.893854,49.94075],[19.89491,49.938927],[19.895114,49.93854],[19.895246,49.938198]]}},{"type":"Feature","properties":{"mode":"bus","n":7,"arr":["245","255","275","285","A1","A40","A56"],"lines":"245, 255, 275, 285, A1, A40, A56"},"geometry":{"type":"LineString","coordinates":[[19.889815,49.951715],[19.88982,49.952098],[19.889955,49.953578],[19.889947,49.95397],[19.889859,49.954353],[19.889369,49.955651]]}},{"type":"Feature","properties":{"mode":"bus","n":6,"arr":["245","275","285","A1","A40","A56"],"lines":"245, 275, 285, A1, A40, A56"},"geometry":{"type":"LineString","coordinates":[[19.91017,49.978905],[19.9088,49.976361],[19.908544,49.975817],[19.905179,49.969376],[19.904807,49.968799],[19.904435,49.968403],[19.90415,49.96817],[19.903825,49.967952],[19.903191,49.967627],[19.902349,49.967309],[19.899329,49.966278],[19.898666,49.965988],[19.898316,49.965766],[19.898108,49.965598],[19.897828,49.965307],[19.89714,49.96446],[19.896855,49.964195],[19.896427,49.96388],[19.896052,49.963658],[19.889799,49.960328],[19.889287,49.959992],[19.888972,49.959694],[19.888777,49.959427],[19.888623,49.959094],[19.888556,49.958761],[19.888565,49.95845],[19.888705,49.957942],[19.889694,49.955263]]}},{"type":"Feature","properties":{"mode":"bus","n":6,"arr":["245","275","285","A1","A40","A56"],"lines":"245, 275, 285, A1, A40, A56"},"geometry":{"type":"LineString","coordinates":[[19.888386,49.95855],[19.888433,49.959013],[19.888579,49.959377],[19.88885,49.959763],[19.889257,49.96013],[19.890002,49.960583],[19.895135,49.963308],[19.89623,49.963916],[19.896661,49.964223],[19.89697,49.964502],[19.897919,49.965617],[19.898143,49.965804],[19.898449,49.966008],[19.898931,49.96625],[19.89922,49.966361],[19.902991,49.967671],[19.903588,49.967959],[19.903963,49.9682],[19.904395,49.968556],[19.904722,49.96892],[19.904952,49.969277],[19.905567,49.970423]]}},{"type":"Feature","properties":{"mode":"bus","n":6,"arr":["245","275","285","A1","A40","A56"],"lines":"245, 275, 285, A1, A40, A56"},"geometry":{"type":"LineString","coordinates":[[19.889369,49.955651],[19.888512,49.957968]]}},{"type":"Feature","properties":{"mode":"bus","n":6,"arr":["245","275","285","A1","A40","A56"],"lines":"245, 275, 285, A1, A40, A56"},"geometry":{"type":"LineString","coordinates":[[19.908555,49.976158],[19.910007,49.978941]]}},{"type":"Feature","properties":{"mode":"bus","n":5,"arr":["249","259","A14","A44","A64"],"lines":"249, 259, A14, A44, A64"},"geometry":{"type":"LineString","coordinates":[[19.796581,50.023718],[19.797032,50.023879],[19.79724,50.024012],[19.797378,50.024195],[19.797497,50.02452],[19.797577,50.024801],[19.797606,50.025072],[19.797568,50.02554],[19.797406,50.026361],[19.797412,50.026454],[19.797484,50.026608],[19.797638,50.026786],[19.798065,50.027153],[19.798987,50.028101],[19.799256,50.028284],[19.800067,50.028724],[19.800381,50.028855],[19.801965,50.029355],[19.803199,50.02948],[19.803753,50.029523],[19.804162,50.029527],[19.804763,50.029495],[19.805848,50.029381],[19.806246,50.029383],[19.808412,50.029808],[19.808684,50.029945],[19.809187,50.030345],[19.809613,50.03064],[19.810237,50.030922],[19.814211,50.032511]]}},{"type":"Feature","properties":{"mode":"bus","n":5,"arr":["249","259","A14","A44","A64"],"lines":"249, 259, A14, A44, A64"},"geometry":{"type":"LineString","coordinates":[[19.818212,50.034187],[19.817714,50.033907]]}},{"type":"Feature","properties":{"mode":"bus","n":5,"arr":["257","277","280","307","917"],"lines":"257, 277, 280, 307, 917"},"geometry":{"type":"LineString","coordinates":[[19.967024,50.133074],[19.97062,50.141957]]}},{"type":"Feature","properties":{"mode":"bus","n":5,"arr":["267","337","937","A12","A13"],"lines":"267, 337, 937, A12, A13"},"geometry":{"type":"LineString","coordinates":[[19.892591,50.15073],[19.892542,50.150605],[19.892528,50.150413],[19.892541,50.150253],[19.892597,50.15011],[19.893591,50.148717],[19.893691,50.148537],[19.893707,50.148368],[19.893612,50.148041],[19.893612,50.147894],[19.893844,50.147193],[19.894022,50.146917],[19.895071,50.14606],[19.895243,50.145804],[19.895358,50.145562],[19.895546,50.144852],[19.895957,50.143615],[19.896324,50.142266],[19.896506,50.141758],[19.89675,50.141341],[19.897189,50.140761],[19.897471,50.140464],[19.900629,50.1381],[19.900888,50.137843],[19.901717,50.136851],[19.902009,50.136588],[19.902333,50.136398],[19.902669,50.136264],[19.903042,50.136165],[19.903867,50.136002],[19.904136,50.135916],[19.904301,50.135836],[19.904535,50.135657],[19.905149,50.134967],[19.905405,50.134735],[19.906458,50.133937],[19.906863,50.133674],[19.907163,50.133526],[19.910942,50.131929],[19.912658,50.131031],[19.913649,50.130603],[19.914347,50.130345],[19.916264,50.129813],[19.916654,50.129687]]}},{"type":"Feature","properties":{"mode":"bus","n":17,"arr":["284","A2","A6","A8","A9","A16","A17","A18","A19","A58","A59","G3","J1","L1","P2","R2","Z1"],"lines":"284, A2, A6, A8, A9, A16, A17, A18, A19, A58, A59, G3, J1, L1, P2, R2, Z1"},"geometry":{"type":"LineString","coordinates":[[20.057106,49.98426],[20.057035,49.98437],[20.057012,49.984576],[20.056938,49.984713],[20.057056,49.985194],[20.057056,49.985199],[20.057052,49.985204],[20.057045,49.985207],[20.05702,49.985214]]}},{"type":"Feature","properties":{"mode":"bus","n":21,"arr":["284","A2","A6","A8","A9","A16","A17","A18","A19","A58","A59","B2","D2","G3","G4","J1","L1","P2","R2","W2","Z1"],"lines":"284, A2, A6, A8, A9, A16, A17, A18, A19, A58, A59, B2, D2, G3, G4, J1, L1, P2, R2, W2, Z1"},"geometry":{"type":"LineString","coordinates":[[20.056207,49.98432],[20.056474,49.984795],[20.056589,49.98512]]}},{"type":"Feature","properties":{"mode":"bus","n":10,"arr":["284","A2","A6","A8","A9","A16","A17","A19","A58","A59"],"lines":"284, A2, A6, A8, A9, A16, A17, A19, A58, A59"},"geometry":{"type":"LineString","coordinates":[[20.056426,49.985383],[20.056609,49.985327]]}},{"type":"Feature","properties":{"mode":"bus","n":11,"arr":["284","A2","A6","A8","A9","A16","A17","A18","A19","A58","A59"],"lines":"284, A2, A6, A8, A9, A16, A17, A18, A19, A58, A59"},"geometry":{"type":"LineString","coordinates":[[20.05702,49.985214],[20.056609,49.985327]]}},{"type":"Feature","properties":{"mode":"bus","n":5,"arr":["301","304","503","513","904"],"lines":"301, 304, 503, 513, 904"},"geometry":{"type":"LineString","coordinates":[[19.951345,50.030167],[19.952621,50.029757],[19.953758,50.029482],[19.95521,50.029215],[19.956416,50.029047]]}},{"type":"Feature","properties":{"mode":"bus","n":5,"arr":["301","304","503","513","904"],"lines":"301, 304, 503, 513, 904"},"geometry":{"type":"LineString","coordinates":[[19.950617,50.030533],[19.951829,50.030093],[19.953238,50.029695],[19.954112,50.029503],[19.954931,50.029361],[19.956845,50.029101]]}},{"type":"Feature","properties":{"mode":"bus","n":7,"arr":["463","608","915","A1","A40","A49","A56"],"lines":"463, 608, 915, A1, A40, A49, A56"},"geometry":{"type":"LineString","coordinates":[[19.936899,50.029934],[19.93653,50.029196]]}},{"type":"Feature","properties":{"mode":"bus","n":7,"arr":["463","608","915","A1","A40","A49","A56"],"lines":"463, 608, 915, A1, A40, A49, A56"},"geometry":{"type":"LineString","coordinates":[[19.936637,50.029043],[19.936843,50.029451]]}},{"type":"Feature","properties":{"mode":"bus","n":6,"arr":["463","608","A1","A40","A49","A56"],"lines":"463, 608, A1, A40, A49, A56"},"geometry":{"type":"LineString","coordinates":[[19.936843,50.029451],[19.937268,50.030407],[19.938183,50.03217],[19.939183,50.034043],[19.939957,50.035364],[19.940147,50.035583],[19.940949,50.036229],[19.941027,50.036411]]}},{"type":"Feature","properties":{"mode":"bus","n":6,"arr":["463","608","A1","A40","A49","A56"],"lines":"463, 608, A1, A40, A49, A56"},"geometry":{"type":"LineString","coordinates":[[19.94032,50.036347],[19.93914,50.034185],[19.936899,50.029934]]}},{"type":"Feature","properties":{"mode":"bus","n":7,"arr":["511","A1","A14","A40","A44","A56","A64"],"lines":"511, A1, A14, A40, A44, A56, A64"},"geometry":{"type":"LineString","coordinates":[[19.944973,50.070525],[19.945127,50.070528]]}},{"type":"Feature","properties":{"mode":"bus","n":7,"arr":["608","A1","A14","A40","A44","A56","A64"],"lines":"608, A1, A14, A40, A44, A56, A64"},"geometry":{"type":"LineString","coordinates":[[19.935849,50.072368],[19.935785,50.073521]]}},{"type":"Feature","properties":{"mode":"bus","n":6,"arr":["608","915","A1","A40","A49","A56"],"lines":"608, 915, A1, A40, A49, A56"},"geometry":{"type":"LineString","coordinates":[[19.93653,50.029196],[19.933123,50.022771],[19.932872,50.022347],[19.932299,50.021223]]}},{"type":"Feature","properties":{"mode":"bus","n":6,"arr":["608","915","A1","A40","A49","A56"],"lines":"608, 915, A1, A40, A49, A56"},"geometry":{"type":"LineString","coordinates":[[19.932348,50.020859],[19.932754,50.021774],[19.933742,50.023767],[19.935387,50.026893],[19.935959,50.027914],[19.936296,50.028395],[19.936637,50.029043]]}},{"type":"Feature","properties":{"mode":"bus","n":8,"arr":["608","609","610","662","669","704","902","904"],"lines":"608, 609, 610, 662, 669, 704, 902, 904"},"geometry":{"type":"LineString","coordinates":[[19.945032,50.065582],[19.944946,50.064625]]}},{"type":"Feature","properties":{"mode":"bus","n":7,"arr":["608","609","610","669","704","902","904"],"lines":"608, 609, 610, 669, 704, 902, 904"},"geometry":{"type":"LineString","coordinates":[[19.945129,50.067319],[19.94508,50.067189],[19.945098,50.066961],[19.945056,50.066347],[19.945101,50.066214],[19.945094,50.06608],[19.945055,50.066002],[19.945032,50.065582]]}},{"type":"Feature","properties":{"mode":"bus","n":5,"arr":["609","610","662","669","904"],"lines":"609, 610, 662, 669, 904"},"geometry":{"type":"LineString","coordinates":[[19.94493,50.064572],[19.945068,50.063342],[19.944947,50.062658],[19.944844,50.062403],[19.944113,50.061167],[19.943908,50.06091],[19.943562,50.060617],[19.942168,50.059612],[19.94215,50.059593],[19.942146,50.059573],[19.942155,50.059552],[19.942306,50.059343],[19.942672,50.05897],[19.945227,50.056593]]}},{"type":"Feature","properties":{"mode":"bus","n":5,"arr":["915","A1","A40","A49","A56"],"lines":"915, A1, A40, A49, A56"},"geometry":{"type":"LineString","coordinates":[[19.93108,50.018443],[19.932348,50.020859]]}},{"type":"Feature","properties":{"mode":"bus","n":5,"arr":["915","A1","A40","A49","A56"],"lines":"915, A1, A40, A49, A56"},"geometry":{"type":"LineString","coordinates":[[19.932299,50.021223],[19.93192,50.020444],[19.931685,50.019856],[19.930871,50.018399],[19.929577,50.01591]]}},{"type":"Feature","properties":{"mode":"bus","n":5,"arr":["A1","A2","A11","A16","A41"],"lines":"A1, A2, A11, A16, A41"},"geometry":{"type":"LineString","coordinates":[[19.948882,49.834369],[19.948567,49.834291],[19.94854,49.83428],[19.948529,49.834264],[19.948535,49.834244],[19.948741,49.83389]]}},{"type":"Feature","properties":{"mode":"bus","n":5,"arr":["A1","A2","A11","A16","A41"],"lines":"A1, A2, A11, A16, A41"},"geometry":{"type":"LineString","coordinates":[[19.942805,49.833174],[19.943171,49.833237],[19.943607,49.833233],[19.94395,49.83317],[19.944333,49.83304],[19.944568,49.832986],[19.944794,49.832956],[19.945022,49.832954],[19.948406,49.833547],[19.948556,49.833585],[19.948673,49.833696],[19.948715,49.833748],[19.948734,49.833854],[19.948737,49.833864],[19.94874,49.83387],[19.948745,49.833873],[19.94875,49.833871],[19.948755,49.833866],[19.948762,49.833857],[19.949015,49.833455],[19.949021,49.83344],[19.949018,49.833428],[19.949005,49.833418],[19.948983,49.833411],[19.947615,49.83313],[19.94536,49.832723],[19.944959,49.83267],[19.944661,49.832658],[19.944159,49.832698],[19.943165,49.832912],[19.94285,49.832937]]}},{"type":"Feature","properties":{"mode":"bus","n":6,"arr":["A1","A14","A40","A44","A56","A64"],"lines":"A1, A14, A40, A44, A56, A64"},"geometry":{"type":"LineString","coordinates":[[19.943446,50.07048],[19.939941,50.071263],[19.939058,50.071442],[19.936281,50.071405],[19.936089,50.071309],[19.934639,50.070854]]}},{"type":"Feature","properties":{"mode":"bus","n":6,"arr":["A1","A14","A40","A44","A56","A64"],"lines":"A1, A14, A40, A44, A56, A64"},"geometry":{"type":"LineString","coordinates":[[19.944973,50.070525],[19.944624,50.070465],[19.943889,50.070453],[19.943501,50.070477],[19.943486,50.070477],[19.943476,50.070476],[19.943471,50.070474],[19.943473,50.070471],[19.943479,50.070466],[19.943492,50.07046],[19.943598,50.070413],[19.943767,50.070383],[19.944827,50.070402]]}},{"type":"Feature","properties":{"mode":"bus","n":6,"arr":["A1","A14","A40","A44","A56","A64"],"lines":"A1, A14, A40, A44, A56, A64"},"geometry":{"type":"LineString","coordinates":[[19.949192,50.068458],[19.949712,50.068448],[19.949746,50.068451],[19.949774,50.068461],[19.949796,50.068478],[19.949858,50.068546]]}},{"type":"Feature","properties":{"mode":"bus","n":6,"arr":["A1","A14","A40","A44","A56","A64"],"lines":"A1, A14, A40, A44, A56, A64"},"geometry":{"type":"LineString","coordinates":[[19.949098,50.068508],[19.94917,50.068468]]}},{"type":"Feature","properties":{"mode":"bus","n":6,"arr":["A1","A14","A40","A44","A56","A64"],"lines":"A1, A14, A40, A44, A56, A64"},"geometry":{"type":"LineString","coordinates":[[19.949477,50.068786],[19.949463,50.06874],[19.949455,50.068726],[19.949439,50.068717],[19.949417,50.068714],[19.949137,50.068704],[19.949064,50.068678]]}},{"type":"Feature","properties":{"mode":"bus","n":6,"arr":["A1","A14","A40","A44","A56","A64"],"lines":"A1, A14, A40, A44, A56, A64"},"geometry":{"type":"LineString","coordinates":[[19.939174,50.071422],[19.939321,50.07223],[19.93932,50.072246],[19.939312,50.072258],[19.939295,50.072265],[19.939272,50.072268],[19.936175,50.072379],[19.936069,50.072361],[19.935849,50.072368]]}},{"type":"Feature","properties":{"mode":"bus","n":9,"arr":["A2","A6","A8","A9","A16","A17","L1","R2","Z1"],"lines":"A2, A6, A8, A9, A16, A17, L1, R2, Z1"},"geometry":{"type":"LineString","coordinates":[[20.068422,49.981393],[20.067599,49.981446],[20.067568,49.981452],[20.067549,49.981466],[20.067542,49.981486],[20.067491,49.982376],[20.06753,49.982519]]}},{"type":"Feature","properties":{"mode":"bus","n":8,"arr":["A2","A6","A8","A9","A16","A17","L1","Z1"],"lines":"A2, A6, A8, A9, A16, A17, L1, Z1"},"geometry":{"type":"LineString","coordinates":[[20.068422,49.981393],[20.068726,49.981377]]}},{"type":"Feature","properties":{"mode":"bus","n":7,"arr":["A2","A6","A8","A9","A16","A17","R2"],"lines":"A2, A6, A8, A9, A16, A17, R2"},"geometry":{"type":"LineString","coordinates":[[20.068236,49.979213],[20.068244,49.979433],[20.068118,49.980882],[20.06812,49.980898],[20.06813,49.980909],[20.068146,49.980916],[20.068171,49.980919],[20.068411,49.980925],[20.068436,49.980928],[20.068452,49.980935],[20.068462,49.980946],[20.068464,49.980962],[20.068422,49.981393]]}},{"type":"Feature","properties":{"mode":"bus","n":8,"arr":["A2","A6","A8","A9","A16","A17","D2","R2"],"lines":"A2, A6, A8, A9, A16, A17, D2, R2"},"geometry":{"type":"LineString","coordinates":[[20.06064,49.971565],[20.061026,49.971784],[20.061346,49.972043],[20.064139,49.975048],[20.06444,49.975229],[20.064786,49.975341],[20.064814,49.975354],[20.064831,49.975371],[20.064837,49.975393],[20.06484,49.975505],[20.064932,49.975572],[20.06599,49.9761],[20.06732,49.977251],[20.06768,49.977426],[20.067869,49.977568],[20.067958,49.977667],[20.068277,49.978254],[20.068351,49.978467],[20.068372,49.978951],[20.068319,49.979108],[20.068236,49.979213]]}},{"type":"Feature","properties":{"mode":"bus","n":6,"arr":["A2","A8","A9","A16","D2","R2"],"lines":"A2, A8, A9, A16, D2, R2"},"geometry":{"type":"LineString","coordinates":[[20.060096,49.971248],[20.06064,49.971565]]}},{"type":"Feature","properties":{"mode":"bus","n":20,"arr":["A2","A6","A8","A9","A16","A17","A18","A19","A58","A59","B2","D2","G3","G4","J1","L1","P2","R2","W2","Z1"],"lines":"A2, A6, A8, A9, A16, A17, A18, A19, A58, A59, B2, D2, G3, G4, J1, L1, P2, R2, W2, Z1"},"geometry":{"type":"LineString","coordinates":[[20.056589,49.98512],[20.056695,49.985304]]}},{"type":"Feature","properties":{"mode":"bus","n":5,"arr":["A3","A4","A20","A26","A65"],"lines":"A3, A4, A20, A26, A65"},"geometry":{"type":"LineString","coordinates":[[20.427487,49.976255],[20.427246,49.974724],[20.42728,49.974581],[20.427501,49.974285],[20.427567,49.974103],[20.427642,49.97281],[20.427524,49.972176],[20.427555,49.97186],[20.427776,49.971054],[20.428568,49.969977],[20.428647,49.969914],[20.42882,49.969853],[20.428946,49.969836],[20.429126,49.969846],[20.431641,49.970611],[20.432722,49.970798],[20.432747,49.9708],[20.432766,49.970796],[20.43278,49.970787],[20.432789,49.970772],[20.432882,49.970518],[20.432884,49.970497],[20.432872,49.97048],[20.432845,49.970467],[20.432647,49.970402],[20.432634,49.970396],[20.432629,49.970387],[20.432632,49.970376],[20.432651,49.970344],[20.432567,49.970025]]}},{"type":"Feature","properties":{"mode":"bus","n":5,"arr":["A3","A4","A20","A26","A65"],"lines":"A3, A4, A20, A26, A65"},"geometry":{"type":"LineString","coordinates":[[20.431617,49.97689],[20.431039,49.976877]]}},{"type":"Feature","properties":{"mode":"bus","n":5,"arr":["A4","A7","A50","A57","A65"],"lines":"A4, A7, A50, A57, A65"},"geometry":{"type":"LineString","coordinates":[[20.376719,50.132068],[20.376579,50.132254],[20.376566,50.132267],[20.376549,50.132274],[20.376529,50.132274],[20.376506,50.132269],[20.375357,50.131871],[20.374998,50.131713],[20.374599,50.131493]]}},{"type":"Feature","properties":{"mode":"bus","n":6,"arr":["A15","A32","A33","A45","A61","A71"],"lines":"A15, A32, A33, A45, A61, A71"},"geometry":{"type":"LineString","coordinates":[[20.085417,49.433913],[20.085719,49.433616],[20.085984,49.433263],[20.086174,49.432892],[20.086257,49.432647],[20.0874,49.426622],[20.08755,49.426166],[20.087804,49.425774],[20.088939,49.424525],[20.092453,49.420348]]}},{"type":"Feature","properties":{"mode":"bus","n":5,"arr":["A15","A32","A45","A61","A71"],"lines":"A15, A32, A45, A61, A71"},"geometry":{"type":"LineString","coordinates":[[20.067158,49.45956],[20.068699,49.458271],[20.069407,49.457659],[20.069643,49.457419],[20.070024,49.456884],[20.070695,49.455347],[20.070886,49.455016],[20.071023,49.454846],[20.076193,49.449577],[20.076568,49.449153],[20.077626,49.447777],[20.078544,49.446877],[20.0788,49.44657],[20.079062,49.446135],[20.079222,49.44568],[20.079637,49.443004],[20.079816,49.442389],[20.080105,49.441779],[20.082267,49.438084],[20.082445,49.437601],[20.082752,49.43619],[20.08291,49.435806],[20.083151,49.435471],[20.083522,49.435126],[20.083781,49.43495],[20.084976,49.434243],[20.085417,49.433913]]}},{"type":"Feature","properties":{"mode":"bus","n":5,"arr":["A15","A32","A45","A61","A71"],"lines":"A15, A32, A45, A61, A71"},"geometry":{"type":"LineString","coordinates":[[20.061997,49.464032],[20.063305,49.462118],[20.063718,49.461679],[20.064088,49.461401],[20.064338,49.461249],[20.065956,49.460327]]}},{"type":"Feature","properties":{"mode":"bus","n":5,"arr":["A15","A32","A45","A61","A71"],"lines":"A15, A32, A45, A61, A71"},"geometry":{"type":"LineString","coordinates":[[20.051089,49.476267],[20.052362,49.475645],[20.052866,49.475368],[20.053923,49.474689],[20.054282,49.47437],[20.054597,49.473935],[20.05513,49.472681],[20.056586,49.470355],[20.056925,49.469969],[20.059443,49.467322],[20.059663,49.467008],[20.060308,49.46593],[20.060562,49.465645],[20.061377,49.464897],[20.06156,49.464666]]}},{"type":"Feature","properties":{"mode":"bus","n":5,"arr":["A18","B2","D2","G4","W2"],"lines":"A18, B2, D2, G4, W2"},"geometry":{"type":"LineString","coordinates":[[20.058699,49.984749],[20.05859,49.984828],[20.058543,49.984935],[20.058545,49.985489],[20.058661,49.986327],[20.058654,49.98636],[20.058623,49.986386],[20.05722,49.98713],[20.054327,49.988433],[20.054261,49.988473],[20.054258,49.98853]]}},{"type":"Feature","properties":{"mode":"bus","n":5,"arr":["A21","A32","A45","A61","A71"],"lines":"A21, A32, A45, A61, A71"},"geometry":{"type":"LineString","coordinates":[[20.024256,49.477599],[20.024275,49.477296]]}},{"type":"Feature","properties":{"mode":"bus","n":21,"arr":["A22","A23","A24","A26","A27","A28","A29","A30","A31","A34","A35","A36","A38","A39","A46","A51","A52","A54","A55","A62","A63"],"lines":"A22, A23, A24, A26, A27, A28, A29, A30, A31, A34, A35, A36, A38, A39, A46, A51, A52, A54, A55, A62, A63"},"geometry":{"type":"LineString","coordinates":[[20.976288,50.008303],[20.975414,50.007935]]}},{"type":"Feature","properties":{"mode":"bus","n":13,"arr":["A22","A24","A27","A29","A30","A31","A34","A35","A36","A38","A39","A55","A62"],"lines":"A22, A24, A27, A29, A30, A31, A34, A35, A36, A38, A39, A55, A62"},"geometry":{"type":"LineString","coordinates":[[20.977315,50.008912],[20.977166,50.009087],[20.977122,50.009193],[20.976794,50.009567],[20.97651,50.010626]]}},{"type":"Feature","properties":{"mode":"bus","n":13,"arr":["A22","A24","A27","A29","A30","A31","A34","A35","A36","A38","A39","A55","A62"],"lines":"A22, A24, A27, A29, A30, A31, A34, A35, A36, A38, A39, A55, A62"},"geometry":{"type":"LineString","coordinates":[[20.975691,50.008155],[20.97621,50.008389]]}},{"type":"Feature","properties":{"mode":"bus","n":13,"arr":["A24","A26","A29","A30","A34","A35","A36","A38","A39","A51","A52","A54","A62"],"lines":"A24, A26, A29, A30, A34, A35, A36, A38, A39, A51, A52, A54, A62"},"geometry":{"type":"LineString","coordinates":[[20.97651,50.010626],[20.976428,50.011153],[20.976418,50.011173],[20.976398,50.011185],[20.976366,50.01119],[20.975936,50.011193],[20.975904,50.01119],[20.975884,50.011178],[20.975874,50.011158],[20.975586,50.0094],[20.975539,50.008947],[20.975561,50.008896],[20.97621,50.008389]]}},{"type":"Feature","properties":{"mode":"bus","n":8,"arr":["A22","A24","A27","A29","A30","A31","A35","A55"],"lines":"A22, A24, A27, A29, A30, A31, A35, A55"},"geometry":{"type":"LineString","coordinates":[[20.966846,50.004218],[20.96689,50.004269],[20.967417,50.004519],[20.9737,50.007267]]}},{"type":"Feature","properties":{"mode":"bus","n":8,"arr":["A22","A24","A27","A29","A30","A31","A35","A55"],"lines":"A22, A24, A27, A29, A30, A31, A35, A55"},"geometry":{"type":"LineString","coordinates":[[20.947164,49.996265],[20.947971,49.996598],[20.948804,49.996904],[20.951381,49.99752],[20.951748,49.997581]]}},{"type":"Feature","properties":{"mode":"bus","n":8,"arr":["A22","A24","A27","A29","A30","A31","A35","A55"],"lines":"A22, A24, A27, A29, A30, A31, A35, A55"},"geometry":{"type":"LineString","coordinates":[[20.955252,49.999083],[20.952272,49.997771],[20.951748,49.997581],[20.95146,49.997446],[20.948838,49.996813],[20.947407,49.996242]]}},{"type":"Feature","properties":{"mode":"bus","n":8,"arr":["A22","A24","A27","A29","A30","A31","A35","A55"],"lines":"A22, A24, A27, A29, A30, A31, A35, A55"},"geometry":{"type":"LineString","coordinates":[[20.971777,50.006317],[20.970569,50.00582],[20.967493,50.004444],[20.966983,50.004232],[20.966846,50.004218],[20.961594,50.001896]]}},{"type":"Feature","properties":{"mode":"bus","n":8,"arr":["A22","A24","A27","A29","A30","A31","A35","A55"],"lines":"A22, A24, A27, A29, A30, A31, A35, A55"},"geometry":{"type":"LineString","coordinates":[[20.955611,49.999245],[20.957258,49.999974],[20.957451,50.000022],[20.958704,50.000592],[20.960101,50.001191],[20.960252,50.001279],[20.961472,50.001791],[20.961561,50.001867],[20.961571,50.001877],[20.961574,50.001883],[20.96157,50.001886],[20.96156,50.001886],[20.961543,50.001882],[20.961259,50.001805],[20.959694,50.001137],[20.957743,50.000271],[20.957384,50.00008],[20.957258,49.999974]]}},{"type":"Feature","properties":{"mode":"bus","n":8,"arr":["A22","A24","A27","A29","A30","A31","A35","A55"],"lines":"A22, A24, A27, A29, A30, A31, A35, A55"},"geometry":{"type":"LineString","coordinates":[[20.955611,49.999245],[20.955428,49.999124],[20.955304,49.999095],[20.955287,49.999092],[20.955276,49.999092],[20.955273,49.999095],[20.955276,49.999102],[20.955286,49.999111],[20.955371,49.999182],[20.955611,49.999245]]}},{"type":"Feature","properties":{"mode":"bus","n":6,"arr":["A24","A27","A29","A30","A31","A35"],"lines":"A24, A27, A29, A30, A31, A35"},"geometry":{"type":"LineString","coordinates":[[20.971838,50.006342],[20.971777,50.006317]]}},{"type":"Feature","properties":{"mode":"bus","n":9,"arr":["A23","A28","A34","A36","A38","A39","A46","A62","A63"],"lines":"A23, A28, A34, A36, A38, A39, A46, A62, A63"},"geometry":{"type":"LineString","coordinates":[[20.973781,50.0072],[20.9737,50.007267]]}},{"type":"Feature","properties":{"mode":"bus","n":6,"arr":["A24","A26","A27","A51","A52","A54"],"lines":"A24, A26, A27, A51, A52, A54"},"geometry":{"type":"LineString","coordinates":[[20.92322,50.014661],[20.924653,50.014954]]}},{"type":"Feature","properties":{"mode":"bus","n":15,"arr":["A24","A26","A27","A29","A30","A31","A34","A35","A36","A38","A39","A51","A52","A54","A62"],"lines":"A24, A26, A27, A29, A30, A31, A34, A35, A36, A38, A39, A51, A52, A54, A62"},"geometry":{"type":"LineString","coordinates":[[20.97621,50.008389],[20.976288,50.008303]]}},{"type":"Feature","properties":{"mode":"bus","n":9,"arr":["A24","A29","A30","A34","A35","A36","A38","A39","A62"],"lines":"A24, A29, A30, A34, A35, A36, A38, A39, A62"},"geometry":{"type":"LineString","coordinates":[[20.976422,50.011189],[20.976329,50.011771],[20.976192,50.013062],[20.97612,50.014931],[20.976126,50.014951],[20.976144,50.014964],[20.976174,50.01497],[20.977505,50.015046],[20.978301,50.015164],[20.978848,50.015299],[20.980126,50.015667],[20.980602,50.015708],[20.984526,50.015523],[20.985216,50.015508],[20.985705,50.015521],[20.986201,50.015589],[20.98643,50.01559],[20.989557,50.015392]]}},{"type":"Feature","properties":{"mode":"bus","n":6,"arr":["A24","A29","A30","A36","A38","A39"],"lines":"A24, A29, A30, A36, A38, A39"},"geometry":{"type":"LineString","coordinates":[[20.989557,50.015392],[20.990225,50.018122],[20.990245,50.018153],[20.990285,50.018172],[20.990974,50.018354],[20.991513,50.018443],[20.992061,50.018466],[20.993105,50.018411]]}},{"type":"Feature","properties":{"mode":"bus","n":6,"arr":["A34","A35","A36","A38","A39","A62"],"lines":"A34, A35, A36, A38, A39, A62"},"geometry":{"type":"LineString","coordinates":[[20.989557,50.015392],[20.991778,50.015205],[20.99363,50.015133],[20.994074,50.015094],[20.994828,50.015093]]}},{"type":"Feature","properties":{"mode":"tram","n":5,"arr":["1","5","9","14","52"],"lines":"1, 5, 9, 14, 52"},"geometry":{"type":"LineString","coordinates":[[20.018375,50.074552],[20.02602,50.078672],[20.026339,50.078897],[20.026727,50.079292],[20.026951,50.07943]]}},{"type":"Feature","properties":{"mode":"tram","n":5,"arr":["1","5","9","14","52"],"lines":"1, 5, 9, 14, 52"},"geometry":{"type":"LineString","coordinates":[[20.026983,50.079404],[20.026776,50.079277],[20.026378,50.078876],[20.026109,50.078678],[20.01848,50.074564],[20.018269,50.074415],[20.017795,50.07397]]}},{"type":"Feature","properties":{"mode":"tram","n":9,"arr":["1","9","14","17","20","22","49","50","62"],"lines":"1, 9, 14, 17, 20, 22, 49, 50, 62"},"geometry":{"type":"LineString","coordinates":[[19.959574,50.064498],[19.960215,50.062355],[19.960262,50.062117],[19.960273,50.061792],[19.960203,50.061389],[19.959444,50.059205],[19.959142,50.058126]]}},{"type":"Feature","properties":{"mode":"tram","n":9,"arr":["1","9","14","17","20","22","49","50","62"],"lines":"1, 9, 14, 17, 20, 22, 49, 50, 62"},"geometry":{"type":"LineString","coordinates":[[19.959089,50.058136],[19.959387,50.059201],[19.960159,50.061436],[19.960221,50.0619],[19.960161,50.062346],[19.959565,50.064362],[19.959481,50.064567],[19.959083,50.065254]]}},{"type":"Feature","properties":{"mode":"tram","n":7,"arr":["1","9","14","20","22","49","62"],"lines":"1, 9, 14, 20, 22, 49, 62"},"geometry":{"type":"LineString","coordinates":[[19.959133,50.065336],[19.959527,50.064657],[19.959574,50.064498]]}},{"type":"Feature","properties":{"mode":"tram","n":5,"arr":["1","14","20","22","62"],"lines":"1, 14, 20, 22, 62"},"geometry":{"type":"LineString","coordinates":[[19.958659,50.065533],[19.958788,50.065527],[19.95894,50.065486],[19.959067,50.065415],[19.959133,50.065336]]}},{"type":"Feature","properties":{"mode":"tram","n":5,"arr":["1","14","20","22","62"],"lines":"1, 14, 20, 22, 62"},"geometry":{"type":"LineString","coordinates":[[19.959083,50.065254],[19.958921,50.065398],[19.958775,50.06545],[19.958594,50.065473]]}},{"type":"Feature","properties":{"mode":"tram","n":9,"arr":["1","10","14","20","22","52","62","74","75"],"lines":"1, 10, 14, 20, 22, 52, 62, 74, 75"},"geometry":{"type":"LineString","coordinates":[[19.951343,50.065104],[19.956878,50.065586],[19.95734,50.06558],[19.95807,50.06551],[19.958659,50.065533]]}},{"type":"Feature","properties":{"mode":"tram","n":9,"arr":["1","10","14","20","22","52","62","74","75"],"lines":"1, 10, 14, 20, 22, 52, 62, 74, 75"},"geometry":{"type":"LineString","coordinates":[[19.958594,50.065473],[19.95811,50.065467],[19.957429,50.065539],[19.956933,50.065552],[19.951362,50.065071]]}},{"type":"Feature","properties":{"mode":"tram","n":10,"arr":["1","10","14","20","22","52","62","74","75","76"],"lines":"1, 10, 14, 20, 22, 52, 62, 74, 75, 76"},"geometry":{"type":"LineString","coordinates":[[19.945374,50.064596],[19.951343,50.065104]]}},{"type":"Feature","properties":{"mode":"tram","n":10,"arr":["1","10","14","20","22","52","62","74","75","76"],"lines":"1, 10, 14, 20, 22, 52, 62, 74, 75, 76"},"geometry":{"type":"LineString","coordinates":[[19.951362,50.065071],[19.945386,50.064568]]}},{"type":"Feature","properties":{"mode":"tram","n":8,"arr":["1","10","14","22","52","62","74","76"],"lines":"1, 10, 14, 22, 52, 62, 74, 76"},"geometry":{"type":"LineString","coordinates":[[19.944936,50.064318],[19.944959,50.06443],[19.945055,50.064526],[19.945189,50.064575],[19.945374,50.064596]]}},{"type":"Feature","properties":{"mode":"tram","n":8,"arr":["1","10","14","22","52","62","74","76"],"lines":"1, 10, 14, 22, 52, 62, 74, 76"},"geometry":{"type":"LineString","coordinates":[[19.945386,50.064568],[19.945196,50.064541],[19.945069,50.06448],[19.944996,50.064383],[19.944987,50.064275]]}},{"type":"Feature","properties":{"mode":"tram","n":11,"arr":["1","3","10","14","18","22","52","62","69","74","76"],"lines":"1, 3, 10, 14, 18, 22, 52, 62, 69, 74, 76"},"geometry":{"type":"LineString","coordinates":[[19.942288,50.059718],[19.943632,50.060686],[19.943894,50.060919],[19.944129,50.061214],[19.944824,50.062404],[19.944926,50.062654],[19.945048,50.063343],[19.944936,50.064318]]}},{"type":"Feature","properties":{"mode":"tram","n":11,"arr":["1","3","10","14","18","22","52","62","69","74","76"],"lines":"1, 3, 10, 14, 18, 22, 52, 62, 69, 74, 76"},"geometry":{"type":"LineString","coordinates":[[19.944987,50.064275],[19.945089,50.063341],[19.944968,50.062663],[19.944794,50.062283],[19.944175,50.061224],[19.943923,50.060896],[19.943654,50.060664],[19.942318,50.059702]]}},{"type":"Feature","properties":{"mode":"tram","n":5,"arr":["1","10","14","18","76"],"lines":"1, 10, 14, 18, 76"},"geometry":{"type":"LineString","coordinates":[[19.94143,50.059099],[19.942288,50.059718]]}},{"type":"Feature","properties":{"mode":"tram","n":5,"arr":["1","10","14","18","76"],"lines":"1, 10, 14, 18, 76"},"geometry":{"type":"LineString","coordinates":[[19.942318,50.059702],[19.941432,50.059063]]}},{"type":"Feature","properties":{"mode":"tram","n":5,"arr":["3","9","13","49","69"],"lines":"3, 9, 13, 49, 69"},"geometry":{"type":"LineString","coordinates":[[19.979863,50.024237],[19.980683,50.023755],[19.981426,50.02326],[19.986285,50.020409],[19.986985,50.020045],[19.988589,50.019092],[19.98926,50.018659],[19.992828,50.016546],[19.993607,50.016195],[19.997602,50.014788],[19.998071,50.014644],[19.999455,50.014369],[19.999656,50.014364],[19.999807,50.014393],[20.000163,50.014567],[20.003293,50.016318],[20.003699,50.016518],[20.004028,50.016642],[20.004438,50.016747],[20.004889,50.016821],[20.005252,50.016846],[20.005944,50.016818],[20.009683,50.016221],[20.01036,50.016148],[20.010917,50.01612],[20.011743,50.016134],[20.012218,50.016173],[20.012748,50.016238],[20.0153,50.016641],[20.015722,50.016676],[20.016139,50.016668],[20.016651,50.016603],[20.02221,50.015532],[20.022922,50.015554],[20.02377,50.015828],[20.024001,50.01584],[20.02413,50.015797],[20.024226,50.015719],[20.024258,50.015635],[20.024225,50.015529],[20.02407,50.015424],[20.023657,50.015304],[20.023372,50.015282],[20.023199,50.015297],[20.016636,50.016567],[20.016138,50.016633],[20.015784,50.016642],[20.015314,50.016611],[20.012456,50.016162],[20.011754,50.016099],[20.010925,50.016086],[20.010355,50.016112],[20.009799,50.016169],[20.006165,50.016753],[20.005681,50.016804],[20.005256,50.016809],[20.004933,50.016789],[20.0045,50.01672],[20.004067,50.016612],[20.003747,50.016495],[20.003396,50.016323],[19.999995,50.014429],[19.999831,50.014359],[19.999612,50.014322],[19.999452,50.014334],[19.998112,50.014599],[19.997729,50.014706],[19.993574,50.016169],[19.992939,50.016441],[19.989234,50.018625],[19.988616,50.019022],[19.986947,50.020017],[19.98625,50.020386],[19.98168,50.02306],[19.980661,50.023718],[19.979799,50.024226]]}},{"type":"Feature","properties":{"mode":"tram","n":8,"arr":["3","9","11","13","49","50","69","74"],"lines":"3, 9, 11, 13, 49, 50, 69, 74"},"geometry":{"type":"LineString","coordinates":[[19.972998,50.030752],[19.979245,50.02466],[19.979517,50.024443],[19.979863,50.024237]]}},{"type":"Feature","properties":{"mode":"tram","n":8,"arr":["3","9","11","13","49","50","69","74"],"lines":"3, 9, 11, 13, 49, 50, 69, 74"},"geometry":{"type":"LineString","coordinates":[[19.979799,50.024226],[19.979459,50.024431],[19.979245,50.024597],[19.972946,50.030739]]}},{"type":"Feature","properties":{"mode":"tram","n":6,"arr":["3","13","17","69","74","76"],"lines":"3, 13, 17, 69, 74, 76"},"geometry":{"type":"LineString","coordinates":[[19.955751,50.045057],[19.959249,50.043612],[19.959835,50.043326],[19.961688,50.041587],[19.963292,50.040016],[19.964194,50.039386],[19.967859,50.03574],[19.969527,50.034132],[19.969906,50.033853],[19.970098,50.033679],[19.970572,50.033214],[19.970762,50.032977],[19.972093,50.031659]]}},{"type":"Feature","properties":{"mode":"tram","n":6,"arr":["3","13","17","69","74","76"],"lines":"3, 13, 17, 69, 74, 76"},"geometry":{"type":"LineString","coordinates":[[19.972064,50.031626],[19.970701,50.032974],[19.970456,50.033264],[19.969915,50.033791],[19.969583,50.034021],[19.969452,50.034141],[19.964104,50.039412],[19.963284,50.039967],[19.961633,50.041582],[19.959803,50.043308],[19.959656,50.043397],[19.959226,50.043589],[19.955716,50.04504]]}},{"type":"Feature","properties":{"mode":"tram","n":6,"arr":["3","22","52","62","69","74"],"lines":"3, 22, 52, 62, 69, 74"},"geometry":{"type":"LineString","coordinates":[[19.942318,50.059702],[19.942247,50.059599],[19.942272,50.059493],[19.942807,50.058934],[19.94469,50.057179],[19.945172,50.056856],[19.945334,50.056683]]}},{"type":"Feature","properties":{"mode":"tram","n":6,"arr":["3","22","52","62","69","74"],"lines":"3, 22, 52, 62, 69, 74"},"geometry":{"type":"LineString","coordinates":[[19.945225,50.056736],[19.945052,50.056891],[19.944692,50.05713],[19.942785,50.058906],[19.942217,50.059505],[19.942202,50.059618],[19.942288,50.059718]]}},{"type":"Feature","properties":{"mode":"tram","n":5,"arr":["3","5","17","50","69"],"lines":"3, 5, 17, 50, 69"},"geometry":{"type":"LineString","coordinates":[[19.941639,50.075651],[19.942546,50.075412],[19.943266,50.075181],[19.943617,50.075046],[19.943924,50.07489],[19.944217,50.074689],[19.944483,50.074434],[19.94465,50.074205],[19.944914,50.073714]]}},{"type":"Feature","properties":{"mode":"tram","n":5,"arr":["3","5","17","50","69"],"lines":"3, 5, 17, 50, 69"},"geometry":{"type":"LineString","coordinates":[[19.944854,50.073718],[19.944596,50.074197],[19.944366,50.074492],[19.94407,50.074744],[19.943707,50.074961],[19.943339,50.075115],[19.942533,50.075377],[19.940044,50.076009]]}},{"type":"Feature","properties":{"mode":"tram","n":7,"arr":["3","5","18","20","50","69","75"],"lines":"3, 5, 18, 20, 50, 69, 75"},"geometry":{"type":"LineString","coordinates":[[19.93999,50.07606],[19.940822,50.075854]]}},{"type":"Feature","properties":{"mode":"tram","n":6,"arr":["3","5","18","50","69","75"],"lines":"3, 5, 18, 50, 69, 75"},"geometry":{"type":"LineString","coordinates":[[19.932604,50.089634],[19.932701,50.089327],[19.932916,50.088327],[19.933157,50.085992],[19.933809,50.084229],[19.933989,50.083941],[19.934584,50.083136],[19.9349,50.082529],[19.935369,50.081909],[19.935473,50.08181],[19.93568,50.081681],[19.93734,50.080888],[19.938893,50.08036],[19.939081,50.08025],[19.939235,50.080094],[19.939302,50.079973],[19.939332,50.079831],[19.939317,50.079701],[19.939256,50.079564],[19.939089,50.07937],[19.938025,50.078379],[19.937879,50.078108],[19.937872,50.077841],[19.937945,50.077642],[19.93806,50.077485],[19.939445,50.07627],[19.939651,50.076152],[19.93999,50.07606]]}},{"type":"Feature","properties":{"mode":"tram","n":6,"arr":["3","5","18","50","69","75"],"lines":"3, 5, 18, 50, 69, 75"},"geometry":{"type":"LineString","coordinates":[[19.939313,50.076322],[19.938016,50.077459],[19.937872,50.077661],[19.937803,50.077928],[19.937839,50.078158],[19.937973,50.078379],[19.939182,50.079523],[19.939271,50.079758],[19.939212,50.080022],[19.939074,50.080189],[19.938814,50.08035],[19.937345,50.080841],[19.935567,50.081692],[19.935336,50.08187],[19.934845,50.082517],[19.934533,50.083119],[19.93394,50.083925],[19.933738,50.084253],[19.933128,50.085893],[19.933058,50.086225],[19.932883,50.088201],[19.932622,50.089422],[19.932558,50.0896]]}},{"type":"Feature","properties":{"mode":"tram","n":7,"arr":["5","9","10","49","52","74","75"],"lines":"5, 9, 10, 49, 52, 74, 75"},"geometry":{"type":"LineString","coordinates":[[19.960238,50.0659],[19.960761,50.066019],[19.964493,50.066539],[19.96497,50.066583],[19.965487,50.066592],[19.968786,50.066532],[19.970013,50.066537],[19.973611,50.06666],[19.974429,50.066719],[19.975092,50.066851],[19.978479,50.068054],[19.979181,50.068356],[19.979674,50.06866],[19.984986,50.0727],[19.985385,50.072925],[19.985841,50.073112],[19.986333,50.073251],[19.986817,50.073335],[20.002093,50.074177],[20.006966,50.074406],[20.007558,50.074384],[20.015104,50.073679],[20.016632,50.073513]]}},{"type":"Feature","properties":{"mode":"tram","n":7,"arr":["5","9","10","49","52","74","75"],"lines":"5, 9, 10, 49, 52, 74, 75"},"geometry":{"type":"LineString","coordinates":[[19.984142,50.072019],[19.980048,50.068888],[19.97939,50.068425],[19.978674,50.068085],[19.975335,50.066888],[19.97504,50.0668],[19.974478,50.06669],[19.9736,50.066624],[19.970032,50.066503],[19.968466,50.0665],[19.965482,50.066558],[19.964975,50.066548],[19.964504,50.066505],[19.960752,50.065979],[19.959428,50.065648]]}},{"type":"Feature","properties":{"mode":"tram","n":7,"arr":["5","9","10","49","52","74","75"],"lines":"5, 9, 10, 49, 52, 74, 75"},"geometry":{"type":"LineString","coordinates":[[20.015519,50.073599],[20.007551,50.074349],[20.006756,50.074366],[20.002089,50.074141],[19.986971,50.073316],[19.986348,50.073217],[19.98572,50.073028],[19.985231,50.0728],[19.984762,50.072488]]}},{"type":"Feature","properties":{"mode":"tram","n":5,"arr":["5","10","52","74","75"],"lines":"5, 10, 52, 74, 75"},"geometry":{"type":"LineString","coordinates":[[19.959428,50.065648],[19.959246,50.065602]]}},{"type":"Feature","properties":{"mode":"tram","n":6,"arr":["5","9","10","52","74","75"],"lines":"5, 9, 10, 52, 74, 75"},"geometry":{"type":"LineString","coordinates":[[19.984762,50.072488],[19.984142,50.072019]]}},{"type":"Feature","properties":{"mode":"tram","n":5,"arr":["8","10","13","18","76"],"lines":"8, 10, 13, 18, 76"},"geometry":{"type":"LineString","coordinates":[[19.941,50.058672],[19.940828,50.058306],[19.939952,50.054769],[19.939868,50.054651],[19.939335,50.05424],[19.939271,50.054093],[19.939322,50.05399],[19.939883,50.053458],[19.940729,50.052493],[19.941435,50.051936]]}},{"type":"Feature","properties":{"mode":"tram","n":5,"arr":["8","10","13","18","76"],"lines":"8, 10, 13, 18, 76"},"geometry":{"type":"LineString","coordinates":[[19.941395,50.051928],[19.940712,50.05246],[19.939886,50.0534],[19.939249,50.054006],[19.939212,50.054102],[19.939232,50.05418],[19.939291,50.054248],[19.93974,50.054586],[19.939911,50.054772],[19.940785,50.05831],[19.940964,50.058682]]}},{"type":"Feature","properties":{"mode":"tram","n":6,"arr":["9","11","17","49","50","76"],"lines":"9, 11, 17, 49, 50, 76"},"geometry":{"type":"LineString","coordinates":[[19.983076,50.04013],[19.982936,50.039309],[19.982965,50.037455],[19.982939,50.037319],[19.982805,50.037028],[19.982558,50.036746],[19.982134,50.036465],[19.979289,50.034854],[19.9759,50.032738],[19.975542,50.032539],[19.973345,50.031471]]}},{"type":"Feature","properties":{"mode":"tram","n":6,"arr":["9","11","17","49","50","76"],"lines":"9, 11, 17, 49, 50, 76"},"geometry":{"type":"LineString","coordinates":[[19.973304,50.031501],[19.975423,50.032531],[19.975859,50.032767],[19.979263,50.034897],[19.982099,50.036491],[19.982523,50.036776],[19.982701,50.036962],[19.982827,50.037173],[19.982913,50.037465],[19.98288,50.039258],[19.983023,50.040132]]}},{"type":"Feature","properties":{"mode":"tram","n":5,"arr":["9","17","20","49","50"],"lines":"9, 17, 20, 49, 50"},"geometry":{"type":"LineString","coordinates":[[19.959142,50.058126],[19.959024,50.057672],[19.958976,50.057205],[19.959072,50.056197],[19.959205,50.05564],[19.959551,50.054803],[19.959758,50.054411],[19.961852,50.0512],[19.962099,50.050915],[19.962353,50.050697],[19.96268,50.050479],[19.962946,50.050339],[19.963562,50.050106],[19.966693,50.049364],[19.967135,50.049226],[19.96734,50.049138],[19.9681,50.048752],[19.972379,50.045999],[19.972676,50.045769],[19.972908,50.045547],[19.973268,50.045115],[19.9735,50.044776],[19.974229,50.043099],[19.974892,50.04174],[19.975045,50.041541],[19.975261,50.041334],[19.975725,50.041032],[19.976059,50.040887],[19.976458,50.040765],[19.976807,50.040696],[19.97729,50.040652],[19.982289,50.040692]]}},{"type":"Feature","properties":{"mode":"tram","n":5,"arr":["9","17","20","49","50"],"lines":"9, 17, 20, 49, 50"},"geometry":{"type":"LineString","coordinates":[[19.982288,50.040657],[19.977172,50.040622],[19.976816,50.040659],[19.976398,50.040743],[19.976076,50.04084],[19.975663,50.04102],[19.975405,50.041173],[19.97514,50.041378],[19.97483,50.041742],[19.974178,50.043085],[19.973665,50.044304],[19.973421,50.044808],[19.973223,50.045096],[19.972874,50.045516],[19.972435,50.045905],[19.968243,50.048615],[19.967892,50.048825],[19.96732,50.049105],[19.966725,50.049315],[19.964807,50.049783],[19.963774,50.05001],[19.963412,50.050114],[19.963151,50.050208],[19.962763,50.050389],[19.962322,50.050671],[19.962073,50.050888],[19.961823,50.051178],[19.959813,50.05423],[19.959498,50.054794],[19.959151,50.055633],[19.959016,50.056194],[19.958922,50.057262],[19.958965,50.057653],[19.959089,50.058136]]}},{"type":"Feature","properties":{"mode":"tram","n":5,"arr":["9","14","16","21","52"],"lines":"9, 14, 16, 21, 52"},"geometry":{"type":"LineString","coordinates":[[20.021498,50.090259],[20.019403,50.08525],[20.019384,50.085143],[20.01941,50.08504],[20.019481,50.084947],[20.01959,50.084871],[20.020423,50.084581],[20.020917,50.08438],[20.021438,50.084117],[20.021832,50.083867],[20.027049,50.079881]]}},{"type":"Feature","properties":{"mode":"tram","n":5,"arr":["9","14","16","21","52"],"lines":"9, 14, 16, 21, 52"},"geometry":{"type":"LineString","coordinates":[[20.027034,50.07984],[20.021795,50.083845],[20.021427,50.084079],[20.020904,50.084347],[20.020397,50.084551],[20.019574,50.084832],[20.019451,50.084903],[20.01935,50.085021],[20.019322,50.085136],[20.019346,50.085242],[20.021432,50.090234]]}},{"type":"Feature","properties":{"mode":"tram","n":6,"arr":["10","22","49","62","74","75"],"lines":"10, 22, 49, 62, 74, 75"},"geometry":{"type":"LineString","coordinates":[[20.03609,50.071642],[20.034383,50.07175],[20.02529,50.072641],[20.01834,50.073354]]}},{"type":"Feature","properties":{"mode":"tram","n":6,"arr":["10","22","49","62","74","75"],"lines":"10, 22, 49, 62, 74, 75"},"geometry":{"type":"LineString","coordinates":[[20.019498,50.07327],[20.025296,50.072677],[20.0341,50.071813],[20.035497,50.071711]]}},{"type":"Feature","properties":{"mode":"tram","n":5,"arr":["10","22","49","74","75"],"lines":"10, 22, 49, 74, 75"},"geometry":{"type":"LineString","coordinates":[[20.037073,50.071559],[20.036725,50.071604],[20.03609,50.071642]]}},{"type":"Feature","properties":{"mode":"tram","n":5,"arr":["10","22","49","74","75"],"lines":"10, 22, 49, 74, 75"},"geometry":{"type":"LineString","coordinates":[[20.035497,50.071711],[20.03603,50.07168]]}},{"type":"Feature","properties":{"mode":"tram","n":6,"arr":["10","16","22","49","74","75"],"lines":"10, 16, 22, 49, 74, 75"},"geometry":{"type":"LineString","coordinates":[[20.037271,50.071533],[20.037073,50.071559]]}},{"type":"Feature","properties":{"mode":"tram","n":5,"arr":["11","17","18","52","62"],"lines":"11, 17, 18, 52, 62"},"geometry":{"type":"LineString","coordinates":[[19.889084,50.017998],[19.888739,50.018196],[19.888659,50.01829],[19.88865,50.018369],[19.888695,50.018461],[19.888817,50.01854],[19.888927,50.018568],[19.889085,50.018565],[19.889209,50.018526],[19.88986,50.018155],[19.890054,50.018071],[19.890327,50.018007],[19.890605,50.01799],[19.894845,50.018488],[19.895198,50.018574],[19.895419,50.018671],[19.895706,50.018874],[19.900524,50.022896],[19.901053,50.023457],[19.902293,50.025188],[19.902564,50.025495],[19.902833,50.025736],[19.90342,50.026138],[19.903796,50.026334],[19.906561,50.027521],[19.915586,50.031174],[19.916608,50.031547],[19.917983,50.032021],[19.918525,50.032109],[19.919039,50.03211],[19.919405,50.032057],[19.920564,50.031788],[19.923581,50.031009],[19.924149,50.030895],[19.925298,50.030721]]}},{"type":"Feature","properties":{"mode":"tram","n":5,"arr":["11","17","18","52","62"],"lines":"11, 17, 18, 52, 62"},"geometry":{"type":"LineString","coordinates":[[19.9254,50.030675],[19.92424,50.030842],[19.923565,50.030975],[19.921132,50.031608],[19.919386,50.032025],[19.918903,50.03208],[19.918531,50.032076],[19.918215,50.032035],[19.917756,50.031911],[19.915613,50.031143],[19.906586,50.02749],[19.903828,50.026306],[19.903237,50.025983],[19.902868,50.025713],[19.902606,50.025475],[19.902322,50.025155],[19.901103,50.023444],[19.900572,50.022879],[19.895757,50.01886],[19.89555,50.018699],[19.895349,50.018592],[19.895112,50.018507],[19.894853,50.018454],[19.889614,50.017827],[19.889375,50.017844],[19.889106,50.017985]]}},{"type":"Feature","properties":{"mode":"tram","n":5,"arr":["16","22","49","74","75"],"lines":"16, 22, 49, 74, 75"},"geometry":{"type":"LineString","coordinates":[[20.038033,50.072073],[20.037858,50.071775]]}},{"type":"Feature","properties":{"mode":"tram","n":5,"arr":["16","22","49","74","75"],"lines":"16, 22, 49, 74, 75"},"geometry":{"type":"LineString","coordinates":[[20.036703,50.072039],[20.036733,50.072245]]}},{"type":"Feature","properties":{"mode":"tram","n":6,"arr":["16","21","22","49","74","75"],"lines":"16, 21, 22, 49, 74, 75"},"geometry":{"type":"LineString","coordinates":[[20.037336,50.072529],[20.037667,50.072484]]}}]}