{"type":"FeatureCollection","features":[{"type":"Feature","properties":{"id":"c0","lines":"102","n":1,"tram":0,"op":"MPK Kraków — buses"},"geometry":{"type":"LineString","coordinates":[[20.007971,50.034848],[20.00524,50.033085],[20.00524,50.031323]]}},{"type":"Feature","properties":{"id":"c1","lines":"137 138 207 513","n":4,"tram":0,"op":"MPK Kraków — buses"},"geometry":{"type":"LineString","coordinates":[[20.007971,50.034848],[20.010703,50.034848]]}},{"type":"Feature","properties":{"id":"c2","lines":"138 168 194 220 240 290","n":6,"tram":0,"op":"MPK Kraków — buses"},"geometry":{"type":"LineString","coordinates":[[20.007971,50.034848],[20.00524,50.033085]]}},{"type":"Feature","properties":{"id":"c3","lines":"150","n":1,"tram":0,"op":"MPK Kraków — buses"},"geometry":{"type":"LineString","coordinates":[[20.007971,50.034848],[20.00524,50.036611]]}},{"type":"Feature","properties":{"id":"c4","lines":"150","n":1,"tram":0,"op":"MPK Kraków — buses"},"geometry":{"type":"LineString","coordinates":[[20.007971,50.034848],[20.007971,50.036611]]}},{"type":"Feature","properties":{"id":"c5","lines":"220 227 267 337 513 669 937","n":7,"tram":1,"op":"mix"},"geometry":{"type":"LineString","coordinates":[[20.007971,50.034848],[20.010703,50.036611],[20.010703,50.038373]]}},{"type":"Feature","properties":{"id":"c6","lines":"337 669","n":2,"tram":1,"op":"mix"},"geometry":{"type":"LineString","coordinates":[[20.007971,50.034848],[20.007971,50.031323]]}},{"type":"Feature","properties":{"id":"c7","lines":"102 140","n":2,"tram":0,"op":"MPK Kraków — buses"},"geometry":{"type":"LineString","coordinates":[[20.00524,50.031323],[20.002508,50.02956]]}},{"type":"Feature","properties":{"id":"c8","lines":"120 140","n":2,"tram":0,"op":"MPK Kraków — buses"},"geometry":{"type":"LineString","coordinates":[[20.00524,50.031323],[20.007971,50.031323]]}},{"type":"Feature","properties":{"id":"c9","lines":"120","n":1,"tram":0,"op":"MPK Kraków — buses"},"geometry":{"type":"LineString","coordinates":[[20.00524,50.031323],[20.002508,50.033085]]}},{"type":"Feature","properties":{"id":"c10","lines":"102 144 194 494","n":4,"tram":0,"op":"MPK Kraków — buses"},"geometry":{"type":"LineString","coordinates":[[20.002508,50.02956],[20.002508,50.027797],[19.999777,50.026035]]}},{"type":"Feature","properties":{"id":"c11","lines":"130 904","n":2,"tram":0,"op":"MPK Kraków — buses"},"geometry":{"type":"LineString","coordinates":[[20.002508,50.02956],[20.00524,50.027797],[20.007971,50.027797]]}},{"type":"Feature","properties":{"id":"c12","lines":"130 144 194 494","n":4,"tram":0,"op":"MPK Kraków — buses"},"geometry":{"type":"LineString","coordinates":[[20.002508,50.02956],[20.002508,50.031323]]}},{"type":"Feature","properties":{"id":"c13","lines":"130 144 194 494","n":4,"tram":0,"op":"MPK Kraków — buses"},"geometry":{"type":"LineString","coordinates":[[20.002508,50.02956],[20.002508,50.031323]]}},{"type":"Feature","properties":{"id":"c14","lines":"140 904","n":2,"tram":0,"op":"MPK Kraków — buses"},"geometry":{"type":"LineString","coordinates":[[20.002508,50.02956],[19.997045,50.02956]]}},{"type":"Feature","properties":{"id":"c15","lines":"102 664 704 708","n":4,"tram":0,"op":"MPK Kraków — buses"},"geometry":{"type":"LineString","coordinates":[[19.999777,50.026035],[19.997045,50.026035]]}},{"type":"Feature","properties":{"id":"c16","lines":"144 194 494","n":3,"tram":0,"op":"MPK Kraków — buses"},"geometry":{"type":"LineString","coordinates":[[19.999777,50.026035],[19.997045,50.024272]]}},{"type":"Feature","properties":{"id":"c17","lines":"664 704 708","n":3,"tram":0,"op":"MPK Kraków — buses"},"geometry":{"type":"LineString","coordinates":[[19.999777,50.026035],[20.002508,50.026035]]}},{"type":"Feature","properties":{"id":"c18","lines":"102 664 704 708","n":4,"tram":0,"op":"MPK Kraków — buses"},"geometry":{"type":"LineString","coordinates":[[19.997045,50.026035],[19.994314,50.026035]]}},{"type":"Feature","properties":{"id":"c19","lines":"102","n":1,"tram":0,"op":"MPK Kraków — buses"},"geometry":{"type":"LineString","coordinates":[[19.997045,50.026035],[19.994314,50.024272]]}},{"type":"Feature","properties":{"id":"c20","lines":"102 LR0","n":2,"tram":0,"op":"MPK Kraków — buses"},"geometry":{"type":"LineString","coordinates":[[19.994314,50.026035],[19.994314,50.024272]]}},{"type":"Feature","properties":{"id":"c21","lines":"664 704 708 LR0","n":4,"tram":0,"op":"MPK Kraków — buses"},"geometry":{"type":"LineString","coordinates":[[19.994314,50.026035],[19.988851,50.026035]]}},{"type":"Feature","properties":{"id":"c22","lines":"102","n":1,"tram":0,"op":"MPK Kraków — buses"},"geometry":{"type":"LineString","coordinates":[[19.994314,50.024272],[19.994314,50.022509],[19.991582,50.020747]]}},{"type":"Feature","properties":{"id":"c23","lines":"139 164 173 199 310 511 601 611","n":8,"tram":0,"op":"MPK Kraków — buses"},"geometry":{"type":"LineString","coordinates":[[19.994314,50.024272],[19.991582,50.022509]]}},{"type":"Feature","properties":{"id":"c24","lines":"139 164 173 199 310 511 601 611 LR0","n":9,"tram":0,"op":"MPK Kraków — buses"},"geometry":{"type":"LineString","coordinates":[[19.994314,50.024272],[19.997045,50.022509]]}},{"type":"Feature","properties":{"id":"c25","lines":"139 164 173 199 601 611","n":6,"tram":0,"op":"MPK Kraków — buses"},"geometry":{"type":"LineString","coordinates":[[19.994314,50.024272],[19.997045,50.024272]]}},{"type":"Feature","properties":{"id":"c26","lines":"102","n":1,"tram":0,"op":"MPK Kraków — buses"},"geometry":{"type":"LineString","coordinates":[[19.991582,50.020747],[19.988851,50.018984],[19.988851,50.017221]]}},{"type":"Feature","properties":{"id":"c27","lines":"102","n":1,"tram":1,"op":"mix"},"geometry":{"type":"LineString","coordinates":[[19.991582,50.020747],[19.994314,50.020747]]}},{"type":"Feature","properties":{"id":"c28","lines":"102 134 192 300 902","n":5,"tram":0,"op":"MPK Kraków — buses"},"geometry":{"type":"LineString","coordinates":[[19.988851,50.017221],[19.986119,50.018984]]}},{"type":"Feature","properties":{"id":"c29","lines":"102 134 192 902","n":4,"tram":0,"op":"MPK Kraków — buses"},"geometry":{"type":"LineString","coordinates":[[19.988851,50.017221],[19.986119,50.018984]]}},{"type":"Feature","properties":{"id":"c30","lines":"102 134 192 300 902","n":5,"tram":0,"op":"MPK Kraków — buses"},"geometry":{"type":"LineString","coordinates":[[19.988851,50.017221],[19.991582,50.018984],[19.997045,50.018984]]}},{"type":"Feature","properties":{"id":"c31","lines":"102 134 192 300 902","n":5,"tram":0,"op":"MPK Kraków — buses"},"geometry":{"type":"LineString","coordinates":[[19.986119,50.018984],[19.983387,50.018984]]}},{"type":"Feature","properties":{"id":"c32","lines":"102 126 192 300 902","n":5,"tram":0,"op":"MPK Kraków — buses"},"geometry":{"type":"LineString","coordinates":[[19.983387,50.018984],[19.977924,50.018984]]}},{"type":"Feature","properties":{"id":"c33","lines":"126 134","n":2,"tram":0,"op":"MPK Kraków — buses"},"geometry":{"type":"LineString","coordinates":[[19.983387,50.018984],[19.980656,50.017221]]}},{"type":"Feature","properties":{"id":"c34","lines":"102 126 192","n":3,"tram":0,"op":"MPK Kraków — buses"},"geometry":{"type":"LineString","coordinates":[[19.977924,50.018984],[19.972461,50.018984]]}},{"type":"Feature","properties":{"id":"c35","lines":"300 902","n":2,"tram":0,"op":"MPK Kraków — buses"},"geometry":{"type":"LineString","coordinates":[[19.977924,50.018984],[19.972461,50.018984]]}},{"type":"Feature","properties":{"id":"c36","lines":"102","n":1,"tram":0,"op":"MPK Kraków — buses"},"geometry":{"type":"LineString","coordinates":[[19.972461,50.018984],[19.972461,50.015459],[19.966998,50.011933],[19.966998,50.006645]]}},{"type":"Feature","properties":{"id":"c37","lines":"192 902","n":2,"tram":0,"op":"MPK Kraków — buses"},"geometry":{"type":"LineString","coordinates":[[19.972461,50.018984],[19.96973,50.018984]]}},{"type":"Feature","properties":{"id":"c38","lines":"300","n":1,"tram":0,"op":"MPK Kraków — buses"},"geometry":{"type":"LineString","coordinates":[[19.972461,50.018984],[19.96973,50.018984]]}},{"type":"Feature","properties":{"id":"c39","lines":"102 209 219 229 239 269 279 609 A60","n":9,"tram":0,"op":"mix"},"geometry":{"type":"LineString","coordinates":[[19.966998,50.006645],[19.964267,50.006645]]}},{"type":"Feature","properties":{"id":"c40","lines":"209 219 229 239 269 279 609 A60","n":8,"tram":0,"op":"mix"},"geometry":{"type":"LineString","coordinates":[[19.966998,50.006645],[19.96973,50.006645]]}},{"type":"Feature","properties":{"id":"c41","lines":"209 219 229 239 269 279 A60","n":7,"tram":0,"op":"mix"},"geometry":{"type":"LineString","coordinates":[[19.964267,50.006645],[19.958803,50.006645]]}},{"type":"Feature","properties":{"id":"c42","lines":"209 219 229 239 269 279 A60","n":7,"tram":0,"op":"mix"},"geometry":{"type":"LineString","coordinates":[[19.964267,50.006645],[19.961535,50.004883],[19.956072,50.004883]]}},{"type":"Feature","properties":{"id":"c43","lines":"102","n":1,"tram":0,"op":"MPK Kraków — buses"},"geometry":{"type":"LineString","coordinates":[[19.997045,50.018984],[19.994314,50.020747]]}},{"type":"Feature","properties":{"id":"c44","lines":"134 192 300 902","n":4,"tram":0,"op":"MPK Kraków — buses"},"geometry":{"type":"LineString","coordinates":[[19.997045,50.018984],[19.999777,50.020747]]}},{"type":"Feature","properties":{"id":"c45","lines":"134","n":1,"tram":0,"op":"MPK Kraków — buses"},"geometry":{"type":"LineString","coordinates":[[19.997045,50.018984],[19.997045,50.020747]]}},{"type":"Feature","properties":{"id":"c46","lines":"192 902","n":2,"tram":0,"op":"MPK Kraków — buses"},"geometry":{"type":"LineString","coordinates":[[19.997045,50.018984],[20.002508,50.022509]]}},{"type":"Feature","properties":{"id":"c47","lines":"300","n":1,"tram":0,"op":"MPK Kraków — buses"},"geometry":{"type":"LineString","coordinates":[[19.997045,50.018984],[19.999777,50.018984]]}},{"type":"Feature","properties":{"id":"c49","lines":"104 254","n":2,"tram":0,"op":"MPK Kraków — buses"},"geometry":{"type":"LineString","coordinates":[[19.991582,49.989019],[19.988851,49.987256]]}},{"type":"Feature","properties":{"id":"c50","lines":"155 254","n":2,"tram":0,"op":"MPK Kraków — buses"},"geometry":{"type":"LineString","coordinates":[[19.991582,49.989019],[19.991582,49.985493]]}},{"type":"Feature","properties":{"id":"c51","lines":"104","n":1,"tram":0,"op":"MPK Kraków — buses"},"geometry":{"type":"LineString","coordinates":[[19.988851,49.987256],[19.986119,49.987256]]}},{"type":"Feature","properties":{"id":"c52","lines":"175 235 243 245 255 275 285 475 610 A1 A40 A49 A56","n":13,"tram":0,"op":"mix"},"geometry":{"type":"LineString","coordinates":[[19.988851,49.987256],[19.986119,49.985493],[19.986119,49.983731]]}},{"type":"Feature","properties":{"id":"c53","lines":"175 214 215 225 235 243 245 254 255 265 275 285 475 610 915 A1 A40 A49 A56","n":19,"tram":0,"op":"mix"},"geometry":{"type":"LineString","coordinates":[[19.988851,49.987256],[19.988851,49.990781]]}},{"type":"Feature","properties":{"id":"c54","lines":"214 215 225 265 915","n":5,"tram":0,"op":"MPK Kraków — buses"},"geometry":{"type":"LineString","coordinates":[[19.988851,49.987256],[19.991582,49.985493]]}},{"type":"Feature","properties":{"id":"c55","lines":"104 121","n":2,"tram":0,"op":"MPK Kraków — buses"},"geometry":{"type":"LineString","coordinates":[[19.986119,49.987256],[19.983387,49.989019]]}},{"type":"Feature","properties":{"id":"c56","lines":"121","n":1,"tram":0,"op":"MPK Kraków — buses"},"geometry":{"type":"LineString","coordinates":[[19.986119,49.987256],[19.980656,49.983731]]}},{"type":"Feature","properties":{"id":"c57","lines":"121","n":1,"tram":0,"op":"MPK Kraków — buses"},"geometry":{"type":"LineString","coordinates":[[19.986119,49.987256],[19.986119,49.989019]]}},{"type":"Feature","properties":{"id":"c58","lines":"104","n":1,"tram":0,"op":"MPK Kraków — buses"},"geometry":{"type":"LineString","coordinates":[[19.983387,49.989019],[19.980656,49.989019]]}},{"type":"Feature","properties":{"id":"c59","lines":"121","n":1,"tram":0,"op":"MPK Kraków — buses"},"geometry":{"type":"LineString","coordinates":[[19.983387,49.989019],[19.986119,49.989019]]}},{"type":"Feature","properties":{"id":"c60","lines":"121","n":1,"tram":0,"op":"MPK Kraków — buses"},"geometry":{"type":"LineString","coordinates":[[19.983387,49.989019],[19.983387,49.990781]]}},{"type":"Feature","properties":{"id":"c61","lines":"104 151 194 494 608","n":5,"tram":0,"op":"MPK Kraków — buses"},"geometry":{"type":"LineString","coordinates":[[19.980656,49.989019],[19.975193,49.985493]]}},{"type":"Feature","properties":{"id":"c62","lines":"104 151 194 494 608","n":5,"tram":0,"op":"MPK Kraków — buses"},"geometry":{"type":"LineString","coordinates":[[19.980656,49.989019],[19.983387,49.990781]]}},{"type":"Feature","properties":{"id":"c63","lines":"104 194 494 608","n":4,"tram":0,"op":"MPK Kraków — buses"},"geometry":{"type":"LineString","coordinates":[[19.983387,49.990781],[19.977924,49.990781]]}},{"type":"Feature","properties":{"id":"c64","lines":"121 151","n":2,"tram":0,"op":"MPK Kraków — buses"},"geometry":{"type":"LineString","coordinates":[[19.983387,49.990781],[19.983387,49.994307]]}},{"type":"Feature","properties":{"id":"c65","lines":"104 194 204 293 494 608","n":6,"tram":0,"op":"MPK Kraków — buses"},"geometry":{"type":"LineString","coordinates":[[19.977924,49.990781],[19.975193,49.990781]]}},{"type":"Feature","properties":{"id":"c66","lines":"204 293","n":2,"tram":0,"op":"MPK Kraków — buses"},"geometry":{"type":"LineString","coordinates":[[19.977924,49.990781],[19.983387,49.994307]]}},{"type":"Feature","properties":{"id":"c67","lines":"104 204 293","n":3,"tram":0,"op":"MPK Kraków — buses"},"geometry":{"type":"LineString","coordinates":[[19.975193,49.990781],[19.972461,49.990781]]}},{"type":"Feature","properties":{"id":"c68","lines":"194 494 608","n":3,"tram":0,"op":"MPK Kraków — buses"},"geometry":{"type":"LineString","coordinates":[[19.975193,49.990781],[19.975193,49.994307],[19.988851,50.00312]]}},{"type":"Feature","properties":{"id":"c69","lines":"104 204 223 233 253 283 903","n":7,"tram":0,"op":"MPK Kraków — buses"},"geometry":{"type":"LineString","coordinates":[[19.972461,49.990781],[19.972461,49.994307],[19.977924,49.997832]]}},{"type":"Feature","properties":{"id":"c70","lines":"223 233 253 283 293 903","n":6,"tram":0,"op":"MPK Kraków — buses"},"geometry":{"type":"LineString","coordinates":[[19.972461,49.990781],[19.966998,49.987256],[19.966998,49.983731]]}},{"type":"Feature","properties":{"id":"c71","lines":"476","n":1,"tram":0,"op":"MPK Kraków — buses"},"geometry":{"type":"LineString","coordinates":[[19.977924,49.997832],[19.972461,50.001357]]}},{"type":"Feature","properties":{"id":"c72","lines":"662","n":1,"tram":1,"op":"mix"},"geometry":{"type":"LineString","coordinates":[[19.977924,49.997832],[19.991582,50.006645]]}},{"type":"Feature","properties":{"id":"c73","lines":"105","n":1,"tram":0,"op":"MPK Kraków — buses"},"geometry":{"type":"LineString","coordinates":[[20.048945,50.045424],[20.048945,50.047187]]}},{"type":"Feature","properties":{"id":"c74","lines":"105","n":1,"tram":0,"op":"MPK Kraków — buses"},"geometry":{"type":"LineString","coordinates":[[20.048945,50.045424],[20.048945,50.047187]]}},{"type":"Feature","properties":{"id":"c75","lines":"664","n":1,"tram":1,"op":"mix"},"geometry":{"type":"LineString","coordinates":[[20.048945,50.045424],[20.046213,50.043661]]}},{"type":"Feature","properties":{"id":"c76","lines":"105 260 270","n":3,"tram":0,"op":"MPK Kraków — buses"},"geometry":{"type":"LineString","coordinates":[[20.048945,50.047187],[20.043482,50.047187],[20.032555,50.040136],[20.029824,50.040136]]}},{"type":"Feature","properties":{"id":"c77","lines":"260 270","n":2,"tram":0,"op":"MPK Kraków — buses"},"geometry":{"type":"LineString","coordinates":[[20.048945,50.047187],[20.048945,50.048949]]}},{"type":"Feature","properties":{"id":"c78","lines":"105 128 199 405 610","n":5,"tram":0,"op":"MPK Kraków — buses"},"geometry":{"type":"LineString","coordinates":[[20.029824,50.040136],[20.027092,50.040136]]}},{"type":"Feature","properties":{"id":"c79","lines":"128 250 260 270","n":4,"tram":0,"op":"MPK Kraków — buses"},"geometry":{"type":"LineString","coordinates":[[20.029824,50.040136],[20.027092,50.038373]]}},{"type":"Feature","properties":{"id":"c80","lines":"250","n":1,"tram":0,"op":"MPK Kraków — buses"},"geometry":{"type":"LineString","coordinates":[[20.029824,50.040136],[20.035287,50.043661],[20.035287,50.045424]]}},{"type":"Feature","properties":{"id":"c81","lines":"105 128 199 405 610","n":5,"tram":0,"op":"MPK Kraków — buses"},"geometry":{"type":"LineString","coordinates":[[20.027092,50.040136],[20.024361,50.040136],[20.021629,50.038373]]}},{"type":"Feature","properties":{"id":"c82","lines":"128","n":1,"tram":0,"op":"MPK Kraków — buses"},"geometry":{"type":"LineString","coordinates":[[20.027092,50.040136],[20.021629,50.040136]]}},{"type":"Feature","properties":{"id":"c83","lines":"105 199 405 610","n":4,"tram":0,"op":"MPK Kraków — buses"},"geometry":{"type":"LineString","coordinates":[[20.021629,50.038373],[20.021629,50.036611]]}},{"type":"Feature","properties":{"id":"c84","lines":"105 199 405 610","n":4,"tram":0,"op":"MPK Kraków — buses"},"geometry":{"type":"LineString","coordinates":[[20.021629,50.038373],[20.021629,50.036611]]}},{"type":"Feature","properties":{"id":"c85","lines":"128","n":1,"tram":0,"op":"MPK Kraków — buses"},"geometry":{"type":"LineString","coordinates":[[20.021629,50.038373],[20.021629,50.040136]]}},{"type":"Feature","properties":{"id":"c86","lines":"105 132 139 199 405 610","n":6,"tram":0,"op":"MPK Kraków — buses"},"geometry":{"type":"LineString","coordinates":[[20.021629,50.036611],[20.018898,50.036611]]}},{"type":"Feature","properties":{"id":"c87","lines":"132 139","n":2,"tram":0,"op":"MPK Kraków — buses"},"geometry":{"type":"LineString","coordinates":[[20.021629,50.036611],[20.024361,50.036611]]}},{"type":"Feature","properties":{"id":"c88","lines":"105 132 137 139 199 307 317 405 503 610","n":10,"tram":0,"op":"MPK Kraków — buses"},"geometry":{"type":"LineString","coordinates":[[20.018898,50.036611],[20.016166,50.034848]]}},{"type":"Feature","properties":{"id":"c89","lines":"132 139","n":2,"tram":0,"op":"MPK Kraków — buses"},"geometry":{"type":"LineString","coordinates":[[20.018898,50.036611],[20.024361,50.036611]]}},{"type":"Feature","properties":{"id":"c90","lines":"137 307 317 503","n":4,"tram":0,"op":"MPK Kraków — buses"},"geometry":{"type":"LineString","coordinates":[[20.018898,50.036611],[20.018898,50.038373],[20.021629,50.040136]]}},{"type":"Feature","properties":{"id":"c91","lines":"105 132 139 169 199 405 469 503 610 A12 A13","n":11,"tram":0,"op":"mix"},"geometry":{"type":"LineString","coordinates":[[20.016166,50.034848],[20.016166,50.033085]]}},{"type":"Feature","properties":{"id":"c92","lines":"137 138 169 469 572 A12 A13","n":7,"tram":0,"op":"mix"},"geometry":{"type":"LineString","coordinates":[[20.016166,50.034848],[20.013435,50.036611]]}},{"type":"Feature","properties":{"id":"c93","lines":"138 572","n":2,"tram":0,"op":"MPK Kraków — buses"},"geometry":{"type":"LineString","coordinates":[[20.016166,50.034848],[20.024361,50.034848],[20.027092,50.036611]]}},{"type":"Feature","properties":{"id":"c94","lines":"307 317","n":2,"tram":0,"op":"MPK Kraków — buses"},"geometry":{"type":"LineString","coordinates":[[20.016166,50.034848],[20.013435,50.033085]]}},{"type":"Feature","properties":{"id":"c95","lines":"105 132 139 169 199 405 469 503 608 610","n":10,"tram":0,"op":"MPK Kraków — buses"},"geometry":{"type":"LineString","coordinates":[[20.016166,50.033085],[20.013435,50.033085]]}},{"type":"Feature","properties":{"id":"c96","lines":"608","n":1,"tram":0,"op":"MPK Kraków — buses"},"geometry":{"type":"LineString","coordinates":[[20.016166,50.033085],[20.018898,50.031323]]}},{"type":"Feature","properties":{"id":"c97","lines":"608","n":1,"tram":0,"op":"MPK Kraków — buses"},"geometry":{"type":"LineString","coordinates":[[20.016166,50.033085],[20.018898,50.031323]]}},{"type":"Feature","properties":{"id":"c98","lines":"A12 A13","n":2,"tram":0,"op":"Małopolskie Linie Dowozowe"},"geometry":{"type":"LineString","coordinates":[[20.016166,50.033085],[20.013435,50.031323]]}},{"type":"Feature","properties":{"id":"c99","lines":"105 132 139 169 199 405 469 608 610","n":9,"tram":0,"op":"MPK Kraków — buses"},"geometry":{"type":"LineString","coordinates":[[20.013435,50.033085],[20.013435,50.031323]]}},{"type":"Feature","properties":{"id":"c100","lines":"307 503","n":2,"tram":0,"op":"MPK Kraków — buses"},"geometry":{"type":"LineString","coordinates":[[20.013435,50.033085],[20.007971,50.02956],[20.007971,50.027797]]}},{"type":"Feature","properties":{"id":"c101","lines":"317","n":1,"tram":0,"op":"MPK Kraków — buses"},"geometry":{"type":"LineString","coordinates":[[20.013435,50.033085],[20.013435,50.031323],[20.016166,50.02956]]}},{"type":"Feature","properties":{"id":"c102","lines":"105 132 405 608 610","n":5,"tram":0,"op":"MPK Kraków — buses"},"geometry":{"type":"LineString","coordinates":[[20.013435,50.031323],[20.013435,50.02956],[20.010703,50.027797]]}},{"type":"Feature","properties":{"id":"c103","lines":"139 169 199 469","n":4,"tram":0,"op":"MPK Kraków — buses"},"geometry":{"type":"LineString","coordinates":[[20.013435,50.031323],[20.007971,50.027797]]}},{"type":"Feature","properties":{"id":"c104","lines":"A12 A13","n":2,"tram":0,"op":"Małopolskie Linie Dowozowe"},"geometry":{"type":"LineString","coordinates":[[20.013435,50.031323],[20.016166,50.02956]]}},{"type":"Feature","properties":{"id":"c105","lines":"105 130 132 179 304 405 608 610 669 704 904","n":11,"tram":1,"op":"mix"},"geometry":{"type":"LineString","coordinates":[[20.010703,50.027797],[20.013435,50.026035]]}},{"type":"Feature","properties":{"id":"c106","lines":"130 179 189 192 304 511 669 704 904 A1 A14 A40 A44 A56 A64","n":15,"tram":0,"op":"mix"},"geometry":{"type":"LineString","coordinates":[[20.010703,50.027797],[20.007971,50.027797]]}},{"type":"Feature","properties":{"id":"c107","lines":"189 192 A1 A14 A40 A44 A56 A64","n":8,"tram":1,"op":"mix"},"geometry":{"type":"LineString","coordinates":[[20.010703,50.027797],[20.013435,50.027797]]}},{"type":"Feature","properties":{"id":"c108","lines":"511","n":1,"tram":0,"op":"MPK Kraków — buses"},"geometry":{"type":"LineString","coordinates":[[20.010703,50.027797],[20.013435,50.027797],[20.016166,50.026035]]}},{"type":"Feature","properties":{"id":"c109","lines":"608 669","n":2,"tram":0,"op":"MPK Kraków — buses"},"geometry":{"type":"LineString","coordinates":[[20.010703,50.027797],[20.016166,50.024272]]}},{"type":"Feature","properties":{"id":"c110","lines":"610 904","n":2,"tram":0,"op":"MPK Kraków — buses"},"geometry":{"type":"LineString","coordinates":[[20.010703,50.027797],[20.010703,50.024272]]}},{"type":"Feature","properties":{"id":"c112","lines":"608 609 610 669 704 902 904","n":7,"tram":1,"op":"mix"},"geometry":{"type":"LineString","coordinates":[[20.013435,50.026035],[20.010703,50.024272]]}},{"type":"Feature","properties":{"id":"c113","lines":"609 902","n":2,"tram":0,"op":"MPK Kraków — buses"},"geometry":{"type":"LineString","coordinates":[[20.013435,50.026035],[20.013435,50.027797]]}},{"type":"Feature","properties":{"id":"c114","lines":"107 164 169 174 179 610","n":6,"tram":0,"op":"MPK Kraków — buses"},"geometry":{"type":"LineString","coordinates":[[20.00524,50.006645],[20.00524,50.004883]]}},{"type":"Feature","properties":{"id":"c115","lines":"164 610","n":2,"tram":0,"op":"MPK Kraków — buses"},"geometry":{"type":"LineString","coordinates":[[20.00524,50.006645],[20.002508,50.008408],[20.002508,50.010171]]}},{"type":"Feature","properties":{"id":"c116","lines":"174 179","n":2,"tram":0,"op":"MPK Kraków — buses"},"geometry":{"type":"LineString","coordinates":[[20.00524,50.006645],[20.00524,50.008408]]}},{"type":"Feature","properties":{"id":"c117","lines":"174 179","n":2,"tram":0,"op":"MPK Kraków — buses"},"geometry":{"type":"LineString","coordinates":[[20.00524,50.006645],[20.002508,50.004883],[20.002508,50.00312]]}},{"type":"Feature","properties":{"id":"c118","lines":"107 155 164 469 610","n":5,"tram":0,"op":"MPK Kraków — buses"},"geometry":{"type":"LineString","coordinates":[[20.00524,50.004883],[20.007971,50.00312]]}},{"type":"Feature","properties":{"id":"c119","lines":"107 155 164 169 610","n":5,"tram":0,"op":"MPK Kraków — buses"},"geometry":{"type":"LineString","coordinates":[[20.00524,50.004883],[20.00524,50.001357],[20.007971,49.999595]]}},{"type":"Feature","properties":{"id":"c120","lines":"155 169 469","n":3,"tram":0,"op":"MPK Kraków — buses"},"geometry":{"type":"LineString","coordinates":[[20.00524,50.004883],[20.010703,50.008408]]}},{"type":"Feature","properties":{"id":"c121","lines":"174 179","n":2,"tram":0,"op":"MPK Kraków — buses"},"geometry":{"type":"LineString","coordinates":[[20.00524,50.004883],[20.002508,50.00312]]}},{"type":"Feature","properties":{"id":"c122","lines":"107 469","n":2,"tram":0,"op":"MPK Kraków — buses"},"geometry":{"type":"LineString","coordinates":[[20.007971,50.00312],[20.010703,50.001357],[20.010703,49.999595]]}},{"type":"Feature","properties":{"id":"c123","lines":"155 164 610","n":3,"tram":0,"op":"MPK Kraków — buses"},"geometry":{"type":"LineString","coordinates":[[20.007971,50.00312],[20.007971,49.999595]]}},{"type":"Feature","properties":{"id":"c124","lines":"107 169 469 904","n":4,"tram":0,"op":"MPK Kraków — buses"},"geometry":{"type":"LineString","coordinates":[[20.010703,49.999595],[20.013435,49.997832],[20.013435,49.996069]]}},{"type":"Feature","properties":{"id":"c125","lines":"107 169","n":2,"tram":0,"op":"MPK Kraków — buses"},"geometry":{"type":"LineString","coordinates":[[20.010703,49.999595],[20.007971,49.999595]]}},{"type":"Feature","properties":{"id":"c126","lines":"904","n":1,"tram":0,"op":"MPK Kraków — buses"},"geometry":{"type":"LineString","coordinates":[[20.010703,49.999595],[20.013435,50.001357]]}},{"type":"Feature","properties":{"id":"c127","lines":"107 169 469 904","n":4,"tram":0,"op":"MPK Kraków — buses"},"geometry":{"type":"LineString","coordinates":[[20.013435,49.996069],[20.016166,49.994307]]}},{"type":"Feature","properties":{"id":"c128","lines":"904","n":1,"tram":0,"op":"MPK Kraków — buses"},"geometry":{"type":"LineString","coordinates":[[20.013435,49.996069],[20.007971,49.999595]]}},{"type":"Feature","properties":{"id":"c129","lines":"107","n":1,"tram":0,"op":"MPK Kraków — buses"},"geometry":{"type":"LineString","coordinates":[[20.016166,49.994307],[20.016166,49.983731],[20.010703,49.980205]]}},{"type":"Feature","properties":{"id":"c130","lines":"904","n":1,"tram":0,"op":"MPK Kraków — buses"},"geometry":{"type":"LineString","coordinates":[[20.016166,49.994307],[20.024361,49.994307],[20.032555,49.999595]]}},{"type":"Feature","properties":{"id":"c131","lines":"107 214","n":2,"tram":0,"op":"MPK Kraków — buses"},"geometry":{"type":"LineString","coordinates":[[20.010703,49.980205],[20.010703,49.97668]]}},{"type":"Feature","properties":{"id":"c132","lines":"214","n":1,"tram":0,"op":"MPK Kraków — buses"},"geometry":{"type":"LineString","coordinates":[[20.010703,49.980205],[20.00524,49.983731]]}},{"type":"Feature","properties":{"id":"c133","lines":"214","n":1,"tram":0,"op":"MPK Kraków — buses"},"geometry":{"type":"LineString","coordinates":[[20.010703,49.97668],[20.010703,49.973155]]}},{"type":"Feature","properties":{"id":"c134","lines":"155 204 224 610","n":4,"tram":1,"op":"mix"},"geometry":{"type":"LineString","coordinates":[[20.007971,49.999595],[19.999777,49.999595]]}},{"type":"Feature","properties":{"id":"c135","lines":"164 204 224 904","n":4,"tram":1,"op":"mix"},"geometry":{"type":"LineString","coordinates":[[20.007971,49.999595],[20.010703,50.001357],[20.013435,50.001357]]}},{"type":"Feature","properties":{"id":"c136","lines":"111 160 161 171 211 271 A37 A50 A57","n":9,"tram":0,"op":"mix"},"geometry":{"type":"LineString","coordinates":[[20.109039,50.038373],[20.114502,50.038373]]}},{"type":"Feature","properties":{"id":"c137","lines":"A50 A57","n":2,"tram":1,"op":"mix"},"geometry":{"type":"LineString","coordinates":[[20.109039,50.038373],[20.103576,50.034848],[20.089918,50.034848]]}},{"type":"Feature","properties":{"id":"c138","lines":"111 160 161 171 211 271","n":6,"tram":0,"op":"MPK Kraków — buses"},"geometry":{"type":"LineString","coordinates":[[20.114502,50.038373],[20.122697,50.038373]]}},{"type":"Feature","properties":{"id":"c139","lines":"A37 A50 A57","n":3,"tram":0,"op":"Małopolskie Linie Dowozowe"},"geometry":{"type":"LineString","coordinates":[[20.114502,50.038373],[20.122697,50.038373]]}},{"type":"Feature","properties":{"id":"c140","lines":"111 160 161 171 211 271 A37 A50 A57","n":9,"tram":0,"op":"mix"},"geometry":{"type":"LineString","coordinates":[[20.122697,50.038373],[20.133623,50.038373]]}},{"type":"Feature","properties":{"id":"c141","lines":"111 160 161","n":3,"tram":0,"op":"MPK Kraków — buses"},"geometry":{"type":"LineString","coordinates":[[20.133623,50.038373],[20.12816,50.041899]]}},{"type":"Feature","properties":{"id":"c142","lines":"111 161 211","n":3,"tram":0,"op":"MPK Kraków — buses"},"geometry":{"type":"LineString","coordinates":[[20.133623,50.038373],[20.158207,50.022509],[20.166402,50.022509]]}},{"type":"Feature","properties":{"id":"c143","lines":"111 161 A37 A50 A57","n":5,"tram":0,"op":"mix"},"geometry":{"type":"LineString","coordinates":[[20.133623,50.038373],[20.147281,50.038373],[20.150013,50.036611]]}},{"type":"Feature","properties":{"id":"c144","lines":"171 271","n":2,"tram":0,"op":"MPK Kraków — buses"},"geometry":{"type":"LineString","coordinates":[[20.133623,50.038373],[20.141818,50.043661],[20.141818,50.045424]]}},{"type":"Feature","properties":{"id":"c145","lines":"160","n":1,"tram":0,"op":"MPK Kraków — buses"},"geometry":{"type":"LineString","coordinates":[[20.12816,50.041899],[20.122697,50.045424],[20.111771,50.045424]]}},{"type":"Feature","properties":{"id":"c146","lines":"111 161 A37","n":3,"tram":0,"op":"mix"},"geometry":{"type":"LineString","coordinates":[[20.166402,50.022509],[20.150013,50.033085],[20.150013,50.036611]]}},{"type":"Feature","properties":{"id":"c147","lines":"211 A37","n":2,"tram":0,"op":"mix"},"geometry":{"type":"LineString","coordinates":[[20.166402,50.022509],[20.174597,50.017221],[20.174597,50.015459]]}},{"type":"Feature","properties":{"id":"c148","lines":"A37 A50 A57","n":3,"tram":0,"op":"Małopolskie Linie Dowozowe"},"geometry":{"type":"LineString","coordinates":[[20.150013,50.036611],[20.152744,50.034848],[20.169133,50.034848]]}},{"type":"Feature","properties":{"id":"c149","lines":"A37 A50 A57","n":3,"tram":0,"op":"Małopolskie Linie Dowozowe"},"geometry":{"type":"LineString","coordinates":[[20.150013,50.036611],[20.166402,50.036611],[20.169133,50.034848]]}},{"type":"Feature","properties":{"id":"c150","lines":"112 162","n":2,"tram":0,"op":"MPK Kraków — buses"},"geometry":{"type":"LineString","coordinates":[[19.966998,49.994307],[19.96973,49.996069],[19.96973,50.001357]]}},{"type":"Feature","properties":{"id":"c151","lines":"162","n":1,"tram":0,"op":"MPK Kraków — buses"},"geometry":{"type":"LineString","coordinates":[[19.966998,49.994307],[19.966998,49.989019]]}},{"type":"Feature","properties":{"id":"c152","lines":"112 162 176 476 712","n":5,"tram":0,"op":"MPK Kraków — buses"},"geometry":{"type":"LineString","coordinates":[[19.96973,50.001357],[19.972461,50.001357]]}},{"type":"Feature","properties":{"id":"c153","lines":"712","n":1,"tram":0,"op":"MPK Kraków — buses"},"geometry":{"type":"LineString","coordinates":[[19.96973,50.001357],[19.966998,49.999595]]}},{"type":"Feature","properties":{"id":"c154","lines":"112 162 176 712","n":4,"tram":0,"op":"MPK Kraków — buses"},"geometry":{"type":"LineString","coordinates":[[19.972461,50.001357],[19.980656,50.006645]]}},{"type":"Feature","properties":{"id":"c155","lines":"112 162 712","n":3,"tram":0,"op":"MPK Kraków — buses"},"geometry":{"type":"LineString","coordinates":[[19.980656,50.006645],[19.991582,50.013696]]}},{"type":"Feature","properties":{"id":"c156","lines":"176","n":1,"tram":0,"op":"MPK Kraków — buses"},"geometry":{"type":"LineString","coordinates":[[19.980656,50.006645],[19.975193,50.006645]]}},{"type":"Feature","properties":{"id":"c157","lines":"112 162 712","n":3,"tram":0,"op":"MPK Kraków — buses"},"geometry":{"type":"LineString","coordinates":[[19.991582,50.013696],[19.997045,50.017221]]}},{"type":"Feature","properties":{"id":"c158","lines":"126 219 A14 A44 A60 A64","n":6,"tram":0,"op":"mix"},"geometry":{"type":"LineString","coordinates":[[19.991582,50.013696],[19.994314,50.013696]]}},{"type":"Feature","properties":{"id":"c159","lines":"126 219 A14 A44 A60 A64","n":6,"tram":0,"op":"mix"},"geometry":{"type":"LineString","coordinates":[[19.991582,50.013696],[19.986119,50.013696]]}},{"type":"Feature","properties":{"id":"c160","lines":"112 162 712","n":3,"tram":0,"op":"MPK Kraków — buses"},"geometry":{"type":"LineString","coordinates":[[19.997045,50.017221],[19.997045,50.015459]]}},{"type":"Feature","properties":{"id":"c161","lines":"112 162 712","n":3,"tram":0,"op":"MPK Kraków — buses"},"geometry":{"type":"LineString","coordinates":[[19.997045,50.017221],[19.999777,50.015459]]}},{"type":"Feature","properties":{"id":"c162","lines":"112 126 162 194 219 494 662 712","n":8,"tram":1,"op":"mix"},"geometry":{"type":"LineString","coordinates":[[19.997045,50.015459],[19.999777,50.015459]]}},{"type":"Feature","properties":{"id":"c163","lines":"126 194 219 494 662","n":5,"tram":1,"op":"mix"},"geometry":{"type":"LineString","coordinates":[[19.997045,50.015459],[19.994314,50.013696]]}},{"type":"Feature","properties":{"id":"c164","lines":"112 124 126 162 219 300 424 708 712 A49 A60 LR0","n":12,"tram":0,"op":"mix"},"geometry":{"type":"LineString","coordinates":[[19.999777,50.015459],[20.002508,50.013696]]}},{"type":"Feature","properties":{"id":"c165","lines":"124 144 164 169 173 179 194 300 304 424 469 494 608 708 A1 A14 A44 A56 A64","n":19,"tram":0,"op":"mix"},"geometry":{"type":"LineString","coordinates":[[19.999777,50.015459],[19.999777,50.018984]]}},{"type":"Feature","properties":{"id":"c166","lines":"126 219 A14 A44 A60 A64","n":6,"tram":0,"op":"mix"},"geometry":{"type":"LineString","coordinates":[[19.999777,50.015459],[19.997045,50.013696],[19.994314,50.013696]]}},{"type":"Feature","properties":{"id":"c167","lines":"144 164 169 173 179 301 304 469 503 513 608 610 A1 A40 A49 A56","n":16,"tram":0,"op":"mix"},"geometry":{"type":"LineString","coordinates":[[19.999777,50.015459],[19.999777,50.011933]]}},{"type":"Feature","properties":{"id":"c168","lines":"301 503 513 A40 LR0","n":5,"tram":0,"op":"mix"},"geometry":{"type":"LineString","coordinates":[[19.999777,50.015459],[19.999777,50.018984]]}},{"type":"Feature","properties":{"id":"c169","lines":"610 662","n":2,"tram":0,"op":"MPK Kraków — buses"},"geometry":{"type":"LineString","coordinates":[[19.999777,50.015459],[20.00524,50.015459],[20.007971,50.017221]]}},{"type":"Feature","properties":{"id":"c171","lines":"120 140 337 513 669","n":5,"tram":0,"op":"MPK Kraków — buses"},"geometry":{"type":"LineString","coordinates":[[20.007971,50.02956],[20.007971,50.027797]]}},{"type":"Feature","properties":{"id":"c172","lines":"120 140 337 513 669","n":5,"tram":1,"op":"mix"},"geometry":{"type":"LineString","coordinates":[[20.007971,50.02956],[20.007971,50.031323]]}},{"type":"Feature","properties":{"id":"c174","lines":"139 169 179 192 199 469 608 704 A1 A14 A40 A44 A56 A64","n":14,"tram":0,"op":"mix"},"geometry":{"type":"LineString","coordinates":[[20.007971,50.027797],[20.00524,50.026035]]}},{"type":"Feature","properties":{"id":"c175","lines":"301 304 307 503 511 513","n":6,"tram":0,"op":"MPK Kraków — buses"},"geometry":{"type":"LineString","coordinates":[[20.007971,50.027797],[20.00524,50.027797],[20.002508,50.026035]]}},{"type":"Feature","properties":{"id":"c176","lines":"608","n":1,"tram":1,"op":"mix"},"geometry":{"type":"LineString","coordinates":[[20.007971,50.027797],[20.007971,50.024272]]}},{"type":"Feature","properties":{"id":"c178","lines":"513","n":1,"tram":0,"op":"MPK Kraków — buses"},"geometry":{"type":"LineString","coordinates":[[20.007971,50.031323],[20.010703,50.033085]]}},{"type":"Feature","properties":{"id":"c179","lines":"513","n":1,"tram":0,"op":"MPK Kraków — buses"},"geometry":{"type":"LineString","coordinates":[[20.007971,50.031323],[20.010703,50.033085]]}},{"type":"Feature","properties":{"id":"c180","lines":"120 144 220 240 290 904","n":6,"tram":0,"op":"MPK Kraków — buses"},"geometry":{"type":"LineString","coordinates":[[20.002508,50.033085],[20.002508,50.034848]]}},{"type":"Feature","properties":{"id":"c181","lines":"138 168 194 220 240 290","n":6,"tram":0,"op":"MPK Kraków — buses"},"geometry":{"type":"LineString","coordinates":[[20.002508,50.033085],[20.00524,50.033085]]}},{"type":"Feature","properties":{"id":"c182","lines":"138 144 168 194 904","n":5,"tram":0,"op":"MPK Kraków — buses"},"geometry":{"type":"LineString","coordinates":[[20.002508,50.033085],[20.002508,50.031323]]}},{"type":"Feature","properties":{"id":"c183","lines":"240","n":1,"tram":0,"op":"MPK Kraków — buses"},"geometry":{"type":"LineString","coordinates":[[20.002508,50.033085],[19.997045,50.033085]]}},{"type":"Feature","properties":{"id":"c184","lines":"120 150 220 240 290","n":5,"tram":0,"op":"MPK Kraków — buses"},"geometry":{"type":"LineString","coordinates":[[20.002508,50.034848],[19.999777,50.036611]]}},{"type":"Feature","properties":{"id":"c185","lines":"120 144 904","n":3,"tram":0,"op":"MPK Kraków — buses"},"geometry":{"type":"LineString","coordinates":[[20.002508,50.034848],[20.007971,50.038373],[20.010703,50.038373]]}},{"type":"Feature","properties":{"id":"c186","lines":"150","n":1,"tram":0,"op":"MPK Kraków — buses"},"geometry":{"type":"LineString","coordinates":[[20.002508,50.034848],[20.00524,50.036611]]}},{"type":"Feature","properties":{"id":"c187","lines":"220 240 290","n":3,"tram":0,"op":"MPK Kraków — buses"},"geometry":{"type":"LineString","coordinates":[[20.002508,50.034848],[20.00524,50.033085]]}},{"type":"Feature","properties":{"id":"c188","lines":"120 220 240 290","n":4,"tram":0,"op":"MPK Kraków — buses"},"geometry":{"type":"LineString","coordinates":[[19.999777,50.036611],[19.999777,50.038373]]}},{"type":"Feature","properties":{"id":"c189","lines":"150 240","n":2,"tram":0,"op":"MPK Kraków — buses"},"geometry":{"type":"LineString","coordinates":[[19.999777,50.036611],[19.997045,50.034848],[19.994314,50.034848]]}},{"type":"Feature","properties":{"id":"c190","lines":"120 220 240","n":3,"tram":0,"op":"MPK Kraków — buses"},"geometry":{"type":"LineString","coordinates":[[19.999777,50.038373],[19.997045,50.040136]]}},{"type":"Feature","properties":{"id":"c191","lines":"120 290","n":2,"tram":0,"op":"MPK Kraków — buses"},"geometry":{"type":"LineString","coordinates":[[19.999777,50.038373],[20.002508,50.040136]]}},{"type":"Feature","properties":{"id":"c192","lines":"120 LR0","n":2,"tram":0,"op":"MPK Kraków — buses"},"geometry":{"type":"LineString","coordinates":[[19.997045,50.040136],[19.986119,50.033085],[19.986119,50.02956]]}},{"type":"Feature","properties":{"id":"c193","lines":"220 LR0","n":2,"tram":0,"op":"MPK Kraków — buses"},"geometry":{"type":"LineString","coordinates":[[19.997045,50.040136],[19.997045,50.043661]]}},{"type":"Feature","properties":{"id":"c194","lines":"240","n":1,"tram":0,"op":"MPK Kraków — buses"},"geometry":{"type":"LineString","coordinates":[[19.997045,50.040136],[19.999777,50.041899]]}},{"type":"Feature","properties":{"id":"c195","lines":"120 238 248 258 268 278 288 948 LR0","n":9,"tram":0,"op":"MPK Kraków — buses"},"geometry":{"type":"LineString","coordinates":[[19.986119,50.02956],[19.988851,50.027797]]}},{"type":"Feature","properties":{"id":"c196","lines":"238 248 258 268 278 288 948","n":7,"tram":0,"op":"MPK Kraków — buses"},"geometry":{"type":"LineString","coordinates":[[19.986119,50.02956],[19.986119,50.031323]]}},{"type":"Feature","properties":{"id":"c197","lines":"120 173 200 210 230 238 248 258 268 278 288 310 511 572 611 910 948 LR0","n":18,"tram":0,"op":"MPK Kraków — buses"},"geometry":{"type":"LineString","coordinates":[[19.988851,50.027797],[19.988851,50.026035]]}},{"type":"Feature","properties":{"id":"c198","lines":"168 200 210 230 240 310 511 611 910","n":9,"tram":0,"op":"MPK Kraków — buses"},"geometry":{"type":"LineString","coordinates":[[19.988851,50.027797],[19.988851,50.02956]]}},{"type":"Feature","properties":{"id":"c199","lines":"168 173 240 572","n":4,"tram":0,"op":"MPK Kraków — buses"},"geometry":{"type":"LineString","coordinates":[[19.988851,50.027797],[19.994314,50.031323]]}},{"type":"Feature","properties":{"id":"c200","lines":"120 164 199 200 210 230 238 248 258 268 278 288 572 601 664 704 708 910 948","n":19,"tram":0,"op":"MPK Kraków — buses"},"geometry":{"type":"LineString","coordinates":[[19.988851,50.026035],[19.986119,50.026035]]}},{"type":"Feature","properties":{"id":"c201","lines":"164 173 199 310 511 601 611","n":7,"tram":0,"op":"MPK Kraków — buses"},"geometry":{"type":"LineString","coordinates":[[19.988851,50.026035],[19.988851,50.024272]]}},{"type":"Feature","properties":{"id":"c202","lines":"120 164 199 218 228 298 601 918","n":8,"tram":0,"op":"MPK Kraków — buses"},"geometry":{"type":"LineString","coordinates":[[19.986119,50.026035],[19.980656,50.026035]]}},{"type":"Feature","properties":{"id":"c203","lines":"120 572","n":2,"tram":0,"op":"MPK Kraków — buses"},"geometry":{"type":"LineString","coordinates":[[19.986119,50.026035],[19.980656,50.026035]]}},{"type":"Feature","properties":{"id":"c204","lines":"164 199 601","n":3,"tram":0,"op":"MPK Kraków — buses"},"geometry":{"type":"LineString","coordinates":[[19.986119,50.026035],[19.988851,50.024272]]}},{"type":"Feature","properties":{"id":"c205","lines":"164 199 218 228 298 601 918","n":7,"tram":0,"op":"MPK Kraków — buses"},"geometry":{"type":"LineString","coordinates":[[19.980656,50.026035],[19.975193,50.026035]]}},{"type":"Feature","properties":{"id":"c206","lines":"120 220 227 267 337 513 937","n":7,"tram":0,"op":"MPK Kraków — buses"},"geometry":{"type":"LineString","coordinates":[[20.010703,50.038373],[20.007971,50.040136]]}},{"type":"Feature","properties":{"id":"c207","lines":"144 904","n":2,"tram":0,"op":"MPK Kraków — buses"},"geometry":{"type":"LineString","coordinates":[[20.010703,50.038373],[20.013435,50.040136]]}},{"type":"Feature","properties":{"id":"c208","lines":"669","n":1,"tram":1,"op":"mix"},"geometry":{"type":"LineString","coordinates":[[20.010703,50.038373],[20.016166,50.038373]]}},{"type":"Feature","properties":{"id":"c209","lines":"A12 A13","n":2,"tram":0,"op":"Małopolskie Linie Dowozowe"},"geometry":{"type":"LineString","coordinates":[[20.010703,50.038373],[20.013435,50.036611]]}},{"type":"Feature","properties":{"id":"c210","lines":"A12 A13","n":2,"tram":0,"op":"Małopolskie Linie Dowozowe"},"geometry":{"type":"LineString","coordinates":[[20.010703,50.038373],[20.010703,50.041899]]}},{"type":"Feature","properties":{"id":"c211","lines":"120 220","n":2,"tram":0,"op":"MPK Kraków — buses"},"geometry":{"type":"LineString","coordinates":[[20.007971,50.040136],[20.002508,50.040136]]}},{"type":"Feature","properties":{"id":"c212","lines":"220","n":1,"tram":0,"op":"MPK Kraków — buses"},"geometry":{"type":"LineString","coordinates":[[20.007971,50.040136],[20.00524,50.041899],[19.999777,50.041899]]}},{"type":"Feature","properties":{"id":"c213","lines":"227 267 937","n":3,"tram":0,"op":"MPK Kraków — buses"},"geometry":{"type":"LineString","coordinates":[[20.007971,50.040136],[20.010703,50.041899]]}},{"type":"Feature","properties":{"id":"c214","lines":"337","n":1,"tram":0,"op":"MPK Kraków — buses"},"geometry":{"type":"LineString","coordinates":[[20.007971,50.040136],[20.007971,50.041899],[20.010703,50.043661]]}},{"type":"Feature","properties":{"id":"c215","lines":"220 290","n":2,"tram":0,"op":"MPK Kraków — buses"},"geometry":{"type":"LineString","coordinates":[[20.002508,50.040136],[19.999777,50.041899]]}},{"type":"Feature","properties":{"id":"c216","lines":"121","n":1,"tram":0,"op":"MPK Kraków — buses"},"geometry":{"type":"LineString","coordinates":[[19.980656,49.983731],[19.980656,49.985493],[19.986119,49.989019]]}},{"type":"Feature","properties":{"id":"c217","lines":"121 204 293","n":3,"tram":0,"op":"MPK Kraków — buses"},"geometry":{"type":"LineString","coordinates":[[19.983387,49.994307],[19.988851,49.994307]]}},{"type":"Feature","properties":{"id":"c218","lines":"151","n":1,"tram":0,"op":"MPK Kraków — buses"},"geometry":{"type":"LineString","coordinates":[[19.983387,49.994307],[19.986119,49.996069]]}},{"type":"Feature","properties":{"id":"c219","lines":"121 175 204 214 215 225 235 243 245 254 255 265 275 285 293 475 610 915 A1 A49 A56","n":21,"tram":0,"op":"mix"},"geometry":{"type":"LineString","coordinates":[[19.988851,49.994307],[19.991582,49.996069]]}},{"type":"Feature","properties":{"id":"c220","lines":"175 214 215 225 235 243 245 254 255 265 275 285 475 610 915 A1 A49 A56","n":18,"tram":0,"op":"mix"},"geometry":{"type":"LineString","coordinates":[[19.988851,49.994307],[19.988851,49.990781]]}},{"type":"Feature","properties":{"id":"c221","lines":"204 610","n":2,"tram":0,"op":"MPK Kraków — buses"},"geometry":{"type":"LineString","coordinates":[[19.988851,49.994307],[19.997045,49.994307]]}},{"type":"Feature","properties":{"id":"c222","lines":"151 915","n":2,"tram":0,"op":"MPK Kraków — buses"},"geometry":{"type":"LineString","coordinates":[[19.991582,49.996069],[19.991582,49.999595]]}},{"type":"Feature","properties":{"id":"c223","lines":"610 A40","n":2,"tram":0,"op":"mix"},"geometry":{"type":"LineString","coordinates":[[19.991582,49.996069],[19.991582,49.992544],[19.988851,49.990781]]}},{"type":"Feature","properties":{"id":"c224","lines":"915 A1 A40 A49 A56","n":5,"tram":0,"op":"mix"},"geometry":{"type":"LineString","coordinates":[[19.991582,49.996069],[19.994314,49.997832],[19.994314,50.001357]]}},{"type":"Feature","properties":{"id":"c226","lines":"122","n":1,"tram":0,"op":"MPK Kraków — buses"},"geometry":{"type":"LineString","coordinates":[[20.065334,50.050712],[20.078992,50.050712],[20.081724,50.048949]]}},{"type":"Feature","properties":{"id":"c227","lines":"122 180 202 212 222 232 262","n":7,"tram":0,"op":"MPK Kraków — buses"},"geometry":{"type":"LineString","coordinates":[[20.081724,50.048949],[20.07626,50.045424]]}},{"type":"Feature","properties":{"id":"c228","lines":"180","n":1,"tram":0,"op":"MPK Kraków — buses"},"geometry":{"type":"LineString","coordinates":[[20.081724,50.048949],[20.081724,50.045424]]}},{"type":"Feature","properties":{"id":"c229","lines":"202 212 222 232 262","n":5,"tram":0,"op":"MPK Kraków — buses"},"geometry":{"type":"LineString","coordinates":[[20.081724,50.048949],[20.084455,50.050712]]}},{"type":"Feature","properties":{"id":"c230","lines":"202 212 222 232 262","n":5,"tram":0,"op":"MPK Kraków — buses"},"geometry":{"type":"LineString","coordinates":[[20.081724,50.048949],[20.084455,50.050712]]}},{"type":"Feature","properties":{"id":"c231","lines":"122 149 180 202 212 222 232 262 608","n":9,"tram":1,"op":"mix"},"geometry":{"type":"LineString","coordinates":[[20.07626,50.045424],[20.073529,50.043661]]}},{"type":"Feature","properties":{"id":"c232","lines":"149","n":1,"tram":0,"op":"MPK Kraków — buses"},"geometry":{"type":"LineString","coordinates":[[20.07626,50.045424],[20.07626,50.047187]]}},{"type":"Feature","properties":{"id":"c233","lines":"180","n":1,"tram":0,"op":"MPK Kraków — buses"},"geometry":{"type":"LineString","coordinates":[[20.07626,50.045424],[20.081724,50.045424]]}},{"type":"Feature","properties":{"id":"c234","lines":"608","n":1,"tram":0,"op":"MPK Kraków — buses"},"geometry":{"type":"LineString","coordinates":[[20.07626,50.045424],[20.073529,50.045424],[20.070797,50.047187]]}},{"type":"Feature","properties":{"id":"c235","lines":"122 180 608","n":3,"tram":0,"op":"MPK Kraków — buses"},"geometry":{"type":"LineString","coordinates":[[20.073529,50.043661],[20.070797,50.043661]]}},{"type":"Feature","properties":{"id":"c236","lines":"149 202 212 222 232 262","n":6,"tram":0,"op":"MPK Kraków — buses"},"geometry":{"type":"LineString","coordinates":[[20.073529,50.043661],[20.068066,50.043661],[20.065334,50.041899]]}},{"type":"Feature","properties":{"id":"c238","lines":"122 601 608","n":3,"tram":0,"op":"MPK Kraków — buses"},"geometry":{"type":"LineString","coordinates":[[20.070797,50.043661],[20.068066,50.045424]]}},{"type":"Feature","properties":{"id":"c239","lines":"180","n":1,"tram":0,"op":"MPK Kraków — buses"},"geometry":{"type":"LineString","coordinates":[[20.070797,50.043661],[20.070797,50.047187]]}},{"type":"Feature","properties":{"id":"c240","lines":"601","n":1,"tram":0,"op":"MPK Kraków — buses"},"geometry":{"type":"LineString","coordinates":[[20.070797,50.043661],[20.073529,50.043661],[20.07626,50.041899]]}},{"type":"Feature","properties":{"id":"c241","lines":"122 182 511 601 608","n":5,"tram":0,"op":"MPK Kraków — buses"},"geometry":{"type":"LineString","coordinates":[[20.068066,50.045424],[20.062603,50.045424]]}},{"type":"Feature","properties":{"id":"c242","lines":"182 511","n":2,"tram":0,"op":"MPK Kraków — buses"},"geometry":{"type":"LineString","coordinates":[[20.068066,50.045424],[20.070797,50.047187]]}},{"type":"Feature","properties":{"id":"c243","lines":"122 182 601 608","n":4,"tram":0,"op":"MPK Kraków — buses"},"geometry":{"type":"LineString","coordinates":[[20.062603,50.045424],[20.059871,50.043661]]}},{"type":"Feature","properties":{"id":"c244","lines":"511","n":1,"tram":0,"op":"MPK Kraków — buses"},"geometry":{"type":"LineString","coordinates":[[20.062603,50.045424],[20.05714,50.045424],[20.054408,50.043661]]}},{"type":"Feature","properties":{"id":"c245","lines":"122 601 608","n":3,"tram":0,"op":"MPK Kraków — buses"},"geometry":{"type":"LineString","coordinates":[[20.059871,50.043661],[20.059871,50.041899]]}},{"type":"Feature","properties":{"id":"c246","lines":"182","n":1,"tram":0,"op":"MPK Kraków — buses"},"geometry":{"type":"LineString","coordinates":[[20.059871,50.043661],[20.05714,50.041899]]}},{"type":"Feature","properties":{"id":"c247","lines":"182","n":1,"tram":0,"op":"MPK Kraków — buses"},"geometry":{"type":"LineString","coordinates":[[20.059871,50.043661],[20.054408,50.043661]]}},{"type":"Feature","properties":{"id":"c248","lines":"122 138 608","n":3,"tram":0,"op":"MPK Kraków — buses"},"geometry":{"type":"LineString","coordinates":[[20.059871,50.041899],[20.065334,50.041899]]}},{"type":"Feature","properties":{"id":"c249","lines":"138","n":1,"tram":0,"op":"MPK Kraków — buses"},"geometry":{"type":"LineString","coordinates":[[20.059871,50.041899],[20.05714,50.041899]]}},{"type":"Feature","properties":{"id":"c250","lines":"122 160 202 212 222 232 262 608","n":8,"tram":1,"op":"mix"},"geometry":{"type":"LineString","coordinates":[[20.065334,50.041899],[20.062603,50.040136],[20.05714,50.040136]]}},{"type":"Feature","properties":{"id":"c251","lines":"138 160","n":2,"tram":1,"op":"mix"},"geometry":{"type":"LineString","coordinates":[[20.065334,50.041899],[20.070797,50.041899]]}},{"type":"Feature","properties":{"id":"c252","lines":"149","n":1,"tram":0,"op":"MPK Kraków — buses"},"geometry":{"type":"LineString","coordinates":[[20.065334,50.041899],[20.068066,50.040136]]}},{"type":"Feature","properties":{"id":"c253","lines":"122 202 212 222 232 262 608","n":7,"tram":1,"op":"mix"},"geometry":{"type":"LineString","coordinates":[[20.05714,50.040136],[20.051676,50.036611]]}},{"type":"Feature","properties":{"id":"c254","lines":"123 132 139 601","n":4,"tram":0,"op":"MPK Kraków — buses"},"geometry":{"type":"LineString","coordinates":[[20.05714,50.040136],[20.048945,50.040136]]}},{"type":"Feature","properties":{"id":"c255","lines":"123 132","n":2,"tram":0,"op":"MPK Kraków — buses"},"geometry":{"type":"LineString","coordinates":[[20.05714,50.040136],[20.062603,50.040136]]}},{"type":"Feature","properties":{"id":"c256","lines":"132 139 160 601","n":4,"tram":0,"op":"MPK Kraków — buses"},"geometry":{"type":"LineString","coordinates":[[20.05714,50.040136],[20.059871,50.038373]]}},{"type":"Feature","properties":{"id":"c257","lines":"122 189 572 A50 A57","n":5,"tram":1,"op":"mix"},"geometry":{"type":"LineString","coordinates":[[20.051676,50.036611],[20.054408,50.036611]]}},{"type":"Feature","properties":{"id":"c258","lines":"189 572 608 664","n":4,"tram":1,"op":"mix"},"geometry":{"type":"LineString","coordinates":[[20.051676,50.036611],[20.048945,50.038373]]}},{"type":"Feature","properties":{"id":"c259","lines":"202 212 222 232 262","n":5,"tram":0,"op":"MPK Kraków — buses"},"geometry":{"type":"LineString","coordinates":[[20.051676,50.036611],[20.046213,50.033085]]}},{"type":"Feature","properties":{"id":"c260","lines":"664 A50 A57","n":3,"tram":1,"op":"mix"},"geometry":{"type":"LineString","coordinates":[[20.051676,50.036611],[20.046213,50.033085]]}},{"type":"Feature","properties":{"id":"c261","lines":"122 572","n":2,"tram":0,"op":"MPK Kraków — buses"},"geometry":{"type":"LineString","coordinates":[[20.054408,50.036611],[20.05714,50.036611]]}},{"type":"Feature","properties":{"id":"c262","lines":"189 A50 A57","n":3,"tram":1,"op":"mix"},"geometry":{"type":"LineString","coordinates":[[20.054408,50.036611],[20.05714,50.034848]]}},{"type":"Feature","properties":{"id":"c263","lines":"160 601","n":2,"tram":0,"op":"MPK Kraków — buses"},"geometry":{"type":"LineString","coordinates":[[20.05714,50.036611],[20.059871,50.036611]]}},{"type":"Feature","properties":{"id":"c264","lines":"601","n":1,"tram":0,"op":"MPK Kraków — buses"},"geometry":{"type":"LineString","coordinates":[[20.05714,50.036611],[20.05714,50.034848]]}},{"type":"Feature","properties":{"id":"c265","lines":"123 132 139 182 601","n":5,"tram":1,"op":"mix"},"geometry":{"type":"LineString","coordinates":[[20.038019,50.041899],[20.04075,50.041899]]}},{"type":"Feature","properties":{"id":"c266","lines":"132 139 182 482 601","n":5,"tram":0,"op":"MPK Kraków — buses"},"geometry":{"type":"LineString","coordinates":[[20.038019,50.041899],[20.035287,50.040136],[20.035287,50.038373]]}},{"type":"Feature","properties":{"id":"c267","lines":"123","n":1,"tram":0,"op":"MPK Kraków — buses"},"geometry":{"type":"LineString","coordinates":[[20.04075,50.041899],[20.04075,50.040136]]}},{"type":"Feature","properties":{"id":"c268","lines":"132 139 182 601","n":4,"tram":1,"op":"mix"},"geometry":{"type":"LineString","coordinates":[[20.04075,50.041899],[20.043482,50.041899]]}},{"type":"Feature","properties":{"id":"c269","lines":"123","n":1,"tram":0,"op":"MPK Kraków — buses"},"geometry":{"type":"LineString","coordinates":[[20.04075,50.040136],[20.04075,50.038373]]}},{"type":"Feature","properties":{"id":"c270","lines":"123","n":1,"tram":0,"op":"MPK Kraków — buses"},"geometry":{"type":"LineString","coordinates":[[20.04075,50.040136],[20.04075,50.038373]]}},{"type":"Feature","properties":{"id":"c271","lines":"123 189 608 611","n":4,"tram":0,"op":"MPK Kraków — buses"},"geometry":{"type":"LineString","coordinates":[[20.04075,50.038373],[20.043482,50.038373]]}},{"type":"Feature","properties":{"id":"c272","lines":"138 511","n":2,"tram":0,"op":"MPK Kraków — buses"},"geometry":{"type":"LineString","coordinates":[[20.04075,50.038373],[20.043482,50.038373],[20.048945,50.041899]]}},{"type":"Feature","properties":{"id":"c273","lines":"138 189 608 611","n":4,"tram":0,"op":"MPK Kraków — buses"},"geometry":{"type":"LineString","coordinates":[[20.04075,50.038373],[20.038019,50.038373]]}},{"type":"Feature","properties":{"id":"c274","lines":"511 572 608","n":3,"tram":0,"op":"MPK Kraków — buses"},"geometry":{"type":"LineString","coordinates":[[20.04075,50.038373],[20.038019,50.036611],[20.035287,50.036611]]}},{"type":"Feature","properties":{"id":"c275","lines":"572","n":1,"tram":0,"op":"MPK Kraków — buses"},"geometry":{"type":"LineString","coordinates":[[20.04075,50.038373],[20.043482,50.038373]]}},{"type":"Feature","properties":{"id":"c276","lines":"123","n":1,"tram":0,"op":"MPK Kraków — buses"},"geometry":{"type":"LineString","coordinates":[[20.043482,50.038373],[20.046213,50.040136]]}},{"type":"Feature","properties":{"id":"c277","lines":"189 572 608","n":3,"tram":0,"op":"MPK Kraków — buses"},"geometry":{"type":"LineString","coordinates":[[20.043482,50.038373],[20.048945,50.038373]]}},{"type":"Feature","properties":{"id":"c278","lines":"611","n":1,"tram":0,"op":"MPK Kraków — buses"},"geometry":{"type":"LineString","coordinates":[[20.043482,50.038373],[20.043482,50.034848]]}},{"type":"Feature","properties":{"id":"c279","lines":"123 132 139 601 664","n":5,"tram":1,"op":"mix"},"geometry":{"type":"LineString","coordinates":[[20.046213,50.040136],[20.048945,50.040136]]}},{"type":"Feature","properties":{"id":"c280","lines":"132 139 601","n":3,"tram":1,"op":"mix"},"geometry":{"type":"LineString","coordinates":[[20.046213,50.040136],[20.043482,50.041899]]}},{"type":"Feature","properties":{"id":"c281","lines":"664","n":1,"tram":1,"op":"mix"},"geometry":{"type":"LineString","coordinates":[[20.046213,50.040136],[20.046213,50.043661]]}},{"type":"Feature","properties":{"id":"c282","lines":"664","n":1,"tram":1,"op":"mix"},"geometry":{"type":"LineString","coordinates":[[20.048945,50.040136],[20.048945,50.038373]]}},{"type":"Feature","properties":{"id":"c283","lines":"123 132","n":2,"tram":0,"op":"MPK Kraków — buses"},"geometry":{"type":"LineString","coordinates":[[20.062603,50.040136],[20.065334,50.038373]]}},{"type":"Feature","properties":{"id":"c284","lines":"132","n":1,"tram":0,"op":"MPK Kraków — buses"},"geometry":{"type":"LineString","coordinates":[[20.062603,50.040136],[20.059871,50.038373]]}},{"type":"Feature","properties":{"id":"c285","lines":"123 601","n":2,"tram":0,"op":"MPK Kraków — buses"},"geometry":{"type":"LineString","coordinates":[[20.065334,50.038373],[20.068066,50.036611]]}},{"type":"Feature","properties":{"id":"c286","lines":"123 601","n":2,"tram":0,"op":"MPK Kraków — buses"},"geometry":{"type":"LineString","coordinates":[[20.065334,50.038373],[20.068066,50.036611]]}},{"type":"Feature","properties":{"id":"c287","lines":"132 139 601","n":3,"tram":0,"op":"MPK Kraków — buses"},"geometry":{"type":"LineString","coordinates":[[20.065334,50.038373],[20.070797,50.038373],[20.073529,50.040136]]}},{"type":"Feature","properties":{"id":"c288","lines":"139","n":1,"tram":0,"op":"MPK Kraków — buses"},"geometry":{"type":"LineString","coordinates":[[20.065334,50.038373],[20.062603,50.038373],[20.059871,50.036611]]}},{"type":"Feature","properties":{"id":"c289","lines":"149","n":1,"tram":0,"op":"MPK Kraków — buses"},"geometry":{"type":"LineString","coordinates":[[20.065334,50.038373],[20.068066,50.040136]]}},{"type":"Feature","properties":{"id":"c290","lines":"149 463","n":2,"tram":1,"op":"mix"},"geometry":{"type":"LineString","coordinates":[[20.065334,50.038373],[20.062603,50.038373],[20.05714,50.034848]]}},{"type":"Feature","properties":{"id":"c291","lines":"149 463","n":2,"tram":1,"op":"mix"},"geometry":{"type":"LineString","coordinates":[[20.065334,50.038373],[20.070797,50.038373]]}},{"type":"Feature","properties":{"id":"c292","lines":"123 174 601","n":3,"tram":0,"op":"MPK Kraków — buses"},"geometry":{"type":"LineString","coordinates":[[20.068066,50.036611],[20.065334,50.034848],[20.065334,50.033085]]}},{"type":"Feature","properties":{"id":"c293","lines":"123","n":1,"tram":0,"op":"MPK Kraków — buses"},"geometry":{"type":"LineString","coordinates":[[20.068066,50.036611],[20.068066,50.034848]]}},{"type":"Feature","properties":{"id":"c294","lines":"174","n":1,"tram":0,"op":"MPK Kraków — buses"},"geometry":{"type":"LineString","coordinates":[[20.068066,50.036611],[20.070797,50.038373]]}},{"type":"Feature","properties":{"id":"c295","lines":"123 A50 A57","n":3,"tram":0,"op":"mix"},"geometry":{"type":"LineString","coordinates":[[20.065334,50.033085],[20.059871,50.033085]]}},{"type":"Feature","properties":{"id":"c296","lines":"123 149 174 601 A50 A57","n":6,"tram":1,"op":"mix"},"geometry":{"type":"LineString","coordinates":[[20.065334,50.033085],[20.059871,50.033085]]}},{"type":"Feature","properties":{"id":"c297","lines":"123 174","n":2,"tram":0,"op":"MPK Kraków — buses"},"geometry":{"type":"LineString","coordinates":[[20.065334,50.033085],[20.068066,50.034848]]}},{"type":"Feature","properties":{"id":"c298","lines":"149 A50 A57","n":3,"tram":1,"op":"mix"},"geometry":{"type":"LineString","coordinates":[[20.065334,50.033085],[20.073529,50.033085],[20.07626,50.034848]]}},{"type":"Feature","properties":{"id":"c299","lines":"123","n":1,"tram":0,"op":"MPK Kraków — buses"},"geometry":{"type":"LineString","coordinates":[[20.059871,50.033085],[20.05714,50.031323],[20.05714,50.02956]]}},{"type":"Feature","properties":{"id":"c300","lines":"149 174 601 A50 A57","n":5,"tram":1,"op":"mix"},"geometry":{"type":"LineString","coordinates":[[20.059871,50.033085],[20.05714,50.034848]]}},{"type":"Feature","properties":{"id":"c301","lines":"123","n":1,"tram":0,"op":"MPK Kraków — buses"},"geometry":{"type":"LineString","coordinates":[[20.05714,50.02956],[20.05714,50.026035]]}},{"type":"Feature","properties":{"id":"c302","lines":"149","n":1,"tram":0,"op":"MPK Kraków — buses"},"geometry":{"type":"LineString","coordinates":[[20.05714,50.02956],[20.081724,50.02956],[20.089918,50.034848]]}},{"type":"Feature","properties":{"id":"c303","lines":"123","n":1,"tram":0,"op":"MPK Kraków — buses"},"geometry":{"type":"LineString","coordinates":[[20.05714,50.026035],[20.054408,50.024272],[20.054408,50.022509]]}},{"type":"Feature","properties":{"id":"c304","lines":"158 221","n":2,"tram":0,"op":"MPK Kraków — buses"},"geometry":{"type":"LineString","coordinates":[[20.05714,50.026035],[20.070797,50.026035]]}},{"type":"Feature","properties":{"id":"c305","lines":"158 221","n":2,"tram":0,"op":"MPK Kraków — buses"},"geometry":{"type":"LineString","coordinates":[[20.05714,50.026035],[20.051676,50.026035],[20.046213,50.022509]]}},{"type":"Feature","properties":{"id":"c306","lines":"123 125 195 264 605 A58","n":6,"tram":0,"op":"mix"},"geometry":{"type":"LineString","coordinates":[[20.054408,50.022509],[20.046213,50.022509]]}},{"type":"Feature","properties":{"id":"c307","lines":"125 195 605","n":3,"tram":0,"op":"MPK Kraków — buses"},"geometry":{"type":"LineString","coordinates":[[20.054408,50.022509],[20.054408,50.020747]]}},{"type":"Feature","properties":{"id":"c308","lines":"264 A58","n":2,"tram":0,"op":"mix"},"geometry":{"type":"LineString","coordinates":[[20.054408,50.022509],[20.095381,50.022509]]}},{"type":"Feature","properties":{"id":"c309","lines":"123 125 158 195 221 264 605 A58","n":8,"tram":0,"op":"mix"},"geometry":{"type":"LineString","coordinates":[[20.046213,50.022509],[20.04075,50.018984]]}},{"type":"Feature","properties":{"id":"c310","lines":"123 125 195 221 264 A58","n":6,"tram":0,"op":"mix"},"geometry":{"type":"LineString","coordinates":[[20.04075,50.018984],[20.032555,50.018984]]}},{"type":"Feature","properties":{"id":"c311","lines":"123 158 605","n":3,"tram":0,"op":"MPK Kraków — buses"},"geometry":{"type":"LineString","coordinates":[[20.04075,50.018984],[20.038019,50.017221],[20.035287,50.017221]]}},{"type":"Feature","properties":{"id":"c312","lines":"123 125 128 148 158 195 221 264 497 605 A58","n":11,"tram":0,"op":"mix"},"geometry":{"type":"LineString","coordinates":[[20.032555,50.018984],[20.029824,50.018984]]}},{"type":"Feature","properties":{"id":"c313","lines":"123 128 148 158 605","n":5,"tram":0,"op":"MPK Kraków — buses"},"geometry":{"type":"LineString","coordinates":[[20.032555,50.018984],[20.035287,50.017221]]}},{"type":"Feature","properties":{"id":"c314","lines":"497","n":1,"tram":0,"op":"MPK Kraków — buses"},"geometry":{"type":"LineString","coordinates":[[20.032555,50.018984],[20.029824,50.017221],[20.029824,50.013696]]}},{"type":"Feature","properties":{"id":"c315","lines":"125 128 148 158 497 605","n":6,"tram":1,"op":"mix"},"geometry":{"type":"LineString","coordinates":[[20.029824,50.018984],[20.027092,50.017221],[20.024361,50.017221]]}},{"type":"Feature","properties":{"id":"c316","lines":"128 158 605","n":3,"tram":0,"op":"MPK Kraków — buses"},"geometry":{"type":"LineString","coordinates":[[20.029824,50.018984],[20.024361,50.018984]]}},{"type":"Feature","properties":{"id":"c317","lines":"174","n":1,"tram":0,"op":"MPK Kraków — buses"},"geometry":{"type":"LineString","coordinates":[[20.068066,50.034848],[20.070797,50.036611],[20.070797,50.038373]]}},{"type":"Feature","properties":{"id":"c318","lines":"124 128 424","n":3,"tram":0,"op":"MPK Kraków — buses"},"geometry":{"type":"LineString","coordinates":[[20.027092,50.02956],[20.024361,50.031323]]}},{"type":"Feature","properties":{"id":"c319","lines":"124 424","n":2,"tram":0,"op":"MPK Kraków — buses"},"geometry":{"type":"LineString","coordinates":[[20.027092,50.02956],[20.032555,50.033085]]}},{"type":"Feature","properties":{"id":"c320","lines":"128","n":1,"tram":0,"op":"MPK Kraków — buses"},"geometry":{"type":"LineString","coordinates":[[20.027092,50.02956],[20.029824,50.027797]]}},{"type":"Feature","properties":{"id":"c321","lines":"664","n":1,"tram":0,"op":"MPK Kraków — buses"},"geometry":{"type":"LineString","coordinates":[[20.027092,50.02956],[20.035287,50.02956],[20.038019,50.031323]]}},{"type":"Feature","properties":{"id":"c322","lines":"664","n":1,"tram":1,"op":"mix"},"geometry":{"type":"LineString","coordinates":[[20.027092,50.02956],[20.024361,50.027797]]}},{"type":"Feature","properties":{"id":"c324","lines":"124 182 189 424 482 511 601 611","n":8,"tram":0,"op":"MPK Kraków — buses"},"geometry":{"type":"LineString","coordinates":[[20.024361,50.031323],[20.021629,50.031323]]}},{"type":"Feature","properties":{"id":"c325","lines":"424","n":1,"tram":0,"op":"MPK Kraków — buses"},"geometry":{"type":"LineString","coordinates":[[20.024361,50.031323],[20.029824,50.034848]]}},{"type":"Feature","properties":{"id":"c326","lines":"128 182 189 482 511 601 611","n":7,"tram":0,"op":"MPK Kraków — buses"},"geometry":{"type":"LineString","coordinates":[[20.024361,50.031323],[20.021629,50.033085]]}},{"type":"Feature","properties":{"id":"c327","lines":"124 424","n":2,"tram":0,"op":"MPK Kraków — buses"},"geometry":{"type":"LineString","coordinates":[[20.021629,50.031323],[20.018898,50.02956]]}},{"type":"Feature","properties":{"id":"c328","lines":"124 182 189 424 482 511 601 611","n":8,"tram":0,"op":"MPK Kraków — buses"},"geometry":{"type":"LineString","coordinates":[[20.021629,50.031323],[20.021629,50.02956]]}},{"type":"Feature","properties":{"id":"c329","lines":"124","n":1,"tram":0,"op":"MPK Kraków — buses"},"geometry":{"type":"LineString","coordinates":[[20.021629,50.031323],[20.027092,50.034848],[20.029824,50.034848]]}},{"type":"Feature","properties":{"id":"c330","lines":"511","n":1,"tram":0,"op":"MPK Kraków — buses"},"geometry":{"type":"LineString","coordinates":[[20.021629,50.031323],[20.021629,50.033085]]}},{"type":"Feature","properties":{"id":"c331","lines":"124 424","n":2,"tram":0,"op":"MPK Kraków — buses"},"geometry":{"type":"LineString","coordinates":[[20.018898,50.02956],[20.018898,50.026035]]}},{"type":"Feature","properties":{"id":"c332","lines":"124 424","n":2,"tram":0,"op":"MPK Kraków — buses"},"geometry":{"type":"LineString","coordinates":[[20.018898,50.02956],[20.021629,50.02956]]}},{"type":"Feature","properties":{"id":"c334","lines":"124 125 424 601 605 611 662 664","n":8,"tram":1,"op":"mix"},"geometry":{"type":"LineString","coordinates":[[20.018898,50.026035],[20.016166,50.024272]]}},{"type":"Feature","properties":{"id":"c335","lines":"125","n":1,"tram":0,"op":"MPK Kraków — buses"},"geometry":{"type":"LineString","coordinates":[[20.018898,50.026035],[20.024361,50.026035]]}},{"type":"Feature","properties":{"id":"c336","lines":"125 664","n":2,"tram":1,"op":"mix"},"geometry":{"type":"LineString","coordinates":[[20.018898,50.026035],[20.021629,50.027797],[20.024361,50.027797]]}},{"type":"Feature","properties":{"id":"c337","lines":"182 189 482 511 601 611","n":6,"tram":0,"op":"MPK Kraków — buses"},"geometry":{"type":"LineString","coordinates":[[20.018898,50.026035],[20.021629,50.027797],[20.021629,50.02956]]}},{"type":"Feature","properties":{"id":"c338","lines":"182 189 482 511","n":4,"tram":0,"op":"MPK Kraków — buses"},"geometry":{"type":"LineString","coordinates":[[20.018898,50.026035],[20.016166,50.026035]]}},{"type":"Feature","properties":{"id":"c339","lines":"605 662","n":2,"tram":1,"op":"mix"},"geometry":{"type":"LineString","coordinates":[[20.018898,50.026035],[20.018898,50.024272],[20.016166,50.022509]]}},{"type":"Feature","properties":{"id":"c341","lines":"124 424 601 605 608 609 611 662 664 669 902","n":11,"tram":1,"op":"mix"},"geometry":{"type":"LineString","coordinates":[[20.016166,50.024272],[20.010703,50.024272]]}},{"type":"Feature","properties":{"id":"c342","lines":"125","n":1,"tram":1,"op":"mix"},"geometry":{"type":"LineString","coordinates":[[20.016166,50.024272],[20.016166,50.026035]]}},{"type":"Feature","properties":{"id":"c343","lines":"125 609 902","n":3,"tram":0,"op":"MPK Kraków — buses"},"geometry":{"type":"LineString","coordinates":[[20.016166,50.024272],[20.013435,50.026035],[20.013435,50.027797]]}},{"type":"Feature","properties":{"id":"c344","lines":"124 424 601 608 611 664 704 902","n":8,"tram":1,"op":"mix"},"geometry":{"type":"LineString","coordinates":[[20.010703,50.024272],[20.007971,50.024272]]}},{"type":"Feature","properties":{"id":"c345","lines":"609 610 662 669 904","n":5,"tram":1,"op":"mix"},"geometry":{"type":"LineString","coordinates":[[20.010703,50.024272],[20.010703,50.022509]]}},{"type":"Feature","properties":{"id":"c346","lines":"124 424 601 611 664 902","n":6,"tram":0,"op":"MPK Kraków — buses"},"geometry":{"type":"LineString","coordinates":[[20.007971,50.024272],[20.00524,50.026035]]}},{"type":"Feature","properties":{"id":"c347","lines":"124 424 601 611 664 704 902","n":7,"tram":0,"op":"MPK Kraków — buses"},"geometry":{"type":"LineString","coordinates":[[20.007971,50.024272],[20.00524,50.024272]]}},{"type":"Feature","properties":{"id":"c348","lines":"124 139 169 179 192 199 424 469 601 608 611 664 704 902 A1 A14 A40 A44 A56 A64","n":20,"tram":0,"op":"mix"},"geometry":{"type":"LineString","coordinates":[[20.00524,50.026035],[20.002508,50.026035]]}},{"type":"Feature","properties":{"id":"c349","lines":"124 169 179 192 301 304 307 424 469 503 513 608 708 902","n":14,"tram":0,"op":"MPK Kraków — buses"},"geometry":{"type":"LineString","coordinates":[[20.002508,50.026035],[20.002508,50.022509]]}},{"type":"Feature","properties":{"id":"c350","lines":"139 199 511 601 611","n":5,"tram":0,"op":"MPK Kraków — buses"},"geometry":{"type":"LineString","coordinates":[[20.002508,50.026035],[19.999777,50.024272]]}},{"type":"Feature","properties":{"id":"c351","lines":"664 704","n":2,"tram":0,"op":"MPK Kraków — buses"},"geometry":{"type":"LineString","coordinates":[[20.002508,50.026035],[20.00524,50.024272]]}},{"type":"Feature","properties":{"id":"c352","lines":"A1 A14 A40 A44 A56 A64","n":6,"tram":0,"op":"Małopolskie Linie Dowozowe"},"geometry":{"type":"LineString","coordinates":[[20.002508,50.026035],[19.999777,50.024272],[19.999777,50.020747]]}},{"type":"Feature","properties":{"id":"c353","lines":"124 144 164 169 173 179 192 194 301 304 307 310 424 469 494 503 513 608 708 902","n":20,"tram":0,"op":"MPK Kraków — buses"},"geometry":{"type":"LineString","coordinates":[[20.002508,50.022509],[19.999777,50.020747]]}},{"type":"Feature","properties":{"id":"c354","lines":"124 424 902","n":3,"tram":0,"op":"MPK Kraków — buses"},"geometry":{"type":"LineString","coordinates":[[20.002508,50.022509],[20.00524,50.024272]]}},{"type":"Feature","properties":{"id":"c355","lines":"144 164 173 194 310 494","n":6,"tram":0,"op":"MPK Kraków — buses"},"geometry":{"type":"LineString","coordinates":[[20.002508,50.022509],[19.999777,50.024272]]}},{"type":"Feature","properties":{"id":"c356","lines":"124 144 164 169 173 179 194 300 301 304 310 424 469 494 503 513 608 708 A1 A14 A40 A44 A56 A64 LR0","n":25,"tram":0,"op":"mix"},"geometry":{"type":"LineString","coordinates":[[19.999777,50.020747],[19.999777,50.018984]]}},{"type":"Feature","properties":{"id":"c357","lines":"134 307","n":2,"tram":0,"op":"MPK Kraków — buses"},"geometry":{"type":"LineString","coordinates":[[19.999777,50.020747],[19.997045,50.020747]]}},{"type":"Feature","properties":{"id":"c358","lines":"144 164 173 194 310 494 LR0","n":7,"tram":0,"op":"MPK Kraków — buses"},"geometry":{"type":"LineString","coordinates":[[19.999777,50.020747],[19.999777,50.024272]]}},{"type":"Feature","properties":{"id":"c360","lines":"310 609","n":2,"tram":1,"op":"mix"},"geometry":{"type":"LineString","coordinates":[[19.999777,50.018984],[19.994314,50.015459],[19.991582,50.015459]]}},{"type":"Feature","properties":{"id":"c361","lines":"609","n":1,"tram":1,"op":"mix"},"geometry":{"type":"LineString","coordinates":[[19.999777,50.018984],[20.002508,50.020747]]}},{"type":"Feature","properties":{"id":"c362","lines":"601 611","n":2,"tram":0,"op":"MPK Kraków — buses"},"geometry":{"type":"LineString","coordinates":[[20.00524,50.024272],[19.999777,50.024272]]}},{"type":"Feature","properties":{"id":"c363","lines":"124 424","n":2,"tram":0,"op":"MPK Kraków — buses"},"geometry":{"type":"LineString","coordinates":[[20.029824,50.034848],[20.032555,50.033085]]}},{"type":"Feature","properties":{"id":"c364","lines":"125 605","n":2,"tram":0,"op":"MPK Kraków — buses"},"geometry":{"type":"LineString","coordinates":[[20.059871,50.015459],[20.059871,50.017221]]}},{"type":"Feature","properties":{"id":"c365","lines":"195","n":1,"tram":0,"op":"MPK Kraków — buses"},"geometry":{"type":"LineString","coordinates":[[20.059871,50.015459],[20.051676,50.015459]]}},{"type":"Feature","properties":{"id":"c366","lines":"125 605","n":2,"tram":0,"op":"MPK Kraków — buses"},"geometry":{"type":"LineString","coordinates":[[20.059871,50.017221],[20.059871,50.020747]]}},{"type":"Feature","properties":{"id":"c367","lines":"125","n":1,"tram":0,"op":"MPK Kraków — buses"},"geometry":{"type":"LineString","coordinates":[[20.059871,50.017221],[20.059871,50.020747]]}},{"type":"Feature","properties":{"id":"c368","lines":"125 605","n":2,"tram":0,"op":"MPK Kraków — buses"},"geometry":{"type":"LineString","coordinates":[[20.059871,50.020747],[20.054408,50.020747]]}},{"type":"Feature","properties":{"id":"c369","lines":"195","n":1,"tram":0,"op":"MPK Kraków — buses"},"geometry":{"type":"LineString","coordinates":[[20.054408,50.020747],[20.051676,50.018984],[20.051676,50.015459]]}},{"type":"Feature","properties":{"id":"c370","lines":"125 427 497","n":3,"tram":1,"op":"mix"},"geometry":{"type":"LineString","coordinates":[[20.024361,50.017221],[20.018898,50.017221]]}},{"type":"Feature","properties":{"id":"c371","lines":"127 148","n":2,"tram":0,"op":"MPK Kraków — buses"},"geometry":{"type":"LineString","coordinates":[[20.024361,50.017221],[20.027092,50.018984],[20.027092,50.020747]]}},{"type":"Feature","properties":{"id":"c372","lines":"127 427","n":2,"tram":0,"op":"MPK Kraków — buses"},"geometry":{"type":"LineString","coordinates":[[20.024361,50.017221],[20.027092,50.015459]]}},{"type":"Feature","properties":{"id":"c373","lines":"127 427","n":2,"tram":0,"op":"MPK Kraków — buses"},"geometry":{"type":"LineString","coordinates":[[20.024361,50.017221],[20.027092,50.015459]]}},{"type":"Feature","properties":{"id":"c374","lines":"128 158 605","n":3,"tram":0,"op":"MPK Kraków — buses"},"geometry":{"type":"LineString","coordinates":[[20.024361,50.017221],[20.024361,50.018984]]}},{"type":"Feature","properties":{"id":"c375","lines":"125 605","n":2,"tram":0,"op":"MPK Kraków — buses"},"geometry":{"type":"LineString","coordinates":[[20.018898,50.017221],[20.021629,50.018984],[20.021629,50.020747]]}},{"type":"Feature","properties":{"id":"c376","lines":"427 497 605","n":3,"tram":1,"op":"mix"},"geometry":{"type":"LineString","coordinates":[[20.018898,50.017221],[20.016166,50.018984]]}},{"type":"Feature","properties":{"id":"c378","lines":"125 128 158","n":3,"tram":0,"op":"MPK Kraków — buses"},"geometry":{"type":"LineString","coordinates":[[20.021629,50.020747],[20.021629,50.022509]]}},{"type":"Feature","properties":{"id":"c379","lines":"127","n":1,"tram":0,"op":"MPK Kraków — buses"},"geometry":{"type":"LineString","coordinates":[[20.021629,50.020747],[20.018898,50.018984]]}},{"type":"Feature","properties":{"id":"c380","lines":"127","n":1,"tram":0,"op":"MPK Kraków — buses"},"geometry":{"type":"LineString","coordinates":[[20.021629,50.020747],[20.027092,50.020747]]}},{"type":"Feature","properties":{"id":"c381","lines":"128 158 605","n":3,"tram":0,"op":"MPK Kraków — buses"},"geometry":{"type":"LineString","coordinates":[[20.021629,50.020747],[20.024361,50.018984]]}},{"type":"Feature","properties":{"id":"c382","lines":"125 128","n":2,"tram":0,"op":"MPK Kraków — buses"},"geometry":{"type":"LineString","coordinates":[[20.021629,50.022509],[20.027092,50.026035]]}},{"type":"Feature","properties":{"id":"c383","lines":"158 174 463","n":3,"tram":0,"op":"MPK Kraków — buses"},"geometry":{"type":"LineString","coordinates":[[20.021629,50.022509],[20.016166,50.018984]]}},{"type":"Feature","properties":{"id":"c384","lines":"174 463","n":2,"tram":0,"op":"MPK Kraków — buses"},"geometry":{"type":"LineString","coordinates":[[20.021629,50.022509],[20.027092,50.022509]]}},{"type":"Feature","properties":{"id":"c385","lines":"125","n":1,"tram":1,"op":"mix"},"geometry":{"type":"LineString","coordinates":[[20.027092,50.026035],[20.024361,50.026035]]}},{"type":"Feature","properties":{"id":"c386","lines":"128 662","n":2,"tram":1,"op":"mix"},"geometry":{"type":"LineString","coordinates":[[20.027092,50.026035],[20.029824,50.027797]]}},{"type":"Feature","properties":{"id":"c387","lines":"662","n":1,"tram":0,"op":"MPK Kraków — buses"},"geometry":{"type":"LineString","coordinates":[[20.027092,50.026035],[20.024361,50.024272],[20.021629,50.024272]]}},{"type":"Feature","properties":{"id":"c388","lines":"125","n":1,"tram":0,"op":"MPK Kraków — buses"},"geometry":{"type":"LineString","coordinates":[[20.024361,50.026035],[20.024361,50.027797]]}},{"type":"Feature","properties":{"id":"c390","lines":"125 182 189 482","n":4,"tram":0,"op":"MPK Kraków — buses"},"geometry":{"type":"LineString","coordinates":[[20.016166,50.026035],[20.013435,50.027797]]}},{"type":"Feature","properties":{"id":"c391","lines":"317","n":1,"tram":0,"op":"MPK Kraków — buses"},"geometry":{"type":"LineString","coordinates":[[20.013435,50.027797],[20.016166,50.02956]]}},{"type":"Feature","properties":{"id":"c392","lines":"A1 A14 A40 A44 A56 A64","n":6,"tram":0,"op":"Małopolskie Linie Dowozowe"},"geometry":{"type":"LineString","coordinates":[[20.013435,50.027797],[20.016166,50.027797]]}},{"type":"Feature","properties":{"id":"c393","lines":"194 494 662","n":3,"tram":1,"op":"mix"},"geometry":{"type":"LineString","coordinates":[[19.994314,50.013696],[19.994314,50.008408]]}},{"type":"Feature","properties":{"id":"c394","lines":"126 209 219 229 239 249 259 269 279 609 A14 A44 A60 A64","n":14,"tram":0,"op":"mix"},"geometry":{"type":"LineString","coordinates":[[19.986119,50.013696],[19.983387,50.011933],[19.980656,50.011933]]}},{"type":"Feature","properties":{"id":"c395","lines":"209 229 239 249 259 269 279 609","n":8,"tram":0,"op":"MPK Kraków — buses"},"geometry":{"type":"LineString","coordinates":[[19.986119,50.013696],[19.988851,50.015459],[19.991582,50.015459]]}},{"type":"Feature","properties":{"id":"c396","lines":"126","n":1,"tram":0,"op":"MPK Kraków — buses"},"geometry":{"type":"LineString","coordinates":[[19.980656,50.011933],[19.980656,50.017221]]}},{"type":"Feature","properties":{"id":"c397","lines":"209 219 229 239 249 259 269 279 609 A14 A44 A60 A64","n":13,"tram":0,"op":"mix"},"geometry":{"type":"LineString","coordinates":[[19.980656,50.011933],[19.977924,50.011933],[19.96973,50.006645]]}},{"type":"Feature","properties":{"id":"c398","lines":"134","n":1,"tram":0,"op":"MPK Kraków — buses"},"geometry":{"type":"LineString","coordinates":[[19.980656,50.017221],[19.975193,50.013696]]}},{"type":"Feature","properties":{"id":"c399","lines":"127 158 174 427 463 497","n":6,"tram":0,"op":"MPK Kraków — buses"},"geometry":{"type":"LineString","coordinates":[[20.010703,50.015459],[20.016166,50.018984]]}},{"type":"Feature","properties":{"id":"c400","lines":"155 174","n":2,"tram":0,"op":"MPK Kraków — buses"},"geometry":{"type":"LineString","coordinates":[[20.010703,50.015459],[20.002508,50.010171]]}},{"type":"Feature","properties":{"id":"c401","lines":"669","n":1,"tram":1,"op":"mix"},"geometry":{"type":"LineString","coordinates":[[20.010703,50.015459],[20.010703,50.011933]]}},{"type":"Feature","properties":{"id":"c402","lines":"669","n":1,"tram":1,"op":"mix"},"geometry":{"type":"LineString","coordinates":[[20.010703,50.015459],[20.010703,50.018984]]}},{"type":"Feature","properties":{"id":"c403","lines":"463","n":1,"tram":0,"op":"MPK Kraków — buses"},"geometry":{"type":"LineString","coordinates":[[20.010703,50.015459],[20.007971,50.015459]]}},{"type":"Feature","properties":{"id":"c405","lines":"127","n":1,"tram":0,"op":"MPK Kraków — buses"},"geometry":{"type":"LineString","coordinates":[[20.016166,50.018984],[20.018898,50.018984]]}},{"type":"Feature","properties":{"id":"c406","lines":"127","n":1,"tram":0,"op":"MPK Kraków — buses"},"geometry":{"type":"LineString","coordinates":[[20.016166,50.018984],[20.018898,50.018984]]}},{"type":"Feature","properties":{"id":"c407","lines":"605","n":1,"tram":1,"op":"mix"},"geometry":{"type":"LineString","coordinates":[[20.016166,50.018984],[20.016166,50.020747]]}},{"type":"Feature","properties":{"id":"c408","lines":"148","n":1,"tram":0,"op":"MPK Kraków — buses"},"geometry":{"type":"LineString","coordinates":[[20.027092,50.020747],[20.027092,50.022509]]}},{"type":"Feature","properties":{"id":"c409","lines":"127 427","n":2,"tram":0,"op":"MPK Kraków — buses"},"geometry":{"type":"LineString","coordinates":[[20.027092,50.015459],[20.027092,50.011933]]}},{"type":"Feature","properties":{"id":"c410","lines":"662","n":1,"tram":1,"op":"mix"},"geometry":{"type":"LineString","coordinates":[[20.029824,50.027797],[20.032555,50.02956],[20.038019,50.02956]]}},{"type":"Feature","properties":{"id":"c411","lines":"128 182 189 482 601 611","n":6,"tram":0,"op":"MPK Kraków — buses"},"geometry":{"type":"LineString","coordinates":[[20.021629,50.033085],[20.021629,50.034848],[20.027092,50.038373]]}},{"type":"Feature","properties":{"id":"c412","lines":"511 608","n":2,"tram":0,"op":"MPK Kraków — buses"},"geometry":{"type":"LineString","coordinates":[[20.021629,50.033085],[20.024361,50.033085],[20.029824,50.036611]]}},{"type":"Feature","properties":{"id":"c413","lines":"608","n":1,"tram":0,"op":"MPK Kraków — buses"},"geometry":{"type":"LineString","coordinates":[[20.021629,50.033085],[20.018898,50.031323]]}},{"type":"Feature","properties":{"id":"c414","lines":"608","n":1,"tram":0,"op":"MPK Kraków — buses"},"geometry":{"type":"LineString","coordinates":[[20.021629,50.033085],[20.027092,50.036611]]}},{"type":"Feature","properties":{"id":"c415","lines":"132 138 139 182 189 482 601 611","n":8,"tram":0,"op":"MPK Kraków — buses"},"geometry":{"type":"LineString","coordinates":[[20.027092,50.038373],[20.032555,50.038373]]}},{"type":"Feature","properties":{"id":"c416","lines":"132 139","n":2,"tram":0,"op":"MPK Kraków — buses"},"geometry":{"type":"LineString","coordinates":[[20.027092,50.038373],[20.024361,50.036611]]}},{"type":"Feature","properties":{"id":"c417","lines":"132 139","n":2,"tram":0,"op":"MPK Kraków — buses"},"geometry":{"type":"LineString","coordinates":[[20.027092,50.038373],[20.024361,50.036611]]}},{"type":"Feature","properties":{"id":"c418","lines":"132 138 139 182 189 482 601 611","n":8,"tram":0,"op":"MPK Kraków — buses"},"geometry":{"type":"LineString","coordinates":[[20.027092,50.038373],[20.032555,50.038373]]}},{"type":"Feature","properties":{"id":"c419","lines":"138","n":1,"tram":0,"op":"MPK Kraków — buses"},"geometry":{"type":"LineString","coordinates":[[20.027092,50.038373],[20.027092,50.036611]]}},{"type":"Feature","properties":{"id":"c420","lines":"128 137 169 307 503 669","n":6,"tram":0,"op":"MPK Kraków — buses"},"geometry":{"type":"LineString","coordinates":[[20.021629,50.040136],[20.027092,50.043661]]}},{"type":"Feature","properties":{"id":"c421","lines":"137 169 469 503","n":4,"tram":0,"op":"MPK Kraków — buses"},"geometry":{"type":"LineString","coordinates":[[20.021629,50.040136],[20.024361,50.040136],[20.027092,50.041899]]}},{"type":"Feature","properties":{"id":"c422","lines":"169","n":1,"tram":0,"op":"MPK Kraków — buses"},"geometry":{"type":"LineString","coordinates":[[20.021629,50.040136],[20.018898,50.038373]]}},{"type":"Feature","properties":{"id":"c423","lines":"169 469","n":2,"tram":0,"op":"MPK Kraków — buses"},"geometry":{"type":"LineString","coordinates":[[20.021629,50.040136],[20.018898,50.038373]]}},{"type":"Feature","properties":{"id":"c424","lines":"317 669","n":2,"tram":0,"op":"MPK Kraków — buses"},"geometry":{"type":"LineString","coordinates":[[20.021629,50.040136],[20.018898,50.040136]]}},{"type":"Feature","properties":{"id":"c425","lines":"128 669","n":2,"tram":0,"op":"MPK Kraków — buses"},"geometry":{"type":"LineString","coordinates":[[20.027092,50.043661],[20.021629,50.043661]]}},{"type":"Feature","properties":{"id":"c426","lines":"137 169 469 503","n":4,"tram":0,"op":"MPK Kraków — buses"},"geometry":{"type":"LineString","coordinates":[[20.027092,50.043661],[20.027092,50.041899]]}},{"type":"Feature","properties":{"id":"c427","lines":"169 307 469 503","n":4,"tram":0,"op":"MPK Kraków — buses"},"geometry":{"type":"LineString","coordinates":[[20.027092,50.043661],[20.027092,50.045424]]}},{"type":"Feature","properties":{"id":"c428","lines":"128 669","n":2,"tram":1,"op":"mix"},"geometry":{"type":"LineString","coordinates":[[20.021629,50.043661],[20.024361,50.045424],[20.027092,50.045424]]}},{"type":"Feature","properties":{"id":"c430","lines":"217 247 257 277 280 297 307 917","n":8,"tram":0,"op":"MPK Kraków — buses"},"geometry":{"type":"LineString","coordinates":[[20.027092,50.045424],[20.029824,50.047187]]}},{"type":"Feature","properties":{"id":"c431","lines":"130 138 168 494 904","n":5,"tram":0,"op":"MPK Kraków — buses"},"geometry":{"type":"LineString","coordinates":[[20.002508,50.031323],[19.997045,50.031323]]}},{"type":"Feature","properties":{"id":"c432","lines":"138 168 194","n":3,"tram":0,"op":"MPK Kraków — buses"},"geometry":{"type":"LineString","coordinates":[[20.002508,50.031323],[20.00524,50.033085]]}},{"type":"Feature","properties":{"id":"c433","lines":"140 168 173","n":3,"tram":0,"op":"MPK Kraków — buses"},"geometry":{"type":"LineString","coordinates":[[19.997045,50.031323],[19.994314,50.031323]]}},{"type":"Feature","properties":{"id":"c434","lines":"140 904","n":2,"tram":0,"op":"MPK Kraków — buses"},"geometry":{"type":"LineString","coordinates":[[19.997045,50.031323],[19.997045,50.02956]]}},{"type":"Feature","properties":{"id":"c435","lines":"168","n":1,"tram":0,"op":"MPK Kraków — buses"},"geometry":{"type":"LineString","coordinates":[[19.997045,50.031323],[19.994314,50.033085]]}},{"type":"Feature","properties":{"id":"c436","lines":"132 139 149 174 601","n":5,"tram":0,"op":"MPK Kraków — buses"},"geometry":{"type":"LineString","coordinates":[[20.078992,50.038373],[20.07626,50.038373],[20.073529,50.040136]]}},{"type":"Feature","properties":{"id":"c437","lines":"138 601","n":2,"tram":1,"op":"mix"},"geometry":{"type":"LineString","coordinates":[[20.078992,50.038373],[20.078992,50.040136]]}},{"type":"Feature","properties":{"id":"c438","lines":"149 463","n":2,"tram":1,"op":"mix"},"geometry":{"type":"LineString","coordinates":[[20.078992,50.038373],[20.070797,50.038373]]}},{"type":"Feature","properties":{"id":"c439","lines":"242 272","n":2,"tram":0,"op":"MPK Kraków — buses"},"geometry":{"type":"LineString","coordinates":[[20.078992,50.038373],[20.087187,50.043661]]}},{"type":"Feature","properties":{"id":"c441","lines":"149","n":1,"tram":0,"op":"MPK Kraków — buses"},"geometry":{"type":"LineString","coordinates":[[20.073529,50.040136],[20.068066,50.040136]]}},{"type":"Feature","properties":{"id":"c442","lines":"174","n":1,"tram":0,"op":"MPK Kraków — buses"},"geometry":{"type":"LineString","coordinates":[[20.073529,50.040136],[20.070797,50.038373]]}},{"type":"Feature","properties":{"id":"c443","lines":"139 160 601","n":3,"tram":0,"op":"MPK Kraków — buses"},"geometry":{"type":"LineString","coordinates":[[20.059871,50.038373],[20.059871,50.036611]]}},{"type":"Feature","properties":{"id":"c444","lines":"182","n":1,"tram":0,"op":"MPK Kraków — buses"},"geometry":{"type":"LineString","coordinates":[[20.043482,50.041899],[20.046213,50.043661]]}},{"type":"Feature","properties":{"id":"c445","lines":"132 138 139 182 189 482 601 611","n":8,"tram":0,"op":"MPK Kraków — buses"},"geometry":{"type":"LineString","coordinates":[[20.035287,50.038373],[20.032555,50.038373]]}},{"type":"Feature","properties":{"id":"c446","lines":"138 189 611","n":3,"tram":0,"op":"MPK Kraków — buses"},"geometry":{"type":"LineString","coordinates":[[20.035287,50.038373],[20.038019,50.038373]]}},{"type":"Feature","properties":{"id":"c447","lines":"164 173 199 601 611","n":5,"tram":0,"op":"MPK Kraków — buses"},"geometry":{"type":"LineString","coordinates":[[19.991582,50.022509],[19.988851,50.024272]]}},{"type":"Feature","properties":{"id":"c448","lines":"310 511","n":2,"tram":0,"op":"MPK Kraków — buses"},"geometry":{"type":"LineString","coordinates":[[19.991582,50.022509],[19.988851,50.024272]]}},{"type":"Feature","properties":{"id":"c449","lines":"139 144 164 173 194 199 310 494 511 601 611 LR0","n":12,"tram":0,"op":"MPK Kraków — buses"},"geometry":{"type":"LineString","coordinates":[[19.997045,50.022509],[19.999777,50.024272]]}},{"type":"Feature","properties":{"id":"c450","lines":"144 194 494","n":3,"tram":0,"op":"MPK Kraków — buses"},"geometry":{"type":"LineString","coordinates":[[19.997045,50.022509],[19.997045,50.024272]]}},{"type":"Feature","properties":{"id":"c451","lines":"139 144 164 173 194 199 494 601 611","n":9,"tram":0,"op":"MPK Kraków — buses"},"geometry":{"type":"LineString","coordinates":[[19.999777,50.024272],[19.997045,50.024272]]}},{"type":"Feature","properties":{"id":"c452","lines":"134 434","n":2,"tram":0,"op":"MPK Kraków — buses"},"geometry":{"type":"LineString","coordinates":[[19.975193,50.013696],[19.972461,50.011933]]}},{"type":"Feature","properties":{"id":"c453","lines":"137 138 207","n":3,"tram":0,"op":"MPK Kraków — buses"},"geometry":{"type":"LineString","coordinates":[[20.013435,50.036611],[20.010703,50.034848]]}},{"type":"Feature","properties":{"id":"c454","lines":"169 207 469","n":3,"tram":0,"op":"MPK Kraków — buses"},"geometry":{"type":"LineString","coordinates":[[20.013435,50.036611],[20.016166,50.038373]]}},{"type":"Feature","properties":{"id":"c455","lines":"572","n":1,"tram":0,"op":"MPK Kraków — buses"},"geometry":{"type":"LineString","coordinates":[[20.013435,50.036611],[20.007971,50.036611]]}},{"type":"Feature","properties":{"id":"c456","lines":"513","n":1,"tram":0,"op":"MPK Kraków — buses"},"geometry":{"type":"LineString","coordinates":[[20.010703,50.034848],[20.010703,50.033085]]}},{"type":"Feature","properties":{"id":"c457","lines":"138 601","n":2,"tram":1,"op":"mix"},"geometry":{"type":"LineString","coordinates":[[20.078992,50.040136],[20.07626,50.041899]]}},{"type":"Feature","properties":{"id":"c458","lines":"138","n":1,"tram":0,"op":"MPK Kraków — buses"},"geometry":{"type":"LineString","coordinates":[[20.07626,50.041899],[20.070797,50.041899]]}},{"type":"Feature","properties":{"id":"c460","lines":"160","n":1,"tram":0,"op":"MPK Kraków — buses"},"geometry":{"type":"LineString","coordinates":[[20.070797,50.041899],[20.084455,50.041899],[20.087187,50.043661]]}},{"type":"Feature","properties":{"id":"c461","lines":"138 182","n":2,"tram":0,"op":"MPK Kraków — buses"},"geometry":{"type":"LineString","coordinates":[[20.05714,50.041899],[20.054408,50.043661]]}},{"type":"Feature","properties":{"id":"c462","lines":"138 182 511","n":3,"tram":0,"op":"MPK Kraków — buses"},"geometry":{"type":"LineString","coordinates":[[20.054408,50.043661],[20.051676,50.043661]]}},{"type":"Feature","properties":{"id":"c463","lines":"138","n":1,"tram":0,"op":"MPK Kraków — buses"},"geometry":{"type":"LineString","coordinates":[[20.051676,50.043661],[20.048945,50.041899]]}},{"type":"Feature","properties":{"id":"c464","lines":"182","n":1,"tram":0,"op":"MPK Kraków — buses"},"geometry":{"type":"LineString","coordinates":[[20.051676,50.043661],[20.046213,50.043661]]}},{"type":"Feature","properties":{"id":"c465","lines":"511","n":1,"tram":0,"op":"MPK Kraków — buses"},"geometry":{"type":"LineString","coordinates":[[20.051676,50.043661],[20.048945,50.041899]]}},{"type":"Feature","properties":{"id":"c466","lines":"608","n":1,"tram":0,"op":"MPK Kraków — buses"},"geometry":{"type":"LineString","coordinates":[[20.038019,50.038373],[20.035287,50.036611]]}},{"type":"Feature","properties":{"id":"c467","lines":"572 608","n":2,"tram":0,"op":"MPK Kraków — buses"},"geometry":{"type":"LineString","coordinates":[[20.027092,50.036611],[20.029824,50.036611]]}},{"type":"Feature","properties":{"id":"c468","lines":"240","n":1,"tram":0,"op":"MPK Kraków — buses"},"geometry":{"type":"LineString","coordinates":[[20.00524,50.033085],[19.997045,50.033085]]}},{"type":"Feature","properties":{"id":"c469","lines":"140","n":1,"tram":0,"op":"MPK Kraków — buses"},"geometry":{"type":"LineString","coordinates":[[19.994314,50.031323],[19.994314,50.02956]]}},{"type":"Feature","properties":{"id":"c470","lines":"240 572","n":2,"tram":0,"op":"MPK Kraków — buses"},"geometry":{"type":"LineString","coordinates":[[19.994314,50.031323],[19.997045,50.033085]]}},{"type":"Feature","properties":{"id":"c471","lines":"140","n":1,"tram":0,"op":"MPK Kraków — buses"},"geometry":{"type":"LineString","coordinates":[[19.994314,50.02956],[19.997045,50.02956]]}},{"type":"Feature","properties":{"id":"c472","lines":"144 195","n":2,"tram":0,"op":"MPK Kraków — buses"},"geometry":{"type":"LineString","coordinates":[[20.024361,50.00312],[20.024361,49.999595]]}},{"type":"Feature","properties":{"id":"c473","lines":"144 195 224 244 274 301 304 503","n":8,"tram":0,"op":"MPK Kraków — buses"},"geometry":{"type":"LineString","coordinates":[[20.024361,50.00312],[20.021629,50.004883]]}},{"type":"Feature","properties":{"id":"c474","lines":"144 195","n":2,"tram":0,"op":"MPK Kraków — buses"},"geometry":{"type":"LineString","coordinates":[[20.024361,50.00312],[20.024361,49.999595]]}},{"type":"Feature","properties":{"id":"c475","lines":"204 224 244 274 301 304 503","n":7,"tram":0,"op":"MPK Kraków — buses"},"geometry":{"type":"LineString","coordinates":[[20.024361,50.00312],[20.029824,49.999595],[20.032555,49.999595]]}},{"type":"Feature","properties":{"id":"c476","lines":"204","n":1,"tram":0,"op":"MPK Kraków — buses"},"geometry":{"type":"LineString","coordinates":[[20.024361,50.00312],[20.021629,50.00312]]}},{"type":"Feature","properties":{"id":"c477","lines":"144 173 204 224 301 304 503 513 669","n":9,"tram":0,"op":"MPK Kraków — buses"},"geometry":{"type":"LineString","coordinates":[[20.021629,50.004883],[20.018898,50.006645]]}},{"type":"Feature","properties":{"id":"c478","lines":"153","n":1,"tram":0,"op":"MPK Kraków — buses"},"geometry":{"type":"LineString","coordinates":[[20.021629,50.004883],[20.021629,50.00312]]}},{"type":"Feature","properties":{"id":"c479","lines":"153 173 195 244 274 669","n":6,"tram":1,"op":"mix"},"geometry":{"type":"LineString","coordinates":[[20.021629,50.004883],[20.024361,50.006645],[20.027092,50.006645]]}},{"type":"Feature","properties":{"id":"c480","lines":"153 204 513","n":3,"tram":0,"op":"MPK Kraków — buses"},"geometry":{"type":"LineString","coordinates":[[20.021629,50.004883],[20.021629,50.00312]]}},{"type":"Feature","properties":{"id":"c482","lines":"144 173 204 224 301 304 503 513 669","n":9,"tram":1,"op":"mix"},"geometry":{"type":"LineString","coordinates":[[20.018898,50.006645],[20.016166,50.008408]]}},{"type":"Feature","properties":{"id":"c483","lines":"144 173 301 304 503 513 904","n":7,"tram":0,"op":"MPK Kraków — buses"},"geometry":{"type":"LineString","coordinates":[[20.016166,50.008408],[20.010703,50.008408]]}},{"type":"Feature","properties":{"id":"c484","lines":"204 224 904","n":3,"tram":1,"op":"mix"},"geometry":{"type":"LineString","coordinates":[[20.016166,50.008408],[20.016166,50.00312],[20.013435,50.001357]]}},{"type":"Feature","properties":{"id":"c485","lines":"669","n":1,"tram":1,"op":"mix"},"geometry":{"type":"LineString","coordinates":[[20.016166,50.008408],[20.013435,50.010171]]}},{"type":"Feature","properties":{"id":"c486","lines":"144 155 169 173 301 304 469 503 513 904","n":10,"tram":0,"op":"MPK Kraków — buses"},"geometry":{"type":"LineString","coordinates":[[20.010703,50.008408],[20.00524,50.008408]]}},{"type":"Feature","properties":{"id":"c487","lines":"144 155 169 173 174 179 469","n":7,"tram":0,"op":"MPK Kraków — buses"},"geometry":{"type":"LineString","coordinates":[[20.00524,50.008408],[20.002508,50.010171]]}},{"type":"Feature","properties":{"id":"c488","lines":"301 304 503 513 904","n":5,"tram":0,"op":"MPK Kraków — buses"},"geometry":{"type":"LineString","coordinates":[[20.00524,50.008408],[20.002508,50.010171]]}},{"type":"Feature","properties":{"id":"c489","lines":"144 164 169 173 179 301 304 469 503 513 610 904","n":12,"tram":0,"op":"MPK Kraków — buses"},"geometry":{"type":"LineString","coordinates":[[20.002508,50.010171],[19.999777,50.011933]]}},{"type":"Feature","properties":{"id":"c490","lines":"608","n":1,"tram":1,"op":"mix"},"geometry":{"type":"LineString","coordinates":[[19.999777,50.011933],[19.999777,50.006645]]}},{"type":"Feature","properties":{"id":"c491","lines":"463 904","n":2,"tram":1,"op":"mix"},"geometry":{"type":"LineString","coordinates":[[19.999777,50.011933],[20.002508,50.011933],[20.007971,50.015459]]}},{"type":"Feature","properties":{"id":"c492","lines":"463 A1 A40 A49 A56","n":5,"tram":0,"op":"mix"},"geometry":{"type":"LineString","coordinates":[[19.999777,50.011933],[19.999777,50.006645]]}},{"type":"Feature","properties":{"id":"c493","lines":"148 174 463","n":3,"tram":0,"op":"MPK Kraków — buses"},"geometry":{"type":"LineString","coordinates":[[20.027092,50.022509],[20.029824,50.022509],[20.035287,50.026035]]}},{"type":"Feature","properties":{"id":"c494","lines":"148","n":1,"tram":0,"op":"MPK Kraków — buses"},"geometry":{"type":"LineString","coordinates":[[20.035287,50.026035],[20.043482,50.031323]]}},{"type":"Feature","properties":{"id":"c495","lines":"174 463","n":2,"tram":0,"op":"MPK Kraków — buses"},"geometry":{"type":"LineString","coordinates":[[20.035287,50.026035],[20.038019,50.027797],[20.038019,50.02956]]}},{"type":"Feature","properties":{"id":"c496","lines":"148 174 662","n":3,"tram":1,"op":"mix"},"geometry":{"type":"LineString","coordinates":[[20.043482,50.031323],[20.046213,50.033085]]}},{"type":"Feature","properties":{"id":"c497","lines":"174 662","n":2,"tram":1,"op":"mix"},"geometry":{"type":"LineString","coordinates":[[20.043482,50.031323],[20.04075,50.02956],[20.038019,50.02956]]}},{"type":"Feature","properties":{"id":"c498","lines":"148 202 212 222 232 262 A50 A57","n":8,"tram":0,"op":"mix"},"geometry":{"type":"LineString","coordinates":[[20.046213,50.033085],[20.043482,50.034848]]}},{"type":"Feature","properties":{"id":"c499","lines":"174 463 662","n":3,"tram":1,"op":"mix"},"geometry":{"type":"LineString","coordinates":[[20.046213,50.033085],[20.054408,50.033085],[20.05714,50.034848]]}},{"type":"Feature","properties":{"id":"c500","lines":"664","n":1,"tram":1,"op":"mix"},"geometry":{"type":"LineString","coordinates":[[20.046213,50.033085],[20.04075,50.033085],[20.038019,50.031323]]}},{"type":"Feature","properties":{"id":"c501","lines":"463","n":1,"tram":0,"op":"MPK Kraków — buses"},"geometry":{"type":"LineString","coordinates":[[20.046213,50.033085],[20.043482,50.033085],[20.038019,50.02956]]}},{"type":"Feature","properties":{"id":"c502","lines":"149 A50 A57","n":3,"tram":1,"op":"mix"},"geometry":{"type":"LineString","coordinates":[[20.07626,50.034848],[20.081724,50.034848]]}},{"type":"Feature","properties":{"id":"c503","lines":"149 A50 A57","n":3,"tram":0,"op":"mix"},"geometry":{"type":"LineString","coordinates":[[20.081724,50.034848],[20.089918,50.034848]]}},{"type":"Feature","properties":{"id":"c506","lines":"240","n":1,"tram":0,"op":"MPK Kraków — buses"},"geometry":{"type":"LineString","coordinates":[[19.994314,50.034848],[19.994314,50.033085]]}},{"type":"Feature","properties":{"id":"c507","lines":"240","n":1,"tram":0,"op":"MPK Kraków — buses"},"geometry":{"type":"LineString","coordinates":[[19.994314,50.034848],[19.988851,50.034848]]}},{"type":"Feature","properties":{"id":"c508","lines":"150 572","n":2,"tram":0,"op":"MPK Kraków — buses"},"geometry":{"type":"LineString","coordinates":[[20.00524,50.036611],[20.007971,50.036611]]}},{"type":"Feature","properties":{"id":"c509","lines":"572","n":1,"tram":0,"op":"MPK Kraków — buses"},"geometry":{"type":"LineString","coordinates":[[20.00524,50.036611],[20.002508,50.036611],[19.997045,50.033085]]}},{"type":"Feature","properties":{"id":"c510","lines":"151","n":1,"tram":0,"op":"MPK Kraków — buses"},"geometry":{"type":"LineString","coordinates":[[19.986119,49.996069],[19.988851,49.997832]]}},{"type":"Feature","properties":{"id":"c511","lines":"151","n":1,"tram":0,"op":"MPK Kraków — buses"},"geometry":{"type":"LineString","coordinates":[[19.986119,49.996069],[19.988851,49.997832]]}},{"type":"Feature","properties":{"id":"c512","lines":"151","n":1,"tram":0,"op":"MPK Kraków — buses"},"geometry":{"type":"LineString","coordinates":[[19.988851,49.997832],[19.988851,50.001357]]}},{"type":"Feature","properties":{"id":"c513","lines":"151","n":1,"tram":0,"op":"MPK Kraków — buses"},"geometry":{"type":"LineString","coordinates":[[19.988851,50.001357],[19.991582,49.999595]]}},{"type":"Feature","properties":{"id":"c514","lines":"151","n":1,"tram":0,"op":"MPK Kraków — buses"},"geometry":{"type":"LineString","coordinates":[[19.988851,50.001357],[19.991582,49.999595]]}},{"type":"Feature","properties":{"id":"c515","lines":"915","n":1,"tram":1,"op":"mix"},"geometry":{"type":"LineString","coordinates":[[19.991582,49.999595],[19.994314,50.001357]]}},{"type":"Feature","properties":{"id":"c516","lines":"153 513","n":2,"tram":0,"op":"MPK Kraków — buses"},"geometry":{"type":"LineString","coordinates":[[20.021629,50.00312],[20.021629,49.997832]]}},{"type":"Feature","properties":{"id":"c517","lines":"153 195 669","n":3,"tram":1,"op":"mix"},"geometry":{"type":"LineString","coordinates":[[20.027092,50.006645],[20.032555,50.006645]]}},{"type":"Feature","properties":{"id":"c518","lines":"173 244 274","n":3,"tram":0,"op":"MPK Kraków — buses"},"geometry":{"type":"LineString","coordinates":[[20.027092,50.006645],[20.032555,50.00312]]}},{"type":"Feature","properties":{"id":"c519","lines":"153 195 234 284 669","n":5,"tram":1,"op":"mix"},"geometry":{"type":"LineString","coordinates":[[20.032555,50.006645],[20.035287,50.008408]]}},{"type":"Feature","properties":{"id":"c520","lines":"234 284","n":2,"tram":0,"op":"MPK Kraków — buses"},"geometry":{"type":"LineString","coordinates":[[20.032555,50.006645],[20.032555,50.00312]]}},{"type":"Feature","properties":{"id":"c521","lines":"153","n":1,"tram":0,"op":"MPK Kraków — buses"},"geometry":{"type":"LineString","coordinates":[[20.035287,50.008408],[20.038019,50.006645]]}},{"type":"Feature","properties":{"id":"c522","lines":"195 234 284","n":3,"tram":0,"op":"MPK Kraków — buses"},"geometry":{"type":"LineString","coordinates":[[20.035287,50.008408],[20.038019,50.008408]]}},{"type":"Feature","properties":{"id":"c523","lines":"195","n":1,"tram":0,"op":"MPK Kraków — buses"},"geometry":{"type":"LineString","coordinates":[[20.035287,50.008408],[20.035287,50.010171],[20.038019,50.011933]]}},{"type":"Feature","properties":{"id":"c524","lines":"153","n":1,"tram":0,"op":"MPK Kraków — buses"},"geometry":{"type":"LineString","coordinates":[[20.038019,50.006645],[20.043482,50.006645]]}},{"type":"Feature","properties":{"id":"c525","lines":"153","n":1,"tram":0,"op":"MPK Kraków — buses"},"geometry":{"type":"LineString","coordinates":[[20.038019,50.006645],[20.043482,50.006645]]}},{"type":"Feature","properties":{"id":"c526","lines":"153","n":1,"tram":0,"op":"MPK Kraków — buses"},"geometry":{"type":"LineString","coordinates":[[20.043482,50.006645],[20.05714,50.006645]]}},{"type":"Feature","properties":{"id":"c527","lines":"153","n":1,"tram":0,"op":"MPK Kraków — buses"},"geometry":{"type":"LineString","coordinates":[[20.043482,50.006645],[20.046213,50.008408],[20.046213,50.010171]]}},{"type":"Feature","properties":{"id":"c528","lines":"153 284","n":2,"tram":0,"op":"MPK Kraków — buses"},"geometry":{"type":"LineString","coordinates":[[20.05714,50.006645],[20.054408,50.008408],[20.054408,50.010171]]}},{"type":"Feature","properties":{"id":"c529","lines":"284","n":1,"tram":0,"op":"MPK Kraków — buses"},"geometry":{"type":"LineString","coordinates":[[20.05714,50.006645],[20.05714,50.001357]]}},{"type":"Feature","properties":{"id":"c530","lines":"153 284","n":2,"tram":0,"op":"MPK Kraków — buses"},"geometry":{"type":"LineString","coordinates":[[20.054408,50.010171],[20.048945,50.010171]]}},{"type":"Feature","properties":{"id":"c531","lines":"284","n":1,"tram":0,"op":"MPK Kraków — buses"},"geometry":{"type":"LineString","coordinates":[[20.054408,50.010171],[20.048945,50.010171]]}},{"type":"Feature","properties":{"id":"c532","lines":"153 284","n":2,"tram":0,"op":"MPK Kraków — buses"},"geometry":{"type":"LineString","coordinates":[[20.048945,50.010171],[20.046213,50.010171]]}},{"type":"Feature","properties":{"id":"c533","lines":"284","n":1,"tram":0,"op":"MPK Kraków — buses"},"geometry":{"type":"LineString","coordinates":[[20.048945,50.010171],[20.046213,50.011933],[20.043482,50.011933]]}},{"type":"Feature","properties":{"id":"c534","lines":"284","n":1,"tram":0,"op":"MPK Kraków — buses"},"geometry":{"type":"LineString","coordinates":[[20.046213,50.010171],[20.043482,50.011933]]}},{"type":"Feature","properties":{"id":"c535","lines":"155 214 215 225 254 265 915","n":7,"tram":0,"op":"MPK Kraków — buses"},"geometry":{"type":"LineString","coordinates":[[19.991582,49.985493],[19.994314,49.985493]]}},{"type":"Feature","properties":{"id":"c536","lines":"155 214 215 225 254 265 915","n":7,"tram":0,"op":"MPK Kraków — buses"},"geometry":{"type":"LineString","coordinates":[[19.994314,49.985493],[19.994314,49.983731]]}},{"type":"Feature","properties":{"id":"c537","lines":"155 214 215 225 254 265 915","n":7,"tram":0,"op":"MPK Kraków — buses"},"geometry":{"type":"LineString","coordinates":[[19.994314,49.985493],[19.997045,49.987256]]}},{"type":"Feature","properties":{"id":"c538","lines":"155 214 215 225 254 265 915","n":7,"tram":0,"op":"MPK Kraków — buses"},"geometry":{"type":"LineString","coordinates":[[19.994314,49.983731],[19.997045,49.983731]]}},{"type":"Feature","properties":{"id":"c539","lines":"265","n":1,"tram":0,"op":"MPK Kraków — buses"},"geometry":{"type":"LineString","coordinates":[[19.994314,49.983731],[19.988851,49.980205],[19.988851,49.955528]]}},{"type":"Feature","properties":{"id":"c540","lines":"155 214 215 225 254 265 915","n":7,"tram":0,"op":"MPK Kraków — buses"},"geometry":{"type":"LineString","coordinates":[[19.997045,49.983731],[19.997045,49.987256]]}},{"type":"Feature","properties":{"id":"c541","lines":"214 254","n":2,"tram":0,"op":"MPK Kraków — buses"},"geometry":{"type":"LineString","coordinates":[[19.997045,49.983731],[20.00524,49.983731]]}},{"type":"Feature","properties":{"id":"c542","lines":"215 225 915","n":3,"tram":0,"op":"MPK Kraków — buses"},"geometry":{"type":"LineString","coordinates":[[19.997045,49.983731],[19.997045,49.980205],[19.994314,49.978443],[19.994314,49.97668]]}},{"type":"Feature","properties":{"id":"c543","lines":"155","n":1,"tram":0,"op":"MPK Kraków — buses"},"geometry":{"type":"LineString","coordinates":[[19.997045,49.987256],[19.997045,49.994307]]}},{"type":"Feature","properties":{"id":"c544","lines":"155 204 610","n":3,"tram":0,"op":"MPK Kraków — buses"},"geometry":{"type":"LineString","coordinates":[[19.997045,49.994307],[19.999777,49.996069]]}},{"type":"Feature","properties":{"id":"c545","lines":"155 204 610","n":3,"tram":0,"op":"MPK Kraków — buses"},"geometry":{"type":"LineString","coordinates":[[19.997045,49.994307],[19.999777,49.994307]]}},{"type":"Feature","properties":{"id":"c546","lines":"155 174 179 204 610","n":5,"tram":0,"op":"MPK Kraków — buses"},"geometry":{"type":"LineString","coordinates":[[19.999777,49.996069],[19.999777,49.999595]]}},{"type":"Feature","properties":{"id":"c547","lines":"155 174 179 204 610","n":5,"tram":0,"op":"MPK Kraków — buses"},"geometry":{"type":"LineString","coordinates":[[19.999777,49.996069],[19.999777,49.994307]]}},{"type":"Feature","properties":{"id":"c548","lines":"174 179","n":2,"tram":0,"op":"MPK Kraków — buses"},"geometry":{"type":"LineString","coordinates":[[19.999777,49.999595],[20.002508,50.001357],[20.002508,50.00312]]}},{"type":"Feature","properties":{"id":"c549","lines":"224","n":1,"tram":1,"op":"mix"},"geometry":{"type":"LineString","coordinates":[[19.999777,49.999595],[19.997045,49.999595]]}},{"type":"Feature","properties":{"id":"c550","lines":"174 179","n":2,"tram":0,"op":"MPK Kraków — buses"},"geometry":{"type":"LineString","coordinates":[[19.999777,49.994307],[20.00524,49.994307]]}},{"type":"Feature","properties":{"id":"c551","lines":"158","n":1,"tram":0,"op":"MPK Kraków — buses"},"geometry":{"type":"LineString","coordinates":[[20.070797,50.02956],[20.070797,50.026035]]}},{"type":"Feature","properties":{"id":"c552","lines":"221","n":1,"tram":0,"op":"MPK Kraków — buses"},"geometry":{"type":"LineString","coordinates":[[20.070797,50.026035],[20.100844,50.026035]]}},{"type":"Feature","properties":{"id":"c553","lines":"160 242 272","n":3,"tram":0,"op":"MPK Kraków — buses"},"geometry":{"type":"LineString","coordinates":[[20.111771,50.045424],[20.106308,50.048949],[20.103576,50.048949]]}},{"type":"Feature","properties":{"id":"c554","lines":"242 272","n":2,"tram":0,"op":"MPK Kraków — buses"},"geometry":{"type":"LineString","coordinates":[[20.111771,50.045424],[20.109039,50.043661],[20.095381,50.043661]]}},{"type":"Feature","properties":{"id":"c555","lines":"160","n":1,"tram":0,"op":"MPK Kraków — buses"},"geometry":{"type":"LineString","coordinates":[[20.103576,50.048949],[20.095381,50.043661]]}},{"type":"Feature","properties":{"id":"c556","lines":"242","n":1,"tram":0,"op":"MPK Kraków — buses"},"geometry":{"type":"LineString","coordinates":[[20.103576,50.048949],[20.106308,50.050712],[20.119965,50.050712]]}},{"type":"Feature","properties":{"id":"c557","lines":"272","n":1,"tram":0,"op":"MPK Kraków — buses"},"geometry":{"type":"LineString","coordinates":[[20.103576,50.048949],[20.098113,50.052475]]}},{"type":"Feature","properties":{"id":"c558","lines":"160 242 272","n":3,"tram":0,"op":"MPK Kraków — buses"},"geometry":{"type":"LineString","coordinates":[[20.095381,50.043661],[20.087187,50.043661]]}},{"type":"Feature","properties":{"id":"c559","lines":"164 199 601","n":3,"tram":0,"op":"MPK Kraków — buses"},"geometry":{"type":"LineString","coordinates":[[19.975193,50.026035],[19.975193,50.027797]]}},{"type":"Feature","properties":{"id":"c560","lines":"218 228 298 918","n":4,"tram":0,"op":"MPK Kraków — buses"},"geometry":{"type":"LineString","coordinates":[[19.975193,50.026035],[19.972461,50.026035]]}},{"type":"Feature","properties":{"id":"c561","lines":"168 240","n":2,"tram":0,"op":"MPK Kraków — buses"},"geometry":{"type":"LineString","coordinates":[[19.994314,50.033085],[19.991582,50.033085]]}},{"type":"Feature","properties":{"id":"c562","lines":"168 240 511 611","n":4,"tram":0,"op":"MPK Kraków — buses"},"geometry":{"type":"LineString","coordinates":[[19.991582,50.033085],[19.988851,50.031323],[19.988851,50.02956]]}},{"type":"Feature","properties":{"id":"c563","lines":"200 210 230 240 310 910","n":6,"tram":0,"op":"MPK Kraków — buses"},"geometry":{"type":"LineString","coordinates":[[19.988851,50.02956],[19.988851,50.034848]]}},{"type":"Feature","properties":{"id":"c564","lines":"169 469","n":2,"tram":0,"op":"MPK Kraków — buses"},"geometry":{"type":"LineString","coordinates":[[20.016166,50.038373],[20.018898,50.038373]]}},{"type":"Feature","properties":{"id":"c565","lines":"207","n":1,"tram":0,"op":"MPK Kraków — buses"},"geometry":{"type":"LineString","coordinates":[[20.016166,50.038373],[20.016166,50.041899]]}},{"type":"Feature","properties":{"id":"c566","lines":"669","n":1,"tram":1,"op":"mix"},"geometry":{"type":"LineString","coordinates":[[20.016166,50.038373],[20.018898,50.040136]]}},{"type":"Feature","properties":{"id":"c567","lines":"271","n":1,"tram":0,"op":"MPK Kraków — buses"},"geometry":{"type":"LineString","coordinates":[[20.141818,50.045424],[20.141818,50.052475]]}},{"type":"Feature","properties":{"id":"c568","lines":"212","n":1,"tram":0,"op":"MPK Kraków — buses"},"geometry":{"type":"LineString","coordinates":[[20.141818,50.052475],[20.139086,50.054237],[20.100844,50.054237]]}},{"type":"Feature","properties":{"id":"c569","lines":"503","n":1,"tram":0,"op":"MPK Kraków — buses"},"geometry":{"type":"LineString","coordinates":[[20.032555,50.00312],[20.032555,49.999595]]}},{"type":"Feature","properties":{"id":"c570","lines":"175 233 475 610","n":4,"tram":0,"op":"MPK Kraków — buses"},"geometry":{"type":"LineString","coordinates":[[19.972461,49.980205],[19.972461,49.974917]]}},{"type":"Feature","properties":{"id":"c571","lines":"233","n":1,"tram":0,"op":"MPK Kraków — buses"},"geometry":{"type":"LineString","coordinates":[[19.972461,49.980205],[19.966998,49.983731]]}},{"type":"Feature","properties":{"id":"c572","lines":"175 243 475 610","n":4,"tram":0,"op":"MPK Kraków — buses"},"geometry":{"type":"LineString","coordinates":[[19.972461,49.974917],[19.980656,49.980205]]}},{"type":"Feature","properties":{"id":"c573","lines":"233 243","n":2,"tram":0,"op":"MPK Kraków — buses"},"geometry":{"type":"LineString","coordinates":[[19.972461,49.974917],[19.96973,49.973155]]}},{"type":"Feature","properties":{"id":"c574","lines":"175","n":1,"tram":0,"op":"MPK Kraków — buses"},"geometry":{"type":"LineString","coordinates":[[19.980656,49.980205],[19.986119,49.97668]]}},{"type":"Feature","properties":{"id":"c575","lines":"243 475 610","n":3,"tram":0,"op":"MPK Kraków — buses"},"geometry":{"type":"LineString","coordinates":[[19.980656,49.980205],[19.983387,49.980205]]}},{"type":"Feature","properties":{"id":"c576","lines":"243 475 610","n":3,"tram":0,"op":"MPK Kraków — buses"},"geometry":{"type":"LineString","coordinates":[[19.980656,49.980205],[19.986119,49.983731]]}},{"type":"Feature","properties":{"id":"c577","lines":"175 A49","n":2,"tram":0,"op":"mix"},"geometry":{"type":"LineString","coordinates":[[19.986119,49.97668],[19.986119,49.978443]]}},{"type":"Feature","properties":{"id":"c578","lines":"A49","n":1,"tram":0,"op":"Małopolskie Linie Dowozowe"},"geometry":{"type":"LineString","coordinates":[[19.986119,49.97668],[19.986119,49.971392]]}},{"type":"Feature","properties":{"id":"c579","lines":"175 A49","n":2,"tram":0,"op":"mix"},"geometry":{"type":"LineString","coordinates":[[19.986119,49.978443],[19.983387,49.980205]]}},{"type":"Feature","properties":{"id":"c580","lines":"175 A49","n":2,"tram":0,"op":"mix"},"geometry":{"type":"LineString","coordinates":[[19.986119,49.978443],[19.986119,49.983731]]}},{"type":"Feature","properties":{"id":"c581","lines":"175 235 243 245 255 275 285 475 610 A1 A40 A49 A56","n":13,"tram":0,"op":"mix"},"geometry":{"type":"LineString","coordinates":[[19.983387,49.980205],[19.986119,49.981968],[19.986119,49.983731]]}},{"type":"Feature","properties":{"id":"c582","lines":"235 245 255 275 285 A1 A56","n":7,"tram":0,"op":"mix"},"geometry":{"type":"LineString","coordinates":[[19.983387,49.980205],[19.980656,49.978443],[19.980656,49.974917]]}},{"type":"Feature","properties":{"id":"c583","lines":"A40","n":1,"tram":0,"op":"Małopolskie Linie Dowozowe"},"geometry":{"type":"LineString","coordinates":[[19.983387,49.980205],[19.983387,49.959053],[19.977924,49.955528]]}},{"type":"Feature","properties":{"id":"c584","lines":"180 182 511 608","n":4,"tram":0,"op":"MPK Kraków — buses"},"geometry":{"type":"LineString","coordinates":[[20.068066,50.048949],[20.070797,50.047187]]}},{"type":"Feature","properties":{"id":"c585","lines":"192 300 902","n":3,"tram":0,"op":"MPK Kraków — buses"},"geometry":{"type":"LineString","coordinates":[[19.964267,50.013696],[19.96973,50.017221],[19.96973,50.018984]]}},{"type":"Feature","properties":{"id":"c586","lines":"300","n":1,"tram":0,"op":"MPK Kraków — buses"},"geometry":{"type":"LineString","coordinates":[[19.964267,50.013696],[19.958803,50.017221],[19.956072,50.017221]]}},{"type":"Feature","properties":{"id":"c587","lines":"902","n":1,"tram":0,"op":"MPK Kraków — buses"},"geometry":{"type":"LineString","coordinates":[[19.964267,50.013696],[19.961535,50.013696],[19.958803,50.015459]]}},{"type":"Feature","properties":{"id":"c588","lines":"194 494 662","n":3,"tram":1,"op":"mix"},"geometry":{"type":"LineString","coordinates":[[19.994314,50.008408],[19.994314,50.006645]]}},{"type":"Feature","properties":{"id":"c590","lines":"194 494 662","n":3,"tram":1,"op":"mix"},"geometry":{"type":"LineString","coordinates":[[19.994314,50.006645],[19.991582,50.006645]]}},{"type":"Feature","properties":{"id":"c592","lines":"194 494","n":2,"tram":0,"op":"MPK Kraków — buses"},"geometry":{"type":"LineString","coordinates":[[19.991582,50.006645],[19.988851,50.004883],[19.988851,50.00312]]}},{"type":"Feature","properties":{"id":"c593","lines":"608","n":1,"tram":0,"op":"MPK Kraków — buses"},"geometry":{"type":"LineString","coordinates":[[19.988851,50.00312],[19.991582,50.00312],[19.994314,50.001357]]}},{"type":"Feature","properties":{"id":"c594","lines":"195 234 284","n":3,"tram":0,"op":"MPK Kraków — buses"},"geometry":{"type":"LineString","coordinates":[[20.038019,50.008408],[20.038019,50.011933]]}},{"type":"Feature","properties":{"id":"c595","lines":"234 284","n":2,"tram":0,"op":"MPK Kraków — buses"},"geometry":{"type":"LineString","coordinates":[[20.038019,50.008408],[20.043482,50.011933]]}},{"type":"Feature","properties":{"id":"c596","lines":"195 234 284","n":3,"tram":0,"op":"MPK Kraków — buses"},"geometry":{"type":"LineString","coordinates":[[20.038019,50.011933],[20.043482,50.011933]]}},{"type":"Feature","properties":{"id":"c597","lines":"195","n":1,"tram":0,"op":"MPK Kraków — buses"},"geometry":{"type":"LineString","coordinates":[[20.043482,50.011933],[20.048945,50.015459],[20.051676,50.015459]]}},{"type":"Feature","properties":{"id":"c598","lines":"234","n":1,"tram":0,"op":"MPK Kraków — buses"},"geometry":{"type":"LineString","coordinates":[[20.043482,50.011933],[20.070797,50.011933],[20.073529,50.013696]]}},{"type":"Feature","properties":{"id":"c599","lines":"200","n":1,"tram":0,"op":"MPK Kraków — buses"},"geometry":{"type":"LineString","coordinates":[[19.947877,50.057763],[19.983387,50.034848],[19.988851,50.034848]]}},{"type":"Feature","properties":{"id":"c600","lines":"210 230 310 910","n":4,"tram":0,"op":"MPK Kraków — buses"},"geometry":{"type":"LineString","coordinates":[[19.988851,50.034848],[19.988851,50.038373]]}},{"type":"Feature","properties":{"id":"c601","lines":"202","n":1,"tram":0,"op":"MPK Kraków — buses"},"geometry":{"type":"LineString","coordinates":[[20.122697,50.070101],[20.119965,50.070101],[20.103576,50.059525]]}},{"type":"Feature","properties":{"id":"c602","lines":"202 222 232","n":3,"tram":0,"op":"MPK Kraków — buses"},"geometry":{"type":"LineString","coordinates":[[20.103576,50.059525],[20.103576,50.056]]}},{"type":"Feature","properties":{"id":"c603","lines":"222 232","n":2,"tram":0,"op":"MPK Kraków — buses"},"geometry":{"type":"LineString","coordinates":[[20.103576,50.059525],[20.098113,50.063051]]}},{"type":"Feature","properties":{"id":"c604","lines":"202 222 232 262 272","n":5,"tram":0,"op":"MPK Kraków — buses"},"geometry":{"type":"LineString","coordinates":[[20.103576,50.056],[20.100844,50.054237]]}},{"type":"Feature","properties":{"id":"c605","lines":"262","n":1,"tram":0,"op":"MPK Kraków — buses"},"geometry":{"type":"LineString","coordinates":[[20.103576,50.056],[20.117234,50.064813],[20.122697,50.064813]]}},{"type":"Feature","properties":{"id":"c606","lines":"202 212 222 232 262 272","n":6,"tram":0,"op":"MPK Kraków — buses"},"geometry":{"type":"LineString","coordinates":[[20.100844,50.054237],[20.098113,50.052475]]}},{"type":"Feature","properties":{"id":"c607","lines":"202 212 222 232 262","n":5,"tram":0,"op":"MPK Kraków — buses"},"geometry":{"type":"LineString","coordinates":[[20.098113,50.052475],[20.087187,50.052475],[20.084455,50.050712]]}},{"type":"Feature","properties":{"id":"c608","lines":"203 712","n":2,"tram":0,"op":"MPK Kraków — buses"},"geometry":{"type":"LineString","coordinates":[[19.966998,49.999595],[19.964267,49.997832]]}},{"type":"Feature","properties":{"id":"c609","lines":"203","n":1,"tram":0,"op":"MPK Kraków — buses"},"geometry":{"type":"LineString","coordinates":[[19.964267,49.997832],[19.964267,50.001357]]}},{"type":"Feature","properties":{"id":"c610","lines":"203 712","n":2,"tram":0,"op":"MPK Kraków — buses"},"geometry":{"type":"LineString","coordinates":[[19.964267,49.997832],[19.958803,49.994307]]}},{"type":"Feature","properties":{"id":"c611","lines":"203 712","n":2,"tram":0,"op":"MPK Kraków — buses"},"geometry":{"type":"LineString","coordinates":[[19.958803,49.994307],[19.958803,49.990781]]}},{"type":"Feature","properties":{"id":"c612","lines":"203 712","n":2,"tram":0,"op":"MPK Kraków — buses"},"geometry":{"type":"LineString","coordinates":[[19.958803,49.994307],[19.958803,49.990781]]}},{"type":"Feature","properties":{"id":"c613","lines":"203 712","n":2,"tram":0,"op":"MPK Kraków — buses"},"geometry":{"type":"LineString","coordinates":[[19.958803,49.990781],[19.958803,49.989019]]}},{"type":"Feature","properties":{"id":"c614","lines":"203","n":1,"tram":0,"op":"MPK Kraków — buses"},"geometry":{"type":"LineString","coordinates":[[19.958803,49.989019],[19.958803,49.985493]]}},{"type":"Feature","properties":{"id":"c615","lines":"203","n":1,"tram":0,"op":"MPK Kraków — buses"},"geometry":{"type":"LineString","coordinates":[[19.958803,49.985493],[19.958803,49.981968]]}},{"type":"Feature","properties":{"id":"c616","lines":"203","n":1,"tram":0,"op":"MPK Kraków — buses"},"geometry":{"type":"LineString","coordinates":[[19.958803,49.981968],[19.958803,49.978443]]}},{"type":"Feature","properties":{"id":"c617","lines":"203","n":1,"tram":0,"op":"MPK Kraków — buses"},"geometry":{"type":"LineString","coordinates":[[19.958803,49.981968],[19.956072,49.980205]]}},{"type":"Feature","properties":{"id":"c618","lines":"203","n":1,"tram":0,"op":"MPK Kraków — buses"},"geometry":{"type":"LineString","coordinates":[[19.958803,49.978443],[19.956072,49.980205]]}},{"type":"Feature","properties":{"id":"c619","lines":"203","n":1,"tram":0,"op":"MPK Kraków — buses"},"geometry":{"type":"LineString","coordinates":[[19.958803,49.978443],[19.95334,49.978443]]}},{"type":"Feature","properties":{"id":"c620","lines":"203","n":1,"tram":0,"op":"MPK Kraków — buses"},"geometry":{"type":"LineString","coordinates":[[19.956072,49.980205],[19.95334,49.978443]]}},{"type":"Feature","properties":{"id":"c621","lines":"203","n":1,"tram":0,"op":"MPK Kraków — buses"},"geometry":{"type":"LineString","coordinates":[[19.95334,49.978443],[19.95334,49.974917]]}},{"type":"Feature","properties":{"id":"c622","lines":"203 223 235 273 295 A43","n":6,"tram":0,"op":"mix"},"geometry":{"type":"LineString","coordinates":[[19.95334,49.974917],[19.956072,49.974917]]}},{"type":"Feature","properties":{"id":"c623","lines":"223 235 273 295 A43","n":5,"tram":0,"op":"mix"},"geometry":{"type":"LineString","coordinates":[[19.95334,49.974917],[19.95334,49.969629]]}},{"type":"Feature","properties":{"id":"c624","lines":"203 223 235 273 295 A43 A53","n":7,"tram":0,"op":"mix"},"geometry":{"type":"LineString","coordinates":[[19.956072,49.974917],[19.958803,49.974917]]}},{"type":"Feature","properties":{"id":"c625","lines":"A53","n":1,"tram":0,"op":"Małopolskie Linie Dowozowe"},"geometry":{"type":"LineString","coordinates":[[19.956072,49.974917],[19.956072,49.971392]]}},{"type":"Feature","properties":{"id":"c626","lines":"203 223 235 273 295 A43 A53","n":7,"tram":0,"op":"mix"},"geometry":{"type":"LineString","coordinates":[[19.958803,49.974917],[19.961535,49.974917]]}},{"type":"Feature","properties":{"id":"c627","lines":"223","n":1,"tram":0,"op":"MPK Kraków — buses"},"geometry":{"type":"LineString","coordinates":[[19.958803,49.974917],[19.964267,49.978443],[19.964267,49.980205]]}},{"type":"Feature","properties":{"id":"c628","lines":"223","n":1,"tram":0,"op":"MPK Kraków — buses"},"geometry":{"type":"LineString","coordinates":[[19.958803,49.974917],[19.964267,49.971392]]}},{"type":"Feature","properties":{"id":"c629","lines":"203 273 295 A43","n":4,"tram":0,"op":"mix"},"geometry":{"type":"LineString","coordinates":[[19.961535,49.974917],[19.956072,49.971392]]}},{"type":"Feature","properties":{"id":"c630","lines":"223 253 283 293 903 A53","n":6,"tram":0,"op":"mix"},"geometry":{"type":"LineString","coordinates":[[19.961535,49.974917],[19.961535,49.969629]]}},{"type":"Feature","properties":{"id":"c631","lines":"223 253 283 293 903","n":5,"tram":0,"op":"MPK Kraków — buses"},"geometry":{"type":"LineString","coordinates":[[19.961535,49.974917],[19.964267,49.97668],[19.964267,49.980205]]}},{"type":"Feature","properties":{"id":"c632","lines":"235 253 283 293 903 A53","n":6,"tram":0,"op":"mix"},"geometry":{"type":"LineString","coordinates":[[19.961535,49.974917],[19.961535,49.973155],[19.964267,49.971392]]}},{"type":"Feature","properties":{"id":"c633","lines":"235","n":1,"tram":0,"op":"MPK Kraków — buses"},"geometry":{"type":"LineString","coordinates":[[19.961535,49.974917],[19.964267,49.973155]]}},{"type":"Feature","properties":{"id":"c634","lines":"204 224 904","n":3,"tram":0,"op":"MPK Kraków — buses"},"geometry":{"type":"LineString","coordinates":[[20.059871,49.994307],[20.062603,49.992544],[20.068066,49.992544]]}},{"type":"Feature","properties":{"id":"c635","lines":"204 301 904 A18 B2 D2 W2","n":7,"tram":0,"op":"mix"},"geometry":{"type":"LineString","coordinates":[[20.059871,49.994307],[20.051676,49.994307]]}},{"type":"Feature","properties":{"id":"c636","lines":"224","n":1,"tram":0,"op":"MPK Kraków — buses"},"geometry":{"type":"LineString","coordinates":[[20.059871,49.994307],[20.051676,49.989019]]}},{"type":"Feature","properties":{"id":"c637","lines":"224","n":1,"tram":0,"op":"MPK Kraków — buses"},"geometry":{"type":"LineString","coordinates":[[20.059871,49.994307],[20.054408,49.990781],[20.051676,49.990781]]}},{"type":"Feature","properties":{"id":"c638","lines":"301 A18 W2","n":3,"tram":0,"op":"mix"},"geometry":{"type":"LineString","coordinates":[[20.059871,49.994307],[20.065334,49.994307]]}},{"type":"Feature","properties":{"id":"c639","lines":"A18 B2 D2 W2","n":4,"tram":0,"op":"mix"},"geometry":{"type":"LineString","coordinates":[[20.059871,49.994307],[20.05714,49.992544],[20.051676,49.992544]]}},{"type":"Feature","properties":{"id":"c640","lines":"D2","n":1,"tram":0,"op":"Wielicka Spółka Transportowa"},"geometry":{"type":"LineString","coordinates":[[20.059871,49.994307],[20.065334,49.990781]]}},{"type":"Feature","properties":{"id":"c641","lines":"B2","n":1,"tram":0,"op":"Wielicka Spółka Transportowa"},"geometry":{"type":"LineString","coordinates":[[20.059871,49.994307],[20.059871,49.996069],[20.068066,50.001357]]}},{"type":"Feature","properties":{"id":"c642","lines":"B2","n":1,"tram":0,"op":"Wielicka Spółka Transportowa"},"geometry":{"type":"LineString","coordinates":[[20.059871,49.994307],[20.068066,49.999595],[20.068066,50.001357]]}},{"type":"Feature","properties":{"id":"c643","lines":"244 304","n":2,"tram":0,"op":"MPK Kraków — buses"},"geometry":{"type":"LineString","coordinates":[[20.068066,49.992544],[20.065334,49.990781]]}},{"type":"Feature","properties":{"id":"c644","lines":"204 301 904","n":3,"tram":0,"op":"MPK Kraków — buses"},"geometry":{"type":"LineString","coordinates":[[20.051676,49.994307],[20.04075,49.994307]]}},{"type":"Feature","properties":{"id":"c645","lines":"A18 B2 D2 G4 W2","n":5,"tram":0,"op":"mix"},"geometry":{"type":"LineString","coordinates":[[20.051676,49.994307],[20.051676,49.992544]]}},{"type":"Feature","properties":{"id":"c646","lines":"G4","n":1,"tram":0,"op":"Wielicka Spółka Transportowa"},"geometry":{"type":"LineString","coordinates":[[20.051676,49.994307],[20.048945,49.996069]]}},{"type":"Feature","properties":{"id":"c647","lines":"204 274 301 904","n":4,"tram":0,"op":"MPK Kraków — buses"},"geometry":{"type":"LineString","coordinates":[[20.04075,49.994307],[20.035287,49.997832]]}},{"type":"Feature","properties":{"id":"c648","lines":"274 304 G3 P2","n":4,"tram":0,"op":"mix"},"geometry":{"type":"LineString","coordinates":[[20.04075,49.994307],[20.043482,49.992544]]}},{"type":"Feature","properties":{"id":"c649","lines":"304 P2","n":2,"tram":0,"op":"mix"},"geometry":{"type":"LineString","coordinates":[[20.04075,49.994307],[20.035287,49.990781]]}},{"type":"Feature","properties":{"id":"c650","lines":"G3","n":1,"tram":0,"op":"Wielicka Spółka Transportowa"},"geometry":{"type":"LineString","coordinates":[[20.04075,49.994307],[20.04075,49.987256]]}},{"type":"Feature","properties":{"id":"c651","lines":"204 224 244 274 301 304 904","n":7,"tram":0,"op":"MPK Kraków — buses"},"geometry":{"type":"LineString","coordinates":[[20.035287,49.997832],[20.032555,49.999595]]}},{"type":"Feature","properties":{"id":"c652","lines":"224 244","n":2,"tram":0,"op":"MPK Kraków — buses"},"geometry":{"type":"LineString","coordinates":[[20.035287,49.997832],[20.027092,49.992544],[20.024361,49.992544]]}},{"type":"Feature","properties":{"id":"c653","lines":"224 244 304","n":3,"tram":0,"op":"MPK Kraków — buses"},"geometry":{"type":"LineString","coordinates":[[20.035287,49.997832],[20.027092,49.992544],[20.024361,49.992544]]}},{"type":"Feature","properties":{"id":"c654","lines":"207","n":1,"tram":0,"op":"MPK Kraków — buses"},"geometry":{"type":"LineString","coordinates":[[20.010703,50.052475],[20.010703,50.047187]]}},{"type":"Feature","properties":{"id":"c655","lines":"207 227 267 337 937 A12 A13","n":7,"tram":0,"op":"mix"},"geometry":{"type":"LineString","coordinates":[[20.010703,50.047187],[20.010703,50.045424]]}},{"type":"Feature","properties":{"id":"c656","lines":"227","n":1,"tram":0,"op":"MPK Kraków — buses"},"geometry":{"type":"LineString","coordinates":[[20.010703,50.047187],[20.018898,50.052475],[20.018898,50.054237]]}},{"type":"Feature","properties":{"id":"c657","lines":"267 337 937 A12 A13","n":5,"tram":0,"op":"mix"},"geometry":{"type":"LineString","coordinates":[[20.010703,50.047187],[20.007971,50.048949],[20.007971,50.050712]]}},{"type":"Feature","properties":{"id":"c658","lines":"207","n":1,"tram":0,"op":"MPK Kraków — buses"},"geometry":{"type":"LineString","coordinates":[[20.010703,50.045424],[20.016166,50.048949]]}},{"type":"Feature","properties":{"id":"c659","lines":"227 267 337 937 A12 A13","n":6,"tram":0,"op":"mix"},"geometry":{"type":"LineString","coordinates":[[20.010703,50.045424],[20.010703,50.043661]]}},{"type":"Feature","properties":{"id":"c660","lines":"207 317","n":2,"tram":0,"op":"MPK Kraków — buses"},"geometry":{"type":"LineString","coordinates":[[20.016166,50.048949],[20.016166,50.045424]]}},{"type":"Feature","properties":{"id":"c661","lines":"247","n":1,"tram":0,"op":"MPK Kraków — buses"},"geometry":{"type":"LineString","coordinates":[[20.016166,50.048949],[20.027092,50.048949]]}},{"type":"Feature","properties":{"id":"c662","lines":"207 317","n":2,"tram":0,"op":"MPK Kraków — buses"},"geometry":{"type":"LineString","coordinates":[[20.016166,50.045424],[20.016166,50.041899]]}},{"type":"Feature","properties":{"id":"c663","lines":"317","n":1,"tram":0,"op":"MPK Kraków — buses"},"geometry":{"type":"LineString","coordinates":[[20.016166,50.041899],[20.018898,50.040136]]}},{"type":"Feature","properties":{"id":"c664","lines":"249 259 A14 A44 A64","n":5,"tram":0,"op":"mix"},"geometry":{"type":"LineString","coordinates":[[19.96973,50.006645],[19.956072,49.997832]]}},{"type":"Feature","properties":{"id":"c665","lines":"209","n":1,"tram":0,"op":"MPK Kraków — buses"},"geometry":{"type":"LineString","coordinates":[[19.958803,50.006645],[19.958803,50.010171]]}},{"type":"Feature","properties":{"id":"c666","lines":"219 229 239 279","n":4,"tram":0,"op":"MPK Kraków — buses"},"geometry":{"type":"LineString","coordinates":[[19.958803,50.006645],[19.95334,50.00312],[19.95334,50.001357]]}},{"type":"Feature","properties":{"id":"c667","lines":"269 A60","n":2,"tram":0,"op":"mix"},"geometry":{"type":"LineString","coordinates":[[19.958803,50.006645],[19.95334,50.006645]]}},{"type":"Feature","properties":{"id":"c668","lines":"209","n":1,"tram":0,"op":"MPK Kraków — buses"},"geometry":{"type":"LineString","coordinates":[[19.958803,50.010171],[19.958803,50.011933]]}},{"type":"Feature","properties":{"id":"c669","lines":"209","n":1,"tram":0,"op":"MPK Kraków — buses"},"geometry":{"type":"LineString","coordinates":[[19.958803,50.010171],[19.956072,50.008408],[19.956072,50.004883]]}},{"type":"Feature","properties":{"id":"c670","lines":"209","n":1,"tram":0,"op":"MPK Kraków — buses"},"geometry":{"type":"LineString","coordinates":[[19.958803,50.011933],[19.956072,50.013696],[19.956072,50.017221]]}},{"type":"Feature","properties":{"id":"c671","lines":"209","n":1,"tram":0,"op":"MPK Kraków — buses"},"geometry":{"type":"LineString","coordinates":[[19.958803,50.011933],[19.958803,50.015459]]}},{"type":"Feature","properties":{"id":"c672","lines":"209","n":1,"tram":0,"op":"MPK Kraków — buses"},"geometry":{"type":"LineString","coordinates":[[19.956072,50.017221],[19.958803,50.017221],[19.964267,50.020747]]}},{"type":"Feature","properties":{"id":"c673","lines":"209 902","n":2,"tram":0,"op":"MPK Kraków — buses"},"geometry":{"type":"LineString","coordinates":[[19.956072,50.017221],[19.958803,50.015459]]}},{"type":"Feature","properties":{"id":"c674","lines":"209 218 228 258 298 918","n":6,"tram":0,"op":"MPK Kraków — buses"},"geometry":{"type":"LineString","coordinates":[[19.964267,50.020747],[19.961535,50.020747]]}},{"type":"Feature","properties":{"id":"c675","lines":"218 228 258 298 918","n":5,"tram":0,"op":"MPK Kraków — buses"},"geometry":{"type":"LineString","coordinates":[[19.964267,50.020747],[19.966998,50.022509]]}},{"type":"Feature","properties":{"id":"c676","lines":"209 228 258 298","n":4,"tram":0,"op":"MPK Kraków — buses"},"geometry":{"type":"LineString","coordinates":[[19.961535,50.020747],[19.956072,50.020747]]}},{"type":"Feature","properties":{"id":"c677","lines":"209 228 258 298","n":4,"tram":0,"op":"MPK Kraków — buses"},"geometry":{"type":"LineString","coordinates":[[19.961535,50.020747],[19.956072,50.020747]]}},{"type":"Feature","properties":{"id":"c678","lines":"218 918","n":2,"tram":0,"op":"MPK Kraków — buses"},"geometry":{"type":"LineString","coordinates":[[19.961535,50.020747],[19.95334,50.026035],[19.95334,50.027797]]}},{"type":"Feature","properties":{"id":"c679","lines":"209 228 258 298","n":4,"tram":0,"op":"MPK Kraków — buses"},"geometry":{"type":"LineString","coordinates":[[19.956072,50.020747],[19.95334,50.018984],[19.950609,50.018984]]}},{"type":"Feature","properties":{"id":"c680","lines":"209 228","n":2,"tram":0,"op":"MPK Kraków — buses"},"geometry":{"type":"LineString","coordinates":[[19.950609,50.018984],[19.947877,50.017221]]}},{"type":"Feature","properties":{"id":"c681","lines":"258 298","n":2,"tram":0,"op":"MPK Kraków — buses"},"geometry":{"type":"LineString","coordinates":[[19.950609,50.018984],[19.942414,50.024272]]}},{"type":"Feature","properties":{"id":"c682","lines":"209 228","n":2,"tram":0,"op":"MPK Kraków — buses"},"geometry":{"type":"LineString","coordinates":[[19.947877,50.017221],[19.950609,50.015459],[19.950609,50.013696]]}},{"type":"Feature","properties":{"id":"c683","lines":"228","n":1,"tram":0,"op":"MPK Kraków — buses"},"geometry":{"type":"LineString","coordinates":[[19.947877,50.017221],[19.939682,50.017221]]}},{"type":"Feature","properties":{"id":"c684","lines":"209","n":1,"tram":0,"op":"MPK Kraków — buses"},"geometry":{"type":"LineString","coordinates":[[19.950609,50.013696],[19.945146,50.010171]]}},{"type":"Feature","properties":{"id":"c685","lines":"A60","n":1,"tram":0,"op":"Małopolskie Linie Dowozowe"},"geometry":{"type":"LineString","coordinates":[[19.950609,50.013696],[19.945146,50.010171]]}},{"type":"Feature","properties":{"id":"c686","lines":"A60","n":1,"tram":0,"op":"Małopolskie Linie Dowozowe"},"geometry":{"type":"LineString","coordinates":[[19.950609,50.013696],[19.950609,50.008408]]}},{"type":"Feature","properties":{"id":"c687","lines":"A60","n":1,"tram":0,"op":"Małopolskie Linie Dowozowe"},"geometry":{"type":"LineString","coordinates":[[19.950609,50.013696],[19.950609,50.008408]]}},{"type":"Feature","properties":{"id":"c688","lines":"A60","n":1,"tram":0,"op":"Małopolskie Linie Dowozowe"},"geometry":{"type":"LineString","coordinates":[[19.950609,50.013696],[19.945146,50.010171]]}},{"type":"Feature","properties":{"id":"c689","lines":"209 A60","n":2,"tram":0,"op":"mix"},"geometry":{"type":"LineString","coordinates":[[19.945146,50.010171],[19.942414,50.008408]]}},{"type":"Feature","properties":{"id":"c690","lines":"209 269 A44 A60","n":4,"tram":0,"op":"mix"},"geometry":{"type":"LineString","coordinates":[[19.942414,50.008408],[19.939682,50.008408]]}},{"type":"Feature","properties":{"id":"c691","lines":"269 A44","n":2,"tram":0,"op":"mix"},"geometry":{"type":"LineString","coordinates":[[19.942414,50.008408],[19.950609,50.008408]]}},{"type":"Feature","properties":{"id":"c692","lines":"209 A44","n":2,"tram":0,"op":"mix"},"geometry":{"type":"LineString","coordinates":[[19.939682,50.008408],[19.934219,50.011933]]}},{"type":"Feature","properties":{"id":"c693","lines":"269 A60","n":2,"tram":0,"op":"mix"},"geometry":{"type":"LineString","coordinates":[[19.939682,50.008408],[19.936951,50.008408]]}},{"type":"Feature","properties":{"id":"c694","lines":"A44","n":1,"tram":0,"op":"Małopolskie Linie Dowozowe"},"geometry":{"type":"LineString","coordinates":[[19.934219,50.011933],[19.928756,50.015459]]}},{"type":"Feature","properties":{"id":"c695","lines":"A44","n":1,"tram":0,"op":"Małopolskie Linie Dowozowe"},"geometry":{"type":"LineString","coordinates":[[19.934219,50.011933],[19.928756,50.015459]]}},{"type":"Feature","properties":{"id":"c696","lines":"219 229 239 279","n":4,"tram":0,"op":"MPK Kraków — buses"},"geometry":{"type":"LineString","coordinates":[[19.956072,50.004883],[19.956072,50.00312],[19.95334,50.001357]]}},{"type":"Feature","properties":{"id":"c697","lines":"269 A60","n":2,"tram":0,"op":"mix"},"geometry":{"type":"LineString","coordinates":[[19.956072,50.004883],[19.95334,50.006645]]}},{"type":"Feature","properties":{"id":"c698","lines":"210","n":1,"tram":0,"op":"MPK Kraków — buses"},"geometry":{"type":"LineString","coordinates":[[19.986119,50.040136],[19.983387,50.040136]]}},{"type":"Feature","properties":{"id":"c699","lines":"210 230 910","n":3,"tram":0,"op":"MPK Kraków — buses"},"geometry":{"type":"LineString","coordinates":[[19.986119,50.040136],[19.988851,50.038373]]}},{"type":"Feature","properties":{"id":"c700","lines":"230 910","n":2,"tram":0,"op":"MPK Kraków — buses"},"geometry":{"type":"LineString","coordinates":[[19.986119,50.040136],[19.980656,50.043661],[19.977924,50.043661]]}},{"type":"Feature","properties":{"id":"c701","lines":"310","n":1,"tram":0,"op":"MPK Kraków — buses"},"geometry":{"type":"LineString","coordinates":[[19.988851,50.038373],[19.991582,50.040136],[19.991582,50.043661]]}},{"type":"Feature","properties":{"id":"c702","lines":"211 221 301 A18 A37 A7","n":6,"tram":0,"op":"mix"},"geometry":{"type":"LineString","coordinates":[[20.174597,50.015459],[20.174597,50.011933]]}},{"type":"Feature","properties":{"id":"c703","lines":"A7","n":1,"tram":0,"op":"Małopolskie Linie Dowozowe"},"geometry":{"type":"LineString","coordinates":[[20.174597,50.015459],[20.177328,50.017221],[20.18006,50.017221]]}},{"type":"Feature","properties":{"id":"c704","lines":"211","n":1,"tram":0,"op":"MPK Kraków — buses"},"geometry":{"type":"LineString","coordinates":[[20.174597,50.011933],[20.18006,50.015459],[20.18006,50.017221]]}},{"type":"Feature","properties":{"id":"c705","lines":"221 301 A18 A37 A7","n":5,"tram":0,"op":"mix"},"geometry":{"type":"LineString","coordinates":[[20.174597,50.011933],[20.171865,50.010171]]}},{"type":"Feature","properties":{"id":"c706","lines":"211 A7","n":2,"tram":0,"op":"mix"},"geometry":{"type":"LineString","coordinates":[[20.18006,50.017221],[20.188254,50.022509],[20.21557,50.022509]]}},{"type":"Feature","properties":{"id":"c707","lines":"A7","n":1,"tram":0,"op":"Małopolskie Linie Dowozowe"},"geometry":{"type":"LineString","coordinates":[[20.21557,50.022509],[20.21557,50.024272],[20.221033,50.027797],[20.221033,50.034848]]}},{"type":"Feature","properties":{"id":"c708","lines":"A7","n":1,"tram":0,"op":"Małopolskie Linie Dowozowe"},"geometry":{"type":"LineString","coordinates":[[20.21557,50.022509],[20.218302,50.024272],[20.218302,50.033085]]}},{"type":"Feature","properties":{"id":"c709","lines":"214 A19 P2","n":3,"tram":0,"op":"mix"},"geometry":{"type":"LineString","coordinates":[[20.016166,49.962579],[20.016166,49.973155]]}},{"type":"Feature","properties":{"id":"c710","lines":"A19","n":1,"tram":0,"op":"Małopolskie Linie Dowozowe"},"geometry":{"type":"LineString","coordinates":[[20.016166,49.962579],[20.007971,49.957291],[20.00524,49.957291]]}},{"type":"Feature","properties":{"id":"c711","lines":"A19","n":1,"tram":0,"op":"Małopolskie Linie Dowozowe"},"geometry":{"type":"LineString","coordinates":[[20.016166,49.962579],[20.013435,49.962579],[20.00524,49.957291]]}},{"type":"Feature","properties":{"id":"c712","lines":"214","n":1,"tram":0,"op":"MPK Kraków — buses"},"geometry":{"type":"LineString","coordinates":[[20.016166,49.973155],[20.010703,49.973155]]}},{"type":"Feature","properties":{"id":"c713","lines":"214 G3","n":2,"tram":0,"op":"mix"},"geometry":{"type":"LineString","coordinates":[[20.016166,49.973155],[20.010703,49.973155]]}},{"type":"Feature","properties":{"id":"c714","lines":"A19 P2","n":2,"tram":0,"op":"mix"},"geometry":{"type":"LineString","coordinates":[[20.016166,49.973155],[20.021629,49.97668],[20.032555,49.97668]]}},{"type":"Feature","properties":{"id":"c715","lines":"G3","n":1,"tram":0,"op":"Wielicka Spółka Transportowa"},"geometry":{"type":"LineString","coordinates":[[20.016166,49.973155],[20.018898,49.973155],[20.021629,49.974917],[20.035287,49.974917]]}},{"type":"Feature","properties":{"id":"c716","lines":"G3","n":1,"tram":0,"op":"Wielicka Spółka Transportowa"},"geometry":{"type":"LineString","coordinates":[[20.016166,49.973155],[20.010703,49.973155]]}},{"type":"Feature","properties":{"id":"c717","lines":"G3","n":1,"tram":0,"op":"Wielicka Spółka Transportowa"},"geometry":{"type":"LineString","coordinates":[[20.016166,49.973155],[20.027092,49.980205],[20.04075,49.980205]]}},{"type":"Feature","properties":{"id":"c718","lines":"G3","n":1,"tram":0,"op":"Wielicka Spółka Transportowa"},"geometry":{"type":"LineString","coordinates":[[20.010703,49.973155],[20.002508,49.973155]]}},{"type":"Feature","properties":{"id":"c719","lines":"254","n":1,"tram":0,"op":"MPK Kraków — buses"},"geometry":{"type":"LineString","coordinates":[[20.00524,49.983731],[19.994314,49.97668]]}},{"type":"Feature","properties":{"id":"c720","lines":"215","n":1,"tram":0,"op":"MPK Kraków — buses"},"geometry":{"type":"LineString","coordinates":[[20.016166,49.941427],[20.021629,49.944952]]}},{"type":"Feature","properties":{"id":"c721","lines":"215 A2","n":2,"tram":0,"op":"mix"},"geometry":{"type":"LineString","coordinates":[[20.016166,49.941427],[20.007971,49.946715]]}},{"type":"Feature","properties":{"id":"c722","lines":"A2","n":1,"tram":0,"op":"Małopolskie Linie Dowozowe"},"geometry":{"type":"LineString","coordinates":[[20.016166,49.941427],[20.018898,49.941427],[20.024361,49.937901]]}},{"type":"Feature","properties":{"id":"c723","lines":"J1","n":1,"tram":0,"op":"Wielicka Spółka Transportowa"},"geometry":{"type":"LineString","coordinates":[[20.021629,49.944952],[20.021629,49.957291]]}},{"type":"Feature","properties":{"id":"c724","lines":"J1","n":1,"tram":0,"op":"Wielicka Spółka Transportowa"},"geometry":{"type":"LineString","coordinates":[[20.021629,49.944952],[20.035287,49.953765],[20.035287,49.955528]]}},{"type":"Feature","properties":{"id":"c725","lines":"215 225 285 915 A19 A2","n":6,"tram":0,"op":"mix"},"geometry":{"type":"LineString","coordinates":[[20.007971,49.946715],[20.00524,49.948477],[19.999777,49.948477]]}},{"type":"Feature","properties":{"id":"c726","lines":"225 285 915 A19","n":4,"tram":0,"op":"mix"},"geometry":{"type":"LineString","coordinates":[[20.007971,49.946715],[20.013435,49.95024]]}},{"type":"Feature","properties":{"id":"c727","lines":"215 915","n":2,"tram":0,"op":"MPK Kraków — buses"},"geometry":{"type":"LineString","coordinates":[[19.999777,49.948477],[19.997045,49.95024]]}},{"type":"Feature","properties":{"id":"c728","lines":"285 A19 A2","n":3,"tram":0,"op":"mix"},"geometry":{"type":"LineString","coordinates":[[19.999777,49.948477],[19.994314,49.948477]]}},{"type":"Feature","properties":{"id":"c729","lines":"215 915 A49","n":3,"tram":0,"op":"mix"},"geometry":{"type":"LineString","coordinates":[[19.997045,49.95024],[19.997045,49.964341],[19.994314,49.966104]]}},{"type":"Feature","properties":{"id":"c730","lines":"A49","n":1,"tram":0,"op":"Małopolskie Linie Dowozowe"},"geometry":{"type":"LineString","coordinates":[[19.997045,49.95024],[19.994314,49.948477]]}},{"type":"Feature","properties":{"id":"c731","lines":"A49","n":1,"tram":0,"op":"Małopolskie Linie Dowozowe"},"geometry":{"type":"LineString","coordinates":[[19.997045,49.95024],[19.994314,49.948477]]}},{"type":"Feature","properties":{"id":"c732","lines":"215 915","n":2,"tram":0,"op":"MPK Kraków — buses"},"geometry":{"type":"LineString","coordinates":[[19.994314,49.966104],[19.994314,49.973155]]}},{"type":"Feature","properties":{"id":"c733","lines":"A49","n":1,"tram":0,"op":"Małopolskie Linie Dowozowe"},"geometry":{"type":"LineString","coordinates":[[19.994314,49.966104],[19.988851,49.969629]]}},{"type":"Feature","properties":{"id":"c734","lines":"215 225 254 915","n":4,"tram":0,"op":"MPK Kraków — buses"},"geometry":{"type":"LineString","coordinates":[[19.994314,49.973155],[19.994314,49.97668]]}},{"type":"Feature","properties":{"id":"c735","lines":"225 915","n":2,"tram":0,"op":"MPK Kraków — buses"},"geometry":{"type":"LineString","coordinates":[[19.994314,49.973155],[20.00524,49.966104],[20.00524,49.957291]]}},{"type":"Feature","properties":{"id":"c736","lines":"254","n":1,"tram":0,"op":"MPK Kraków — buses"},"geometry":{"type":"LineString","coordinates":[[19.994314,49.973155],[20.002508,49.973155]]}},{"type":"Feature","properties":{"id":"c737","lines":"217 247","n":2,"tram":0,"op":"MPK Kraków — buses"},"geometry":{"type":"LineString","coordinates":[[20.038019,50.052475],[20.038019,50.050712],[20.032555,50.047187]]}},{"type":"Feature","properties":{"id":"c738","lines":"217 247 297","n":3,"tram":0,"op":"MPK Kraków — buses"},"geometry":{"type":"LineString","coordinates":[[20.032555,50.047187],[20.029824,50.047187]]}},{"type":"Feature","properties":{"id":"c739","lines":"297","n":1,"tram":0,"op":"MPK Kraków — buses"},"geometry":{"type":"LineString","coordinates":[[20.032555,50.047187],[20.035287,50.045424]]}},{"type":"Feature","properties":{"id":"c740","lines":"247 280","n":2,"tram":0,"op":"MPK Kraków — buses"},"geometry":{"type":"LineString","coordinates":[[20.029824,50.047187],[20.027092,50.048949]]}},{"type":"Feature","properties":{"id":"c741","lines":"257 277 307 917","n":4,"tram":0,"op":"MPK Kraków — buses"},"geometry":{"type":"LineString","coordinates":[[20.029824,50.047187],[20.029824,50.050712]]}},{"type":"Feature","properties":{"id":"c742","lines":"280","n":1,"tram":0,"op":"MPK Kraków — buses"},"geometry":{"type":"LineString","coordinates":[[20.027092,50.048949],[20.029824,50.050712]]}},{"type":"Feature","properties":{"id":"c743","lines":"218","n":1,"tram":0,"op":"MPK Kraków — buses"},"geometry":{"type":"LineString","coordinates":[[19.966998,50.034848],[19.96973,50.036611],[19.972461,50.036611]]}},{"type":"Feature","properties":{"id":"c744","lines":"218 248 948","n":3,"tram":0,"op":"MPK Kraków — buses"},"geometry":{"type":"LineString","coordinates":[[19.966998,50.034848],[19.964267,50.033085]]}},{"type":"Feature","properties":{"id":"c745","lines":"248 948","n":2,"tram":0,"op":"MPK Kraków — buses"},"geometry":{"type":"LineString","coordinates":[[19.966998,50.034848],[19.966998,50.036611],[19.972461,50.040136]]}},{"type":"Feature","properties":{"id":"c746","lines":"268 278 288","n":3,"tram":0,"op":"MPK Kraków — buses"},"geometry":{"type":"LineString","coordinates":[[19.972461,50.036611],[19.972461,50.040136]]}},{"type":"Feature","properties":{"id":"c747","lines":"218","n":1,"tram":0,"op":"MPK Kraków — buses"},"geometry":{"type":"LineString","coordinates":[[19.964267,50.033085],[19.961535,50.031323]]}},{"type":"Feature","properties":{"id":"c748","lines":"248 948","n":2,"tram":0,"op":"MPK Kraków — buses"},"geometry":{"type":"LineString","coordinates":[[19.964267,50.033085],[19.966998,50.031323]]}},{"type":"Feature","properties":{"id":"c749","lines":"218 238","n":2,"tram":0,"op":"MPK Kraków — buses"},"geometry":{"type":"LineString","coordinates":[[19.961535,50.031323],[19.956072,50.027797],[19.95334,50.027797]]}},{"type":"Feature","properties":{"id":"c750","lines":"238","n":1,"tram":0,"op":"MPK Kraków — buses"},"geometry":{"type":"LineString","coordinates":[[19.961535,50.031323],[19.966998,50.031323]]}},{"type":"Feature","properties":{"id":"c751","lines":"238 918","n":2,"tram":0,"op":"MPK Kraków — buses"},"geometry":{"type":"LineString","coordinates":[[19.95334,50.027797],[19.945146,50.027797]]}},{"type":"Feature","properties":{"id":"c752","lines":"218 228 258 918","n":4,"tram":0,"op":"MPK Kraków — buses"},"geometry":{"type":"LineString","coordinates":[[19.966998,50.022509],[19.964267,50.024272],[19.964267,50.026035]]}},{"type":"Feature","properties":{"id":"c753","lines":"228 298","n":2,"tram":0,"op":"MPK Kraków — buses"},"geometry":{"type":"LineString","coordinates":[[19.966998,50.022509],[19.972461,50.026035]]}},{"type":"Feature","properties":{"id":"c754","lines":"218 228 918","n":3,"tram":0,"op":"MPK Kraków — buses"},"geometry":{"type":"LineString","coordinates":[[19.964267,50.026035],[19.972461,50.026035]]}},{"type":"Feature","properties":{"id":"c755","lines":"258","n":1,"tram":0,"op":"MPK Kraków — buses"},"geometry":{"type":"LineString","coordinates":[[19.964267,50.026035],[19.96973,50.02956]]}},{"type":"Feature","properties":{"id":"c756","lines":"219 229 239 279","n":4,"tram":0,"op":"MPK Kraków — buses"},"geometry":{"type":"LineString","coordinates":[[19.95334,50.001357],[19.950609,50.001357]]}},{"type":"Feature","properties":{"id":"c757","lines":"229 239 249","n":3,"tram":0,"op":"MPK Kraków — buses"},"geometry":{"type":"LineString","coordinates":[[19.950609,50.001357],[19.947877,49.999595]]}},{"type":"Feature","properties":{"id":"c758","lines":"219 249","n":2,"tram":0,"op":"MPK Kraków — buses"},"geometry":{"type":"LineString","coordinates":[[19.950609,50.001357],[19.956072,49.997832]]}},{"type":"Feature","properties":{"id":"c759","lines":"279 A44","n":2,"tram":0,"op":"mix"},"geometry":{"type":"LineString","coordinates":[[19.950609,50.001357],[19.950609,49.996069],[19.947877,49.994307]]}},{"type":"Feature","properties":{"id":"c760","lines":"A44","n":1,"tram":0,"op":"Małopolskie Linie Dowozowe"},"geometry":{"type":"LineString","coordinates":[[19.950609,50.001357],[19.950609,50.008408]]}},{"type":"Feature","properties":{"id":"c761","lines":"A44","n":1,"tram":0,"op":"Małopolskie Linie Dowozowe"},"geometry":{"type":"LineString","coordinates":[[19.950609,50.001357],[19.950609,50.008408]]}},{"type":"Feature","properties":{"id":"c762","lines":"229 239","n":2,"tram":0,"op":"MPK Kraków — buses"},"geometry":{"type":"LineString","coordinates":[[19.947877,49.999595],[19.942414,49.996069],[19.942414,49.992544]]}},{"type":"Feature","properties":{"id":"c763","lines":"249","n":1,"tram":0,"op":"MPK Kraków — buses"},"geometry":{"type":"LineString","coordinates":[[19.947877,49.999595],[19.923293,49.983731],[19.923293,49.980205]]}},{"type":"Feature","properties":{"id":"c764","lines":"229","n":1,"tram":0,"op":"MPK Kraków — buses"},"geometry":{"type":"LineString","coordinates":[[19.942414,49.992544],[19.928756,49.983731],[19.928756,49.980205]]}},{"type":"Feature","properties":{"id":"c765","lines":"239","n":1,"tram":0,"op":"MPK Kraków — buses"},"geometry":{"type":"LineString","coordinates":[[19.942414,49.992544],[19.945146,49.990781],[19.945146,49.989019]]}},{"type":"Feature","properties":{"id":"c766","lines":"229 259 A14 A64","n":4,"tram":0,"op":"mix"},"geometry":{"type":"LineString","coordinates":[[19.928756,49.980205],[19.926025,49.978443]]}},{"type":"Feature","properties":{"id":"c767","lines":"259 A14 A64","n":3,"tram":0,"op":"mix"},"geometry":{"type":"LineString","coordinates":[[19.928756,49.980205],[19.934219,49.980205]]}},{"type":"Feature","properties":{"id":"c768","lines":"229 249 A64","n":3,"tram":0,"op":"mix"},"geometry":{"type":"LineString","coordinates":[[19.926025,49.978443],[19.923293,49.980205]]}},{"type":"Feature","properties":{"id":"c769","lines":"229 A64","n":2,"tram":0,"op":"mix"},"geometry":{"type":"LineString","coordinates":[[19.923293,49.980205],[19.915098,49.980205]]}},{"type":"Feature","properties":{"id":"c770","lines":"229","n":1,"tram":0,"op":"MPK Kraków — buses"},"geometry":{"type":"LineString","coordinates":[[19.915098,49.980205],[19.909635,49.980205]]}},{"type":"Feature","properties":{"id":"c771","lines":"A64","n":1,"tram":0,"op":"Małopolskie Linie Dowozowe"},"geometry":{"type":"LineString","coordinates":[[19.915098,49.980205],[19.909635,49.980205]]}},{"type":"Feature","properties":{"id":"c772","lines":"229 A64","n":2,"tram":0,"op":"mix"},"geometry":{"type":"LineString","coordinates":[[19.909635,49.980205],[19.906904,49.981968],[19.906904,49.989019]]}},{"type":"Feature","properties":{"id":"c773","lines":"A64","n":1,"tram":0,"op":"Małopolskie Linie Dowozowe"},"geometry":{"type":"LineString","coordinates":[[19.906904,49.989019],[19.912367,49.992544]]}},{"type":"Feature","properties":{"id":"c774","lines":"A64","n":1,"tram":0,"op":"Małopolskie Linie Dowozowe"},"geometry":{"type":"LineString","coordinates":[[19.906904,49.989019],[19.906904,49.990781],[19.915098,49.996069]]}},{"type":"Feature","properties":{"id":"c775","lines":"219 259 A14 A44 A64","n":5,"tram":0,"op":"mix"},"geometry":{"type":"LineString","coordinates":[[19.956072,49.997832],[19.950609,49.994307]]}},{"type":"Feature","properties":{"id":"c776","lines":"219 259 279","n":3,"tram":0,"op":"MPK Kraków — buses"},"geometry":{"type":"LineString","coordinates":[[19.950609,49.994307],[19.950609,49.981968],[19.947877,49.980205]]}},{"type":"Feature","properties":{"id":"c777","lines":"259 279 A14 A44 A64","n":5,"tram":0,"op":"mix"},"geometry":{"type":"LineString","coordinates":[[19.950609,49.994307],[19.947877,49.994307]]}},{"type":"Feature","properties":{"id":"c778","lines":"219 239 279 A14","n":4,"tram":0,"op":"mix"},"geometry":{"type":"LineString","coordinates":[[19.947877,49.980205],[19.947877,49.97668]]}},{"type":"Feature","properties":{"id":"c779","lines":"239 259","n":2,"tram":0,"op":"MPK Kraków — buses"},"geometry":{"type":"LineString","coordinates":[[19.947877,49.980205],[19.947877,49.983731],[19.945146,49.985493]]}},{"type":"Feature","properties":{"id":"c780","lines":"A14","n":1,"tram":0,"op":"Małopolskie Linie Dowozowe"},"geometry":{"type":"LineString","coordinates":[[19.947877,49.980205],[19.942414,49.983731]]}},{"type":"Feature","properties":{"id":"c781","lines":"239 279 A14","n":3,"tram":0,"op":"mix"},"geometry":{"type":"LineString","coordinates":[[19.947877,49.97668],[19.939682,49.97668]]}},{"type":"Feature","properties":{"id":"c782","lines":"220 LR0","n":2,"tram":0,"op":"MPK Kraków — buses"},"geometry":{"type":"LineString","coordinates":[[19.997045,50.043661],[19.994314,50.045424]]}},{"type":"Feature","properties":{"id":"c783","lines":"220","n":1,"tram":0,"op":"MPK Kraków — buses"},"geometry":{"type":"LineString","coordinates":[[19.997045,50.043661],[19.999777,50.041899]]}},{"type":"Feature","properties":{"id":"c784","lines":"220","n":1,"tram":0,"op":"MPK Kraków — buses"},"geometry":{"type":"LineString","coordinates":[[19.994314,50.045424],[19.994314,50.050712],[19.997045,50.052475]]}},{"type":"Feature","properties":{"id":"c785","lines":"LR0","n":1,"tram":0,"op":"MPK Kraków — buses"},"geometry":{"type":"LineString","coordinates":[[19.994314,50.045424],[19.991582,50.047187]]}},{"type":"Feature","properties":{"id":"c786","lines":"240 290","n":2,"tram":0,"op":"MPK Kraków — buses"},"geometry":{"type":"LineString","coordinates":[[19.999777,50.041899],[19.999777,50.047187]]}},{"type":"Feature","properties":{"id":"c787","lines":"221 A18 A37 A7","n":4,"tram":0,"op":"mix"},"geometry":{"type":"LineString","coordinates":[[20.171865,50.010171],[20.16367,50.015459]]}},{"type":"Feature","properties":{"id":"c788","lines":"301","n":1,"tram":0,"op":"MPK Kraków — buses"},"geometry":{"type":"LineString","coordinates":[[20.171865,50.010171],[20.166402,50.006645],[20.16367,50.006645]]}},{"type":"Feature","properties":{"id":"c789","lines":"221","n":1,"tram":0,"op":"MPK Kraków — buses"},"geometry":{"type":"LineString","coordinates":[[20.16367,50.015459],[20.144549,50.015459],[20.130892,50.024272]]}},{"type":"Feature","properties":{"id":"c790","lines":"A18 A37 A7","n":3,"tram":0,"op":"Małopolskie Linie Dowozowe"},"geometry":{"type":"LineString","coordinates":[[20.16367,50.015459],[20.155476,50.010171]]}},{"type":"Feature","properties":{"id":"c791","lines":"221 264 B2","n":3,"tram":0,"op":"mix"},"geometry":{"type":"LineString","coordinates":[[20.130892,50.024272],[20.122697,50.024272]]}},{"type":"Feature","properties":{"id":"c792","lines":"221 264 B2","n":3,"tram":0,"op":"mix"},"geometry":{"type":"LineString","coordinates":[[20.122697,50.024272],[20.119965,50.026035],[20.109039,50.026035]]}},{"type":"Feature","properties":{"id":"c793","lines":"B2","n":1,"tram":0,"op":"Wielicka Spółka Transportowa"},"geometry":{"type":"LineString","coordinates":[[20.122697,50.024272],[20.109039,50.015459]]}},{"type":"Feature","properties":{"id":"c794","lines":"B2","n":1,"tram":0,"op":"Wielicka Spółka Transportowa"},"geometry":{"type":"LineString","coordinates":[[20.122697,50.024272],[20.111771,50.024272],[20.109039,50.026035]]}},{"type":"Feature","properties":{"id":"c795","lines":"B2","n":1,"tram":0,"op":"Wielicka Spółka Transportowa"},"geometry":{"type":"LineString","coordinates":[[20.122697,50.024272],[20.109039,50.015459]]}},{"type":"Feature","properties":{"id":"c796","lines":"221 264 B2","n":3,"tram":0,"op":"mix"},"geometry":{"type":"LineString","coordinates":[[20.109039,50.026035],[20.100844,50.026035]]}},{"type":"Feature","properties":{"id":"c797","lines":"264 B2","n":2,"tram":0,"op":"mix"},"geometry":{"type":"LineString","coordinates":[[20.100844,50.026035],[20.095381,50.022509]]}},{"type":"Feature","properties":{"id":"c798","lines":"222","n":1,"tram":0,"op":"MPK Kraków — buses"},"geometry":{"type":"LineString","coordinates":[[20.09265,50.080677],[20.095381,50.078915],[20.095381,50.068339]]}},{"type":"Feature","properties":{"id":"c799","lines":"222","n":1,"tram":0,"op":"MPK Kraków — buses"},"geometry":{"type":"LineString","coordinates":[[20.095381,50.068339],[20.095381,50.064813],[20.098113,50.063051]]}},{"type":"Feature","properties":{"id":"c800","lines":"232","n":1,"tram":0,"op":"MPK Kraków — buses"},"geometry":{"type":"LineString","coordinates":[[20.095381,50.068339],[20.103576,50.068339]]}},{"type":"Feature","properties":{"id":"c801","lines":"232","n":1,"tram":0,"op":"MPK Kraków — buses"},"geometry":{"type":"LineString","coordinates":[[20.095381,50.068339],[20.098113,50.066576],[20.098113,50.063051]]}},{"type":"Feature","properties":{"id":"c802","lines":"223 233 243 283 293 903","n":6,"tram":0,"op":"MPK Kraków — buses"},"geometry":{"type":"LineString","coordinates":[[19.961535,49.969629],[19.961535,49.966104]]}},{"type":"Feature","properties":{"id":"c803","lines":"223 233 243 253 283 293 903 A53","n":8,"tram":0,"op":"mix"},"geometry":{"type":"LineString","coordinates":[[19.961535,49.969629],[19.964267,49.971392]]}},{"type":"Feature","properties":{"id":"c804","lines":"253 A53","n":2,"tram":0,"op":"mix"},"geometry":{"type":"LineString","coordinates":[[19.961535,49.969629],[19.958803,49.967867]]}},{"type":"Feature","properties":{"id":"c805","lines":"245","n":1,"tram":0,"op":"MPK Kraków — buses"},"geometry":{"type":"LineString","coordinates":[[19.961535,49.966104],[19.961535,49.960816]]}},{"type":"Feature","properties":{"id":"c806","lines":"223 235 273 295","n":4,"tram":0,"op":"MPK Kraków — buses"},"geometry":{"type":"LineString","coordinates":[[19.95334,49.969629],[19.950609,49.969629]]}},{"type":"Feature","properties":{"id":"c807","lines":"A43","n":1,"tram":0,"op":"Małopolskie Linie Dowozowe"},"geometry":{"type":"LineString","coordinates":[[19.95334,49.969629],[19.947877,49.966104]]}},{"type":"Feature","properties":{"id":"c808","lines":"223 235 295","n":3,"tram":0,"op":"MPK Kraków — buses"},"geometry":{"type":"LineString","coordinates":[[19.950609,49.969629],[19.942414,49.969629],[19.939682,49.967867]]}},{"type":"Feature","properties":{"id":"c809","lines":"235","n":1,"tram":0,"op":"MPK Kraków — buses"},"geometry":{"type":"LineString","coordinates":[[19.950609,49.969629],[19.947877,49.967867]]}},{"type":"Feature","properties":{"id":"c810","lines":"273","n":1,"tram":0,"op":"MPK Kraków — buses"},"geometry":{"type":"LineString","coordinates":[[19.950609,49.969629],[19.950609,49.960816]]}},{"type":"Feature","properties":{"id":"c811","lines":"273","n":1,"tram":0,"op":"MPK Kraków — buses"},"geometry":{"type":"LineString","coordinates":[[19.950609,49.969629],[19.947877,49.967867],[19.947877,49.966104]]}},{"type":"Feature","properties":{"id":"c812","lines":"223","n":1,"tram":0,"op":"MPK Kraków — buses"},"geometry":{"type":"LineString","coordinates":[[19.939682,49.967867],[19.920562,49.967867],[19.91783,49.969629]]}},{"type":"Feature","properties":{"id":"c813","lines":"235","n":1,"tram":0,"op":"MPK Kraków — buses"},"geometry":{"type":"LineString","coordinates":[[19.939682,49.967867],[19.939682,49.969629]]}},{"type":"Feature","properties":{"id":"c814","lines":"295","n":1,"tram":0,"op":"MPK Kraków — buses"},"geometry":{"type":"LineString","coordinates":[[19.939682,49.967867],[19.931488,49.962579],[19.931488,49.960816]]}},{"type":"Feature","properties":{"id":"c815","lines":"223 253 283 293 903","n":5,"tram":0,"op":"MPK Kraków — buses"},"geometry":{"type":"LineString","coordinates":[[19.966998,49.983731],[19.964267,49.981968],[19.964267,49.980205]]}},{"type":"Feature","properties":{"id":"c816","lines":"233","n":1,"tram":0,"op":"MPK Kraków — buses"},"geometry":{"type":"LineString","coordinates":[[19.964267,49.971392],[19.966998,49.971392],[19.96973,49.973155]]}},{"type":"Feature","properties":{"id":"c817","lines":"235 243","n":2,"tram":0,"op":"MPK Kraków — buses"},"geometry":{"type":"LineString","coordinates":[[19.964267,49.971392],[19.966998,49.973155]]}},{"type":"Feature","properties":{"id":"c818","lines":"243","n":1,"tram":0,"op":"MPK Kraków — buses"},"geometry":{"type":"LineString","coordinates":[[19.964267,49.971392],[19.964267,49.973155]]}},{"type":"Feature","properties":{"id":"c819","lines":"224","n":1,"tram":0,"op":"MPK Kraków — buses"},"geometry":{"type":"LineString","coordinates":[[20.051676,49.989019],[20.051676,49.987256],[20.048945,49.985493]]}},{"type":"Feature","properties":{"id":"c820","lines":"284 A18 A58","n":3,"tram":0,"op":"mix"},"geometry":{"type":"LineString","coordinates":[[20.051676,49.989019],[20.046213,49.992544],[20.046213,49.996069]]}},{"type":"Feature","properties":{"id":"c821","lines":"284 A18 A58 L1 Z1","n":5,"tram":0,"op":"mix"},"geometry":{"type":"LineString","coordinates":[[20.051676,49.989019],[20.048945,49.989019],[20.046213,49.990781]]}},{"type":"Feature","properties":{"id":"c822","lines":"L1 Z1","n":2,"tram":0,"op":"Wielicka Spółka Transportowa"},"geometry":{"type":"LineString","coordinates":[[20.051676,49.989019],[20.054408,49.987256]]}},{"type":"Feature","properties":{"id":"c823","lines":"224 A19 J1","n":3,"tram":0,"op":"mix"},"geometry":{"type":"LineString","coordinates":[[20.048945,49.985493],[20.048945,49.981968],[20.046213,49.980205]]}},{"type":"Feature","properties":{"id":"c824","lines":"A19 J1","n":2,"tram":0,"op":"mix"},"geometry":{"type":"LineString","coordinates":[[20.048945,49.985493],[20.046213,49.987256],[20.046213,49.990781]]}},{"type":"Feature","properties":{"id":"c825","lines":"224 A19 J1","n":3,"tram":0,"op":"mix"},"geometry":{"type":"LineString","coordinates":[[20.046213,49.980205],[20.04075,49.980205]]}},{"type":"Feature","properties":{"id":"c826","lines":"224","n":1,"tram":0,"op":"MPK Kraków — buses"},"geometry":{"type":"LineString","coordinates":[[20.046213,49.980205],[20.043482,49.981968],[20.043482,49.987256]]}},{"type":"Feature","properties":{"id":"c827","lines":"A19 J1","n":2,"tram":0,"op":"mix"},"geometry":{"type":"LineString","coordinates":[[20.046213,49.980205],[20.046213,49.990781]]}},{"type":"Feature","properties":{"id":"c828","lines":"224 A19 G3 J1","n":4,"tram":0,"op":"mix"},"geometry":{"type":"LineString","coordinates":[[20.04075,49.980205],[20.04075,49.987256]]}},{"type":"Feature","properties":{"id":"c829","lines":"G3","n":1,"tram":0,"op":"Wielicka Spółka Transportowa"},"geometry":{"type":"LineString","coordinates":[[20.04075,49.980205],[20.04075,49.978443],[20.035287,49.974917]]}},{"type":"Feature","properties":{"id":"c830","lines":"224 244","n":2,"tram":0,"op":"MPK Kraków — buses"},"geometry":{"type":"LineString","coordinates":[[20.04075,49.987256],[20.035287,49.987256]]}},{"type":"Feature","properties":{"id":"c831","lines":"244","n":1,"tram":0,"op":"MPK Kraków — buses"},"geometry":{"type":"LineString","coordinates":[[20.04075,49.987256],[20.043482,49.987256]]}},{"type":"Feature","properties":{"id":"c832","lines":"A19 J1 P2","n":3,"tram":0,"op":"mix"},"geometry":{"type":"LineString","coordinates":[[20.04075,49.987256],[20.04075,49.985493],[20.032555,49.980205],[20.032555,49.97668]]}},{"type":"Feature","properties":{"id":"c833","lines":"G3 P2","n":2,"tram":0,"op":"Wielicka Spółka Transportowa"},"geometry":{"type":"LineString","coordinates":[[20.04075,49.987256],[20.046213,49.990781]]}},{"type":"Feature","properties":{"id":"c834","lines":"P2","n":1,"tram":0,"op":"Wielicka Spółka Transportowa"},"geometry":{"type":"LineString","coordinates":[[20.04075,49.987256],[20.038019,49.989019],[20.035287,49.989019]]}},{"type":"Feature","properties":{"id":"c835","lines":"P2","n":1,"tram":0,"op":"Wielicka Spółka Transportowa"},"geometry":{"type":"LineString","coordinates":[[20.04075,49.987256],[20.035287,49.990781]]}},{"type":"Feature","properties":{"id":"c836","lines":"224","n":1,"tram":0,"op":"MPK Kraków — buses"},"geometry":{"type":"LineString","coordinates":[[20.035287,49.987256],[20.029824,49.990781]]}},{"type":"Feature","properties":{"id":"c837","lines":"244","n":1,"tram":0,"op":"MPK Kraków — buses"},"geometry":{"type":"LineString","coordinates":[[20.035287,49.987256],[20.032555,49.985493],[20.027092,49.985493]]}},{"type":"Feature","properties":{"id":"c838","lines":"224 304","n":2,"tram":0,"op":"MPK Kraków — buses"},"geometry":{"type":"LineString","coordinates":[[20.029824,49.990781],[20.027092,49.992544],[20.024361,49.992544]]}},{"type":"Feature","properties":{"id":"c839","lines":"304 P2","n":2,"tram":0,"op":"mix"},"geometry":{"type":"LineString","coordinates":[[20.029824,49.990781],[20.035287,49.990781]]}},{"type":"Feature","properties":{"id":"c840","lines":"P2","n":1,"tram":0,"op":"Wielicka Spółka Transportowa"},"geometry":{"type":"LineString","coordinates":[[20.029824,49.990781],[20.024361,49.990781]]}},{"type":"Feature","properties":{"id":"c841","lines":"P2","n":1,"tram":0,"op":"Wielicka Spółka Transportowa"},"geometry":{"type":"LineString","coordinates":[[20.029824,49.990781],[20.032555,49.990781],[20.035287,49.989019]]}},{"type":"Feature","properties":{"id":"c842","lines":"244","n":1,"tram":0,"op":"MPK Kraków — buses"},"geometry":{"type":"LineString","coordinates":[[20.024361,49.992544],[20.024361,49.990781]]}},{"type":"Feature","properties":{"id":"c843","lines":"224","n":1,"tram":0,"op":"MPK Kraków — buses"},"geometry":{"type":"LineString","coordinates":[[19.997045,49.999595],[19.994314,49.997832]]}},{"type":"Feature","properties":{"id":"c845","lines":"224","n":1,"tram":0,"op":"MPK Kraków — buses"},"geometry":{"type":"LineString","coordinates":[[20.043482,49.987256],[20.046213,49.987256],[20.051676,49.990781]]}},{"type":"Feature","properties":{"id":"c846","lines":"244 274 304","n":3,"tram":0,"op":"MPK Kraków — buses"},"geometry":{"type":"LineString","coordinates":[[20.043482,49.987256],[20.054408,49.987256]]}},{"type":"Feature","properties":{"id":"c847","lines":"274 304","n":2,"tram":0,"op":"MPK Kraków — buses"},"geometry":{"type":"LineString","coordinates":[[20.043482,49.987256],[20.043482,49.992544]]}},{"type":"Feature","properties":{"id":"c848","lines":"284 A18 A58 L1","n":4,"tram":0,"op":"mix"},"geometry":{"type":"LineString","coordinates":[[20.051676,49.990781],[20.046213,49.990781]]}},{"type":"Feature","properties":{"id":"c849","lines":"284 A18 A58","n":3,"tram":0,"op":"mix"},"geometry":{"type":"LineString","coordinates":[[20.051676,49.990781],[20.046213,49.994307],[20.046213,49.996069]]}},{"type":"Feature","properties":{"id":"c850","lines":"L1","n":1,"tram":0,"op":"Wielicka Spółka Transportowa"},"geometry":{"type":"LineString","coordinates":[[20.051676,49.990781],[20.065334,49.990781]]}},{"type":"Feature","properties":{"id":"c851","lines":"225 285 915","n":3,"tram":0,"op":"MPK Kraków — buses"},"geometry":{"type":"LineString","coordinates":[[20.013435,49.95024],[20.00524,49.955528],[20.00524,49.957291]]}},{"type":"Feature","properties":{"id":"c852","lines":"A19","n":1,"tram":0,"op":"Małopolskie Linie Dowozowe"},"geometry":{"type":"LineString","coordinates":[[20.013435,49.95024],[20.013435,49.952003],[20.00524,49.957291]]}},{"type":"Feature","properties":{"id":"c853","lines":"285","n":1,"tram":0,"op":"MPK Kraków — buses"},"geometry":{"type":"LineString","coordinates":[[20.00524,49.957291],[20.00524,49.960816]]}},{"type":"Feature","properties":{"id":"c854","lines":"275","n":1,"tram":0,"op":"MPK Kraków — buses"},"geometry":{"type":"LineString","coordinates":[[19.986119,49.937901],[19.986119,49.948477]]}},{"type":"Feature","properties":{"id":"c855","lines":"275 285","n":2,"tram":0,"op":"MPK Kraków — buses"},"geometry":{"type":"LineString","coordinates":[[19.986119,49.948477],[19.983387,49.95024],[19.980656,49.95024]]}},{"type":"Feature","properties":{"id":"c856","lines":"285","n":1,"tram":0,"op":"MPK Kraków — buses"},"geometry":{"type":"LineString","coordinates":[[19.986119,49.948477],[19.994314,49.948477]]}},{"type":"Feature","properties":{"id":"c857","lines":"245 255 275 285 A1 A56","n":6,"tram":0,"op":"mix"},"geometry":{"type":"LineString","coordinates":[[19.980656,49.95024],[19.975193,49.953765]]}},{"type":"Feature","properties":{"id":"c858","lines":"245 255 275 285","n":4,"tram":0,"op":"MPK Kraków — buses"},"geometry":{"type":"LineString","coordinates":[[19.980656,49.95024],[19.980656,49.953765],[19.977924,49.955528]]}},{"type":"Feature","properties":{"id":"c859","lines":"A1 A56","n":2,"tram":0,"op":"Małopolskie Linie Dowozowe"},"geometry":{"type":"LineString","coordinates":[[19.980656,49.95024],[19.980656,49.943189],[19.977924,49.941427]]}},{"type":"Feature","properties":{"id":"c860","lines":"245 255 275 285","n":4,"tram":0,"op":"MPK Kraków — buses"},"geometry":{"type":"LineString","coordinates":[[19.975193,49.953765],[19.972461,49.953765],[19.96973,49.955528]]}},{"type":"Feature","properties":{"id":"c861","lines":"275 285 A1 A56","n":4,"tram":0,"op":"mix"},"geometry":{"type":"LineString","coordinates":[[19.975193,49.953765],[19.975193,49.962579]]}},{"type":"Feature","properties":{"id":"c862","lines":"245","n":1,"tram":0,"op":"MPK Kraków — buses"},"geometry":{"type":"LineString","coordinates":[[19.96973,49.955528],[19.961535,49.960816]]}},{"type":"Feature","properties":{"id":"c863","lines":"245 255 275 285 A1 A56","n":6,"tram":0,"op":"mix"},"geometry":{"type":"LineString","coordinates":[[19.977924,49.955528],[19.977924,49.960816],[19.975193,49.962579]]}},{"type":"Feature","properties":{"id":"c864","lines":"255","n":1,"tram":0,"op":"MPK Kraków — buses"},"geometry":{"type":"LineString","coordinates":[[19.977924,49.955528],[19.983387,49.959053],[19.983387,49.962579]]}},{"type":"Feature","properties":{"id":"c865","lines":"A1 A56","n":2,"tram":0,"op":"Małopolskie Linie Dowozowe"},"geometry":{"type":"LineString","coordinates":[[19.977924,49.955528],[19.977924,49.948477],[19.975193,49.946715],[19.975193,49.939664]]}},{"type":"Feature","properties":{"id":"c866","lines":"A40","n":1,"tram":0,"op":"Małopolskie Linie Dowozowe"},"geometry":{"type":"LineString","coordinates":[[19.977924,49.955528],[19.977924,49.941427]]}},{"type":"Feature","properties":{"id":"c867","lines":"A40","n":1,"tram":0,"op":"Małopolskie Linie Dowozowe"},"geometry":{"type":"LineString","coordinates":[[19.977924,49.955528],[19.977924,49.948477],[19.975193,49.946715],[19.975193,49.939664]]}},{"type":"Feature","properties":{"id":"c868","lines":"245 275 285 A1 A56","n":5,"tram":0,"op":"mix"},"geometry":{"type":"LineString","coordinates":[[19.975193,49.962579],[19.975193,49.967867]]}},{"type":"Feature","properties":{"id":"c869","lines":"255","n":1,"tram":0,"op":"MPK Kraków — buses"},"geometry":{"type":"LineString","coordinates":[[19.975193,49.962579],[19.983387,49.962579]]}},{"type":"Feature","properties":{"id":"c870","lines":"245 275 285","n":3,"tram":0,"op":"MPK Kraków — buses"},"geometry":{"type":"LineString","coordinates":[[19.975193,49.967867],[19.980656,49.971392],[19.980656,49.974917]]}},{"type":"Feature","properties":{"id":"c871","lines":"A1 A56","n":2,"tram":0,"op":"Małopolskie Linie Dowozowe"},"geometry":{"type":"LineString","coordinates":[[19.975193,49.967867],[19.977924,49.969629],[19.977924,49.973155]]}},{"type":"Feature","properties":{"id":"c872","lines":"235","n":1,"tram":0,"op":"MPK Kraków — buses"},"geometry":{"type":"LineString","coordinates":[[19.980656,49.974917],[19.977924,49.973155]]}},{"type":"Feature","properties":{"id":"c873","lines":"255","n":1,"tram":0,"op":"MPK Kraków — buses"},"geometry":{"type":"LineString","coordinates":[[19.980656,49.974917],[19.986119,49.971392]]}},{"type":"Feature","properties":{"id":"c874","lines":"A1 A56","n":2,"tram":0,"op":"Małopolskie Linie Dowozowe"},"geometry":{"type":"LineString","coordinates":[[19.980656,49.974917],[19.977924,49.973155]]}},{"type":"Feature","properties":{"id":"c875","lines":"227 267 937 A12 A13","n":5,"tram":0,"op":"mix"},"geometry":{"type":"LineString","coordinates":[[20.010703,50.041899],[20.010703,50.043661]]}},{"type":"Feature","properties":{"id":"c876","lines":"227 280","n":2,"tram":0,"op":"MPK Kraków — buses"},"geometry":{"type":"LineString","coordinates":[[20.018898,50.054237],[20.024361,50.057763]]}},{"type":"Feature","properties":{"id":"c877","lines":"280","n":1,"tram":0,"op":"MPK Kraków — buses"},"geometry":{"type":"LineString","coordinates":[[20.018898,50.054237],[20.018898,50.059525]]}},{"type":"Feature","properties":{"id":"c878","lines":"280 917","n":2,"tram":0,"op":"MPK Kraków — buses"},"geometry":{"type":"LineString","coordinates":[[20.024361,50.057763],[20.027092,50.056]]}},{"type":"Feature","properties":{"id":"c879","lines":"910","n":1,"tram":0,"op":"MPK Kraków — buses"},"geometry":{"type":"LineString","coordinates":[[19.977924,50.043661],[19.991582,50.043661]]}},{"type":"Feature","properties":{"id":"c880","lines":"288","n":1,"tram":0,"op":"MPK Kraków — buses"},"geometry":{"type":"LineString","coordinates":[[19.977924,50.043661],[19.977924,50.041899],[19.975193,50.040136]]}},{"type":"Feature","properties":{"id":"c881","lines":"235 243","n":2,"tram":0,"op":"MPK Kraków — buses"},"geometry":{"type":"LineString","coordinates":[[19.96973,49.973155],[19.966998,49.973155]]}},{"type":"Feature","properties":{"id":"c882","lines":"235","n":1,"tram":0,"op":"MPK Kraków — buses"},"geometry":{"type":"LineString","coordinates":[[19.96973,49.973155],[19.977924,49.973155]]}},{"type":"Feature","properties":{"id":"c883","lines":"234 A18 Z1","n":3,"tram":0,"op":"mix"},"geometry":{"type":"LineString","coordinates":[[20.109039,50.015459],[20.117234,50.015459]]}},{"type":"Feature","properties":{"id":"c884","lines":"234 A18 A58 B2 Z1","n":5,"tram":0,"op":"mix"},"geometry":{"type":"LineString","coordinates":[[20.109039,50.015459],[20.106308,50.013696]]}},{"type":"Feature","properties":{"id":"c885","lines":"A58","n":1,"tram":0,"op":"Małopolskie Linie Dowozowe"},"geometry":{"type":"LineString","coordinates":[[20.109039,50.015459],[20.098113,50.022509],[20.095381,50.022509]]}},{"type":"Feature","properties":{"id":"c886","lines":"A58","n":1,"tram":0,"op":"Małopolskie Linie Dowozowe"},"geometry":{"type":"LineString","coordinates":[[20.109039,50.015459],[20.098113,50.022509],[20.095381,50.022509]]}},{"type":"Feature","properties":{"id":"c887","lines":"A18 W2","n":2,"tram":0,"op":"mix"},"geometry":{"type":"LineString","coordinates":[[20.117234,50.015459],[20.119965,50.013696],[20.125429,50.013696]]}},{"type":"Feature","properties":{"id":"c888","lines":"234 A18 A58 B2","n":4,"tram":0,"op":"mix"},"geometry":{"type":"LineString","coordinates":[[20.106308,50.013696],[20.084455,50.013696]]}},{"type":"Feature","properties":{"id":"c889","lines":"Z1","n":1,"tram":0,"op":"Wielicka Spółka Transportowa"},"geometry":{"type":"LineString","coordinates":[[20.106308,50.013696],[20.109039,50.011933],[20.109039,50.00312]]}},{"type":"Feature","properties":{"id":"c890","lines":"Z1","n":1,"tram":0,"op":"Wielicka Spółka Transportowa"},"geometry":{"type":"LineString","coordinates":[[20.106308,50.013696],[20.106308,50.004883],[20.109039,50.00312]]}},{"type":"Feature","properties":{"id":"c891","lines":"234 A18 A58","n":3,"tram":0,"op":"mix"},"geometry":{"type":"LineString","coordinates":[[20.084455,50.013696],[20.073529,50.013696]]}},{"type":"Feature","properties":{"id":"c892","lines":"A58 B2 G4","n":3,"tram":0,"op":"mix"},"geometry":{"type":"LineString","coordinates":[[20.084455,50.013696],[20.084455,50.011933]]}},{"type":"Feature","properties":{"id":"c893","lines":"G4","n":1,"tram":0,"op":"Wielicka Spółka Transportowa"},"geometry":{"type":"LineString","coordinates":[[20.084455,50.013696],[20.087187,50.015459],[20.087187,50.017221]]}},{"type":"Feature","properties":{"id":"c894","lines":"G4","n":1,"tram":0,"op":"Wielicka Spółka Transportowa"},"geometry":{"type":"LineString","coordinates":[[20.084455,50.013696],[20.084455,50.017221]]}},{"type":"Feature","properties":{"id":"c895","lines":"A18","n":1,"tram":0,"op":"Małopolskie Linie Dowozowe"},"geometry":{"type":"LineString","coordinates":[[20.073529,50.013696],[20.073529,50.011933],[20.05714,50.001357]]}},{"type":"Feature","properties":{"id":"c896","lines":"A18","n":1,"tram":0,"op":"Małopolskie Linie Dowozowe"},"geometry":{"type":"LineString","coordinates":[[20.073529,50.013696],[20.073529,50.011933],[20.05714,50.001357]]}},{"type":"Feature","properties":{"id":"c897","lines":"A58","n":1,"tram":0,"op":"Małopolskie Linie Dowozowe"},"geometry":{"type":"LineString","coordinates":[[20.073529,50.013696],[20.073529,50.017221]]}},{"type":"Feature","properties":{"id":"c898","lines":"A58","n":1,"tram":0,"op":"Małopolskie Linie Dowozowe"},"geometry":{"type":"LineString","coordinates":[[20.073529,50.013696],[20.07626,50.011933],[20.084455,50.011933]]}},{"type":"Feature","properties":{"id":"c899","lines":"235 243","n":2,"tram":0,"op":"MPK Kraków — buses"},"geometry":{"type":"LineString","coordinates":[[19.966998,49.973155],[19.964267,49.973155]]}},{"type":"Feature","properties":{"id":"c900","lines":"235","n":1,"tram":0,"op":"MPK Kraków — buses"},"geometry":{"type":"LineString","coordinates":[[19.939682,49.969629],[19.939682,49.973155]]}},{"type":"Feature","properties":{"id":"c901","lines":"238","n":1,"tram":0,"op":"MPK Kraków — buses"},"geometry":{"type":"LineString","coordinates":[[19.936951,50.027797],[19.945146,50.027797]]}},{"type":"Feature","properties":{"id":"c902","lines":"238","n":1,"tram":0,"op":"MPK Kraków — buses"},"geometry":{"type":"LineString","coordinates":[[19.945146,50.027797],[19.945146,50.033085]]}},{"type":"Feature","properties":{"id":"c903","lines":"238 918","n":2,"tram":0,"op":"MPK Kraków — buses"},"geometry":{"type":"LineString","coordinates":[[19.945146,50.027797],[19.945146,50.033085]]}},{"type":"Feature","properties":{"id":"c904","lines":"278","n":1,"tram":0,"op":"MPK Kraków — buses"},"geometry":{"type":"LineString","coordinates":[[19.945146,50.033085],[19.945146,50.040136]]}},{"type":"Feature","properties":{"id":"c905","lines":"278","n":1,"tram":0,"op":"MPK Kraków — buses"},"geometry":{"type":"LineString","coordinates":[[19.945146,50.033085],[19.947877,50.033085],[19.958803,50.040136],[19.972461,50.040136]]}},{"type":"Feature","properties":{"id":"c906","lines":"238 248 948","n":3,"tram":0,"op":"MPK Kraków — buses"},"geometry":{"type":"LineString","coordinates":[[19.966998,50.031323],[19.96973,50.02956]]}},{"type":"Feature","properties":{"id":"c907","lines":"238 248 948","n":3,"tram":0,"op":"MPK Kraków — buses"},"geometry":{"type":"LineString","coordinates":[[19.966998,50.031323],[19.96973,50.033085],[19.975193,50.033085]]}},{"type":"Feature","properties":{"id":"c908","lines":"238 248 258 948","n":4,"tram":0,"op":"MPK Kraków — buses"},"geometry":{"type":"LineString","coordinates":[[19.96973,50.02956],[19.975193,50.033085]]}},{"type":"Feature","properties":{"id":"c909","lines":"238 258","n":2,"tram":0,"op":"MPK Kraków — buses"},"geometry":{"type":"LineString","coordinates":[[19.96973,50.02956],[19.975193,50.033085]]}},{"type":"Feature","properties":{"id":"c910","lines":"238 248 258 948","n":4,"tram":0,"op":"MPK Kraków — buses"},"geometry":{"type":"LineString","coordinates":[[19.975193,50.033085],[19.977924,50.033085]]}},{"type":"Feature","properties":{"id":"c911","lines":"238 258 288 948","n":4,"tram":0,"op":"MPK Kraków — buses"},"geometry":{"type":"LineString","coordinates":[[19.977924,50.033085],[19.977924,50.02956]]}},{"type":"Feature","properties":{"id":"c912","lines":"238 248 268 278","n":4,"tram":0,"op":"MPK Kraków — buses"},"geometry":{"type":"LineString","coordinates":[[19.977924,50.033085],[19.983387,50.033085]]}},{"type":"Feature","properties":{"id":"c913","lines":"238 258 948","n":3,"tram":0,"op":"MPK Kraków — buses"},"geometry":{"type":"LineString","coordinates":[[19.977924,50.033085],[19.977924,50.031323]]}},{"type":"Feature","properties":{"id":"c914","lines":"268 278 288","n":3,"tram":0,"op":"MPK Kraków — buses"},"geometry":{"type":"LineString","coordinates":[[19.977924,50.033085],[19.977924,50.036611]]}},{"type":"Feature","properties":{"id":"c915","lines":"238 258 288 948","n":4,"tram":0,"op":"MPK Kraków — buses"},"geometry":{"type":"LineString","coordinates":[[19.977924,50.02956],[19.980656,50.031323],[19.986119,50.031323]]}},{"type":"Feature","properties":{"id":"c916","lines":"238 258 288 948","n":4,"tram":0,"op":"MPK Kraków — buses"},"geometry":{"type":"LineString","coordinates":[[19.977924,50.02956],[19.977924,50.031323]]}},{"type":"Feature","properties":{"id":"c917","lines":"238 248 268 278","n":4,"tram":0,"op":"MPK Kraków — buses"},"geometry":{"type":"LineString","coordinates":[[19.986119,50.031323],[19.983387,50.033085]]}},{"type":"Feature","properties":{"id":"c918","lines":"268 278","n":2,"tram":0,"op":"MPK Kraków — buses"},"geometry":{"type":"LineString","coordinates":[[19.983387,50.033085],[19.977924,50.036611]]}},{"type":"Feature","properties":{"id":"c919","lines":"288","n":1,"tram":0,"op":"MPK Kraków — buses"},"geometry":{"type":"LineString","coordinates":[[19.977924,50.031323],[19.977924,50.036611]]}},{"type":"Feature","properties":{"id":"c920","lines":"239 259 A14 A64","n":4,"tram":0,"op":"mix"},"geometry":{"type":"LineString","coordinates":[[19.945146,49.985493],[19.945146,49.989019]]}},{"type":"Feature","properties":{"id":"c921","lines":"259 A14 A64","n":3,"tram":0,"op":"mix"},"geometry":{"type":"LineString","coordinates":[[19.945146,49.985493],[19.942414,49.983731]]}},{"type":"Feature","properties":{"id":"c922","lines":"259 A14 A64","n":3,"tram":0,"op":"mix"},"geometry":{"type":"LineString","coordinates":[[19.945146,49.989019],[19.947877,49.990781],[19.947877,49.994307]]}},{"type":"Feature","properties":{"id":"c923","lines":"259 279 A14","n":3,"tram":0,"op":"mix"},"geometry":{"type":"LineString","coordinates":[[19.939682,49.97668],[19.934219,49.980205]]}},{"type":"Feature","properties":{"id":"c924","lines":"259 279 A64","n":3,"tram":0,"op":"mix"},"geometry":{"type":"LineString","coordinates":[[19.934219,49.980205],[19.934219,49.981968]]}},{"type":"Feature","properties":{"id":"c925","lines":"259 279","n":2,"tram":0,"op":"MPK Kraków — buses"},"geometry":{"type":"LineString","coordinates":[[19.934219,49.981968],[19.934219,49.983731],[19.939682,49.987256]]}},{"type":"Feature","properties":{"id":"c926","lines":"A64","n":1,"tram":0,"op":"Małopolskie Linie Dowozowe"},"geometry":{"type":"LineString","coordinates":[[19.934219,49.981968],[19.939682,49.981968]]}},{"type":"Feature","properties":{"id":"c927","lines":"259","n":1,"tram":0,"op":"MPK Kraków — buses"},"geometry":{"type":"LineString","coordinates":[[19.939682,49.987256],[19.939682,49.981968]]}},{"type":"Feature","properties":{"id":"c928","lines":"244 304","n":2,"tram":0,"op":"MPK Kraków — buses"},"geometry":{"type":"LineString","coordinates":[[20.065334,49.990781],[20.059871,49.990781],[20.054408,49.987256]]}},{"type":"Feature","properties":{"id":"c929","lines":"A18","n":1,"tram":0,"op":"Małopolskie Linie Dowozowe"},"geometry":{"type":"LineString","coordinates":[[20.065334,49.990781],[20.065334,49.994307]]}},{"type":"Feature","properties":{"id":"c930","lines":"A18 L1","n":2,"tram":0,"op":"mix"},"geometry":{"type":"LineString","coordinates":[[20.065334,49.990781],[20.065334,49.989019]]}},{"type":"Feature","properties":{"id":"c931","lines":"A18","n":1,"tram":0,"op":"Małopolskie Linie Dowozowe"},"geometry":{"type":"LineString","coordinates":[[20.065334,49.990781],[20.070797,49.987256]]}},{"type":"Feature","properties":{"id":"c932","lines":"D2","n":1,"tram":0,"op":"Wielicka Spółka Transportowa"},"geometry":{"type":"LineString","coordinates":[[20.065334,49.990781],[20.065334,49.985493],[20.062603,49.983731]]}},{"type":"Feature","properties":{"id":"c933","lines":"274 A59 Z1","n":3,"tram":0,"op":"mix"},"geometry":{"type":"LineString","coordinates":[[20.054408,49.987256],[20.070797,49.987256]]}},{"type":"Feature","properties":{"id":"c934","lines":"274","n":1,"tram":0,"op":"MPK Kraków — buses"},"geometry":{"type":"LineString","coordinates":[[20.054408,49.987256],[20.070797,49.987256]]}},{"type":"Feature","properties":{"id":"c935","lines":"A16 A17 A2 A6 A8 A9 L1 R2 Z1","n":9,"tram":0,"op":"mix"},"geometry":{"type":"LineString","coordinates":[[20.054408,49.987256],[20.059871,49.983731],[20.062603,49.983731]]}},{"type":"Feature","properties":{"id":"c936","lines":"A16 A17 A2 A59 A6 A8 A9 R2 Z1","n":9,"tram":0,"op":"mix"},"geometry":{"type":"LineString","coordinates":[[20.054408,49.987256],[20.051676,49.987256],[20.046213,49.990781]]}},{"type":"Feature","properties":{"id":"c937","lines":"A59 Z1","n":2,"tram":0,"op":"mix"},"geometry":{"type":"LineString","coordinates":[[20.054408,49.987256],[20.05714,49.989019],[20.065334,49.989019]]}},{"type":"Feature","properties":{"id":"c938","lines":"244 P2","n":2,"tram":0,"op":"mix"},"geometry":{"type":"LineString","coordinates":[[20.027092,49.985493],[20.024361,49.985493]]}},{"type":"Feature","properties":{"id":"c939","lines":"P2","n":1,"tram":0,"op":"Wielicka Spółka Transportowa"},"geometry":{"type":"LineString","coordinates":[[20.027092,49.985493],[20.029824,49.985493],[20.035287,49.989019]]}},{"type":"Feature","properties":{"id":"c940","lines":"P2","n":1,"tram":0,"op":"Wielicka Spółka Transportowa"},"geometry":{"type":"LineString","coordinates":[[20.027092,49.985493],[20.024361,49.985493]]}},{"type":"Feature","properties":{"id":"c941","lines":"P2","n":1,"tram":0,"op":"Wielicka Spółka Transportowa"},"geometry":{"type":"LineString","coordinates":[[20.027092,49.985493],[20.035287,49.990781]]}},{"type":"Feature","properties":{"id":"c942","lines":"244 P2","n":2,"tram":0,"op":"mix"},"geometry":{"type":"LineString","coordinates":[[20.024361,49.985493],[20.024361,49.990781]]}},{"type":"Feature","properties":{"id":"c943","lines":"248 948","n":2,"tram":0,"op":"MPK Kraków — buses"},"geometry":{"type":"LineString","coordinates":[[19.977924,50.048949],[19.972461,50.045424]]}},{"type":"Feature","properties":{"id":"c944","lines":"248 268 948","n":3,"tram":0,"op":"MPK Kraków — buses"},"geometry":{"type":"LineString","coordinates":[[19.972461,50.045424],[19.972461,50.040136]]}},{"type":"Feature","properties":{"id":"c945","lines":"268","n":1,"tram":0,"op":"MPK Kraków — buses"},"geometry":{"type":"LineString","coordinates":[[19.972461,50.045424],[19.96973,50.047187]]}},{"type":"Feature","properties":{"id":"c946","lines":"268 278 288","n":3,"tram":0,"op":"MPK Kraków — buses"},"geometry":{"type":"LineString","coordinates":[[19.972461,50.040136],[19.975193,50.040136]]}},{"type":"Feature","properties":{"id":"c947","lines":"310 910","n":2,"tram":0,"op":"MPK Kraków — buses"},"geometry":{"type":"LineString","coordinates":[[19.991582,50.043661],[19.991582,50.047187]]}},{"type":"Feature","properties":{"id":"c948","lines":"310 910 LR0","n":3,"tram":0,"op":"MPK Kraków — buses"},"geometry":{"type":"LineString","coordinates":[[19.991582,50.047187],[19.988851,50.048949],[19.988851,50.050712]]}},{"type":"Feature","properties":{"id":"c949","lines":"310 910","n":2,"tram":0,"op":"MPK Kraków — buses"},"geometry":{"type":"LineString","coordinates":[[19.988851,50.050712],[19.986119,50.052475]]}},{"type":"Feature","properties":{"id":"c950","lines":"LR0","n":1,"tram":0,"op":"MPK Kraków — buses"},"geometry":{"type":"LineString","coordinates":[[19.988851,50.050712],[19.986119,50.052475]]}},{"type":"Feature","properties":{"id":"c951","lines":"310 910 LR0","n":3,"tram":0,"op":"MPK Kraków — buses"},"geometry":{"type":"LineString","coordinates":[[19.986119,50.052475],[19.983387,50.054237]]}},{"type":"Feature","properties":{"id":"c952","lines":"310 910 LR0","n":3,"tram":0,"op":"MPK Kraków — buses"},"geometry":{"type":"LineString","coordinates":[[19.983387,50.054237],[19.977924,50.057763]]}},{"type":"Feature","properties":{"id":"c953","lines":"310","n":1,"tram":0,"op":"MPK Kraków — buses"},"geometry":{"type":"LineString","coordinates":[[19.983387,50.054237],[19.983387,50.056]]}},{"type":"Feature","properties":{"id":"c954","lines":"310 910","n":2,"tram":0,"op":"MPK Kraków — buses"},"geometry":{"type":"LineString","coordinates":[[19.977924,50.057763],[19.966998,50.050712],[19.964267,50.050712]]}},{"type":"Feature","properties":{"id":"c955","lines":"LR0","n":1,"tram":0,"op":"MPK Kraków — buses"},"geometry":{"type":"LineString","coordinates":[[19.977924,50.057763],[19.988851,50.064813],[19.991582,50.064813]]}},{"type":"Feature","properties":{"id":"c956","lines":"259 A64","n":2,"tram":0,"op":"mix"},"geometry":{"type":"LineString","coordinates":[[19.942414,49.983731],[19.939682,49.981968]]}},{"type":"Feature","properties":{"id":"c957","lines":"250 270","n":2,"tram":0,"op":"MPK Kraków — buses"},"geometry":{"type":"LineString","coordinates":[[20.070797,50.052475],[20.059871,50.052475],[20.05714,50.050712]]}},{"type":"Feature","properties":{"id":"c958","lines":"270","n":1,"tram":0,"op":"MPK Kraków — buses"},"geometry":{"type":"LineString","coordinates":[[20.070797,50.052475],[20.07626,50.056]]}},{"type":"Feature","properties":{"id":"c959","lines":"250","n":1,"tram":0,"op":"MPK Kraków — buses"},"geometry":{"type":"LineString","coordinates":[[20.05714,50.050712],[20.054408,50.048949]]}},{"type":"Feature","properties":{"id":"c960","lines":"260 270","n":2,"tram":0,"op":"MPK Kraków — buses"},"geometry":{"type":"LineString","coordinates":[[20.05714,50.050712],[20.054408,50.048949]]}},{"type":"Feature","properties":{"id":"c961","lines":"260","n":1,"tram":0,"op":"MPK Kraków — buses"},"geometry":{"type":"LineString","coordinates":[[20.05714,50.050712],[20.051676,50.054237],[20.048945,50.054237]]}},{"type":"Feature","properties":{"id":"c962","lines":"250 260 270","n":3,"tram":0,"op":"MPK Kraków — buses"},"geometry":{"type":"LineString","coordinates":[[20.054408,50.048949],[20.048945,50.048949]]}},{"type":"Feature","properties":{"id":"c963","lines":"250","n":1,"tram":0,"op":"MPK Kraków — buses"},"geometry":{"type":"LineString","coordinates":[[20.048945,50.048949],[20.04075,50.048949]]}},{"type":"Feature","properties":{"id":"c964","lines":"250 297","n":2,"tram":0,"op":"MPK Kraków — buses"},"geometry":{"type":"LineString","coordinates":[[20.04075,50.048949],[20.035287,50.045424]]}},{"type":"Feature","properties":{"id":"c965","lines":"297","n":1,"tram":0,"op":"MPK Kraków — buses"},"geometry":{"type":"LineString","coordinates":[[20.04075,50.048949],[20.04075,50.050712]]}},{"type":"Feature","properties":{"id":"c966","lines":"270","n":1,"tram":0,"op":"MPK Kraków — buses"},"geometry":{"type":"LineString","coordinates":[[20.07626,50.056],[20.081724,50.059525]]}},{"type":"Feature","properties":{"id":"c967","lines":"270","n":1,"tram":0,"op":"MPK Kraków — buses"},"geometry":{"type":"LineString","coordinates":[[20.07626,50.056],[20.073529,50.057763]]}},{"type":"Feature","properties":{"id":"c968","lines":"260","n":1,"tram":0,"op":"MPK Kraków — buses"},"geometry":{"type":"LineString","coordinates":[[20.073529,50.057763],[20.070797,50.059525],[20.068066,50.059525]]}},{"type":"Feature","properties":{"id":"c969","lines":"253","n":1,"tram":0,"op":"MPK Kraków — buses"},"geometry":{"type":"LineString","coordinates":[[19.947877,49.941427],[19.956072,49.941427]]}},{"type":"Feature","properties":{"id":"c970","lines":"253 A53","n":2,"tram":0,"op":"mix"},"geometry":{"type":"LineString","coordinates":[[19.956072,49.941427],[19.956072,49.944952],[19.95334,49.946715]]}},{"type":"Feature","properties":{"id":"c971","lines":"A53","n":1,"tram":0,"op":"Małopolskie Linie Dowozowe"},"geometry":{"type":"LineString","coordinates":[[19.956072,49.941427],[19.958803,49.939664],[19.961535,49.939664]]}},{"type":"Feature","properties":{"id":"c972","lines":"253 A53","n":2,"tram":0,"op":"mix"},"geometry":{"type":"LineString","coordinates":[[19.95334,49.946715],[19.95334,49.964341]]}},{"type":"Feature","properties":{"id":"c973","lines":"A53","n":1,"tram":0,"op":"Małopolskie Linie Dowozowe"},"geometry":{"type":"LineString","coordinates":[[19.95334,49.946715],[19.95334,49.944952],[19.961535,49.939664]]}},{"type":"Feature","properties":{"id":"c974","lines":"253 A53","n":2,"tram":0,"op":"mix"},"geometry":{"type":"LineString","coordinates":[[19.95334,49.964341],[19.958803,49.967867]]}},{"type":"Feature","properties":{"id":"c975","lines":"253","n":1,"tram":0,"op":"MPK Kraków — buses"},"geometry":{"type":"LineString","coordinates":[[19.95334,49.964341],[19.958803,49.967867]]}},{"type":"Feature","properties":{"id":"c976","lines":"A53","n":1,"tram":0,"op":"Małopolskie Linie Dowozowe"},"geometry":{"type":"LineString","coordinates":[[19.95334,49.964341],[19.958803,49.967867]]}},{"type":"Feature","properties":{"id":"c977","lines":"255","n":1,"tram":0,"op":"MPK Kraków — buses"},"geometry":{"type":"LineString","coordinates":[[19.983387,49.962579],[19.983387,49.966104],[19.988851,49.969629]]}},{"type":"Feature","properties":{"id":"c978","lines":"255 A49","n":2,"tram":0,"op":"mix"},"geometry":{"type":"LineString","coordinates":[[19.988851,49.969629],[19.986119,49.971392]]}},{"type":"Feature","properties":{"id":"c979","lines":"257","n":1,"tram":0,"op":"MPK Kraków — buses"},"geometry":{"type":"LineString","coordinates":[[20.029824,50.063051],[20.021629,50.063051]]}},{"type":"Feature","properties":{"id":"c980","lines":"257 277","n":2,"tram":0,"op":"MPK Kraków — buses"},"geometry":{"type":"LineString","coordinates":[[20.029824,50.063051],[20.029824,50.061288]]}},{"type":"Feature","properties":{"id":"c981","lines":"277","n":1,"tram":0,"op":"MPK Kraków — buses"},"geometry":{"type":"LineString","coordinates":[[20.029824,50.063051],[20.029824,50.070101],[20.032555,50.071864]]}},{"type":"Feature","properties":{"id":"c982","lines":"257","n":1,"tram":0,"op":"MPK Kraków — buses"},"geometry":{"type":"LineString","coordinates":[[20.029824,50.061288],[20.032555,50.063051],[20.04075,50.063051]]}},{"type":"Feature","properties":{"id":"c983","lines":"277","n":1,"tram":0,"op":"MPK Kraków — buses"},"geometry":{"type":"LineString","coordinates":[[20.029824,50.061288],[20.032555,50.059525]]}},{"type":"Feature","properties":{"id":"c984","lines":"257","n":1,"tram":0,"op":"MPK Kraków — buses"},"geometry":{"type":"LineString","coordinates":[[20.04075,50.063051],[20.04075,50.061288]]}},{"type":"Feature","properties":{"id":"c985","lines":"257","n":1,"tram":0,"op":"MPK Kraków — buses"},"geometry":{"type":"LineString","coordinates":[[20.04075,50.063051],[20.043482,50.061288]]}},{"type":"Feature","properties":{"id":"c986","lines":"257 277","n":2,"tram":0,"op":"MPK Kraków — buses"},"geometry":{"type":"LineString","coordinates":[[20.04075,50.061288],[20.043482,50.061288]]}},{"type":"Feature","properties":{"id":"c987","lines":"277","n":1,"tram":0,"op":"MPK Kraków — buses"},"geometry":{"type":"LineString","coordinates":[[20.04075,50.061288],[20.035287,50.061288],[20.032555,50.059525]]}},{"type":"Feature","properties":{"id":"c988","lines":"257 277","n":2,"tram":0,"op":"MPK Kraków — buses"},"geometry":{"type":"LineString","coordinates":[[20.043482,50.061288],[20.043482,50.059525]]}},{"type":"Feature","properties":{"id":"c989","lines":"277","n":1,"tram":0,"op":"MPK Kraków — buses"},"geometry":{"type":"LineString","coordinates":[[20.043482,50.061288],[20.035287,50.061288],[20.032555,50.059525]]}},{"type":"Feature","properties":{"id":"c990","lines":"257 260 277","n":3,"tram":0,"op":"MPK Kraków — buses"},"geometry":{"type":"LineString","coordinates":[[20.043482,50.059525],[20.043482,50.057763]]}},{"type":"Feature","properties":{"id":"c991","lines":"260","n":1,"tram":0,"op":"MPK Kraków — buses"},"geometry":{"type":"LineString","coordinates":[[20.043482,50.059525],[20.059871,50.059525]]}},{"type":"Feature","properties":{"id":"c992","lines":"257 277","n":2,"tram":0,"op":"MPK Kraków — buses"},"geometry":{"type":"LineString","coordinates":[[20.043482,50.057763],[20.035287,50.052475],[20.032555,50.052475]]}},{"type":"Feature","properties":{"id":"c993","lines":"260","n":1,"tram":0,"op":"MPK Kraków — buses"},"geometry":{"type":"LineString","coordinates":[[20.043482,50.057763],[20.048945,50.054237]]}},{"type":"Feature","properties":{"id":"c994","lines":"260","n":1,"tram":0,"op":"MPK Kraków — buses"},"geometry":{"type":"LineString","coordinates":[[20.043482,50.057763],[20.048945,50.054237]]}},{"type":"Feature","properties":{"id":"c995","lines":"257 277 280 307 917","n":5,"tram":0,"op":"MPK Kraków — buses"},"geometry":{"type":"LineString","coordinates":[[20.032555,50.052475],[20.029824,50.050712]]}},{"type":"Feature","properties":{"id":"c996","lines":"280 307 917","n":3,"tram":0,"op":"MPK Kraków — buses"},"geometry":{"type":"LineString","coordinates":[[20.032555,50.052475],[20.027092,50.056]]}},{"type":"Feature","properties":{"id":"c997","lines":"337 937","n":2,"tram":0,"op":"MPK Kraków — buses"},"geometry":{"type":"LineString","coordinates":[[20.018898,50.059525],[20.010703,50.059525]]}},{"type":"Feature","properties":{"id":"c998","lines":"307","n":1,"tram":0,"op":"MPK Kraków — buses"},"geometry":{"type":"LineString","coordinates":[[20.027092,50.056],[20.035287,50.056],[20.038019,50.057763]]}},{"type":"Feature","properties":{"id":"c999","lines":"269 A60","n":2,"tram":0,"op":"mix"},"geometry":{"type":"LineString","coordinates":[[19.95334,50.006645],[19.950609,50.008408]]}},{"type":"Feature","properties":{"id":"c1000","lines":"269 A60","n":2,"tram":0,"op":"mix"},"geometry":{"type":"LineString","coordinates":[[19.936951,50.008408],[19.934219,50.008408]]}},{"type":"Feature","properties":{"id":"c1001","lines":"269","n":1,"tram":0,"op":"MPK Kraków — buses"},"geometry":{"type":"LineString","coordinates":[[19.934219,50.008408],[19.931488,50.006645],[19.928756,50.006645]]}},{"type":"Feature","properties":{"id":"c1002","lines":"A60","n":1,"tram":0,"op":"Małopolskie Linie Dowozowe"},"geometry":{"type":"LineString","coordinates":[[19.934219,50.008408],[19.928756,50.008408],[19.926025,50.010171]]}},{"type":"Feature","properties":{"id":"c1003","lines":"A60","n":1,"tram":0,"op":"Małopolskie Linie Dowozowe"},"geometry":{"type":"LineString","coordinates":[[19.934219,50.008408],[19.926025,50.008408]]}},{"type":"Feature","properties":{"id":"c1004","lines":"269 A60","n":2,"tram":0,"op":"mix"},"geometry":{"type":"LineString","coordinates":[[19.928756,50.006645],[19.920562,50.001357]]}},{"type":"Feature","properties":{"id":"c1005","lines":"A60","n":1,"tram":0,"op":"Małopolskie Linie Dowozowe"},"geometry":{"type":"LineString","coordinates":[[19.928756,50.006645],[19.926025,50.008408]]}},{"type":"Feature","properties":{"id":"c1006","lines":"A60","n":1,"tram":0,"op":"Małopolskie Linie Dowozowe"},"geometry":{"type":"LineString","coordinates":[[19.928756,50.006645],[19.928756,50.008408],[19.926025,50.010171]]}},{"type":"Feature","properties":{"id":"c1007","lines":"269 A60","n":2,"tram":0,"op":"mix"},"geometry":{"type":"LineString","coordinates":[[19.920562,50.001357],[19.926025,49.997832]]}},{"type":"Feature","properties":{"id":"c1008","lines":"269","n":1,"tram":0,"op":"MPK Kraków — buses"},"geometry":{"type":"LineString","coordinates":[[19.920562,50.001357],[19.91783,49.999595]]}},{"type":"Feature","properties":{"id":"c1009","lines":"269 A60","n":2,"tram":0,"op":"mix"},"geometry":{"type":"LineString","coordinates":[[19.926025,49.997832],[19.923293,49.996069]]}},{"type":"Feature","properties":{"id":"c1010","lines":"269","n":1,"tram":0,"op":"MPK Kraków — buses"},"geometry":{"type":"LineString","coordinates":[[19.926025,49.997832],[19.934219,49.997832]]}},{"type":"Feature","properties":{"id":"c1011","lines":"269","n":1,"tram":0,"op":"MPK Kraków — buses"},"geometry":{"type":"LineString","coordinates":[[19.923293,49.996069],[19.91783,49.999595]]}},{"type":"Feature","properties":{"id":"c1012","lines":"A60","n":1,"tram":0,"op":"Małopolskie Linie Dowozowe"},"geometry":{"type":"LineString","coordinates":[[19.923293,49.996069],[19.91783,49.992544],[19.912367,49.992544]]}},{"type":"Feature","properties":{"id":"c1013","lines":"A60","n":1,"tram":0,"op":"Małopolskie Linie Dowozowe"},"geometry":{"type":"LineString","coordinates":[[19.923293,49.996069],[19.915098,49.996069]]}},{"type":"Feature","properties":{"id":"c1014","lines":"260","n":1,"tram":0,"op":"MPK Kraków — buses"},"geometry":{"type":"LineString","coordinates":[[20.059871,50.059525],[20.065334,50.063051],[20.068066,50.063051]]}},{"type":"Feature","properties":{"id":"c1015","lines":"260","n":1,"tram":0,"op":"MPK Kraków — buses"},"geometry":{"type":"LineString","coordinates":[[20.059871,50.059525],[20.068066,50.059525]]}},{"type":"Feature","properties":{"id":"c1016","lines":"260","n":1,"tram":0,"op":"MPK Kraków — buses"},"geometry":{"type":"LineString","coordinates":[[20.068066,50.063051],[20.068066,50.066576]]}},{"type":"Feature","properties":{"id":"c1017","lines":"260","n":1,"tram":0,"op":"MPK Kraków — buses"},"geometry":{"type":"LineString","coordinates":[[20.068066,50.063051],[20.068066,50.059525]]}},{"type":"Feature","properties":{"id":"c1018","lines":"G4","n":1,"tram":0,"op":"Wielicka Spółka Transportowa"},"geometry":{"type":"LineString","coordinates":[[20.095381,50.022509],[20.087187,50.017221]]}},{"type":"Feature","properties":{"id":"c1019","lines":"G4","n":1,"tram":0,"op":"Wielicka Spółka Transportowa"},"geometry":{"type":"LineString","coordinates":[[20.095381,50.022509],[20.09265,50.022509],[20.084455,50.017221]]}},{"type":"Feature","properties":{"id":"c1020","lines":"267 A13","n":2,"tram":0,"op":"mix"},"geometry":{"type":"LineString","coordinates":[[19.999777,50.068339],[19.999777,50.071864]]}},{"type":"Feature","properties":{"id":"c1021","lines":"267","n":1,"tram":0,"op":"MPK Kraków — buses"},"geometry":{"type":"LineString","coordinates":[[19.999777,50.068339],[20.002508,50.066576]]}},{"type":"Feature","properties":{"id":"c1022","lines":"267 A13","n":2,"tram":0,"op":"mix"},"geometry":{"type":"LineString","coordinates":[[19.999777,50.068339],[20.002508,50.066576]]}},{"type":"Feature","properties":{"id":"c1023","lines":"A12","n":1,"tram":0,"op":"Małopolskie Linie Dowozowe"},"geometry":{"type":"LineString","coordinates":[[19.999777,50.071864],[20.007971,50.066576],[20.007971,50.063051]]}},{"type":"Feature","properties":{"id":"c1024","lines":"A12","n":1,"tram":0,"op":"Małopolskie Linie Dowozowe"},"geometry":{"type":"LineString","coordinates":[[19.999777,50.071864],[19.947877,50.071864],[19.939682,50.066576]]}},{"type":"Feature","properties":{"id":"c1025","lines":"A13","n":1,"tram":0,"op":"Małopolskie Linie Dowozowe"},"geometry":{"type":"LineString","coordinates":[[19.999777,50.071864],[19.994314,50.071864],[19.986119,50.066576],[19.939682,50.066576]]}},{"type":"Feature","properties":{"id":"c1026","lines":"267 A13","n":2,"tram":0,"op":"mix"},"geometry":{"type":"LineString","coordinates":[[20.002508,50.066576],[20.007971,50.063051]]}},{"type":"Feature","properties":{"id":"c1027","lines":"267 A12 A13","n":3,"tram":0,"op":"mix"},"geometry":{"type":"LineString","coordinates":[[20.007971,50.063051],[20.007971,50.061288]]}},{"type":"Feature","properties":{"id":"c1028","lines":"267","n":1,"tram":0,"op":"MPK Kraków — buses"},"geometry":{"type":"LineString","coordinates":[[20.007971,50.061288],[20.007971,50.050712]]}},{"type":"Feature","properties":{"id":"c1029","lines":"A12 A13","n":2,"tram":0,"op":"Małopolskie Linie Dowozowe"},"geometry":{"type":"LineString","coordinates":[[20.007971,50.061288],[20.010703,50.059525]]}},{"type":"Feature","properties":{"id":"c1030","lines":"337 937 A12 A13","n":4,"tram":0,"op":"mix"},"geometry":{"type":"LineString","coordinates":[[20.007971,50.050712],[20.007971,50.057763],[20.010703,50.059525]]}},{"type":"Feature","properties":{"id":"c1031","lines":"268 278 288","n":3,"tram":0,"op":"MPK Kraków — buses"},"geometry":{"type":"LineString","coordinates":[[19.975193,50.040136],[19.977924,50.038373],[19.977924,50.036611]]}},{"type":"Feature","properties":{"id":"c1032","lines":"273","n":1,"tram":0,"op":"MPK Kraków — buses"},"geometry":{"type":"LineString","coordinates":[[19.950609,49.960816],[19.947877,49.959053]]}},{"type":"Feature","properties":{"id":"c1033","lines":"273","n":1,"tram":0,"op":"MPK Kraków — buses"},"geometry":{"type":"LineString","coordinates":[[19.950609,49.960816],[19.947877,49.962579],[19.947877,49.966104]]}},{"type":"Feature","properties":{"id":"c1034","lines":"273 A43","n":2,"tram":0,"op":"mix"},"geometry":{"type":"LineString","coordinates":[[19.947877,49.959053],[19.945146,49.957291]]}},{"type":"Feature","properties":{"id":"c1035","lines":"A43","n":1,"tram":0,"op":"Małopolskie Linie Dowozowe"},"geometry":{"type":"LineString","coordinates":[[19.947877,49.959053],[19.947877,49.966104]]}},{"type":"Feature","properties":{"id":"c1036","lines":"273","n":1,"tram":0,"op":"MPK Kraków — buses"},"geometry":{"type":"LineString","coordinates":[[19.945146,49.957291],[19.945146,49.952003]]}},{"type":"Feature","properties":{"id":"c1037","lines":"A43","n":1,"tram":0,"op":"Małopolskie Linie Dowozowe"},"geometry":{"type":"LineString","coordinates":[[19.945146,49.957291],[19.939682,49.953765]]}},{"type":"Feature","properties":{"id":"c1038","lines":"274","n":1,"tram":0,"op":"MPK Kraków — buses"},"geometry":{"type":"LineString","coordinates":[[20.152744,49.957291],[20.133623,49.969629],[20.133623,49.971392]]}},{"type":"Feature","properties":{"id":"c1039","lines":"274 A18","n":2,"tram":0,"op":"mix"},"geometry":{"type":"LineString","coordinates":[[20.133623,49.971392],[20.122697,49.971392],[20.117234,49.974917]]}},{"type":"Feature","properties":{"id":"c1040","lines":"A18","n":1,"tram":0,"op":"Małopolskie Linie Dowozowe"},"geometry":{"type":"LineString","coordinates":[[20.133623,49.971392],[20.155476,49.971392],[20.18006,49.955528]]}},{"type":"Feature","properties":{"id":"c1041","lines":"A18","n":1,"tram":0,"op":"Małopolskie Linie Dowozowe"},"geometry":{"type":"LineString","coordinates":[[20.133623,49.971392],[20.150013,49.971392],[20.174597,49.955528],[20.18006,49.955528]]}},{"type":"Feature","properties":{"id":"c1042","lines":"274 A18 A59","n":3,"tram":0,"op":"mix"},"geometry":{"type":"LineString","coordinates":[[20.117234,49.974917],[20.111771,49.978443],[20.100844,49.978443]]}},{"type":"Feature","properties":{"id":"c1043","lines":"A59","n":1,"tram":0,"op":"Małopolskie Linie Dowozowe"},"geometry":{"type":"LineString","coordinates":[[20.117234,49.974917],[20.210107,49.974917],[20.221033,49.967867]]}},{"type":"Feature","properties":{"id":"c1044","lines":"A59","n":1,"tram":0,"op":"Małopolskie Linie Dowozowe"},"geometry":{"type":"LineString","coordinates":[[20.117234,49.974917],[20.136355,49.974917],[20.147281,49.967867],[20.221033,49.967867]]}},{"type":"Feature","properties":{"id":"c1045","lines":"274 A18 A59 Z1","n":4,"tram":0,"op":"mix"},"geometry":{"type":"LineString","coordinates":[[20.100844,49.978443],[20.098113,49.980205],[20.084455,49.980205]]}},{"type":"Feature","properties":{"id":"c1046","lines":"Z1","n":1,"tram":0,"op":"Wielicka Spółka Transportowa"},"geometry":{"type":"LineString","coordinates":[[20.100844,49.978443],[20.109039,49.983731],[20.109039,50.00312]]}},{"type":"Feature","properties":{"id":"c1047","lines":"Z1","n":1,"tram":0,"op":"Wielicka Spółka Transportowa"},"geometry":{"type":"LineString","coordinates":[[20.100844,49.978443],[20.100844,49.997832],[20.109039,50.00312]]}},{"type":"Feature","properties":{"id":"c1048","lines":"274 A18 A59 L1 Z1","n":5,"tram":0,"op":"mix"},"geometry":{"type":"LineString","coordinates":[[20.084455,49.980205],[20.081724,49.980205],[20.070797,49.987256]]}},{"type":"Feature","properties":{"id":"c1049","lines":"L1","n":1,"tram":0,"op":"Wielicka Spółka Transportowa"},"geometry":{"type":"LineString","coordinates":[[20.084455,49.980205],[20.078992,49.983731],[20.062603,49.983731]]}},{"type":"Feature","properties":{"id":"c1050","lines":"A18 A59 L1 Z1","n":4,"tram":0,"op":"mix"},"geometry":{"type":"LineString","coordinates":[[20.070797,49.987256],[20.068066,49.987256],[20.065334,49.989019]]}},{"type":"Feature","properties":{"id":"c1051","lines":"Z1","n":1,"tram":0,"op":"Wielicka Spółka Transportowa"},"geometry":{"type":"LineString","coordinates":[[20.070797,49.987256],[20.065334,49.983731],[20.062603,49.983731]]}},{"type":"Feature","properties":{"id":"c1052","lines":"G3 P2","n":2,"tram":0,"op":"Wielicka Spółka Transportowa"},"geometry":{"type":"LineString","coordinates":[[20.043482,49.992544],[20.046213,49.990781]]}},{"type":"Feature","properties":{"id":"c1053","lines":"277","n":1,"tram":0,"op":"MPK Kraków — buses"},"geometry":{"type":"LineString","coordinates":[[20.046213,50.073627],[20.043482,50.071864],[20.032555,50.071864]]}},{"type":"Feature","properties":{"id":"c1054","lines":"277","n":1,"tram":0,"op":"MPK Kraków — buses"},"geometry":{"type":"LineString","coordinates":[[20.046213,50.073627],[20.035287,50.073627],[20.032555,50.071864]]}},{"type":"Feature","properties":{"id":"c1055","lines":"A18 B2 D2 G4 W2","n":5,"tram":0,"op":"mix"},"geometry":{"type":"LineString","coordinates":[[20.046213,49.990781],[20.048945,49.990781],[20.051676,49.992544]]}},{"type":"Feature","properties":{"id":"c1056","lines":"284 A18 A58","n":3,"tram":0,"op":"mix"},"geometry":{"type":"LineString","coordinates":[[20.046213,49.996069],[20.054408,50.001357],[20.05714,50.001357]]}},{"type":"Feature","properties":{"id":"c1057","lines":"A58","n":1,"tram":0,"op":"Małopolskie Linie Dowozowe"},"geometry":{"type":"LineString","coordinates":[[20.05714,50.001357],[20.068066,50.001357]]}},{"type":"Feature","properties":{"id":"c1058","lines":"A2 A49","n":2,"tram":0,"op":"Małopolskie Linie Dowozowe"},"geometry":{"type":"LineString","coordinates":[[19.994314,49.948477],[19.994314,49.943189],[20.016166,49.929088],[20.016166,49.927325]]}},{"type":"Feature","properties":{"id":"c1059","lines":"A2 A49","n":2,"tram":0,"op":"Małopolskie Linie Dowozowe"},"geometry":{"type":"LineString","coordinates":[[19.994314,49.948477],[19.994314,49.943189],[20.007971,49.934376],[20.007971,49.927325]]}},{"type":"Feature","properties":{"id":"c1060","lines":"A19","n":1,"tram":0,"op":"Małopolskie Linie Dowozowe"},"geometry":{"type":"LineString","coordinates":[[19.994314,49.948477],[19.994314,49.936139]]}},{"type":"Feature","properties":{"id":"c1061","lines":"A19","n":1,"tram":0,"op":"Małopolskie Linie Dowozowe"},"geometry":{"type":"LineString","coordinates":[[19.994314,49.948477],[19.994314,49.936139]]}},{"type":"Feature","properties":{"id":"c1062","lines":"295","n":1,"tram":0,"op":"MPK Kraków — buses"},"geometry":{"type":"LineString","coordinates":[[19.931488,49.960816],[19.939682,49.960816]]}},{"type":"Feature","properties":{"id":"c1063","lines":"295","n":1,"tram":0,"op":"MPK Kraków — buses"},"geometry":{"type":"LineString","coordinates":[[19.931488,49.960816],[19.939682,49.960816]]}},{"type":"Feature","properties":{"id":"c1064","lines":"295","n":1,"tram":0,"op":"MPK Kraków — buses"},"geometry":{"type":"LineString","coordinates":[[19.939682,49.960816],[19.939682,49.953765]]}},{"type":"Feature","properties":{"id":"c1065","lines":"295 A43","n":2,"tram":0,"op":"mix"},"geometry":{"type":"LineString","coordinates":[[19.939682,49.953765],[19.936951,49.952003]]}},{"type":"Feature","properties":{"id":"c1066","lines":"A43","n":1,"tram":0,"op":"Małopolskie Linie Dowozowe"},"geometry":{"type":"LineString","coordinates":[[19.936951,49.952003],[19.928756,49.946715],[19.928756,49.932613]]}},{"type":"Feature","properties":{"id":"c1067","lines":"A43","n":1,"tram":0,"op":"Małopolskie Linie Dowozowe"},"geometry":{"type":"LineString","coordinates":[[19.936951,49.952003],[19.936951,49.937901],[19.928756,49.932613]]}},{"type":"Feature","properties":{"id":"c1068","lines":"301 W2","n":2,"tram":0,"op":"mix"},"geometry":{"type":"LineString","coordinates":[[20.065334,49.994307],[20.073529,49.994307],[20.084455,50.001357]]}},{"type":"Feature","properties":{"id":"c1069","lines":"301","n":1,"tram":0,"op":"MPK Kraków — buses"},"geometry":{"type":"LineString","coordinates":[[20.065334,49.994307],[20.070797,49.994307],[20.081724,50.001357],[20.084455,50.001357]]}},{"type":"Feature","properties":{"id":"c1070","lines":"301 W2","n":2,"tram":0,"op":"mix"},"geometry":{"type":"LineString","coordinates":[[20.084455,50.001357],[20.087187,50.00312],[20.109039,50.00312]]}},{"type":"Feature","properties":{"id":"c1071","lines":"301","n":1,"tram":0,"op":"MPK Kraków — buses"},"geometry":{"type":"LineString","coordinates":[[20.109039,50.00312],[20.136355,50.00312],[20.141818,50.006645]]}},{"type":"Feature","properties":{"id":"c1072","lines":"W2","n":1,"tram":0,"op":"Wielicka Spółka Transportowa"},"geometry":{"type":"LineString","coordinates":[[20.109039,50.00312],[20.125429,50.013696]]}},{"type":"Feature","properties":{"id":"c1073","lines":"W2","n":1,"tram":0,"op":"Wielicka Spółka Transportowa"},"geometry":{"type":"LineString","coordinates":[[20.109039,50.00312],[20.125429,50.013696]]}},{"type":"Feature","properties":{"id":"c1074","lines":"301 A18","n":2,"tram":0,"op":"mix"},"geometry":{"type":"LineString","coordinates":[[20.141818,50.006645],[20.155476,50.006645]]}},{"type":"Feature","properties":{"id":"c1075","lines":"A18","n":1,"tram":0,"op":"Małopolskie Linie Dowozowe"},"geometry":{"type":"LineString","coordinates":[[20.141818,50.006645],[20.130892,50.013696],[20.125429,50.013696]]}},{"type":"Feature","properties":{"id":"c1076","lines":"A18","n":1,"tram":0,"op":"Małopolskie Linie Dowozowe"},"geometry":{"type":"LineString","coordinates":[[20.141818,50.006645],[20.136355,50.006645],[20.125429,50.013696]]}},{"type":"Feature","properties":{"id":"c1077","lines":"301 A18","n":2,"tram":0,"op":"mix"},"geometry":{"type":"LineString","coordinates":[[20.155476,50.006645],[20.16367,50.006645]]}},{"type":"Feature","properties":{"id":"c1078","lines":"A18","n":1,"tram":0,"op":"Małopolskie Linie Dowozowe"},"geometry":{"type":"LineString","coordinates":[[20.155476,50.006645],[20.155476,50.010171]]}},{"type":"Feature","properties":{"id":"c1079","lines":"A18","n":1,"tram":0,"op":"Małopolskie Linie Dowozowe"},"geometry":{"type":"LineString","coordinates":[[20.16367,50.006645],[20.158207,50.010171],[20.155476,50.010171]]}},{"type":"Feature","properties":{"id":"c1080","lines":"A12 A13","n":2,"tram":0,"op":"Małopolskie Linie Dowozowe"},"geometry":{"type":"LineString","coordinates":[[20.016166,50.02956],[20.016166,50.027797]]}},{"type":"Feature","properties":{"id":"c1081","lines":"511 572 608","n":3,"tram":0,"op":"MPK Kraków — buses"},"geometry":{"type":"LineString","coordinates":[[20.035287,50.036611],[20.029824,50.036611]]}},{"type":"Feature","properties":{"id":"c1082","lines":"605","n":1,"tram":0,"op":"MPK Kraków — buses"},"geometry":{"type":"LineString","coordinates":[[20.016166,50.020747],[20.016166,50.022509]]}},{"type":"Feature","properties":{"id":"c1084","lines":"662","n":1,"tram":0,"op":"MPK Kraków — buses"},"geometry":{"type":"LineString","coordinates":[[20.016166,50.022509],[20.018898,50.022509],[20.021629,50.024272]]}},{"type":"Feature","properties":{"id":"c1086","lines":"608 915 A1 A40 A49 A56","n":6,"tram":1,"op":"mix"},"geometry":{"type":"LineString","coordinates":[[19.999777,50.006645],[19.994314,50.00312],[19.994314,50.001357]]}},{"type":"Feature","properties":{"id":"c1089","lines":"610 662 904","n":3,"tram":1,"op":"mix"},"geometry":{"type":"LineString","coordinates":[[20.007971,50.017221],[20.010703,50.018984]]}},{"type":"Feature","properties":{"id":"c1090","lines":"904","n":1,"tram":1,"op":"mix"},"geometry":{"type":"LineString","coordinates":[[20.007971,50.017221],[20.007971,50.015459]]}},{"type":"Feature","properties":{"id":"c1092","lines":"610 662 669 904","n":4,"tram":1,"op":"mix"},"geometry":{"type":"LineString","coordinates":[[20.010703,50.018984],[20.010703,50.022509]]}},{"type":"Feature","properties":{"id":"c1093","lines":"609","n":1,"tram":1,"op":"mix"},"geometry":{"type":"LineString","coordinates":[[20.010703,50.022509],[20.007971,50.022509],[20.00524,50.020747]]}},{"type":"Feature","properties":{"id":"c1096","lines":"669","n":1,"tram":1,"op":"mix"},"geometry":{"type":"LineString","coordinates":[[20.013435,50.010171],[20.010703,50.011933]]}},{"type":"Feature","properties":{"id":"c1099","lines":"609","n":1,"tram":1,"op":"mix"},"geometry":{"type":"LineString","coordinates":[[20.00524,50.020747],[20.002508,50.020747]]}},{"type":"Feature","properties":{"id":"c1102","lines":"A8","n":1,"tram":0,"op":"Małopolskie Linie Dowozowe"},"geometry":{"type":"LineString","coordinates":[[20.133623,49.886784],[20.111771,49.900885],[20.106308,49.900885]]}},{"type":"Feature","properties":{"id":"c1103","lines":"A8 A9","n":2,"tram":0,"op":"Małopolskie Linie Dowozowe"},"geometry":{"type":"LineString","coordinates":[[20.106308,49.900885],[20.106308,49.902648],[20.098113,49.907936]]}},{"type":"Feature","properties":{"id":"c1104","lines":"A9","n":1,"tram":0,"op":"Małopolskie Linie Dowozowe"},"geometry":{"type":"LineString","coordinates":[[20.106308,49.900885],[20.106308,49.886784]]}},{"type":"Feature","properties":{"id":"c1105","lines":"A17 A49 A8 A9","n":4,"tram":0,"op":"Małopolskie Linie Dowozowe"},"geometry":{"type":"LineString","coordinates":[[20.098113,49.907936],[20.089918,49.907936]]}},{"type":"Feature","properties":{"id":"c1106","lines":"A17 A8","n":2,"tram":0,"op":"Małopolskie Linie Dowozowe"},"geometry":{"type":"LineString","coordinates":[[20.089918,49.907936],[20.09265,49.909699],[20.09265,49.916749]]}},{"type":"Feature","properties":{"id":"c1107","lines":"A17 A49 A8 A9","n":4,"tram":0,"op":"Małopolskie Linie Dowozowe"},"geometry":{"type":"LineString","coordinates":[[20.089918,49.907936],[20.084455,49.911461]]}},{"type":"Feature","properties":{"id":"c1108","lines":"A17 A49 A8 A9","n":4,"tram":0,"op":"Małopolskie Linie Dowozowe"},"geometry":{"type":"LineString","coordinates":[[20.089918,49.907936],[20.09265,49.906173],[20.095381,49.906173]]}},{"type":"Feature","properties":{"id":"c1109","lines":"A49 A9","n":2,"tram":0,"op":"Małopolskie Linie Dowozowe"},"geometry":{"type":"LineString","coordinates":[[20.089918,49.907936],[20.073529,49.907936],[20.070797,49.909699]]}},{"type":"Feature","properties":{"id":"c1110","lines":"A8","n":1,"tram":0,"op":"Małopolskie Linie Dowozowe"},"geometry":{"type":"LineString","coordinates":[[20.09265,49.916749],[20.09265,49.918512],[20.084455,49.9238]]}},{"type":"Feature","properties":{"id":"c1111","lines":"A17","n":1,"tram":0,"op":"Małopolskie Linie Dowozowe"},"geometry":{"type":"LineString","coordinates":[[20.09265,49.916749],[20.111771,49.916749],[20.122697,49.9238]]}},{"type":"Feature","properties":{"id":"c1112","lines":"A8 A9","n":2,"tram":0,"op":"Małopolskie Linie Dowozowe"},"geometry":{"type":"LineString","coordinates":[[20.084455,49.9238],[20.068066,49.934376],[20.062603,49.934376]]}},{"type":"Feature","properties":{"id":"c1113","lines":"A9","n":1,"tram":0,"op":"Małopolskie Linie Dowozowe"},"geometry":{"type":"LineString","coordinates":[[20.084455,49.9238],[20.070797,49.914987],[20.070797,49.909699]]}},{"type":"Feature","properties":{"id":"c1114","lines":"A8","n":1,"tram":0,"op":"Małopolskie Linie Dowozowe"},"geometry":{"type":"LineString","coordinates":[[20.062603,49.934376],[20.059871,49.932613]]}},{"type":"Feature","properties":{"id":"c1115","lines":"A8","n":1,"tram":0,"op":"Małopolskie Linie Dowozowe"},"geometry":{"type":"LineString","coordinates":[[20.062603,49.934376],[20.05714,49.937901]]}},{"type":"Feature","properties":{"id":"c1116","lines":"A9","n":1,"tram":0,"op":"Małopolskie Linie Dowozowe"},"geometry":{"type":"LineString","coordinates":[[20.062603,49.934376],[20.054408,49.934376],[20.051676,49.936139]]}},{"type":"Feature","properties":{"id":"c1117","lines":"A8","n":1,"tram":0,"op":"Małopolskie Linie Dowozowe"},"geometry":{"type":"LineString","coordinates":[[20.059871,49.932613],[20.05714,49.932613],[20.051676,49.936139]]}},{"type":"Feature","properties":{"id":"c1118","lines":"A8 A9","n":2,"tram":0,"op":"Małopolskie Linie Dowozowe"},"geometry":{"type":"LineString","coordinates":[[20.059871,49.932613],[20.07626,49.922037],[20.078992,49.922037]]}},{"type":"Feature","properties":{"id":"c1119","lines":"A9","n":1,"tram":0,"op":"Małopolskie Linie Dowozowe"},"geometry":{"type":"LineString","coordinates":[[20.059871,49.932613],[20.05714,49.934376],[20.05714,49.937901]]}},{"type":"Feature","properties":{"id":"c1120","lines":"A8 A9","n":2,"tram":0,"op":"Małopolskie Linie Dowozowe"},"geometry":{"type":"LineString","coordinates":[[20.051676,49.936139],[20.051676,49.948477],[20.046213,49.952003]]}},{"type":"Feature","properties":{"id":"c1121","lines":"A16 A8 A9","n":3,"tram":0,"op":"Małopolskie Linie Dowozowe"},"geometry":{"type":"LineString","coordinates":[[20.046213,49.952003],[20.046213,49.962579]]}},{"type":"Feature","properties":{"id":"c1122","lines":"A16 A8 A9","n":3,"tram":0,"op":"Małopolskie Linie Dowozowe"},"geometry":{"type":"LineString","coordinates":[[20.046213,49.952003],[20.046213,49.962579]]}},{"type":"Feature","properties":{"id":"c1123","lines":"A8 A9","n":2,"tram":0,"op":"Małopolskie Linie Dowozowe"},"geometry":{"type":"LineString","coordinates":[[20.046213,49.952003],[20.05714,49.944952],[20.05714,49.937901]]}},{"type":"Feature","properties":{"id":"c1124","lines":"A16","n":1,"tram":0,"op":"Małopolskie Linie Dowozowe"},"geometry":{"type":"LineString","coordinates":[[20.046213,49.952003],[20.046213,49.946715],[20.043482,49.944952]]}},{"type":"Feature","properties":{"id":"c1125","lines":"A16","n":1,"tram":0,"op":"Małopolskie Linie Dowozowe"},"geometry":{"type":"LineString","coordinates":[[20.046213,49.952003],[20.046213,49.948477],[20.038019,49.943189]]}},{"type":"Feature","properties":{"id":"c1126","lines":"D2","n":1,"tram":0,"op":"Wielicka Spółka Transportowa"},"geometry":{"type":"LineString","coordinates":[[20.046213,49.952003],[20.046213,49.962579]]}},{"type":"Feature","properties":{"id":"c1127","lines":"D2","n":1,"tram":0,"op":"Wielicka Spółka Transportowa"},"geometry":{"type":"LineString","coordinates":[[20.046213,49.952003],[20.054408,49.957291],[20.054408,49.967867]]}},{"type":"Feature","properties":{"id":"c1128","lines":"D2","n":1,"tram":0,"op":"Wielicka Spółka Transportowa"},"geometry":{"type":"LineString","coordinates":[[20.046213,49.952003],[20.062603,49.962579],[20.062603,49.964341]]}},{"type":"Feature","properties":{"id":"c1129","lines":"D2","n":1,"tram":0,"op":"Wielicka Spółka Transportowa"},"geometry":{"type":"LineString","coordinates":[[20.046213,49.952003],[20.046213,49.962579]]}},{"type":"Feature","properties":{"id":"c1130","lines":"A16 A8 A9","n":3,"tram":0,"op":"Małopolskie Linie Dowozowe"},"geometry":{"type":"LineString","coordinates":[[20.046213,49.962579],[20.051676,49.966104],[20.051676,49.971392]]}},{"type":"Feature","properties":{"id":"c1131","lines":"A16 A8 A9","n":3,"tram":0,"op":"Małopolskie Linie Dowozowe"},"geometry":{"type":"LineString","coordinates":[[20.046213,49.962579],[20.048945,49.964341],[20.048945,49.971392]]}},{"type":"Feature","properties":{"id":"c1132","lines":"D2","n":1,"tram":0,"op":"Wielicka Spółka Transportowa"},"geometry":{"type":"LineString","coordinates":[[20.046213,49.962579],[20.046213,49.971392]]}},{"type":"Feature","properties":{"id":"c1133","lines":"D2","n":1,"tram":0,"op":"Wielicka Spółka Transportowa"},"geometry":{"type":"LineString","coordinates":[[20.046213,49.962579],[20.048945,49.964341],[20.048945,49.974917]]}},{"type":"Feature","properties":{"id":"c1134","lines":"A16 A17 A2 A6 A8 A9","n":6,"tram":0,"op":"Małopolskie Linie Dowozowe"},"geometry":{"type":"LineString","coordinates":[[20.051676,49.971392],[20.062603,49.978443],[20.062603,49.983731]]}},{"type":"Feature","properties":{"id":"c1135","lines":"A17 A6","n":2,"tram":0,"op":"Małopolskie Linie Dowozowe"},"geometry":{"type":"LineString","coordinates":[[20.051676,49.971392],[20.054408,49.969629],[20.054408,49.967867]]}},{"type":"Feature","properties":{"id":"c1136","lines":"A2","n":1,"tram":0,"op":"Małopolskie Linie Dowozowe"},"geometry":{"type":"LineString","coordinates":[[20.051676,49.971392],[20.046213,49.974917],[20.04075,49.974917]]}},{"type":"Feature","properties":{"id":"c1137","lines":"A16 A17 A2 A6 A8 A9","n":6,"tram":0,"op":"Małopolskie Linie Dowozowe"},"geometry":{"type":"LineString","coordinates":[[20.062603,49.983731],[20.062603,49.980205],[20.048945,49.971392]]}},{"type":"Feature","properties":{"id":"c1138","lines":"D2 R2","n":2,"tram":0,"op":"Wielicka Spółka Transportowa"},"geometry":{"type":"LineString","coordinates":[[20.062603,49.983731],[20.062603,49.981968],[20.046213,49.971392]]}},{"type":"Feature","properties":{"id":"c1139","lines":"D2 R2","n":2,"tram":0,"op":"Wielicka Spółka Transportowa"},"geometry":{"type":"LineString","coordinates":[[20.062603,49.983731],[20.048945,49.974917]]}},{"type":"Feature","properties":{"id":"c1140","lines":"A17 A6","n":2,"tram":0,"op":"Małopolskie Linie Dowozowe"},"geometry":{"type":"LineString","coordinates":[[20.048945,49.971392],[20.054408,49.967867]]}},{"type":"Feature","properties":{"id":"c1141","lines":"A2","n":1,"tram":0,"op":"Małopolskie Linie Dowozowe"},"geometry":{"type":"LineString","coordinates":[[20.048945,49.971392],[20.043482,49.974917],[20.04075,49.974917]]}},{"type":"Feature","properties":{"id":"c1142","lines":"A8","n":1,"tram":0,"op":"Małopolskie Linie Dowozowe"},"geometry":{"type":"LineString","coordinates":[[20.078992,49.922037],[20.089918,49.914987]]}},{"type":"Feature","properties":{"id":"c1143","lines":"A9","n":1,"tram":0,"op":"Małopolskie Linie Dowozowe"},"geometry":{"type":"LineString","coordinates":[[20.078992,49.922037],[20.065334,49.913224],[20.065334,49.911461]]}},{"type":"Feature","properties":{"id":"c1144","lines":"A17 A8","n":2,"tram":0,"op":"Małopolskie Linie Dowozowe"},"geometry":{"type":"LineString","coordinates":[[20.089918,49.914987],[20.084455,49.911461]]}},{"type":"Feature","properties":{"id":"c1145","lines":"A17","n":1,"tram":0,"op":"Małopolskie Linie Dowozowe"},"geometry":{"type":"LineString","coordinates":[[20.089918,49.914987],[20.106308,49.914987],[20.119965,49.9238],[20.122697,49.9238]]}},{"type":"Feature","properties":{"id":"c1146","lines":"A49 A9","n":2,"tram":0,"op":"Małopolskie Linie Dowozowe"},"geometry":{"type":"LineString","coordinates":[[20.084455,49.911461],[20.065334,49.911461]]}},{"type":"Feature","properties":{"id":"c1147","lines":"A8 A9","n":2,"tram":0,"op":"Małopolskie Linie Dowozowe"},"geometry":{"type":"LineString","coordinates":[[20.095381,49.906173],[20.109039,49.89736]]}},{"type":"Feature","properties":{"id":"c1148","lines":"A8","n":1,"tram":0,"op":"Małopolskie Linie Dowozowe"},"geometry":{"type":"LineString","coordinates":[[20.109039,49.89736],[20.12816,49.885021],[20.130892,49.885021]]}},{"type":"Feature","properties":{"id":"c1149","lines":"A9","n":1,"tram":0,"op":"Małopolskie Linie Dowozowe"},"geometry":{"type":"LineString","coordinates":[[20.109039,49.89736],[20.109039,49.888547],[20.106308,49.886784]]}},{"type":"Feature","properties":{"id":"c1150","lines":"A17 A6 D2","n":3,"tram":0,"op":"mix"},"geometry":{"type":"LineString","coordinates":[[20.054408,49.967867],[20.059871,49.964341],[20.062603,49.964341]]}},{"type":"Feature","properties":{"id":"c1151","lines":"A17 A6","n":2,"tram":0,"op":"Małopolskie Linie Dowozowe"},"geometry":{"type":"LineString","coordinates":[[20.062603,49.964341],[20.07626,49.955528],[20.084455,49.955528]]}},{"type":"Feature","properties":{"id":"c1152","lines":"A17 A6","n":2,"tram":0,"op":"Małopolskie Linie Dowozowe"},"geometry":{"type":"LineString","coordinates":[[20.062603,49.964341],[20.070797,49.964341],[20.078992,49.959053]]}},{"type":"Feature","properties":{"id":"c1153","lines":"D2","n":1,"tram":0,"op":"Wielicka Spółka Transportowa"},"geometry":{"type":"LineString","coordinates":[[20.062603,49.964341],[20.062603,49.960816],[20.098113,49.937901]]}},{"type":"Feature","properties":{"id":"c1154","lines":"D2","n":1,"tram":0,"op":"Wielicka Spółka Transportowa"},"geometry":{"type":"LineString","coordinates":[[20.062603,49.964341],[20.062603,49.960816],[20.098113,49.937901]]}},{"type":"Feature","properties":{"id":"c1155","lines":"A6","n":1,"tram":0,"op":"Małopolskie Linie Dowozowe"},"geometry":{"type":"LineString","coordinates":[[20.084455,49.955528],[20.098113,49.946715],[20.098113,49.937901]]}},{"type":"Feature","properties":{"id":"c1156","lines":"A17","n":1,"tram":0,"op":"Małopolskie Linie Dowozowe"},"geometry":{"type":"LineString","coordinates":[[20.084455,49.955528],[20.133623,49.955528]]}},{"type":"Feature","properties":{"id":"c1157","lines":"A17 A6","n":2,"tram":0,"op":"Małopolskie Linie Dowozowe"},"geometry":{"type":"LineString","coordinates":[[20.098113,49.937901],[20.119965,49.937901]]}},{"type":"Feature","properties":{"id":"c1158","lines":"A17 A6","n":2,"tram":0,"op":"Małopolskie Linie Dowozowe"},"geometry":{"type":"LineString","coordinates":[[20.098113,49.937901],[20.119965,49.937901]]}},{"type":"Feature","properties":{"id":"c1159","lines":"A6","n":1,"tram":0,"op":"Małopolskie Linie Dowozowe"},"geometry":{"type":"LineString","coordinates":[[20.098113,49.937901],[20.078992,49.95024],[20.078992,49.959053]]}},{"type":"Feature","properties":{"id":"c1160","lines":"A17 D2","n":2,"tram":0,"op":"mix"},"geometry":{"type":"LineString","coordinates":[[20.098113,49.937901],[20.114502,49.927325],[20.117234,49.927325]]}},{"type":"Feature","properties":{"id":"c1161","lines":"A6 D2","n":2,"tram":0,"op":"mix"},"geometry":{"type":"LineString","coordinates":[[20.119965,49.937901],[20.130892,49.930851],[20.130892,49.927325]]}},{"type":"Feature","properties":{"id":"c1162","lines":"A17","n":1,"tram":0,"op":"Małopolskie Linie Dowozowe"},"geometry":{"type":"LineString","coordinates":[[20.119965,49.937901],[20.125429,49.941427],[20.125429,49.960816]]}},{"type":"Feature","properties":{"id":"c1163","lines":"A17","n":1,"tram":0,"op":"Małopolskie Linie Dowozowe"},"geometry":{"type":"LineString","coordinates":[[20.119965,49.937901],[20.119965,49.946715],[20.133623,49.955528]]}},{"type":"Feature","properties":{"id":"c1164","lines":"A6","n":1,"tram":0,"op":"Małopolskie Linie Dowozowe"},"geometry":{"type":"LineString","coordinates":[[20.130892,49.927325],[20.150013,49.914987],[20.193717,49.914987]]}},{"type":"Feature","properties":{"id":"c1165","lines":"A6","n":1,"tram":0,"op":"Małopolskie Linie Dowozowe"},"geometry":{"type":"LineString","coordinates":[[20.130892,49.927325],[20.182791,49.927325],[20.199181,49.916749]]}},{"type":"Feature","properties":{"id":"c1166","lines":"D2","n":1,"tram":0,"op":"Wielicka Spółka Transportowa"},"geometry":{"type":"LineString","coordinates":[[20.130892,49.927325],[20.125429,49.9238],[20.122697,49.9238]]}},{"type":"Feature","properties":{"id":"c1167","lines":"A17","n":1,"tram":0,"op":"Małopolskie Linie Dowozowe"},"geometry":{"type":"LineString","coordinates":[[20.078992,49.959053],[20.081724,49.960816],[20.125429,49.960816]]}},{"type":"Feature","properties":{"id":"c1168","lines":"A2 R2","n":2,"tram":0,"op":"mix"},"geometry":{"type":"LineString","coordinates":[[20.04075,49.974917],[20.035287,49.971392]]}},{"type":"Feature","properties":{"id":"c1169","lines":"R2","n":1,"tram":0,"op":"Wielicka Spółka Transportowa"},"geometry":{"type":"LineString","coordinates":[[20.04075,49.974917],[20.046213,49.971392]]}},{"type":"Feature","properties":{"id":"c1170","lines":"R2","n":1,"tram":0,"op":"Wielicka Spółka Transportowa"},"geometry":{"type":"LineString","coordinates":[[20.04075,49.974917],[20.048945,49.974917]]}},{"type":"Feature","properties":{"id":"c1171","lines":"A2 J1 R2","n":3,"tram":0,"op":"mix"},"geometry":{"type":"LineString","coordinates":[[20.035287,49.971392],[20.035287,49.955528]]}},{"type":"Feature","properties":{"id":"c1172","lines":"J1","n":1,"tram":0,"op":"Wielicka Spółka Transportowa"},"geometry":{"type":"LineString","coordinates":[[20.035287,49.971392],[20.035287,49.974917]]}},{"type":"Feature","properties":{"id":"c1173","lines":"J1","n":1,"tram":0,"op":"Wielicka Spółka Transportowa"},"geometry":{"type":"LineString","coordinates":[[20.035287,49.971392],[20.032555,49.973155],[20.032555,49.97668]]}},{"type":"Feature","properties":{"id":"c1174","lines":"A2 R2","n":2,"tram":0,"op":"mix"},"geometry":{"type":"LineString","coordinates":[[20.035287,49.955528],[20.038019,49.953765],[20.038019,49.948477]]}},{"type":"Feature","properties":{"id":"c1175","lines":"J1","n":1,"tram":0,"op":"Wielicka Spółka Transportowa"},"geometry":{"type":"LineString","coordinates":[[20.035287,49.955528],[20.024361,49.955528]]}},{"type":"Feature","properties":{"id":"c1176","lines":"A2","n":1,"tram":0,"op":"Małopolskie Linie Dowozowe"},"geometry":{"type":"LineString","coordinates":[[20.038019,49.948477],[20.043482,49.944952]]}},{"type":"Feature","properties":{"id":"c1177","lines":"A2","n":1,"tram":0,"op":"Małopolskie Linie Dowozowe"},"geometry":{"type":"LineString","coordinates":[[20.038019,49.948477],[20.038019,49.943189]]}},{"type":"Feature","properties":{"id":"c1178","lines":"R2","n":1,"tram":0,"op":"Wielicka Spółka Transportowa"},"geometry":{"type":"LineString","coordinates":[[20.038019,49.948477],[20.024361,49.939664],[20.024361,49.937901]]}},{"type":"Feature","properties":{"id":"c1179","lines":"R2","n":1,"tram":0,"op":"Wielicka Spółka Transportowa"},"geometry":{"type":"LineString","coordinates":[[20.038019,49.948477],[20.027092,49.941427],[20.027092,49.936139]]}},{"type":"Feature","properties":{"id":"c1180","lines":"A16 A2","n":2,"tram":0,"op":"Małopolskie Linie Dowozowe"},"geometry":{"type":"LineString","coordinates":[[20.043482,49.944952],[20.035287,49.939664],[20.035287,49.936139]]}},{"type":"Feature","properties":{"id":"c1181","lines":"A16 A2 R2","n":3,"tram":0,"op":"mix"},"geometry":{"type":"LineString","coordinates":[[20.035287,49.936139],[20.027092,49.936139]]}},{"type":"Feature","properties":{"id":"c1182","lines":"A16 A2","n":2,"tram":0,"op":"Małopolskie Linie Dowozowe"},"geometry":{"type":"LineString","coordinates":[[20.035287,49.936139],[20.038019,49.937901],[20.038019,49.943189]]}},{"type":"Feature","properties":{"id":"c1183","lines":"R2","n":1,"tram":0,"op":"Wielicka Spółka Transportowa"},"geometry":{"type":"LineString","coordinates":[[20.035287,49.936139],[20.043482,49.930851]]}},{"type":"Feature","properties":{"id":"c1184","lines":"A2 R2","n":2,"tram":0,"op":"mix"},"geometry":{"type":"LineString","coordinates":[[20.027092,49.936139],[20.024361,49.937901]]}},{"type":"Feature","properties":{"id":"c1185","lines":"A16","n":1,"tram":0,"op":"Małopolskie Linie Dowozowe"},"geometry":{"type":"LineString","coordinates":[[20.027092,49.936139],[20.027092,49.932613],[20.029824,49.930851],[20.029824,49.925563]]}},{"type":"Feature","properties":{"id":"c1186","lines":"A16","n":1,"tram":0,"op":"Małopolskie Linie Dowozowe"},"geometry":{"type":"LineString","coordinates":[[20.027092,49.936139],[20.027092,49.9238]]}},{"type":"Feature","properties":{"id":"c1187","lines":"A2","n":1,"tram":0,"op":"Małopolskie Linie Dowozowe"},"geometry":{"type":"LineString","coordinates":[[20.016166,49.927325],[20.018898,49.925563],[20.018898,49.899123]]}},{"type":"Feature","properties":{"id":"c1188","lines":"A49","n":1,"tram":0,"op":"Małopolskie Linie Dowozowe"},"geometry":{"type":"LineString","coordinates":[[20.016166,49.927325],[20.018898,49.925563],[20.029824,49.925563]]}},{"type":"Feature","properties":{"id":"c1189","lines":"A1 A11 A16 A2 A41","n":5,"tram":0,"op":"Małopolskie Linie Dowozowe"},"geometry":{"type":"LineString","coordinates":[[20.018898,49.899123],[20.018898,49.89736],[20.021629,49.895597]]}},{"type":"Feature","properties":{"id":"c1190","lines":"A2","n":1,"tram":0,"op":"Małopolskie Linie Dowozowe"},"geometry":{"type":"LineString","coordinates":[[20.018898,49.899123],[20.018898,49.907936],[20.007971,49.914987],[20.007971,49.927325]]}},{"type":"Feature","properties":{"id":"c1191","lines":"A11 A16","n":2,"tram":0,"op":"Małopolskie Linie Dowozowe"},"geometry":{"type":"LineString","coordinates":[[20.018898,49.899123],[20.021629,49.900885],[20.024361,49.900885]]}},{"type":"Feature","properties":{"id":"c1192","lines":"A16","n":1,"tram":0,"op":"Małopolskie Linie Dowozowe"},"geometry":{"type":"LineString","coordinates":[[20.018898,49.899123],[20.027092,49.904411],[20.027092,49.907936]]}},{"type":"Feature","properties":{"id":"c1193","lines":"A1","n":1,"tram":0,"op":"Małopolskie Linie Dowozowe"},"geometry":{"type":"LineString","coordinates":[[20.018898,49.899123],[20.013435,49.902648],[20.013435,49.904411]]}},{"type":"Feature","properties":{"id":"c1194","lines":"A1","n":1,"tram":0,"op":"Małopolskie Linie Dowozowe"},"geometry":{"type":"LineString","coordinates":[[20.018898,49.899123],[19.975193,49.927325],[19.975193,49.939664]]}},{"type":"Feature","properties":{"id":"c1195","lines":"A41","n":1,"tram":0,"op":"Małopolskie Linie Dowozowe"},"geometry":{"type":"LineString","coordinates":[[20.018898,49.899123],[20.070797,49.865632],[20.070797,49.863869]]}},{"type":"Feature","properties":{"id":"c1196","lines":"A11","n":1,"tram":0,"op":"Małopolskie Linie Dowozowe"},"geometry":{"type":"LineString","coordinates":[[20.018898,49.899123],[20.051676,49.899123],[20.059871,49.893835]]}},{"type":"Feature","properties":{"id":"c1197","lines":"A1","n":1,"tram":0,"op":"Małopolskie Linie Dowozowe"},"geometry":{"type":"LineString","coordinates":[[20.021629,49.895597],[20.013435,49.900885],[20.013435,49.904411]]}},{"type":"Feature","properties":{"id":"c1198","lines":"A41","n":1,"tram":0,"op":"Małopolskie Linie Dowozowe"},"geometry":{"type":"LineString","coordinates":[[20.021629,49.895597],[20.070797,49.863869]]}},{"type":"Feature","properties":{"id":"c1199","lines":"A49","n":1,"tram":0,"op":"Małopolskie Linie Dowozowe"},"geometry":{"type":"LineString","coordinates":[[20.007971,49.927325],[20.021629,49.927325],[20.027092,49.9238]]}},{"type":"Feature","properties":{"id":"c1200","lines":"G4","n":1,"tram":0,"op":"Wielicka Spółka Transportowa"},"geometry":{"type":"LineString","coordinates":[[20.051676,49.992544],[20.048945,49.994307],[20.048945,49.996069]]}},{"type":"Feature","properties":{"id":"c1201","lines":"A18","n":1,"tram":0,"op":"Małopolskie Linie Dowozowe"},"geometry":{"type":"LineString","coordinates":[[20.18006,49.955528],[20.188254,49.960816],[20.218302,49.960816]]}},{"type":"Feature","properties":{"id":"c1202","lines":"A18","n":1,"tram":0,"op":"Małopolskie Linie Dowozowe"},"geometry":{"type":"LineString","coordinates":[[20.18006,49.955528],[20.182791,49.955528],[20.193717,49.962579],[20.221033,49.962579]]}},{"type":"Feature","properties":{"id":"c1203","lines":"A18 A59","n":2,"tram":0,"op":"Małopolskie Linie Dowozowe"},"geometry":{"type":"LineString","coordinates":[[20.218302,49.960816],[20.218302,49.966104],[20.221033,49.967867]]}},{"type":"Feature","properties":{"id":"c1204","lines":"A59","n":1,"tram":0,"op":"Małopolskie Linie Dowozowe"},"geometry":{"type":"LineString","coordinates":[[20.218302,49.960816],[20.226496,49.955528]]}},{"type":"Feature","properties":{"id":"c1205","lines":"A18 A59","n":2,"tram":0,"op":"Małopolskie Linie Dowozowe"},"geometry":{"type":"LineString","coordinates":[[20.221033,49.967867],[20.221033,49.962579]]}},{"type":"Feature","properties":{"id":"c1206","lines":"A59","n":1,"tram":0,"op":"Małopolskie Linie Dowozowe"},"geometry":{"type":"LineString","coordinates":[[20.221033,49.962579],[20.231959,49.955528],[20.231959,49.953765]]}},{"type":"Feature","properties":{"id":"c1207","lines":"A17","n":1,"tram":0,"op":"Małopolskie Linie Dowozowe"},"geometry":{"type":"LineString","coordinates":[[20.133623,49.955528],[20.125429,49.960816]]}},{"type":"Feature","properties":{"id":"c1208","lines":"A17","n":1,"tram":0,"op":"Małopolskie Linie Dowozowe"},"geometry":{"type":"LineString","coordinates":[[20.117234,49.927325],[20.122697,49.9238]]}},{"type":"Feature","properties":{"id":"c1209","lines":"A17","n":1,"tram":0,"op":"Małopolskie Linie Dowozowe"},"geometry":{"type":"LineString","coordinates":[[20.117234,49.927325],[20.122697,49.9238]]}},{"type":"Feature","properties":{"id":"c1210","lines":"D2","n":1,"tram":0,"op":"Wielicka Spółka Transportowa"},"geometry":{"type":"LineString","coordinates":[[20.117234,49.927325],[20.122697,49.9238]]}},{"type":"Feature","properties":{"id":"c1211","lines":"D2","n":1,"tram":0,"op":"Wielicka Spółka Transportowa"},"geometry":{"type":"LineString","coordinates":[[20.117234,49.927325],[20.122697,49.9238]]}},{"type":"Feature","properties":{"id":"c1212","lines":"A58 B2","n":2,"tram":0,"op":"mix"},"geometry":{"type":"LineString","coordinates":[[20.068066,50.001357],[20.073529,50.001357],[20.084455,50.008408]]}},{"type":"Feature","properties":{"id":"c1213","lines":"A58 B2 G4","n":3,"tram":0,"op":"mix"},"geometry":{"type":"LineString","coordinates":[[20.084455,50.008408],[20.084455,50.011933]]}},{"type":"Feature","properties":{"id":"c1214","lines":"G4","n":1,"tram":0,"op":"Wielicka Spółka Transportowa"},"geometry":{"type":"LineString","coordinates":[[20.084455,50.008408],[20.068066,50.008408],[20.048945,49.996069]]}},{"type":"Feature","properties":{"id":"c1215","lines":"G4","n":1,"tram":0,"op":"Wielicka Spółka Transportowa"},"geometry":{"type":"LineString","coordinates":[[20.084455,50.008408],[20.068066,50.008408],[20.048945,49.996069]]}},{"type":"Feature","properties":{"id":"c1216","lines":"A49","n":1,"tram":0,"op":"Małopolskie Linie Dowozowe"},"geometry":{"type":"LineString","coordinates":[[20.065334,49.911461],[20.059871,49.907936],[20.05714,49.907936]]}},{"type":"Feature","properties":{"id":"c1217","lines":"A9","n":1,"tram":0,"op":"Małopolskie Linie Dowozowe"},"geometry":{"type":"LineString","coordinates":[[20.106308,49.886784],[20.106308,49.883259]]}},{"type":"Feature","properties":{"id":"c1218","lines":"A9","n":1,"tram":0,"op":"Małopolskie Linie Dowozowe"},"geometry":{"type":"LineString","coordinates":[[20.106308,49.883259],[20.111771,49.883259],[20.125429,49.874445],[20.133623,49.874445]]}},{"type":"Feature","properties":{"id":"c1219","lines":"A9","n":1,"tram":0,"op":"Małopolskie Linie Dowozowe"},"geometry":{"type":"LineString","coordinates":[[20.106308,49.883259],[20.103576,49.883259]]}},{"type":"Feature","properties":{"id":"c1220","lines":"A11","n":1,"tram":0,"op":"Małopolskie Linie Dowozowe"},"geometry":{"type":"LineString","coordinates":[[20.106308,49.883259],[20.100844,49.883259],[20.084455,49.893835],[20.070797,49.893835]]}},{"type":"Feature","properties":{"id":"c1221","lines":"A11","n":1,"tram":0,"op":"Małopolskie Linie Dowozowe"},"geometry":{"type":"LineString","coordinates":[[20.106308,49.883259],[20.089918,49.872683],[20.089918,49.869157]]}},{"type":"Feature","properties":{"id":"c1222","lines":"A9","n":1,"tram":0,"op":"Małopolskie Linie Dowozowe"},"geometry":{"type":"LineString","coordinates":[[20.133623,49.874445],[20.141818,49.869157]]}},{"type":"Feature","properties":{"id":"c1223","lines":"A9","n":1,"tram":0,"op":"Małopolskie Linie Dowozowe"},"geometry":{"type":"LineString","coordinates":[[20.133623,49.874445],[20.141818,49.869157]]}},{"type":"Feature","properties":{"id":"c1224","lines":"A9","n":1,"tram":0,"op":"Małopolskie Linie Dowozowe"},"geometry":{"type":"LineString","coordinates":[[20.133623,49.874445],[20.12816,49.877971],[20.103576,49.877971]]}},{"type":"Feature","properties":{"id":"c1225","lines":"A9","n":1,"tram":0,"op":"Małopolskie Linie Dowozowe"},"geometry":{"type":"LineString","coordinates":[[20.141818,49.869157],[20.150013,49.869157]]}},{"type":"Feature","properties":{"id":"c1226","lines":"A9","n":1,"tram":0,"op":"Małopolskie Linie Dowozowe"},"geometry":{"type":"LineString","coordinates":[[20.150013,49.869157],[20.174597,49.869157],[20.18006,49.872683]]}},{"type":"Feature","properties":{"id":"c1227","lines":"A9","n":1,"tram":0,"op":"Małopolskie Linie Dowozowe"},"geometry":{"type":"LineString","coordinates":[[20.150013,49.869157],[20.155476,49.872683],[20.18006,49.872683]]}},{"type":"Feature","properties":{"id":"c1228","lines":"A9","n":1,"tram":0,"op":"Małopolskie Linie Dowozowe"},"geometry":{"type":"LineString","coordinates":[[20.18006,49.872683],[20.185523,49.876208],[20.188254,49.876208]]}},{"type":"Feature","properties":{"id":"c1229","lines":"A9","n":1,"tram":0,"op":"Małopolskie Linie Dowozowe"},"geometry":{"type":"LineString","coordinates":[[20.188254,49.876208],[20.193717,49.876208]]}},{"type":"Feature","properties":{"id":"c1230","lines":"A9","n":1,"tram":0,"op":"Małopolskie Linie Dowozowe"},"geometry":{"type":"LineString","coordinates":[[20.188254,49.876208],[20.193717,49.876208]]}},{"type":"Feature","properties":{"id":"c1231","lines":"A9","n":1,"tram":0,"op":"Małopolskie Linie Dowozowe"},"geometry":{"type":"LineString","coordinates":[[20.193717,49.876208],[20.196449,49.877971],[20.199181,49.877971]]}},{"type":"Feature","properties":{"id":"c1232","lines":"A9","n":1,"tram":0,"op":"Małopolskie Linie Dowozowe"},"geometry":{"type":"LineString","coordinates":[[20.199181,49.877971],[20.210107,49.877971]]}},{"type":"Feature","properties":{"id":"c1233","lines":"A9","n":1,"tram":0,"op":"Małopolskie Linie Dowozowe"},"geometry":{"type":"LineString","coordinates":[[20.199181,49.877971],[20.201912,49.879733],[20.210107,49.879733]]}},{"type":"Feature","properties":{"id":"c1234","lines":"A3 A9","n":2,"tram":0,"op":"Małopolskie Linie Dowozowe"},"geometry":{"type":"LineString","coordinates":[[20.210107,49.877971],[20.212838,49.876208],[20.21557,49.876208]]}},{"type":"Feature","properties":{"id":"c1235","lines":"A3","n":1,"tram":0,"op":"Małopolskie Linie Dowozowe"},"geometry":{"type":"LineString","coordinates":[[20.210107,49.877971],[20.210107,49.881496],[20.226496,49.892072]]}},{"type":"Feature","properties":{"id":"c1236","lines":"A3 A9","n":2,"tram":0,"op":"Małopolskie Linie Dowozowe"},"geometry":{"type":"LineString","coordinates":[[20.21557,49.876208],[20.210107,49.872683]]}},{"type":"Feature","properties":{"id":"c1237","lines":"A3 A9","n":2,"tram":0,"op":"Małopolskie Linie Dowozowe"},"geometry":{"type":"LineString","coordinates":[[20.21557,49.876208],[20.21557,49.874445],[20.210107,49.87092]]}},{"type":"Feature","properties":{"id":"c1238","lines":"A3 A9","n":2,"tram":0,"op":"Małopolskie Linie Dowozowe"},"geometry":{"type":"LineString","coordinates":[[20.21557,49.876208],[20.210107,49.879733]]}},{"type":"Feature","properties":{"id":"c1239","lines":"A3","n":1,"tram":0,"op":"Małopolskie Linie Dowozowe"},"geometry":{"type":"LineString","coordinates":[[20.210107,49.879733],[20.226496,49.890309],[20.226496,49.892072]]}},{"type":"Feature","properties":{"id":"c1240","lines":"A11 A9","n":2,"tram":0,"op":"Małopolskie Linie Dowozowe"},"geometry":{"type":"LineString","coordinates":[[20.103576,49.877971],[20.103576,49.883259]]}},{"type":"Feature","properties":{"id":"c1241","lines":"A11","n":1,"tram":0,"op":"Małopolskie Linie Dowozowe"},"geometry":{"type":"LineString","coordinates":[[20.103576,49.877971],[20.089918,49.869157]]}},{"type":"Feature","properties":{"id":"c1242","lines":"A11","n":1,"tram":0,"op":"Małopolskie Linie Dowozowe"},"geometry":{"type":"LineString","coordinates":[[20.103576,49.883259],[20.087187,49.883259],[20.070797,49.893835]]}},{"type":"Feature","properties":{"id":"c1243","lines":"A49","n":1,"tram":0,"op":"Małopolskie Linie Dowozowe"},"geometry":{"type":"LineString","coordinates":[[20.070797,49.909699],[20.059871,49.909699],[20.05714,49.907936]]}},{"type":"Feature","properties":{"id":"c1244","lines":"J1","n":1,"tram":0,"op":"Wielicka Spółka Transportowa"},"geometry":{"type":"LineString","coordinates":[[20.032555,49.97668],[20.035287,49.974917]]}},{"type":"Feature","properties":{"id":"c1245","lines":"A16 A49","n":2,"tram":0,"op":"Małopolskie Linie Dowozowe"},"geometry":{"type":"LineString","coordinates":[[20.029824,49.925563],[20.029824,49.916749]]}},{"type":"Feature","properties":{"id":"c1246","lines":"A16","n":1,"tram":0,"op":"Małopolskie Linie Dowozowe"},"geometry":{"type":"LineString","coordinates":[[20.029824,49.916749],[20.029824,49.909699]]}},{"type":"Feature","properties":{"id":"c1247","lines":"A49","n":1,"tram":0,"op":"Małopolskie Linie Dowozowe"},"geometry":{"type":"LineString","coordinates":[[20.029824,49.916749],[20.043482,49.907936],[20.046213,49.907936]]}},{"type":"Feature","properties":{"id":"c1248","lines":"A16","n":1,"tram":0,"op":"Małopolskie Linie Dowozowe"},"geometry":{"type":"LineString","coordinates":[[20.029824,49.909699],[20.027092,49.907936]]}},{"type":"Feature","properties":{"id":"c1249","lines":"A16","n":1,"tram":0,"op":"Małopolskie Linie Dowozowe"},"geometry":{"type":"LineString","coordinates":[[20.029824,49.909699],[20.029824,49.911461],[20.027092,49.913224],[20.027092,49.920275]]}},{"type":"Feature","properties":{"id":"c1250","lines":"A16","n":1,"tram":0,"op":"Małopolskie Linie Dowozowe"},"geometry":{"type":"LineString","coordinates":[[20.027092,49.907936],[20.024361,49.906173],[20.024361,49.900885]]}},{"type":"Feature","properties":{"id":"c1251","lines":"A11","n":1,"tram":0,"op":"Małopolskie Linie Dowozowe"},"geometry":{"type":"LineString","coordinates":[[20.024361,49.900885],[20.029824,49.900885],[20.04075,49.893835],[20.059871,49.893835]]}},{"type":"Feature","properties":{"id":"c1252","lines":"A16 A49","n":2,"tram":0,"op":"Małopolskie Linie Dowozowe"},"geometry":{"type":"LineString","coordinates":[[20.027092,49.920275],[20.027092,49.9238]]}},{"type":"Feature","properties":{"id":"c1253","lines":"A49","n":1,"tram":0,"op":"Małopolskie Linie Dowozowe"},"geometry":{"type":"LineString","coordinates":[[20.027092,49.920275],[20.046213,49.907936]]}},{"type":"Feature","properties":{"id":"c1254","lines":"A66","n":1,"tram":0,"op":"Małopolskie Linie Dowozowe"},"geometry":{"type":"LineString","coordinates":[[19.844078,49.992544],[19.849541,49.989019]]}},{"type":"Feature","properties":{"id":"c1255","lines":"A47 A66","n":2,"tram":0,"op":"Małopolskie Linie Dowozowe"},"geometry":{"type":"LineString","coordinates":[[19.844078,49.992544],[19.852273,49.992544]]}},{"type":"Feature","properties":{"id":"c1256","lines":"A47","n":1,"tram":0,"op":"Małopolskie Linie Dowozowe"},"geometry":{"type":"LineString","coordinates":[[19.844078,49.992544],[19.844078,49.959053],[19.857736,49.95024]]}},{"type":"Feature","properties":{"id":"c1257","lines":"A47 A66","n":2,"tram":0,"op":"Małopolskie Linie Dowozowe"},"geometry":{"type":"LineString","coordinates":[[19.849541,49.989019],[19.857736,49.989019]]}},{"type":"Feature","properties":{"id":"c1258","lines":"A47","n":1,"tram":0,"op":"Małopolskie Linie Dowozowe"},"geometry":{"type":"LineString","coordinates":[[19.849541,49.989019],[19.849541,49.985493],[19.860467,49.978443],[19.860467,49.948477]]}},{"type":"Feature","properties":{"id":"c1259","lines":"A66","n":1,"tram":0,"op":"Małopolskie Linie Dowozowe"},"geometry":{"type":"LineString","coordinates":[[19.852273,49.992544],[19.86593,50.001357],[19.86593,50.004883]]}},{"type":"Feature","properties":{"id":"c1260","lines":"A47","n":1,"tram":0,"op":"Małopolskie Linie Dowozowe"},"geometry":{"type":"LineString","coordinates":[[19.852273,49.992544],[19.855004,49.990781]]}},{"type":"Feature","properties":{"id":"c1261","lines":"A66","n":1,"tram":0,"op":"Małopolskie Linie Dowozowe"},"geometry":{"type":"LineString","coordinates":[[19.86593,50.004883],[19.871394,50.004883]]}},{"type":"Feature","properties":{"id":"c1262","lines":"A66","n":1,"tram":0,"op":"Małopolskie Linie Dowozowe"},"geometry":{"type":"LineString","coordinates":[[19.86593,50.004883],[19.857736,49.999595],[19.857736,49.989019]]}},{"type":"Feature","properties":{"id":"c1263","lines":"A66","n":1,"tram":0,"op":"Małopolskie Linie Dowozowe"},"geometry":{"type":"LineString","coordinates":[[19.871394,50.004883],[19.885051,50.004883],[19.887783,50.00312]]}},{"type":"Feature","properties":{"id":"c1264","lines":"A66","n":1,"tram":0,"op":"Małopolskie Linie Dowozowe"},"geometry":{"type":"LineString","coordinates":[[19.871394,50.004883],[19.874125,50.00312],[19.887783,50.00312]]}},{"type":"Feature","properties":{"id":"c1265","lines":"A66","n":1,"tram":0,"op":"Małopolskie Linie Dowozowe"},"geometry":{"type":"LineString","coordinates":[[19.887783,50.00312],[19.893246,50.00312]]}},{"type":"Feature","properties":{"id":"c1266","lines":"A66","n":1,"tram":0,"op":"Małopolskie Linie Dowozowe"},"geometry":{"type":"LineString","coordinates":[[19.893246,50.00312],[19.895978,50.001357],[19.901441,50.001357]]}},{"type":"Feature","properties":{"id":"c1267","lines":"A66","n":1,"tram":0,"op":"Małopolskie Linie Dowozowe"},"geometry":{"type":"LineString","coordinates":[[19.893246,50.00312],[19.895978,50.00312],[19.901441,49.999595]]}},{"type":"Feature","properties":{"id":"c1268","lines":"A66","n":1,"tram":0,"op":"Małopolskie Linie Dowozowe"},"geometry":{"type":"LineString","coordinates":[[19.901441,50.001357],[19.904172,49.999595]]}},{"type":"Feature","properties":{"id":"c1269","lines":"A44 A64","n":2,"tram":0,"op":"Małopolskie Linie Dowozowe"},"geometry":{"type":"LineString","coordinates":[[19.901441,50.001357],[19.898709,49.999595],[19.898709,49.997832]]}},{"type":"Feature","properties":{"id":"c1270","lines":"A44 A60 A64","n":3,"tram":0,"op":"Małopolskie Linie Dowozowe"},"geometry":{"type":"LineString","coordinates":[[19.901441,50.001357],[19.904172,50.00312]]}},{"type":"Feature","properties":{"id":"c1271","lines":"A60","n":1,"tram":0,"op":"Małopolskie Linie Dowozowe"},"geometry":{"type":"LineString","coordinates":[[19.901441,50.001357],[19.898709,49.999595]]}},{"type":"Feature","properties":{"id":"c1272","lines":"A66","n":1,"tram":0,"op":"Małopolskie Linie Dowozowe"},"geometry":{"type":"LineString","coordinates":[[19.904172,49.999595],[19.901441,49.997832],[19.898709,49.997832]]}},{"type":"Feature","properties":{"id":"c1273","lines":"A44 A64 A66","n":3,"tram":0,"op":"Małopolskie Linie Dowozowe"},"geometry":{"type":"LineString","coordinates":[[19.904172,49.999595],[19.901441,49.999595]]}},{"type":"Feature","properties":{"id":"c1274","lines":"A44 A60 A64","n":3,"tram":0,"op":"Małopolskie Linie Dowozowe"},"geometry":{"type":"LineString","coordinates":[[19.904172,49.999595],[19.906904,50.001357]]}},{"type":"Feature","properties":{"id":"c1275","lines":"A60","n":1,"tram":0,"op":"Małopolskie Linie Dowozowe"},"geometry":{"type":"LineString","coordinates":[[19.904172,49.999595],[19.898709,49.996069]]}},{"type":"Feature","properties":{"id":"c1276","lines":"A44 A64","n":2,"tram":0,"op":"Małopolskie Linie Dowozowe"},"geometry":{"type":"LineString","coordinates":[[19.898709,49.997832],[19.901441,49.999595]]}},{"type":"Feature","properties":{"id":"c1277","lines":"A47","n":1,"tram":0,"op":"Małopolskie Linie Dowozowe"},"geometry":{"type":"LineString","coordinates":[[19.857736,49.989019],[19.860467,49.987256]]}},{"type":"Feature","properties":{"id":"c1278","lines":"A47","n":1,"tram":0,"op":"Małopolskie Linie Dowozowe"},"geometry":{"type":"LineString","coordinates":[[19.860467,49.948477],[19.857736,49.946715],[19.855004,49.946715]]}},{"type":"Feature","properties":{"id":"c1279","lines":"A47","n":1,"tram":0,"op":"Małopolskie Linie Dowozowe"},"geometry":{"type":"LineString","coordinates":[[19.860467,49.948477],[19.874125,49.948477]]}},{"type":"Feature","properties":{"id":"c1280","lines":"A47","n":1,"tram":0,"op":"Małopolskie Linie Dowozowe"},"geometry":{"type":"LineString","coordinates":[[19.855004,49.946715],[19.855004,49.948477],[19.857736,49.95024]]}},{"type":"Feature","properties":{"id":"c1281","lines":"A40","n":1,"tram":0,"op":"Małopolskie Linie Dowozowe"},"geometry":{"type":"LineString","coordinates":[[19.855004,49.946715],[19.871394,49.936139],[19.876857,49.936139]]}},{"type":"Feature","properties":{"id":"c1282","lines":"A40","n":1,"tram":0,"op":"Małopolskie Linie Dowozowe"},"geometry":{"type":"LineString","coordinates":[[19.855004,49.946715],[19.852273,49.944952],[19.852273,49.939664]]}},{"type":"Feature","properties":{"id":"c1283","lines":"A40","n":1,"tram":0,"op":"Małopolskie Linie Dowozowe"},"geometry":{"type":"LineString","coordinates":[[19.855004,49.946715],[19.855004,49.941427]]}},{"type":"Feature","properties":{"id":"c1284","lines":"A40","n":1,"tram":0,"op":"Małopolskie Linie Dowozowe"},"geometry":{"type":"LineString","coordinates":[[19.855004,49.946715],[19.86593,49.939664],[19.871394,49.939664]]}},{"type":"Feature","properties":{"id":"c1285","lines":"A47","n":1,"tram":0,"op":"Małopolskie Linie Dowozowe"},"geometry":{"type":"LineString","coordinates":[[19.857736,49.95024],[19.871394,49.95024]]}},{"type":"Feature","properties":{"id":"c1286","lines":"A25 A47","n":2,"tram":0,"op":"Małopolskie Linie Dowozowe"},"geometry":{"type":"LineString","coordinates":[[19.871394,49.95024],[19.871394,49.944952]]}},{"type":"Feature","properties":{"id":"c1287","lines":"A25","n":1,"tram":0,"op":"Małopolskie Linie Dowozowe"},"geometry":{"type":"LineString","coordinates":[[19.871394,49.95024],[19.876857,49.953765],[19.876857,49.974917]]}},{"type":"Feature","properties":{"id":"c1288","lines":"A25 A47","n":2,"tram":0,"op":"Małopolskie Linie Dowozowe"},"geometry":{"type":"LineString","coordinates":[[19.871394,49.944952],[19.871394,49.943189]]}},{"type":"Feature","properties":{"id":"c1289","lines":"A25 A47","n":2,"tram":0,"op":"Małopolskie Linie Dowozowe"},"geometry":{"type":"LineString","coordinates":[[19.871394,49.944952],[19.874125,49.946715],[19.874125,49.948477]]}},{"type":"Feature","properties":{"id":"c1290","lines":"A25 A47","n":2,"tram":0,"op":"Małopolskie Linie Dowozowe"},"geometry":{"type":"LineString","coordinates":[[19.871394,49.943189],[19.871394,49.939664]]}},{"type":"Feature","properties":{"id":"c1291","lines":"A25 A47","n":2,"tram":0,"op":"Małopolskie Linie Dowozowe"},"geometry":{"type":"LineString","coordinates":[[19.871394,49.943189],[19.876857,49.939664],[19.876857,49.936139]]}},{"type":"Feature","properties":{"id":"c1292","lines":"A25 A40 A47","n":3,"tram":0,"op":"Małopolskie Linie Dowozowe"},"geometry":{"type":"LineString","coordinates":[[19.871394,49.939664],[19.876857,49.936139]]}},{"type":"Feature","properties":{"id":"c1293","lines":"A40","n":1,"tram":0,"op":"Małopolskie Linie Dowozowe"},"geometry":{"type":"LineString","coordinates":[[19.876857,49.936139],[19.879588,49.937901],[19.895978,49.937901]]}},{"type":"Feature","properties":{"id":"c1294","lines":"A40","n":1,"tram":0,"op":"Małopolskie Linie Dowozowe"},"geometry":{"type":"LineString","coordinates":[[19.876857,49.936139],[19.893246,49.936139],[19.895978,49.937901]]}},{"type":"Feature","properties":{"id":"c1295","lines":"A25","n":1,"tram":0,"op":"Małopolskie Linie Dowozowe"},"geometry":{"type":"LineString","coordinates":[[19.874125,49.948477],[19.874125,49.973155],[19.876857,49.974917]]}},{"type":"Feature","properties":{"id":"c1296","lines":"A44","n":1,"tram":0,"op":"Małopolskie Linie Dowozowe"},"geometry":{"type":"LineString","coordinates":[[19.904172,50.00312],[19.909635,50.006645],[19.909635,50.010171]]}},{"type":"Feature","properties":{"id":"c1297","lines":"A60 A64","n":2,"tram":0,"op":"Małopolskie Linie Dowozowe"},"geometry":{"type":"LineString","coordinates":[[19.904172,50.00312],[19.912367,49.997832],[19.912367,49.992544]]}},{"type":"Feature","properties":{"id":"c1298","lines":"A44","n":1,"tram":0,"op":"Małopolskie Linie Dowozowe"},"geometry":{"type":"LineString","coordinates":[[19.909635,50.010171],[19.915098,50.010171]]}},{"type":"Feature","properties":{"id":"c1299","lines":"A44","n":1,"tram":0,"op":"Małopolskie Linie Dowozowe"},"geometry":{"type":"LineString","coordinates":[[19.909635,50.010171],[19.906904,50.008408],[19.906904,50.001357]]}},{"type":"Feature","properties":{"id":"c1300","lines":"A44","n":1,"tram":0,"op":"Małopolskie Linie Dowozowe"},"geometry":{"type":"LineString","coordinates":[[19.915098,50.010171],[19.923293,50.015459],[19.928756,50.015459]]}},{"type":"Feature","properties":{"id":"c1301","lines":"A44","n":1,"tram":0,"op":"Małopolskie Linie Dowozowe"},"geometry":{"type":"LineString","coordinates":[[19.915098,50.010171],[19.923293,50.015459],[19.928756,50.015459]]}},{"type":"Feature","properties":{"id":"c1302","lines":"A60 A64","n":2,"tram":0,"op":"Małopolskie Linie Dowozowe"},"geometry":{"type":"LineString","coordinates":[[19.906904,50.001357],[19.915098,49.996069]]}},{"type":"Feature","properties":{"id":"c1303","lines":"A12 A13","n":2,"tram":0,"op":"Małopolskie Linie Dowozowe"},"geometry":{"type":"LineString","coordinates":[[19.939682,50.066576],[19.931488,50.066576]]}},{"type":"Feature","properties":{"id":"c1304","lines":"A1","n":1,"tram":0,"op":"Małopolskie Linie Dowozowe"},"geometry":{"type":"LineString","coordinates":[[19.977924,49.941427],[20.013435,49.918512],[20.013435,49.904411]]}},{"type":"Feature","properties":{"id":"c1305","lines":"A40 A56","n":2,"tram":0,"op":"Małopolskie Linie Dowozowe"},"geometry":{"type":"LineString","coordinates":[[19.977924,49.941427],[19.977924,49.939664],[19.972461,49.936139]]}},{"type":"Feature","properties":{"id":"c1306","lines":"A40 A56","n":2,"tram":0,"op":"Małopolskie Linie Dowozowe"},"geometry":{"type":"LineString","coordinates":[[19.975193,49.939664],[19.972461,49.937901]]}},{"type":"Feature","properties":{"id":"c1307","lines":"A40","n":1,"tram":0,"op":"Małopolskie Linie Dowozowe"},"geometry":{"type":"LineString","coordinates":[[19.972461,49.936139],[19.96973,49.936139]]}},{"type":"Feature","properties":{"id":"c1308","lines":"A56","n":1,"tram":0,"op":"Małopolskie Linie Dowozowe"},"geometry":{"type":"LineString","coordinates":[[19.972461,49.936139],[19.966998,49.932613]]}},{"type":"Feature","properties":{"id":"c1309","lines":"A56","n":1,"tram":0,"op":"Małopolskie Linie Dowozowe"},"geometry":{"type":"LineString","coordinates":[[19.972461,49.936139],[19.972461,49.937901]]}},{"type":"Feature","properties":{"id":"c1310","lines":"A40 A53","n":2,"tram":0,"op":"Małopolskie Linie Dowozowe"},"geometry":{"type":"LineString","coordinates":[[19.96973,49.936139],[19.96973,49.941427],[19.966998,49.943189]]}},{"type":"Feature","properties":{"id":"c1311","lines":"A40 A53","n":2,"tram":0,"op":"Małopolskie Linie Dowozowe"},"geometry":{"type":"LineString","coordinates":[[19.96973,49.936139],[19.966998,49.934376],[19.964267,49.934376]]}},{"type":"Feature","properties":{"id":"c1312","lines":"A40 A53","n":2,"tram":0,"op":"Małopolskie Linie Dowozowe"},"geometry":{"type":"LineString","coordinates":[[19.966998,49.943189],[19.966998,49.937901]]}},{"type":"Feature","properties":{"id":"c1313","lines":"A53","n":1,"tram":0,"op":"Małopolskie Linie Dowozowe"},"geometry":{"type":"LineString","coordinates":[[19.966998,49.943189],[19.961535,49.939664]]}},{"type":"Feature","properties":{"id":"c1314","lines":"A40 A53","n":2,"tram":0,"op":"Małopolskie Linie Dowozowe"},"geometry":{"type":"LineString","coordinates":[[19.966998,49.937901],[19.966998,49.932613]]}},{"type":"Feature","properties":{"id":"c1315","lines":"A40","n":1,"tram":0,"op":"Małopolskie Linie Dowozowe"},"geometry":{"type":"LineString","coordinates":[[19.966998,49.937901],[19.972461,49.937901]]}},{"type":"Feature","properties":{"id":"c1316","lines":"A53","n":1,"tram":0,"op":"Małopolskie Linie Dowozowe"},"geometry":{"type":"LineString","coordinates":[[19.966998,49.937901],[19.964267,49.939664],[19.961535,49.939664]]}},{"type":"Feature","properties":{"id":"c1317","lines":"A40 A53 A56","n":3,"tram":0,"op":"Małopolskie Linie Dowozowe"},"geometry":{"type":"LineString","coordinates":[[19.966998,49.932613],[19.964267,49.932613],[19.958803,49.929088]]}},{"type":"Feature","properties":{"id":"c1318","lines":"A56","n":1,"tram":0,"op":"Małopolskie Linie Dowozowe"},"geometry":{"type":"LineString","coordinates":[[19.966998,49.932613],[19.964267,49.934376]]}},{"type":"Feature","properties":{"id":"c1319","lines":"A40","n":1,"tram":0,"op":"Małopolskie Linie Dowozowe"},"geometry":{"type":"LineString","coordinates":[[19.958803,49.929088],[19.95334,49.925563]]}},{"type":"Feature","properties":{"id":"c1320","lines":"A56","n":1,"tram":0,"op":"Małopolskie Linie Dowozowe"},"geometry":{"type":"LineString","coordinates":[[19.958803,49.929088],[19.95334,49.925563]]}},{"type":"Feature","properties":{"id":"c1321","lines":"A53","n":1,"tram":0,"op":"Małopolskie Linie Dowozowe"},"geometry":{"type":"LineString","coordinates":[[19.958803,49.929088],[19.958803,49.925563],[19.961535,49.9238]]}},{"type":"Feature","properties":{"id":"c1322","lines":"A40","n":1,"tram":0,"op":"Małopolskie Linie Dowozowe"},"geometry":{"type":"LineString","coordinates":[[19.95334,49.925563],[19.939682,49.925563],[19.934219,49.929088]]}},{"type":"Feature","properties":{"id":"c1323","lines":"A56","n":1,"tram":0,"op":"Małopolskie Linie Dowozowe"},"geometry":{"type":"LineString","coordinates":[[19.95334,49.925563],[19.947877,49.922037]]}},{"type":"Feature","properties":{"id":"c1324","lines":"A40","n":1,"tram":0,"op":"Małopolskie Linie Dowozowe"},"geometry":{"type":"LineString","coordinates":[[19.934219,49.929088],[19.909635,49.929088],[19.895978,49.937901]]}},{"type":"Feature","properties":{"id":"c1325","lines":"A40","n":1,"tram":0,"op":"Małopolskie Linie Dowozowe"},"geometry":{"type":"LineString","coordinates":[[19.934219,49.929088],[19.920562,49.929088],[19.906904,49.937901],[19.895978,49.937901]]}},{"type":"Feature","properties":{"id":"c1326","lines":"A40","n":1,"tram":0,"op":"Małopolskie Linie Dowozowe"},"geometry":{"type":"LineString","coordinates":[[19.934219,49.929088],[19.950609,49.929088],[19.95334,49.927325]]}},{"type":"Feature","properties":{"id":"c1327","lines":"A43","n":1,"tram":0,"op":"Małopolskie Linie Dowozowe"},"geometry":{"type":"LineString","coordinates":[[19.934219,49.929088],[19.928756,49.932613]]}},{"type":"Feature","properties":{"id":"c1328","lines":"A43","n":1,"tram":0,"op":"Małopolskie Linie Dowozowe"},"geometry":{"type":"LineString","coordinates":[[19.934219,49.929088],[19.928756,49.932613]]}},{"type":"Feature","properties":{"id":"c1329","lines":"A40","n":1,"tram":0,"op":"Małopolskie Linie Dowozowe"},"geometry":{"type":"LineString","coordinates":[[19.95334,49.927325],[19.961535,49.932613]]}},{"type":"Feature","properties":{"id":"c1330","lines":"A56","n":1,"tram":0,"op":"Małopolskie Linie Dowozowe"},"geometry":{"type":"LineString","coordinates":[[19.95334,49.927325],[19.947877,49.9238]]}},{"type":"Feature","properties":{"id":"c1331","lines":"A56","n":1,"tram":0,"op":"Małopolskie Linie Dowozowe"},"geometry":{"type":"LineString","coordinates":[[19.95334,49.927325],[19.961535,49.932613]]}},{"type":"Feature","properties":{"id":"c1332","lines":"A40 A53 A56","n":3,"tram":0,"op":"Małopolskie Linie Dowozowe"},"geometry":{"type":"LineString","coordinates":[[19.961535,49.932613],[19.964267,49.934376]]}},{"type":"Feature","properties":{"id":"c1333","lines":"A53","n":1,"tram":0,"op":"Małopolskie Linie Dowozowe"},"geometry":{"type":"LineString","coordinates":[[19.961535,49.932613],[19.961535,49.9238]]}},{"type":"Feature","properties":{"id":"c1334","lines":"A56","n":1,"tram":0,"op":"Małopolskie Linie Dowozowe"},"geometry":{"type":"LineString","coordinates":[[19.947877,49.922037],[19.947877,49.9238]]}},{"type":"Feature","properties":{"id":"c1335","lines":"A56","n":1,"tram":0,"op":"Małopolskie Linie Dowozowe"},"geometry":{"type":"LineString","coordinates":[[19.947877,49.922037],[19.942414,49.918512]]}},{"type":"Feature","properties":{"id":"c1336","lines":"A56","n":1,"tram":0,"op":"Małopolskie Linie Dowozowe"},"geometry":{"type":"LineString","coordinates":[[19.947877,49.9238],[19.942414,49.920275],[19.942414,49.918512]]}},{"type":"Feature","properties":{"id":"c1337","lines":"A60","n":1,"tram":0,"op":"Małopolskie Linie Dowozowe"},"geometry":{"type":"LineString","coordinates":[[19.926025,50.008408],[19.920562,50.008408]]}},{"type":"Feature","properties":{"id":"c1338","lines":"A60","n":1,"tram":0,"op":"Małopolskie Linie Dowozowe"},"geometry":{"type":"LineString","coordinates":[[19.920562,50.008408],[19.915098,50.008408]]}},{"type":"Feature","properties":{"id":"c1339","lines":"A60","n":1,"tram":0,"op":"Małopolskie Linie Dowozowe"},"geometry":{"type":"LineString","coordinates":[[19.920562,50.008408],[19.923293,50.010171],[19.926025,50.010171]]}},{"type":"Feature","properties":{"id":"c1340","lines":"A49","n":1,"tram":0,"op":"Małopolskie Linie Dowozowe"},"geometry":{"type":"LineString","coordinates":[[20.046213,49.907936],[20.05714,49.907936]]}},{"type":"Feature","properties":{"id":"c1341","lines":"A25","n":1,"tram":0,"op":"Małopolskie Linie Dowozowe"},"geometry":{"type":"LineString","coordinates":[[19.876857,49.974917],[19.879588,49.97668]]}},{"type":"Feature","properties":{"id":"c1342","lines":"A25","n":1,"tram":0,"op":"Małopolskie Linie Dowozowe"},"geometry":{"type":"LineString","coordinates":[[19.879588,49.97668],[19.885051,49.980205]]}},{"type":"Feature","properties":{"id":"c1343","lines":"A25","n":1,"tram":0,"op":"Małopolskie Linie Dowozowe"},"geometry":{"type":"LineString","coordinates":[[19.879588,49.97668],[19.885051,49.980205]]}},{"type":"Feature","properties":{"id":"c1344","lines":"A25","n":1,"tram":0,"op":"Małopolskie Linie Dowozowe"},"geometry":{"type":"LineString","coordinates":[[19.885051,49.980205],[19.88232,49.980205],[19.879588,49.981968],[19.876857,49.981968]]}},{"type":"Feature","properties":{"id":"c1345","lines":"A25","n":1,"tram":0,"op":"Małopolskie Linie Dowozowe"},"geometry":{"type":"LineString","coordinates":[[19.876857,49.981968],[19.885051,49.981968]]}},{"type":"Feature","properties":{"id":"c1346","lines":"A25","n":1,"tram":0,"op":"Małopolskie Linie Dowozowe"},"geometry":{"type":"LineString","coordinates":[[19.876857,49.981968],[19.885051,49.981968]]}},{"type":"Feature","properties":{"id":"c1347","lines":"A25","n":1,"tram":0,"op":"Małopolskie Linie Dowozowe"},"geometry":{"type":"LineString","coordinates":[[19.885051,49.981968],[19.885051,49.983731],[19.893246,49.989019]]}},{"type":"Feature","properties":{"id":"c1348","lines":"A25","n":1,"tram":0,"op":"Małopolskie Linie Dowozowe"},"geometry":{"type":"LineString","coordinates":[[19.885051,49.981968],[19.887783,49.981968],[19.895978,49.987256]]}},{"type":"Feature","properties":{"id":"c1349","lines":"A5 A57","n":2,"tram":0,"op":"Małopolskie Linie Dowozowe"},"geometry":{"type":"LineString","coordinates":[[20.262006,50.041899],[20.262006,50.038373]]}},{"type":"Feature","properties":{"id":"c1350","lines":"A5","n":1,"tram":0,"op":"Małopolskie Linie Dowozowe"},"geometry":{"type":"LineString","coordinates":[[20.262006,50.038373],[20.281127,50.026035],[20.281127,50.022509]]}},{"type":"Feature","properties":{"id":"c1351","lines":"A5","n":1,"tram":0,"op":"Małopolskie Linie Dowozowe"},"geometry":{"type":"LineString","coordinates":[[20.262006,50.038373],[20.262006,50.034848],[20.281127,50.022509]]}},{"type":"Feature","properties":{"id":"c1352","lines":"A5 A57","n":2,"tram":0,"op":"Małopolskie Linie Dowozowe"},"geometry":{"type":"LineString","coordinates":[[20.262006,50.038373],[20.26747,50.041899],[20.26747,50.043661]]}},{"type":"Feature","properties":{"id":"c1353","lines":"A57","n":1,"tram":0,"op":"Małopolskie Linie Dowozowe"},"geometry":{"type":"LineString","coordinates":[[20.262006,50.038373],[20.248349,50.038373]]}},{"type":"Feature","properties":{"id":"c1354","lines":"A57","n":1,"tram":0,"op":"Małopolskie Linie Dowozowe"},"geometry":{"type":"LineString","coordinates":[[20.262006,50.038373],[20.248349,50.038373]]}},{"type":"Feature","properties":{"id":"c1355","lines":"A5","n":1,"tram":0,"op":"Małopolskie Linie Dowozowe"},"geometry":{"type":"LineString","coordinates":[[20.281127,50.022509],[20.283859,50.020747],[20.283859,49.974917]]}},{"type":"Feature","properties":{"id":"c1356","lines":"A5","n":1,"tram":0,"op":"Małopolskie Linie Dowozowe"},"geometry":{"type":"LineString","coordinates":[[20.281127,50.022509],[20.281127,49.97668]]}},{"type":"Feature","properties":{"id":"c1357","lines":"A26 A5","n":2,"tram":0,"op":"Małopolskie Linie Dowozowe"},"geometry":{"type":"LineString","coordinates":[[20.283859,49.974917],[20.283859,49.969629]]}},{"type":"Feature","properties":{"id":"c1358","lines":"A26","n":1,"tram":0,"op":"Małopolskie Linie Dowozowe"},"geometry":{"type":"LineString","coordinates":[[20.283859,49.974917],[20.281127,49.97668]]}},{"type":"Feature","properties":{"id":"c1359","lines":"A26","n":1,"tram":0,"op":"Małopolskie Linie Dowozowe"},"geometry":{"type":"LineString","coordinates":[[20.283859,49.974917],[20.272933,49.974917],[20.26747,49.971392],[20.242886,49.971392]]}},{"type":"Feature","properties":{"id":"c1360","lines":"A5","n":1,"tram":0,"op":"Małopolskie Linie Dowozowe"},"geometry":{"type":"LineString","coordinates":[[20.283859,49.969629],[20.281127,49.967867]]}},{"type":"Feature","properties":{"id":"c1361","lines":"A26","n":1,"tram":0,"op":"Małopolskie Linie Dowozowe"},"geometry":{"type":"LineString","coordinates":[[20.283859,49.969629],[20.297517,49.978443],[20.30298,49.978443]]}},{"type":"Feature","properties":{"id":"c1362","lines":"A5","n":1,"tram":0,"op":"Małopolskie Linie Dowozowe"},"geometry":{"type":"LineString","coordinates":[[20.281127,49.967867],[20.289322,49.967867]]}},{"type":"Feature","properties":{"id":"c1363","lines":"A5","n":1,"tram":0,"op":"Małopolskie Linie Dowozowe"},"geometry":{"type":"LineString","coordinates":[[20.281127,49.967867],[20.281127,49.971392]]}},{"type":"Feature","properties":{"id":"c1364","lines":"A26 A5","n":2,"tram":0,"op":"Małopolskie Linie Dowozowe"},"geometry":{"type":"LineString","coordinates":[[20.281127,49.971392],[20.281127,49.97668]]}},{"type":"Feature","properties":{"id":"c1365","lines":"A26","n":1,"tram":0,"op":"Małopolskie Linie Dowozowe"},"geometry":{"type":"LineString","coordinates":[[20.281127,49.971392],[20.297517,49.981968],[20.30298,49.981968]]}},{"type":"Feature","properties":{"id":"c1366","lines":"A26","n":1,"tram":0,"op":"Małopolskie Linie Dowozowe"},"geometry":{"type":"LineString","coordinates":[[20.281127,49.97668],[20.25108,49.97668]]}},{"type":"Feature","properties":{"id":"c1367","lines":"A57","n":1,"tram":0,"op":"Małopolskie Linie Dowozowe"},"geometry":{"type":"LineString","coordinates":[[20.248349,50.038373],[20.242886,50.038373]]}},{"type":"Feature","properties":{"id":"c1368","lines":"A57","n":1,"tram":0,"op":"Małopolskie Linie Dowozowe"},"geometry":{"type":"LineString","coordinates":[[20.242886,50.038373],[20.237422,50.038373]]}},{"type":"Feature","properties":{"id":"c1369","lines":"A57","n":1,"tram":0,"op":"Małopolskie Linie Dowozowe"},"geometry":{"type":"LineString","coordinates":[[20.242886,50.038373],[20.237422,50.038373]]}},{"type":"Feature","properties":{"id":"c1370","lines":"A57","n":1,"tram":0,"op":"Małopolskie Linie Dowozowe"},"geometry":{"type":"LineString","coordinates":[[20.237422,50.038373],[20.234691,50.040136],[20.229228,50.040136]]}},{"type":"Feature","properties":{"id":"c1371","lines":"A57","n":1,"tram":0,"op":"Małopolskie Linie Dowozowe"},"geometry":{"type":"LineString","coordinates":[[20.229228,50.040136],[20.21557,50.040136]]}},{"type":"Feature","properties":{"id":"c1372","lines":"A57","n":1,"tram":0,"op":"Małopolskie Linie Dowozowe"},"geometry":{"type":"LineString","coordinates":[[20.229228,50.040136],[20.21557,50.040136]]}},{"type":"Feature","properties":{"id":"c1373","lines":"A50 A57","n":2,"tram":0,"op":"Małopolskie Linie Dowozowe"},"geometry":{"type":"LineString","coordinates":[[20.21557,50.040136],[20.210107,50.036611]]}},{"type":"Feature","properties":{"id":"c1374","lines":"A50 A57","n":2,"tram":0,"op":"Małopolskie Linie Dowozowe"},"geometry":{"type":"LineString","coordinates":[[20.21557,50.040136],[20.210107,50.036611]]}},{"type":"Feature","properties":{"id":"c1375","lines":"A50 A7","n":2,"tram":0,"op":"Małopolskie Linie Dowozowe"},"geometry":{"type":"LineString","coordinates":[[20.21557,50.040136],[20.21557,50.041899],[20.18006,50.064813]]}},{"type":"Feature","properties":{"id":"c1376","lines":"A4 A65 A7","n":3,"tram":0,"op":"Małopolskie Linie Dowozowe"},"geometry":{"type":"LineString","coordinates":[[20.21557,50.040136],[20.221033,50.036611],[20.221033,50.034848]]}},{"type":"Feature","properties":{"id":"c1377","lines":"A4 A65 A7","n":3,"tram":0,"op":"Małopolskie Linie Dowozowe"},"geometry":{"type":"LineString","coordinates":[[20.21557,50.040136],[20.21557,50.034848],[20.218302,50.033085]]}},{"type":"Feature","properties":{"id":"c1378","lines":"A50 A7","n":2,"tram":0,"op":"Małopolskie Linie Dowozowe"},"geometry":{"type":"LineString","coordinates":[[20.21557,50.040136],[20.185523,50.059525],[20.182791,50.059525]]}},{"type":"Feature","properties":{"id":"c1379","lines":"A50 A57","n":2,"tram":0,"op":"Małopolskie Linie Dowozowe"},"geometry":{"type":"LineString","coordinates":[[20.210107,50.036611],[20.201912,50.036611]]}},{"type":"Feature","properties":{"id":"c1380","lines":"A50 A57","n":2,"tram":0,"op":"Małopolskie Linie Dowozowe"},"geometry":{"type":"LineString","coordinates":[[20.201912,50.036611],[20.199181,50.038373],[20.185523,50.038373]]}},{"type":"Feature","properties":{"id":"c1381","lines":"A50 A57","n":2,"tram":0,"op":"Małopolskie Linie Dowozowe"},"geometry":{"type":"LineString","coordinates":[[20.201912,50.036611],[20.190986,50.036611]]}},{"type":"Feature","properties":{"id":"c1382","lines":"A37 A50 A57","n":3,"tram":0,"op":"Małopolskie Linie Dowozowe"},"geometry":{"type":"LineString","coordinates":[[20.185523,50.038373],[20.18006,50.034848],[20.177328,50.034848]]}},{"type":"Feature","properties":{"id":"c1383","lines":"A37","n":1,"tram":0,"op":"Małopolskie Linie Dowozowe"},"geometry":{"type":"LineString","coordinates":[[20.185523,50.038373],[20.185523,50.061288],[20.18006,50.064813]]}},{"type":"Feature","properties":{"id":"c1384","lines":"A37 A50 A57","n":3,"tram":0,"op":"Małopolskie Linie Dowozowe"},"geometry":{"type":"LineString","coordinates":[[20.177328,50.034848],[20.169133,50.034848]]}},{"type":"Feature","properties":{"id":"c1385","lines":"A37 A50 A57","n":3,"tram":0,"op":"Małopolskie Linie Dowozowe"},"geometry":{"type":"LineString","coordinates":[[20.177328,50.034848],[20.18006,50.036611],[20.190986,50.036611]]}},{"type":"Feature","properties":{"id":"c1386","lines":"A37","n":1,"tram":0,"op":"Małopolskie Linie Dowozowe"},"geometry":{"type":"LineString","coordinates":[[20.190986,50.036611],[20.190986,50.054237],[20.182791,50.059525]]}},{"type":"Feature","properties":{"id":"c1387","lines":"A37 A50 A7","n":3,"tram":0,"op":"Małopolskie Linie Dowozowe"},"geometry":{"type":"LineString","coordinates":[[20.169133,50.064813],[20.18006,50.064813]]}},{"type":"Feature","properties":{"id":"c1388","lines":"A37","n":1,"tram":0,"op":"Małopolskie Linie Dowozowe"},"geometry":{"type":"LineString","coordinates":[[20.169133,50.064813],[20.177328,50.059525]]}},{"type":"Feature","properties":{"id":"c1389","lines":"A4 A65","n":2,"tram":0,"op":"Małopolskie Linie Dowozowe"},"geometry":{"type":"LineString","coordinates":[[20.221033,50.034848],[20.226496,50.034848]]}},{"type":"Feature","properties":{"id":"c1390","lines":"A4 A65","n":2,"tram":0,"op":"Małopolskie Linie Dowozowe"},"geometry":{"type":"LineString","coordinates":[[20.218302,50.033085],[20.231959,50.033085]]}},{"type":"Feature","properties":{"id":"c1391","lines":"A37 A50 A7","n":3,"tram":0,"op":"Małopolskie Linie Dowozowe"},"geometry":{"type":"LineString","coordinates":[[20.182791,50.059525],[20.177328,50.059525]]}},{"type":"Feature","properties":{"id":"c1392","lines":"A50 A7","n":2,"tram":0,"op":"Małopolskie Linie Dowozowe"},"geometry":{"type":"LineString","coordinates":[[20.177328,50.059525],[20.174597,50.059525],[20.169133,50.063051]]}},{"type":"Feature","properties":{"id":"c1393","lines":"A65","n":1,"tram":0,"op":"Małopolskie Linie Dowozowe"},"geometry":{"type":"LineString","coordinates":[[20.226496,50.034848],[20.234691,50.02956],[20.237422,50.02956]]}},{"type":"Feature","properties":{"id":"c1394","lines":"A4","n":1,"tram":0,"op":"Małopolskie Linie Dowozowe"},"geometry":{"type":"LineString","coordinates":[[20.226496,50.034848],[20.231959,50.034848],[20.234691,50.033085],[20.248349,50.033085]]}},{"type":"Feature","properties":{"id":"c1395","lines":"A4 A65","n":2,"tram":0,"op":"Małopolskie Linie Dowozowe"},"geometry":{"type":"LineString","coordinates":[[20.237422,50.02956],[20.240154,50.027797],[20.240154,49.969629]]}},{"type":"Feature","properties":{"id":"c1396","lines":"A4","n":1,"tram":0,"op":"Małopolskie Linie Dowozowe"},"geometry":{"type":"LineString","coordinates":[[20.237422,50.02956],[20.253812,50.02956],[20.256543,50.031323]]}},{"type":"Feature","properties":{"id":"c1397","lines":"A20 A26 A3 A4 A65","n":5,"tram":0,"op":"Małopolskie Linie Dowozowe"},"geometry":{"type":"LineString","coordinates":[[20.240154,49.969629],[20.242886,49.967867]]}},{"type":"Feature","properties":{"id":"c1398","lines":"A20 A26 A3","n":3,"tram":0,"op":"Małopolskie Linie Dowozowe"},"geometry":{"type":"LineString","coordinates":[[20.240154,49.969629],[20.242886,49.971392]]}},{"type":"Feature","properties":{"id":"c1399","lines":"A4 A65","n":2,"tram":0,"op":"Małopolskie Linie Dowozowe"},"geometry":{"type":"LineString","coordinates":[[20.242886,49.967867],[20.242886,49.971392]]}},{"type":"Feature","properties":{"id":"c1400","lines":"A20 A3","n":2,"tram":0,"op":"Małopolskie Linie Dowozowe"},"geometry":{"type":"LineString","coordinates":[[20.242886,49.967867],[20.25108,49.962579],[20.25108,49.948477]]}},{"type":"Feature","properties":{"id":"c1401","lines":"A4 A65","n":2,"tram":0,"op":"Małopolskie Linie Dowozowe"},"geometry":{"type":"LineString","coordinates":[[20.25108,49.97668],[20.25108,49.973155]]}},{"type":"Feature","properties":{"id":"c1402","lines":"A26","n":1,"tram":0,"op":"Małopolskie Linie Dowozowe"},"geometry":{"type":"LineString","coordinates":[[20.25108,49.97668],[20.245617,49.973155]]}},{"type":"Feature","properties":{"id":"c1403","lines":"A20 A3","n":2,"tram":0,"op":"Małopolskie Linie Dowozowe"},"geometry":{"type":"LineString","coordinates":[[20.25108,49.97668],[20.245617,49.97668]]}},{"type":"Feature","properties":{"id":"c1404","lines":"A20 A26 A3 A4 A65","n":5,"tram":0,"op":"Małopolskie Linie Dowozowe"},"geometry":{"type":"LineString","coordinates":[[20.25108,49.973155],[20.245617,49.973155]]}},{"type":"Feature","properties":{"id":"c1405","lines":"A20 A3","n":2,"tram":0,"op":"Małopolskie Linie Dowozowe"},"geometry":{"type":"LineString","coordinates":[[20.25108,49.973155],[20.253812,49.971392],[20.253812,49.943189]]}},{"type":"Feature","properties":{"id":"c1406","lines":"A20 A3 A4 A65","n":4,"tram":0,"op":"Małopolskie Linie Dowozowe"},"geometry":{"type":"LineString","coordinates":[[20.245617,49.973155],[20.245617,49.97668]]}},{"type":"Feature","properties":{"id":"c1407","lines":"A4 A65","n":2,"tram":0,"op":"Małopolskie Linie Dowozowe"},"geometry":{"type":"LineString","coordinates":[[20.245617,49.97668],[20.242886,49.978443],[20.242886,50.015459]]}},{"type":"Feature","properties":{"id":"c1408","lines":"A65","n":1,"tram":0,"op":"Małopolskie Linie Dowozowe"},"geometry":{"type":"LineString","coordinates":[[20.242886,50.015459],[20.242886,50.031323]]}},{"type":"Feature","properties":{"id":"c1409","lines":"A4","n":1,"tram":0,"op":"Małopolskie Linie Dowozowe"},"geometry":{"type":"LineString","coordinates":[[20.242886,50.015459],[20.248349,50.018984],[20.248349,50.033085]]}},{"type":"Feature","properties":{"id":"c1410","lines":"A65","n":1,"tram":0,"op":"Małopolskie Linie Dowozowe"},"geometry":{"type":"LineString","coordinates":[[20.242886,50.031323],[20.240154,50.033085],[20.231959,50.033085]]}},{"type":"Feature","properties":{"id":"c1411","lines":"A4","n":1,"tram":0,"op":"Małopolskie Linie Dowozowe"},"geometry":{"type":"LineString","coordinates":[[20.242886,50.031323],[20.256543,50.031323]]}},{"type":"Feature","properties":{"id":"c1412","lines":"A4","n":1,"tram":0,"op":"Małopolskie Linie Dowozowe"},"geometry":{"type":"LineString","coordinates":[[20.242886,50.031323],[20.240154,50.033085],[20.231959,50.033085]]}},{"type":"Feature","properties":{"id":"c1413","lines":"A4","n":1,"tram":0,"op":"Małopolskie Linie Dowozowe"},"geometry":{"type":"LineString","coordinates":[[20.248349,50.033085],[20.253812,50.033085],[20.256543,50.031323]]}},{"type":"Feature","properties":{"id":"c1414","lines":"A26 A51 A52 A54","n":4,"tram":0,"op":"Małopolskie Linie Dowozowe"},"geometry":{"type":"LineString","coordinates":[[20.33849,49.980205],[20.333027,49.983731]]}},{"type":"Feature","properties":{"id":"c1415","lines":"A23 A28 A34 A36 A38 A39 A46 A62 A63","n":9,"tram":0,"op":"Małopolskie Linie Dowozowe"},"geometry":{"type":"LineString","coordinates":[[20.33849,49.980205],[20.33849,49.981968]]}},{"type":"Feature","properties":{"id":"c1416","lines":"A23 A27 A28 A31","n":4,"tram":0,"op":"Małopolskie Linie Dowozowe"},"geometry":{"type":"LineString","coordinates":[[20.33849,49.980205],[20.343953,49.980205]]}},{"type":"Feature","properties":{"id":"c1417","lines":"A24 A29 A30 A34 A35 A36 A38 A39 A62","n":9,"tram":0,"op":"Małopolskie Linie Dowozowe"},"geometry":{"type":"LineString","coordinates":[[20.33849,49.980205],[20.33849,49.983731],[20.335759,49.985493]]}},{"type":"Feature","properties":{"id":"c1418","lines":"A46 A63","n":2,"tram":0,"op":"Małopolskie Linie Dowozowe"},"geometry":{"type":"LineString","coordinates":[[20.33849,49.980205],[20.343953,49.97668],[20.349416,49.97668]]}},{"type":"Feature","properties":{"id":"c1419","lines":"A24 A27 A29 A30 A31 A35","n":6,"tram":0,"op":"Małopolskie Linie Dowozowe"},"geometry":{"type":"LineString","coordinates":[[20.33849,49.980205],[20.335759,49.980205]]}},{"type":"Feature","properties":{"id":"c1420","lines":"A26 A51 A52 A54","n":4,"tram":0,"op":"Małopolskie Linie Dowozowe"},"geometry":{"type":"LineString","coordinates":[[20.333027,49.983731],[20.330295,49.983731]]}},{"type":"Feature","properties":{"id":"c1421","lines":"A26 A51 A52 A54","n":4,"tram":0,"op":"Małopolskie Linie Dowozowe"},"geometry":{"type":"LineString","coordinates":[[20.333027,49.983731],[20.330295,49.983731]]}},{"type":"Feature","properties":{"id":"c1422","lines":"A26 A51 A52 A54","n":4,"tram":0,"op":"Małopolskie Linie Dowozowe"},"geometry":{"type":"LineString","coordinates":[[20.333027,49.983731],[20.33849,49.983731]]}},{"type":"Feature","properties":{"id":"c1423","lines":"A24 A27","n":2,"tram":0,"op":"Małopolskie Linie Dowozowe"},"geometry":{"type":"LineString","coordinates":[[20.333027,49.983731],[20.327564,49.980205]]}},{"type":"Feature","properties":{"id":"c1424","lines":"A24 A27","n":2,"tram":0,"op":"Małopolskie Linie Dowozowe"},"geometry":{"type":"LineString","coordinates":[[20.333027,49.983731],[20.330295,49.981968],[20.330295,49.978443]]}},{"type":"Feature","properties":{"id":"c1425","lines":"A26 A51 A52 A54","n":4,"tram":0,"op":"Małopolskie Linie Dowozowe"},"geometry":{"type":"LineString","coordinates":[[20.330295,49.983731],[20.327564,49.985493]]}},{"type":"Feature","properties":{"id":"c1426","lines":"A26 A51 A52 A54","n":4,"tram":0,"op":"Małopolskie Linie Dowozowe"},"geometry":{"type":"LineString","coordinates":[[20.327564,49.985493],[20.319369,49.985493]]}},{"type":"Feature","properties":{"id":"c1427","lines":"A26 A51 A52 A54","n":4,"tram":0,"op":"Małopolskie Linie Dowozowe"},"geometry":{"type":"LineString","coordinates":[[20.327564,49.985493],[20.324832,49.987256]]}},{"type":"Feature","properties":{"id":"c1428","lines":"A26 A52 A54","n":3,"tram":0,"op":"Małopolskie Linie Dowozowe"},"geometry":{"type":"LineString","coordinates":[[20.319369,49.985493],[20.316638,49.987256]]}},{"type":"Feature","properties":{"id":"c1429","lines":"A26 A52","n":2,"tram":0,"op":"Małopolskie Linie Dowozowe"},"geometry":{"type":"LineString","coordinates":[[20.319369,49.985493],[20.324832,49.981968]]}},{"type":"Feature","properties":{"id":"c1430","lines":"A51","n":1,"tram":0,"op":"Małopolskie Linie Dowozowe"},"geometry":{"type":"LineString","coordinates":[[20.319369,49.985493],[20.316638,49.987256]]}},{"type":"Feature","properties":{"id":"c1431","lines":"A26 A51 A52 A54","n":4,"tram":0,"op":"Małopolskie Linie Dowozowe"},"geometry":{"type":"LineString","coordinates":[[20.316638,49.987256],[20.324832,49.987256]]}},{"type":"Feature","properties":{"id":"c1432","lines":"A54","n":1,"tram":0,"op":"Małopolskie Linie Dowozowe"},"geometry":{"type":"LineString","coordinates":[[20.316638,49.987256],[20.316638,49.992544],[20.327564,49.999595]]}},{"type":"Feature","properties":{"id":"c1433","lines":"A54","n":1,"tram":0,"op":"Małopolskie Linie Dowozowe"},"geometry":{"type":"LineString","coordinates":[[20.316638,49.987256],[20.327564,49.994307],[20.327564,49.999595]]}},{"type":"Feature","properties":{"id":"c1434","lines":"A26 A52","n":2,"tram":0,"op":"Małopolskie Linie Dowozowe"},"geometry":{"type":"LineString","coordinates":[[20.324832,49.987256],[20.324832,49.981968]]}},{"type":"Feature","properties":{"id":"c1435","lines":"A26","n":1,"tram":0,"op":"Małopolskie Linie Dowozowe"},"geometry":{"type":"LineString","coordinates":[[20.324832,49.981968],[20.319369,49.978443]]}},{"type":"Feature","properties":{"id":"c1436","lines":"A26 A52","n":2,"tram":0,"op":"Małopolskie Linie Dowozowe"},"geometry":{"type":"LineString","coordinates":[[20.324832,49.981968],[20.319369,49.978443],[20.319369,49.97668]]}},{"type":"Feature","properties":{"id":"c1437","lines":"A52","n":1,"tram":0,"op":"Małopolskie Linie Dowozowe"},"geometry":{"type":"LineString","coordinates":[[20.324832,49.981968],[20.319369,49.978443]]}},{"type":"Feature","properties":{"id":"c1438","lines":"A26 A52","n":2,"tram":0,"op":"Małopolskie Linie Dowozowe"},"geometry":{"type":"LineString","coordinates":[[20.319369,49.978443],[20.319369,49.97668]]}},{"type":"Feature","properties":{"id":"c1439","lines":"A26","n":1,"tram":0,"op":"Małopolskie Linie Dowozowe"},"geometry":{"type":"LineString","coordinates":[[20.319369,49.97668],[20.322101,49.974917],[20.322101,49.973155]]}},{"type":"Feature","properties":{"id":"c1440","lines":"A26","n":1,"tram":0,"op":"Małopolskie Linie Dowozowe"},"geometry":{"type":"LineString","coordinates":[[20.319369,49.97668],[20.319369,49.969629],[20.322101,49.967867]]}},{"type":"Feature","properties":{"id":"c1441","lines":"A22 A26","n":2,"tram":0,"op":"Małopolskie Linie Dowozowe"},"geometry":{"type":"LineString","coordinates":[[20.322101,49.973155],[20.319369,49.971392]]}},{"type":"Feature","properties":{"id":"c1442","lines":"A22","n":1,"tram":0,"op":"Małopolskie Linie Dowozowe"},"geometry":{"type":"LineString","coordinates":[[20.322101,49.973155],[20.327564,49.97668]]}},{"type":"Feature","properties":{"id":"c1443","lines":"A26","n":1,"tram":0,"op":"Małopolskie Linie Dowozowe"},"geometry":{"type":"LineString","coordinates":[[20.319369,49.971392],[20.319369,49.966104]]}},{"type":"Feature","properties":{"id":"c1444","lines":"A22","n":1,"tram":0,"op":"Małopolskie Linie Dowozowe"},"geometry":{"type":"LineString","coordinates":[[20.319369,49.971392],[20.313906,49.967867],[20.313906,49.936139]]}},{"type":"Feature","properties":{"id":"c1445","lines":"A26","n":1,"tram":0,"op":"Małopolskie Linie Dowozowe"},"geometry":{"type":"LineString","coordinates":[[20.319369,49.966104],[20.316638,49.966104]]}},{"type":"Feature","properties":{"id":"c1446","lines":"A22 A26","n":2,"tram":0,"op":"Małopolskie Linie Dowozowe"},"geometry":{"type":"LineString","coordinates":[[20.319369,49.966104],[20.322101,49.967867]]}},{"type":"Feature","properties":{"id":"c1447","lines":"A22","n":1,"tram":0,"op":"Małopolskie Linie Dowozowe"},"geometry":{"type":"LineString","coordinates":[[20.319369,49.966104],[20.319369,49.939664],[20.313906,49.936139]]}},{"type":"Feature","properties":{"id":"c1448","lines":"A26","n":1,"tram":0,"op":"Małopolskie Linie Dowozowe"},"geometry":{"type":"LineString","coordinates":[[20.316638,49.966104],[20.30298,49.974917],[20.30298,49.981968]]}},{"type":"Feature","properties":{"id":"c1449","lines":"A26","n":1,"tram":0,"op":"Małopolskie Linie Dowozowe"},"geometry":{"type":"LineString","coordinates":[[20.316638,49.966104],[20.30298,49.974917],[20.30298,49.978443]]}},{"type":"Feature","properties":{"id":"c1450","lines":"A22","n":1,"tram":0,"op":"Małopolskie Linie Dowozowe"},"geometry":{"type":"LineString","coordinates":[[20.322101,49.967867],[20.322101,49.969629],[20.324832,49.971392]]}},{"type":"Feature","properties":{"id":"c1451","lines":"A22 A34 A36 A38 A39 A55 A62","n":7,"tram":0,"op":"Małopolskie Linie Dowozowe"},"geometry":{"type":"LineString","coordinates":[[20.33849,49.983731],[20.33849,49.981968]]}},{"type":"Feature","properties":{"id":"c1452","lines":"A22 A24 A27 A29 A30 A31 A35 A55","n":8,"tram":0,"op":"Małopolskie Linie Dowozowe"},"geometry":{"type":"LineString","coordinates":[[20.33849,49.983731],[20.335759,49.981968],[20.333027,49.981968]]}},{"type":"Feature","properties":{"id":"c1453","lines":"A24 A29 A30 A34 A35 A36 A38 A39 A62","n":9,"tram":0,"op":"Małopolskie Linie Dowozowe"},"geometry":{"type":"LineString","coordinates":[[20.33849,49.983731],[20.341222,49.985493]]}},{"type":"Feature","properties":{"id":"c1454","lines":"A27 A31","n":2,"tram":0,"op":"Małopolskie Linie Dowozowe"},"geometry":{"type":"LineString","coordinates":[[20.33849,49.983731],[20.341222,49.981968]]}},{"type":"Feature","properties":{"id":"c1455","lines":"A53","n":1,"tram":0,"op":"Małopolskie Linie Dowozowe"},"geometry":{"type":"LineString","coordinates":[[19.961535,49.9238],[19.964267,49.922037],[19.964267,49.920275]]}},{"type":"Feature","properties":{"id":"c1456","lines":"A53","n":1,"tram":0,"op":"Małopolskie Linie Dowozowe"},"geometry":{"type":"LineString","coordinates":[[19.964267,49.920275],[19.964267,49.906173]]}},{"type":"Feature","properties":{"id":"c1457","lines":"A53","n":1,"tram":0,"op":"Małopolskie Linie Dowozowe"},"geometry":{"type":"LineString","coordinates":[[19.964267,49.920275],[19.961535,49.918512],[19.961535,49.907936]]}},{"type":"Feature","properties":{"id":"c1458","lines":"A53","n":1,"tram":0,"op":"Małopolskie Linie Dowozowe"},"geometry":{"type":"LineString","coordinates":[[19.964267,49.906173],[19.958803,49.906173],[19.936951,49.892072],[19.931488,49.892072]]}},{"type":"Feature","properties":{"id":"c1459","lines":"A53","n":1,"tram":0,"op":"Małopolskie Linie Dowozowe"},"geometry":{"type":"LineString","coordinates":[[19.964267,49.906173],[19.958803,49.902648],[19.95334,49.902648]]}},{"type":"Feature","properties":{"id":"c1460","lines":"A53","n":1,"tram":0,"op":"Małopolskie Linie Dowozowe"},"geometry":{"type":"LineString","coordinates":[[19.931488,49.892072],[19.926025,49.892072]]}},{"type":"Feature","properties":{"id":"c1461","lines":"A53","n":1,"tram":0,"op":"Małopolskie Linie Dowozowe"},"geometry":{"type":"LineString","coordinates":[[19.931488,49.892072],[19.934219,49.890309]]}},{"type":"Feature","properties":{"id":"c1462","lines":"A53","n":1,"tram":0,"op":"Małopolskie Linie Dowozowe"},"geometry":{"type":"LineString","coordinates":[[19.926025,49.892072],[19.928756,49.890309],[19.934219,49.890309]]}},{"type":"Feature","properties":{"id":"c1463","lines":"A53","n":1,"tram":0,"op":"Małopolskie Linie Dowozowe"},"geometry":{"type":"LineString","coordinates":[[19.926025,49.892072],[19.950609,49.907936],[19.961535,49.907936]]}},{"type":"Feature","properties":{"id":"c1464","lines":"A53","n":1,"tram":0,"op":"Małopolskie Linie Dowozowe"},"geometry":{"type":"LineString","coordinates":[[19.934219,49.890309],[19.939682,49.890309]]}},{"type":"Feature","properties":{"id":"c1465","lines":"A53","n":1,"tram":0,"op":"Małopolskie Linie Dowozowe"},"geometry":{"type":"LineString","coordinates":[[19.939682,49.890309],[19.945146,49.890309]]}},{"type":"Feature","properties":{"id":"c1466","lines":"A53","n":1,"tram":0,"op":"Małopolskie Linie Dowozowe"},"geometry":{"type":"LineString","coordinates":[[19.939682,49.890309],[19.939682,49.893835]]}},{"type":"Feature","properties":{"id":"c1467","lines":"A53","n":1,"tram":0,"op":"Małopolskie Linie Dowozowe"},"geometry":{"type":"LineString","coordinates":[[19.945146,49.890309],[19.947877,49.890309],[19.95334,49.886784]]}},{"type":"Feature","properties":{"id":"c1468","lines":"A53","n":1,"tram":0,"op":"Małopolskie Linie Dowozowe"},"geometry":{"type":"LineString","coordinates":[[19.945146,49.890309],[19.950609,49.886784],[19.95334,49.886784]]}},{"type":"Feature","properties":{"id":"c1469","lines":"A53","n":1,"tram":0,"op":"Małopolskie Linie Dowozowe"},"geometry":{"type":"LineString","coordinates":[[19.95334,49.886784],[19.95334,49.881496],[19.931488,49.867395]]}},{"type":"Feature","properties":{"id":"c1470","lines":"A53","n":1,"tram":0,"op":"Małopolskie Linie Dowozowe"},"geometry":{"type":"LineString","coordinates":[[19.95334,49.886784],[19.95334,49.876208],[19.934219,49.863869]]}},{"type":"Feature","properties":{"id":"c1471","lines":"A53","n":1,"tram":0,"op":"Małopolskie Linie Dowozowe"},"geometry":{"type":"LineString","coordinates":[[19.961535,49.907936],[19.95334,49.902648]]}},{"type":"Feature","properties":{"id":"c1472","lines":"A22","n":1,"tram":0,"op":"Małopolskie Linie Dowozowe"},"geometry":{"type":"LineString","coordinates":[[20.270201,49.87092],[20.270201,49.876208],[20.272933,49.877971]]}},{"type":"Feature","properties":{"id":"c1473","lines":"A21 A22","n":2,"tram":0,"op":"Małopolskie Linie Dowozowe"},"geometry":{"type":"LineString","coordinates":[[20.270201,49.87092],[20.270201,49.865632]]}},{"type":"Feature","properties":{"id":"c1474","lines":"A21","n":1,"tram":0,"op":"Małopolskie Linie Dowozowe"},"geometry":{"type":"LineString","coordinates":[[20.270201,49.87092],[20.25108,49.858581],[20.25108,49.853293]]}},{"type":"Feature","properties":{"id":"c1475","lines":"A22","n":1,"tram":0,"op":"Małopolskie Linie Dowozowe"},"geometry":{"type":"LineString","coordinates":[[20.272933,49.877971],[20.272933,49.881496]]}},{"type":"Feature","properties":{"id":"c1476","lines":"A22","n":1,"tram":0,"op":"Małopolskie Linie Dowozowe"},"geometry":{"type":"LineString","coordinates":[[20.272933,49.877971],[20.272933,49.867395],[20.270201,49.865632]]}},{"type":"Feature","properties":{"id":"c1477","lines":"A22","n":1,"tram":0,"op":"Małopolskie Linie Dowozowe"},"geometry":{"type":"LineString","coordinates":[[20.272933,49.881496],[20.272933,49.888547]]}},{"type":"Feature","properties":{"id":"c1478","lines":"A22","n":1,"tram":0,"op":"Małopolskie Linie Dowozowe"},"geometry":{"type":"LineString","coordinates":[[20.272933,49.881496],[20.272933,49.888547]]}},{"type":"Feature","properties":{"id":"c1479","lines":"A22","n":1,"tram":0,"op":"Małopolskie Linie Dowozowe"},"geometry":{"type":"LineString","coordinates":[[20.272933,49.888547],[20.278396,49.892072]]}},{"type":"Feature","properties":{"id":"c1480","lines":"A22","n":1,"tram":0,"op":"Małopolskie Linie Dowozowe"},"geometry":{"type":"LineString","coordinates":[[20.278396,49.892072],[20.313906,49.914987],[20.313906,49.936139]]}},{"type":"Feature","properties":{"id":"c1481","lines":"A22","n":1,"tram":0,"op":"Małopolskie Linie Dowozowe"},"geometry":{"type":"LineString","coordinates":[[20.278396,49.892072],[20.278396,49.893835],[20.313906,49.916749],[20.313906,49.936139]]}},{"type":"Feature","properties":{"id":"c1482","lines":"A55","n":1,"tram":0,"op":"Małopolskie Linie Dowozowe"},"geometry":{"type":"LineString","coordinates":[[20.313906,49.936139],[20.335759,49.95024],[20.335759,49.960816]]}},{"type":"Feature","properties":{"id":"c1483","lines":"A55","n":1,"tram":0,"op":"Małopolskie Linie Dowozowe"},"geometry":{"type":"LineString","coordinates":[[20.313906,49.936139],[20.297517,49.936139]]}},{"type":"Feature","properties":{"id":"c1484","lines":"A55","n":1,"tram":0,"op":"Małopolskie Linie Dowozowe"},"geometry":{"type":"LineString","coordinates":[[20.313906,49.936139],[20.297517,49.936139]]}},{"type":"Feature","properties":{"id":"c1485","lines":"A55","n":1,"tram":0,"op":"Małopolskie Linie Dowozowe"},"geometry":{"type":"LineString","coordinates":[[20.313906,49.936139],[20.313906,49.948477],[20.330295,49.959053],[20.330295,49.964341]]}},{"type":"Feature","properties":{"id":"c1486","lines":"A22 A24","n":2,"tram":0,"op":"Małopolskie Linie Dowozowe"},"geometry":{"type":"LineString","coordinates":[[20.324832,49.971392],[20.330295,49.974917]]}},{"type":"Feature","properties":{"id":"c1487","lines":"A24 A27","n":2,"tram":0,"op":"Małopolskie Linie Dowozowe"},"geometry":{"type":"LineString","coordinates":[[20.324832,49.971392],[20.324832,49.974917],[20.330295,49.978443]]}},{"type":"Feature","properties":{"id":"c1488","lines":"A27","n":1,"tram":0,"op":"Małopolskie Linie Dowozowe"},"geometry":{"type":"LineString","coordinates":[[20.324832,49.971392],[20.327564,49.971392]]}},{"type":"Feature","properties":{"id":"c1489","lines":"A22 A24 A27","n":3,"tram":0,"op":"Małopolskie Linie Dowozowe"},"geometry":{"type":"LineString","coordinates":[[20.330295,49.974917],[20.333027,49.97668]]}},{"type":"Feature","properties":{"id":"c1490","lines":"A27","n":1,"tram":0,"op":"Małopolskie Linie Dowozowe"},"geometry":{"type":"LineString","coordinates":[[20.330295,49.974917],[20.330295,49.973155],[20.327564,49.971392]]}},{"type":"Feature","properties":{"id":"c1491","lines":"A22 A24 A27 A31","n":4,"tram":0,"op":"Małopolskie Linie Dowozowe"},"geometry":{"type":"LineString","coordinates":[[20.333027,49.97668],[20.335759,49.978443]]}},{"type":"Feature","properties":{"id":"c1492","lines":"A31","n":1,"tram":0,"op":"Małopolskie Linie Dowozowe"},"geometry":{"type":"LineString","coordinates":[[20.333027,49.97668],[20.333027,49.971392]]}},{"type":"Feature","properties":{"id":"c1493","lines":"A22 A24 A27 A29 A30 A31 A35 A55","n":8,"tram":0,"op":"Małopolskie Linie Dowozowe"},"geometry":{"type":"LineString","coordinates":[[20.335759,49.978443],[20.335759,49.980205]]}},{"type":"Feature","properties":{"id":"c1494","lines":"A29 A30 A35 A55","n":4,"tram":0,"op":"Małopolskie Linie Dowozowe"},"geometry":{"type":"LineString","coordinates":[[20.335759,49.978443],[20.33849,49.97668],[20.33849,49.971392]]}},{"type":"Feature","properties":{"id":"c1495","lines":"A22 A55","n":2,"tram":0,"op":"Małopolskie Linie Dowozowe"},"geometry":{"type":"LineString","coordinates":[[20.335759,49.980205],[20.33849,49.981968]]}},{"type":"Feature","properties":{"id":"c1496","lines":"A23 A28 A46 A63","n":4,"tram":0,"op":"Małopolskie Linie Dowozowe"},"geometry":{"type":"LineString","coordinates":[[20.33849,49.981968],[20.341222,49.981968]]}},{"type":"Feature","properties":{"id":"c1497","lines":"A22 A24 A27 A31","n":4,"tram":0,"op":"Małopolskie Linie Dowozowe"},"geometry":{"type":"LineString","coordinates":[[20.333027,49.981968],[20.333027,49.978443]]}},{"type":"Feature","properties":{"id":"c1498","lines":"A29 A30 A35 A55","n":4,"tram":0,"op":"Małopolskie Linie Dowozowe"},"geometry":{"type":"LineString","coordinates":[[20.333027,49.981968],[20.333027,49.97668],[20.335759,49.974917]]}},{"type":"Feature","properties":{"id":"c1499","lines":"A22 A24 A27","n":3,"tram":0,"op":"Małopolskie Linie Dowozowe"},"geometry":{"type":"LineString","coordinates":[[20.333027,49.978443],[20.330295,49.97668],[20.327564,49.97668]]}},{"type":"Feature","properties":{"id":"c1500","lines":"A31","n":1,"tram":0,"op":"Małopolskie Linie Dowozowe"},"geometry":{"type":"LineString","coordinates":[[20.333027,49.978443],[20.333027,49.973155]]}},{"type":"Feature","properties":{"id":"c1501","lines":"A24 A27","n":2,"tram":0,"op":"Małopolskie Linie Dowozowe"},"geometry":{"type":"LineString","coordinates":[[20.327564,49.97668],[20.327564,49.980205]]}},{"type":"Feature","properties":{"id":"c1502","lines":"A21","n":1,"tram":0,"op":"Małopolskie Linie Dowozowe"},"geometry":{"type":"LineString","coordinates":[[20.270201,49.865632],[20.25108,49.853293]]}},{"type":"Feature","properties":{"id":"c1503","lines":"A21","n":1,"tram":0,"op":"Małopolskie Linie Dowozowe"},"geometry":{"type":"LineString","coordinates":[[20.25108,49.853293],[20.240154,49.846243],[20.199181,49.846243]]}},{"type":"Feature","properties":{"id":"c1504","lines":"A21","n":1,"tram":0,"op":"Małopolskie Linie Dowozowe"},"geometry":{"type":"LineString","coordinates":[[20.25108,49.853293],[20.210107,49.853293],[20.199181,49.846243]]}},{"type":"Feature","properties":{"id":"c1505","lines":"A21","n":1,"tram":0,"op":"Małopolskie Linie Dowozowe"},"geometry":{"type":"LineString","coordinates":[[20.199181,49.846243],[20.199181,49.84448],[20.182791,49.833904]]}},{"type":"Feature","properties":{"id":"c1506","lines":"A21","n":1,"tram":0,"op":"Małopolskie Linie Dowozowe"},"geometry":{"type":"LineString","coordinates":[[20.199181,49.846243],[20.18006,49.833904]]}},{"type":"Feature","properties":{"id":"c1507","lines":"A21 A61","n":2,"tram":0,"op":"Małopolskie Linie Dowozowe"},"geometry":{"type":"LineString","coordinates":[[20.182791,49.833904],[20.174597,49.833904],[20.171865,49.835667]]}},{"type":"Feature","properties":{"id":"c1508","lines":"A61","n":1,"tram":0,"op":"Małopolskie Linie Dowozowe"},"geometry":{"type":"LineString","coordinates":[[20.182791,49.833904],[20.182791,49.832141],[20.185523,49.830379]]}},{"type":"Feature","properties":{"id":"c1509","lines":"A21 A61","n":2,"tram":0,"op":"Małopolskie Linie Dowozowe"},"geometry":{"type":"LineString","coordinates":[[20.171865,49.835667],[20.147281,49.835667],[20.139086,49.830379]]}},{"type":"Feature","properties":{"id":"c1510","lines":"A21","n":1,"tram":0,"op":"Małopolskie Linie Dowozowe"},"geometry":{"type":"LineString","coordinates":[[20.171865,49.835667],[20.169133,49.833904],[20.166402,49.833904]]}},{"type":"Feature","properties":{"id":"c1511","lines":"A21 A61","n":2,"tram":0,"op":"Małopolskie Linie Dowozowe"},"geometry":{"type":"LineString","coordinates":[[20.139086,49.830379],[20.12816,49.823328],[20.125429,49.823328]]}},{"type":"Feature","properties":{"id":"c1512","lines":"A21 A71","n":2,"tram":0,"op":"Małopolskie Linie Dowozowe"},"geometry":{"type":"LineString","coordinates":[[20.139086,49.830379],[20.133623,49.830379],[20.119965,49.821565]]}},{"type":"Feature","properties":{"id":"c1513","lines":"A21 A71","n":2,"tram":0,"op":"Małopolskie Linie Dowozowe"},"geometry":{"type":"LineString","coordinates":[[20.139086,49.830379],[20.166402,49.830379],[20.169133,49.832141]]}},{"type":"Feature","properties":{"id":"c1514","lines":"A21 A33 A61","n":3,"tram":0,"op":"Małopolskie Linie Dowozowe"},"geometry":{"type":"LineString","coordinates":[[20.125429,49.823328],[20.111771,49.823328]]}},{"type":"Feature","properties":{"id":"c1515","lines":"A33","n":1,"tram":0,"op":"Małopolskie Linie Dowozowe"},"geometry":{"type":"LineString","coordinates":[[20.125429,49.823328],[20.139086,49.823328],[20.141818,49.821565]]}},{"type":"Feature","properties":{"id":"c1516","lines":"A21 A61","n":2,"tram":0,"op":"Małopolskie Linie Dowozowe"},"geometry":{"type":"LineString","coordinates":[[20.111771,49.823328],[20.100844,49.823328]]}},{"type":"Feature","properties":{"id":"c1517","lines":"A33","n":1,"tram":0,"op":"Małopolskie Linie Dowozowe"},"geometry":{"type":"LineString","coordinates":[[20.111771,49.823328],[20.109039,49.823328],[20.103576,49.826853]]}},{"type":"Feature","properties":{"id":"c1518","lines":"A21 A33 A61","n":3,"tram":0,"op":"Małopolskie Linie Dowozowe"},"geometry":{"type":"LineString","coordinates":[[20.100844,49.823328],[20.098113,49.825091],[20.09265,49.825091]]}},{"type":"Feature","properties":{"id":"c1519","lines":"A33","n":1,"tram":0,"op":"Małopolskie Linie Dowozowe"},"geometry":{"type":"LineString","coordinates":[[20.100844,49.823328],[20.103576,49.825091]]}},{"type":"Feature","properties":{"id":"c1520","lines":"A21 A33 A61","n":3,"tram":0,"op":"Małopolskie Linie Dowozowe"},"geometry":{"type":"LineString","coordinates":[[20.09265,49.825091],[20.089918,49.825091]]}},{"type":"Feature","properties":{"id":"c1521","lines":"A33","n":1,"tram":0,"op":"Małopolskie Linie Dowozowe"},"geometry":{"type":"LineString","coordinates":[[20.09265,49.825091],[20.09265,49.816277]]}},{"type":"Feature","properties":{"id":"c1522","lines":"A21 A61","n":2,"tram":0,"op":"Małopolskie Linie Dowozowe"},"geometry":{"type":"LineString","coordinates":[[20.089918,49.825091],[20.087187,49.823328]]}},{"type":"Feature","properties":{"id":"c1523","lines":"A33","n":1,"tram":0,"op":"Małopolskie Linie Dowozowe"},"geometry":{"type":"LineString","coordinates":[[20.089918,49.825091],[20.078992,49.825091]]}},{"type":"Feature","properties":{"id":"c1524","lines":"A15 A21 A32 A45 A61 A71","n":6,"tram":0,"op":"Małopolskie Linie Dowozowe"},"geometry":{"type":"LineString","coordinates":[[20.087187,49.823328],[20.068066,49.823328]]}},{"type":"Feature","properties":{"id":"c1525","lines":"A15 A32 A45 A71","n":4,"tram":0,"op":"Małopolskie Linie Dowozowe"},"geometry":{"type":"LineString","coordinates":[[20.087187,49.823328],[20.087187,49.819803],[20.09265,49.816277]]}},{"type":"Feature","properties":{"id":"c1526","lines":"A15 A21 A33 A45","n":4,"tram":0,"op":"Małopolskie Linie Dowozowe"},"geometry":{"type":"LineString","coordinates":[[20.068066,49.823328],[20.062603,49.819803]]}},{"type":"Feature","properties":{"id":"c1527","lines":"A15 A21 A45","n":3,"tram":0,"op":"Małopolskie Linie Dowozowe"},"geometry":{"type":"LineString","coordinates":[[20.068066,49.823328],[20.065334,49.821565],[20.062603,49.821565]]}},{"type":"Feature","properties":{"id":"c1528","lines":"A15 A21 A32 A45 A61 A71","n":6,"tram":0,"op":"Małopolskie Linie Dowozowe"},"geometry":{"type":"LineString","coordinates":[[20.068066,49.823328],[20.070797,49.821565],[20.073529,49.821565]]}},{"type":"Feature","properties":{"id":"c1529","lines":"A32 A33 A61 A71","n":4,"tram":0,"op":"Małopolskie Linie Dowozowe"},"geometry":{"type":"LineString","coordinates":[[20.068066,49.823328],[20.068066,49.825091]]}},{"type":"Feature","properties":{"id":"c1530","lines":"A32 A61 A71","n":3,"tram":0,"op":"Małopolskie Linie Dowozowe"},"geometry":{"type":"LineString","coordinates":[[20.068066,49.823328],[20.070797,49.825091],[20.078992,49.825091]]}},{"type":"Feature","properties":{"id":"c1531","lines":"A15 A21 A33 A45","n":4,"tram":0,"op":"Małopolskie Linie Dowozowe"},"geometry":{"type":"LineString","coordinates":[[20.062603,49.819803],[20.062603,49.821565]]}},{"type":"Feature","properties":{"id":"c1532","lines":"A33","n":1,"tram":0,"op":"Małopolskie Linie Dowozowe"},"geometry":{"type":"LineString","coordinates":[[20.062603,49.821565],[20.073529,49.821565]]}},{"type":"Feature","properties":{"id":"c1533","lines":"A15 A21 A32 A33 A45 A61 A71","n":7,"tram":0,"op":"Małopolskie Linie Dowozowe"},"geometry":{"type":"LineString","coordinates":[[20.073529,49.821565],[20.081724,49.821565]]}},{"type":"Feature","properties":{"id":"c1534","lines":"A21 A33 A71","n":3,"tram":0,"op":"Małopolskie Linie Dowozowe"},"geometry":{"type":"LineString","coordinates":[[20.081724,49.821565],[20.095381,49.821565]]}},{"type":"Feature","properties":{"id":"c1535","lines":"A15 A32 A45 A61","n":4,"tram":0,"op":"Małopolskie Linie Dowozowe"},"geometry":{"type":"LineString","coordinates":[[20.081724,49.821565],[20.087187,49.81804],[20.095381,49.81804]]}},{"type":"Feature","properties":{"id":"c1536","lines":"A21 A33 A71","n":3,"tram":0,"op":"Małopolskie Linie Dowozowe"},"geometry":{"type":"LineString","coordinates":[[20.095381,49.821565],[20.098113,49.821565]]}},{"type":"Feature","properties":{"id":"c1537","lines":"A33","n":1,"tram":0,"op":"Małopolskie Linie Dowozowe"},"geometry":{"type":"LineString","coordinates":[[20.095381,49.821565],[20.095381,49.81804]]}},{"type":"Feature","properties":{"id":"c1538","lines":"A21 A71","n":2,"tram":0,"op":"Małopolskie Linie Dowozowe"},"geometry":{"type":"LineString","coordinates":[[20.098113,49.821565],[20.109039,49.821565]]}},{"type":"Feature","properties":{"id":"c1539","lines":"A33","n":1,"tram":0,"op":"Małopolskie Linie Dowozowe"},"geometry":{"type":"LineString","coordinates":[[20.098113,49.821565],[20.098113,49.823328],[20.103576,49.826853]]}},{"type":"Feature","properties":{"id":"c1540","lines":"A21 A33 A71","n":3,"tram":0,"op":"Małopolskie Linie Dowozowe"},"geometry":{"type":"LineString","coordinates":[[20.109039,49.821565],[20.119965,49.821565]]}},{"type":"Feature","properties":{"id":"c1541","lines":"A33","n":1,"tram":0,"op":"Małopolskie Linie Dowozowe"},"geometry":{"type":"LineString","coordinates":[[20.109039,49.821565],[20.103576,49.825091]]}},{"type":"Feature","properties":{"id":"c1542","lines":"A33","n":1,"tram":0,"op":"Małopolskie Linie Dowozowe"},"geometry":{"type":"LineString","coordinates":[[20.119965,49.821565],[20.141818,49.821565]]}},{"type":"Feature","properties":{"id":"c1543","lines":"A21 A71","n":2,"tram":0,"op":"Małopolskie Linie Dowozowe"},"geometry":{"type":"LineString","coordinates":[[20.169133,49.832141],[20.177328,49.832141],[20.18006,49.833904]]}},{"type":"Feature","properties":{"id":"c1544","lines":"A21","n":1,"tram":0,"op":"Małopolskie Linie Dowozowe"},"geometry":{"type":"LineString","coordinates":[[20.169133,49.832141],[20.158207,49.832141]]}},{"type":"Feature","properties":{"id":"c1545","lines":"A71","n":1,"tram":0,"op":"Małopolskie Linie Dowozowe"},"geometry":{"type":"LineString","coordinates":[[20.18006,49.833904],[20.185523,49.830379]]}},{"type":"Feature","properties":{"id":"c1546","lines":"A21","n":1,"tram":0,"op":"Małopolskie Linie Dowozowe"},"geometry":{"type":"LineString","coordinates":[[20.166402,49.833904],[20.16367,49.835667],[20.16367,49.837429]]}},{"type":"Feature","properties":{"id":"c1547","lines":"A21","n":1,"tram":0,"op":"Małopolskie Linie Dowozowe"},"geometry":{"type":"LineString","coordinates":[[20.166402,49.833904],[20.16367,49.832141],[20.158207,49.832141]]}},{"type":"Feature","properties":{"id":"c1548","lines":"A21","n":1,"tram":0,"op":"Małopolskie Linie Dowozowe"},"geometry":{"type":"LineString","coordinates":[[20.16367,49.837429],[20.16367,49.840955]]}},{"type":"Feature","properties":{"id":"c1549","lines":"A23 A27 A28 A31","n":4,"tram":0,"op":"Małopolskie Linie Dowozowe"},"geometry":{"type":"LineString","coordinates":[[20.343953,49.980205],[20.343953,49.97668]]}},{"type":"Feature","properties":{"id":"c1550","lines":"A23 A27 A28 A31","n":4,"tram":0,"op":"Małopolskie Linie Dowozowe"},"geometry":{"type":"LineString","coordinates":[[20.343953,49.980205],[20.343953,49.981968]]}},{"type":"Feature","properties":{"id":"c1551","lines":"A23 A27 A28 A31","n":4,"tram":0,"op":"Małopolskie Linie Dowozowe"},"geometry":{"type":"LineString","coordinates":[[20.343953,49.97668],[20.343953,49.973155]]}},{"type":"Feature","properties":{"id":"c1552","lines":"A23 A27 A28 A31","n":4,"tram":0,"op":"Małopolskie Linie Dowozowe"},"geometry":{"type":"LineString","coordinates":[[20.343953,49.97668],[20.341222,49.974917],[20.341222,49.973155]]}},{"type":"Feature","properties":{"id":"c1553","lines":"A23 A28 A31","n":3,"tram":0,"op":"Małopolskie Linie Dowozowe"},"geometry":{"type":"LineString","coordinates":[[20.343953,49.973155],[20.343953,49.969629]]}},{"type":"Feature","properties":{"id":"c1554","lines":"A27","n":1,"tram":0,"op":"Małopolskie Linie Dowozowe"},"geometry":{"type":"LineString","coordinates":[[20.343953,49.973155],[20.346685,49.971392]]}},{"type":"Feature","properties":{"id":"c1555","lines":"A23 A28","n":2,"tram":0,"op":"Małopolskie Linie Dowozowe"},"geometry":{"type":"LineString","coordinates":[[20.343953,49.969629],[20.343953,49.966104]]}},{"type":"Feature","properties":{"id":"c1556","lines":"A31","n":1,"tram":0,"op":"Małopolskie Linie Dowozowe"},"geometry":{"type":"LineString","coordinates":[[20.343953,49.969629],[20.33849,49.966104],[20.33849,49.964341]]}},{"type":"Feature","properties":{"id":"c1557","lines":"A23 A28","n":2,"tram":0,"op":"Małopolskie Linie Dowozowe"},"geometry":{"type":"LineString","coordinates":[[20.343953,49.966104],[20.343953,49.962579]]}},{"type":"Feature","properties":{"id":"c1558","lines":"A23 A28","n":2,"tram":0,"op":"Małopolskie Linie Dowozowe"},"geometry":{"type":"LineString","coordinates":[[20.343953,49.966104],[20.346685,49.964341]]}},{"type":"Feature","properties":{"id":"c1559","lines":"A23 A28","n":2,"tram":0,"op":"Małopolskie Linie Dowozowe"},"geometry":{"type":"LineString","coordinates":[[20.343953,49.966104],[20.341222,49.967867],[20.341222,49.969629]]}},{"type":"Feature","properties":{"id":"c1560","lines":"A23 A28","n":2,"tram":0,"op":"Małopolskie Linie Dowozowe"},"geometry":{"type":"LineString","coordinates":[[20.343953,49.962579],[20.343953,49.959053]]}},{"type":"Feature","properties":{"id":"c1561","lines":"A28","n":1,"tram":0,"op":"Małopolskie Linie Dowozowe"},"geometry":{"type":"LineString","coordinates":[[20.343953,49.962579],[20.346685,49.964341]]}},{"type":"Feature","properties":{"id":"c1562","lines":"A23","n":1,"tram":0,"op":"Małopolskie Linie Dowozowe"},"geometry":{"type":"LineString","coordinates":[[20.343953,49.959053],[20.346685,49.959053]]}},{"type":"Feature","properties":{"id":"c1563","lines":"A23","n":1,"tram":0,"op":"Małopolskie Linie Dowozowe"},"geometry":{"type":"LineString","coordinates":[[20.346685,49.964341],[20.346685,49.959053]]}},{"type":"Feature","properties":{"id":"c1564","lines":"A23 A28 A31","n":3,"tram":0,"op":"Małopolskie Linie Dowozowe"},"geometry":{"type":"LineString","coordinates":[[20.341222,49.969629],[20.341222,49.973155]]}},{"type":"Feature","properties":{"id":"c1565","lines":"A31","n":1,"tram":0,"op":"Małopolskie Linie Dowozowe"},"geometry":{"type":"LineString","coordinates":[[20.341222,49.969629],[20.33849,49.967867],[20.33849,49.964341]]}},{"type":"Feature","properties":{"id":"c1566","lines":"A27","n":1,"tram":0,"op":"Małopolskie Linie Dowozowe"},"geometry":{"type":"LineString","coordinates":[[20.341222,49.973155],[20.343953,49.971392],[20.346685,49.971392]]}},{"type":"Feature","properties":{"id":"c1567","lines":"A23 A27 A28 A31 A46 A63","n":6,"tram":0,"op":"Małopolskie Linie Dowozowe"},"geometry":{"type":"LineString","coordinates":[[20.343953,49.981968],[20.341222,49.981968]]}},{"type":"Feature","properties":{"id":"c1568","lines":"A46 A63","n":2,"tram":0,"op":"Małopolskie Linie Dowozowe"},"geometry":{"type":"LineString","coordinates":[[20.343953,49.981968],[20.352148,49.97668],[20.352148,49.974917]]}},{"type":"Feature","properties":{"id":"c1569","lines":"A34 A35 A62","n":3,"tram":0,"op":"Małopolskie Linie Dowozowe"},"geometry":{"type":"LineString","coordinates":[[20.335759,49.985493],[20.346685,49.985493]]}},{"type":"Feature","properties":{"id":"c1570","lines":"A24 A29 A30 A36 A38 A39","n":6,"tram":0,"op":"Małopolskie Linie Dowozowe"},"geometry":{"type":"LineString","coordinates":[[20.335759,49.985493],[20.33849,49.987256]]}},{"type":"Feature","properties":{"id":"c1571","lines":"A34 A35","n":2,"tram":0,"op":"Małopolskie Linie Dowozowe"},"geometry":{"type":"LineString","coordinates":[[20.346685,49.985493],[20.346685,49.987256],[20.349416,49.989019]]}},{"type":"Feature","properties":{"id":"c1572","lines":"A62","n":1,"tram":0,"op":"Małopolskie Linie Dowozowe"},"geometry":{"type":"LineString","coordinates":[[20.346685,49.985493],[20.360343,49.97668]]}},{"type":"Feature","properties":{"id":"c1573","lines":"A34","n":1,"tram":0,"op":"Małopolskie Linie Dowozowe"},"geometry":{"type":"LineString","coordinates":[[20.349416,49.989019],[20.352148,49.990781]]}},{"type":"Feature","properties":{"id":"c1574","lines":"A35","n":1,"tram":0,"op":"Małopolskie Linie Dowozowe"},"geometry":{"type":"LineString","coordinates":[[20.349416,49.989019],[20.352148,49.990781]]}},{"type":"Feature","properties":{"id":"c1575","lines":"A34 A35","n":2,"tram":0,"op":"Małopolskie Linie Dowozowe"},"geometry":{"type":"LineString","coordinates":[[20.352148,49.990781],[20.357611,49.990781]]}},{"type":"Feature","properties":{"id":"c1576","lines":"A34","n":1,"tram":0,"op":"Małopolskie Linie Dowozowe"},"geometry":{"type":"LineString","coordinates":[[20.357611,49.990781],[20.360343,49.990781],[20.363074,49.992544]]}},{"type":"Feature","properties":{"id":"c1577","lines":"A35","n":1,"tram":0,"op":"Małopolskie Linie Dowozowe"},"geometry":{"type":"LineString","coordinates":[[20.357611,49.990781],[20.363074,49.994307]]}},{"type":"Feature","properties":{"id":"c1578","lines":"A34","n":1,"tram":0,"op":"Małopolskie Linie Dowozowe"},"geometry":{"type":"LineString","coordinates":[[20.363074,49.992544],[20.365806,49.992544],[20.368537,49.990781]]}},{"type":"Feature","properties":{"id":"c1579","lines":"A34","n":1,"tram":0,"op":"Małopolskie Linie Dowozowe"},"geometry":{"type":"LineString","coordinates":[[20.363074,49.992544],[20.354879,49.997832]]}},{"type":"Feature","properties":{"id":"c1580","lines":"A34","n":1,"tram":0,"op":"Małopolskie Linie Dowozowe"},"geometry":{"type":"LineString","coordinates":[[20.368537,49.990781],[20.363074,49.994307]]}},{"type":"Feature","properties":{"id":"c1581","lines":"A34","n":1,"tram":0,"op":"Małopolskie Linie Dowozowe"},"geometry":{"type":"LineString","coordinates":[[20.368537,49.990781],[20.365806,49.989019],[20.354879,49.989019]]}},{"type":"Feature","properties":{"id":"c1582","lines":"A34 A35","n":2,"tram":0,"op":"Małopolskie Linie Dowozowe"},"geometry":{"type":"LineString","coordinates":[[20.363074,49.994307],[20.357611,49.997832],[20.354879,49.997832]]}},{"type":"Feature","properties":{"id":"c1583","lines":"A35","n":1,"tram":0,"op":"Małopolskie Linie Dowozowe"},"geometry":{"type":"LineString","coordinates":[[20.354879,49.997832],[20.354879,49.989019]]}},{"type":"Feature","properties":{"id":"c1584","lines":"A34 A35","n":2,"tram":0,"op":"Małopolskie Linie Dowozowe"},"geometry":{"type":"LineString","coordinates":[[20.354879,49.989019],[20.352148,49.987256]]}},{"type":"Feature","properties":{"id":"c1585","lines":"A34","n":1,"tram":0,"op":"Małopolskie Linie Dowozowe"},"geometry":{"type":"LineString","coordinates":[[20.352148,49.987256],[20.349416,49.985493]]}},{"type":"Feature","properties":{"id":"c1586","lines":"A35","n":1,"tram":0,"op":"Małopolskie Linie Dowozowe"},"geometry":{"type":"LineString","coordinates":[[20.352148,49.987256],[20.349416,49.985493]]}},{"type":"Feature","properties":{"id":"c1587","lines":"A34 A35","n":2,"tram":0,"op":"Małopolskie Linie Dowozowe"},"geometry":{"type":"LineString","coordinates":[[20.349416,49.985493],[20.346685,49.983731]]}},{"type":"Feature","properties":{"id":"c1588","lines":"A34 A35 A62","n":3,"tram":0,"op":"Małopolskie Linie Dowozowe"},"geometry":{"type":"LineString","coordinates":[[20.346685,49.983731],[20.343953,49.983731]]}},{"type":"Feature","properties":{"id":"c1589","lines":"A62","n":1,"tram":0,"op":"Małopolskie Linie Dowozowe"},"geometry":{"type":"LineString","coordinates":[[20.346685,49.983731],[20.354879,49.978443],[20.354879,49.974917]]}},{"type":"Feature","properties":{"id":"c1590","lines":"A34 A35 A36 A38 A39 A62","n":6,"tram":0,"op":"Małopolskie Linie Dowozowe"},"geometry":{"type":"LineString","coordinates":[[20.343953,49.983731],[20.341222,49.985493]]}},{"type":"Feature","properties":{"id":"c1591","lines":"A36 A38 A39","n":3,"tram":0,"op":"Małopolskie Linie Dowozowe"},"geometry":{"type":"LineString","coordinates":[[20.343953,49.983731],[20.343953,49.989019],[20.346685,49.990781]]}},{"type":"Feature","properties":{"id":"c1592","lines":"A24 A29 A30","n":3,"tram":0,"op":"Małopolskie Linie Dowozowe"},"geometry":{"type":"LineString","coordinates":[[20.341222,49.985493],[20.343953,49.987256]]}},{"type":"Feature","properties":{"id":"c1593","lines":"A36 A38 A39","n":3,"tram":0,"op":"Małopolskie Linie Dowozowe"},"geometry":{"type":"LineString","coordinates":[[20.33849,49.987256],[20.343953,49.990781],[20.346685,49.990781]]}},{"type":"Feature","properties":{"id":"c1594","lines":"A24 A29 A30","n":3,"tram":0,"op":"Małopolskie Linie Dowozowe"},"geometry":{"type":"LineString","coordinates":[[20.33849,49.987256],[20.33849,49.989019]]}},{"type":"Feature","properties":{"id":"c1595","lines":"A36 A38","n":2,"tram":0,"op":"Małopolskie Linie Dowozowe"},"geometry":{"type":"LineString","coordinates":[[20.346685,49.990781],[20.346685,49.994307],[20.343953,49.996069]]}},{"type":"Feature","properties":{"id":"c1596","lines":"A36 A38","n":2,"tram":0,"op":"Małopolskie Linie Dowozowe"},"geometry":{"type":"LineString","coordinates":[[20.346685,49.990781],[20.343953,49.992544],[20.343953,50.001357]]}},{"type":"Feature","properties":{"id":"c1597","lines":"A39","n":1,"tram":0,"op":"Małopolskie Linie Dowozowe"},"geometry":{"type":"LineString","coordinates":[[20.346685,49.990781],[20.352148,49.994307]]}},{"type":"Feature","properties":{"id":"c1598","lines":"A39","n":1,"tram":0,"op":"Małopolskie Linie Dowozowe"},"geometry":{"type":"LineString","coordinates":[[20.346685,49.990781],[20.352148,49.994307]]}},{"type":"Feature","properties":{"id":"c1599","lines":"A36","n":1,"tram":0,"op":"Małopolskie Linie Dowozowe"},"geometry":{"type":"LineString","coordinates":[[20.343953,49.996069],[20.343953,50.006645],[20.341222,50.008408]]}},{"type":"Feature","properties":{"id":"c1600","lines":"A38","n":1,"tram":0,"op":"Małopolskie Linie Dowozowe"},"geometry":{"type":"LineString","coordinates":[[20.343953,49.996069],[20.341222,49.997832],[20.341222,49.999595]]}},{"type":"Feature","properties":{"id":"c1601","lines":"A36","n":1,"tram":0,"op":"Małopolskie Linie Dowozowe"},"geometry":{"type":"LineString","coordinates":[[20.341222,50.008408],[20.33849,50.010171],[20.33849,50.011933]]}},{"type":"Feature","properties":{"id":"c1602","lines":"A36","n":1,"tram":0,"op":"Małopolskie Linie Dowozowe"},"geometry":{"type":"LineString","coordinates":[[20.341222,50.008408],[20.341222,50.00312],[20.343953,50.001357]]}},{"type":"Feature","properties":{"id":"c1603","lines":"A36","n":1,"tram":0,"op":"Małopolskie Linie Dowozowe"},"geometry":{"type":"LineString","coordinates":[[20.33849,50.011933],[20.335759,50.013696],[20.335759,50.027797]]}},{"type":"Feature","properties":{"id":"c1604","lines":"A36","n":1,"tram":0,"op":"Małopolskie Linie Dowozowe"},"geometry":{"type":"LineString","coordinates":[[20.33849,50.011933],[20.33849,50.026035],[20.335759,50.027797]]}},{"type":"Feature","properties":{"id":"c1605","lines":"A24 A38","n":2,"tram":0,"op":"Małopolskie Linie Dowozowe"},"geometry":{"type":"LineString","coordinates":[[20.343953,50.001357],[20.346685,50.001357]]}},{"type":"Feature","properties":{"id":"c1606","lines":"A24","n":1,"tram":0,"op":"Małopolskie Linie Dowozowe"},"geometry":{"type":"LineString","coordinates":[[20.343953,50.001357],[20.341222,50.001357],[20.335759,49.997832]]}},{"type":"Feature","properties":{"id":"c1607","lines":"A46 A62","n":2,"tram":0,"op":"Małopolskie Linie Dowozowe"},"geometry":{"type":"LineString","coordinates":[[20.360343,49.97668],[20.363074,49.974917],[20.363074,49.964341]]}},{"type":"Feature","properties":{"id":"c1608","lines":"A46","n":1,"tram":0,"op":"Małopolskie Linie Dowozowe"},"geometry":{"type":"LineString","coordinates":[[20.360343,49.97668],[20.349416,49.97668]]}},{"type":"Feature","properties":{"id":"c1609","lines":"A62","n":1,"tram":0,"op":"Małopolskie Linie Dowozowe"},"geometry":{"type":"LineString","coordinates":[[20.363074,49.964341],[20.365806,49.964341],[20.376732,49.957291]]}},{"type":"Feature","properties":{"id":"c1610","lines":"A46","n":1,"tram":0,"op":"Małopolskie Linie Dowozowe"},"geometry":{"type":"LineString","coordinates":[[20.363074,49.964341],[20.363074,49.957291]]}},{"type":"Feature","properties":{"id":"c1611","lines":"A62","n":1,"tram":0,"op":"Małopolskie Linie Dowozowe"},"geometry":{"type":"LineString","coordinates":[[20.376732,49.957291],[20.374,49.959053],[20.360343,49.959053]]}},{"type":"Feature","properties":{"id":"c1612","lines":"A46","n":1,"tram":0,"op":"Małopolskie Linie Dowozowe"},"geometry":{"type":"LineString","coordinates":[[20.376732,49.957291],[20.363074,49.948477],[20.360343,49.948477]]}},{"type":"Feature","properties":{"id":"c1613","lines":"A46","n":1,"tram":0,"op":"Małopolskie Linie Dowozowe"},"geometry":{"type":"LineString","coordinates":[[20.376732,49.957291],[20.374,49.957291],[20.360343,49.948477]]}},{"type":"Feature","properties":{"id":"c1614","lines":"A46 A62","n":2,"tram":0,"op":"Małopolskie Linie Dowozowe"},"geometry":{"type":"LineString","coordinates":[[20.360343,49.959053],[20.360343,49.971392],[20.354879,49.974917]]}},{"type":"Feature","properties":{"id":"c1615","lines":"A46","n":1,"tram":0,"op":"Małopolskie Linie Dowozowe"},"geometry":{"type":"LineString","coordinates":[[20.360343,49.959053],[20.363074,49.957291]]}},{"type":"Feature","properties":{"id":"c1616","lines":"A46","n":1,"tram":0,"op":"Małopolskie Linie Dowozowe"},"geometry":{"type":"LineString","coordinates":[[20.354879,49.974917],[20.352148,49.974917]]}},{"type":"Feature","properties":{"id":"c1617","lines":"A63","n":1,"tram":0,"op":"Małopolskie Linie Dowozowe"},"geometry":{"type":"LineString","coordinates":[[20.349416,49.97668],[20.349416,49.962579],[20.352148,49.960816]]}},{"type":"Feature","properties":{"id":"c1618","lines":"A63","n":1,"tram":0,"op":"Małopolskie Linie Dowozowe"},"geometry":{"type":"LineString","coordinates":[[20.352148,49.960816],[20.352148,49.955528]]}},{"type":"Feature","properties":{"id":"c1619","lines":"A63","n":1,"tram":0,"op":"Małopolskie Linie Dowozowe"},"geometry":{"type":"LineString","coordinates":[[20.352148,49.960816],[20.352148,49.974917]]}},{"type":"Feature","properties":{"id":"c1620","lines":"A23 A63","n":2,"tram":0,"op":"Małopolskie Linie Dowozowe"},"geometry":{"type":"LineString","coordinates":[[20.352148,49.955528],[20.349416,49.953765],[20.349416,49.948477]]}},{"type":"Feature","properties":{"id":"c1621","lines":"A23","n":1,"tram":0,"op":"Małopolskie Linie Dowozowe"},"geometry":{"type":"LineString","coordinates":[[20.352148,49.955528],[20.349416,49.957291]]}},{"type":"Feature","properties":{"id":"c1622","lines":"A23","n":1,"tram":0,"op":"Małopolskie Linie Dowozowe"},"geometry":{"type":"LineString","coordinates":[[20.352148,49.955528],[20.349416,49.957291]]}},{"type":"Feature","properties":{"id":"c1623","lines":"A63","n":1,"tram":0,"op":"Małopolskie Linie Dowozowe"},"geometry":{"type":"LineString","coordinates":[[20.349416,49.948477],[20.360343,49.948477]]}},{"type":"Feature","properties":{"id":"c1624","lines":"A63","n":1,"tram":0,"op":"Małopolskie Linie Dowozowe"},"geometry":{"type":"LineString","coordinates":[[20.349416,49.948477],[20.360343,49.948477]]}},{"type":"Feature","properties":{"id":"c1625","lines":"A23","n":1,"tram":0,"op":"Małopolskie Linie Dowozowe"},"geometry":{"type":"LineString","coordinates":[[20.349416,49.948477],[20.349416,49.943189]]}},{"type":"Feature","properties":{"id":"c1626","lines":"A46","n":1,"tram":0,"op":"Małopolskie Linie Dowozowe"},"geometry":{"type":"LineString","coordinates":[[20.360343,49.948477],[20.360343,49.952003]]}},{"type":"Feature","properties":{"id":"c1627","lines":"A46","n":1,"tram":0,"op":"Małopolskie Linie Dowozowe"},"geometry":{"type":"LineString","coordinates":[[20.360343,49.948477],[20.360343,49.952003]]}},{"type":"Feature","properties":{"id":"c1628","lines":"A23","n":1,"tram":0,"op":"Małopolskie Linie Dowozowe"},"geometry":{"type":"LineString","coordinates":[[20.346685,49.959053],[20.349416,49.957291]]}},{"type":"Feature","properties":{"id":"c1629","lines":"A23","n":1,"tram":0,"op":"Małopolskie Linie Dowozowe"},"geometry":{"type":"LineString","coordinates":[[20.349416,49.943189],[20.343953,49.939664]]}},{"type":"Feature","properties":{"id":"c1630","lines":"A23","n":1,"tram":0,"op":"Małopolskie Linie Dowozowe"},"geometry":{"type":"LineString","coordinates":[[20.349416,49.943189],[20.343953,49.939664]]}},{"type":"Feature","properties":{"id":"c1631","lines":"A23","n":1,"tram":0,"op":"Małopolskie Linie Dowozowe"},"geometry":{"type":"LineString","coordinates":[[20.343953,49.939664],[20.341222,49.937901]]}},{"type":"Feature","properties":{"id":"c1632","lines":"A23","n":1,"tram":0,"op":"Małopolskie Linie Dowozowe"},"geometry":{"type":"LineString","coordinates":[[20.341222,49.937901],[20.33849,49.937901]]}},{"type":"Feature","properties":{"id":"c1633","lines":"A23","n":1,"tram":0,"op":"Małopolskie Linie Dowozowe"},"geometry":{"type":"LineString","coordinates":[[20.341222,49.937901],[20.33849,49.937901]]}},{"type":"Feature","properties":{"id":"c1634","lines":"A23","n":1,"tram":0,"op":"Małopolskie Linie Dowozowe"},"geometry":{"type":"LineString","coordinates":[[20.33849,49.937901],[20.335759,49.936139]]}},{"type":"Feature","properties":{"id":"c1635","lines":"A23","n":1,"tram":0,"op":"Małopolskie Linie Dowozowe"},"geometry":{"type":"LineString","coordinates":[[20.335759,49.936139],[20.335759,49.934376]]}},{"type":"Feature","properties":{"id":"c1636","lines":"A23","n":1,"tram":0,"op":"Małopolskie Linie Dowozowe"},"geometry":{"type":"LineString","coordinates":[[20.335759,49.936139],[20.333027,49.936139],[20.330295,49.934376]]}},{"type":"Feature","properties":{"id":"c1637","lines":"A23","n":1,"tram":0,"op":"Małopolskie Linie Dowozowe"},"geometry":{"type":"LineString","coordinates":[[20.335759,49.934376],[20.330295,49.934376]]}},{"type":"Feature","properties":{"id":"c1638","lines":"A23","n":1,"tram":0,"op":"Małopolskie Linie Dowozowe"},"geometry":{"type":"LineString","coordinates":[[20.335759,49.934376],[20.341222,49.930851]]}},{"type":"Feature","properties":{"id":"c1639","lines":"A23","n":1,"tram":0,"op":"Małopolskie Linie Dowozowe"},"geometry":{"type":"LineString","coordinates":[[20.330295,49.934376],[20.335759,49.930851],[20.341222,49.930851]]}},{"type":"Feature","properties":{"id":"c1640","lines":"A23","n":1,"tram":0,"op":"Małopolskie Linie Dowozowe"},"geometry":{"type":"LineString","coordinates":[[20.341222,49.930851],[20.343953,49.929088],[20.343953,49.927325]]}},{"type":"Feature","properties":{"id":"c1641","lines":"A23","n":1,"tram":0,"op":"Małopolskie Linie Dowozowe"},"geometry":{"type":"LineString","coordinates":[[20.343953,49.927325],[20.346685,49.925563]]}},{"type":"Feature","properties":{"id":"c1642","lines":"A23","n":1,"tram":0,"op":"Małopolskie Linie Dowozowe"},"geometry":{"type":"LineString","coordinates":[[20.343953,49.927325],[20.346685,49.925563]]}},{"type":"Feature","properties":{"id":"c1643","lines":"A23","n":1,"tram":0,"op":"Małopolskie Linie Dowozowe"},"geometry":{"type":"LineString","coordinates":[[20.346685,49.925563],[20.349416,49.9238],[20.349416,49.909699]]}},{"type":"Feature","properties":{"id":"c1644","lines":"A23","n":1,"tram":0,"op":"Małopolskie Linie Dowozowe"},"geometry":{"type":"LineString","coordinates":[[20.346685,49.925563],[20.346685,49.911461],[20.349416,49.909699]]}},{"type":"Feature","properties":{"id":"c1645","lines":"A23","n":1,"tram":0,"op":"Małopolskie Linie Dowozowe"},"geometry":{"type":"LineString","coordinates":[[20.349416,49.909699],[20.333027,49.899123],[20.333027,49.874445]]}},{"type":"Feature","properties":{"id":"c1646","lines":"A23","n":1,"tram":0,"op":"Małopolskie Linie Dowozowe"},"geometry":{"type":"LineString","coordinates":[[20.349416,49.909699],[20.349416,49.885021],[20.335759,49.876208]]}},{"type":"Feature","properties":{"id":"c1647","lines":"A23","n":1,"tram":0,"op":"Małopolskie Linie Dowozowe"},"geometry":{"type":"LineString","coordinates":[[20.333027,49.874445],[20.335759,49.876208]]}},{"type":"Feature","properties":{"id":"c1648","lines":"A23","n":1,"tram":0,"op":"Małopolskie Linie Dowozowe"},"geometry":{"type":"LineString","coordinates":[[20.333027,49.874445],[20.335759,49.872683],[20.335759,49.851531]]}},{"type":"Feature","properties":{"id":"c1649","lines":"A23","n":1,"tram":0,"op":"Małopolskie Linie Dowozowe"},"geometry":{"type":"LineString","coordinates":[[20.335759,49.876208],[20.341222,49.872683],[20.341222,49.853293]]}},{"type":"Feature","properties":{"id":"c1650","lines":"A24 A38","n":2,"tram":0,"op":"Małopolskie Linie Dowozowe"},"geometry":{"type":"LineString","coordinates":[[20.341222,49.999595],[20.349416,49.999595]]}},{"type":"Feature","properties":{"id":"c1651","lines":"A24","n":1,"tram":0,"op":"Małopolskie Linie Dowozowe"},"geometry":{"type":"LineString","coordinates":[[20.341222,49.999595],[20.33849,49.997832]]}},{"type":"Feature","properties":{"id":"c1652","lines":"A38","n":1,"tram":0,"op":"Małopolskie Linie Dowozowe"},"geometry":{"type":"LineString","coordinates":[[20.349416,49.999595],[20.357611,49.999595]]}},{"type":"Feature","properties":{"id":"c1653","lines":"A24","n":1,"tram":0,"op":"Małopolskie Linie Dowozowe"},"geometry":{"type":"LineString","coordinates":[[20.349416,49.999595],[20.352148,50.001357],[20.354879,50.001357]]}},{"type":"Feature","properties":{"id":"c1654","lines":"A38","n":1,"tram":0,"op":"Małopolskie Linie Dowozowe"},"geometry":{"type":"LineString","coordinates":[[20.357611,49.999595],[20.357611,50.004883],[20.354879,50.006645]]}},{"type":"Feature","properties":{"id":"c1655","lines":"A38","n":1,"tram":0,"op":"Małopolskie Linie Dowozowe"},"geometry":{"type":"LineString","coordinates":[[20.357611,49.999595],[20.354879,50.001357],[20.346685,50.001357]]}},{"type":"Feature","properties":{"id":"c1656","lines":"A38","n":1,"tram":0,"op":"Małopolskie Linie Dowozowe"},"geometry":{"type":"LineString","coordinates":[[20.354879,50.006645],[20.360343,50.010171]]}},{"type":"Feature","properties":{"id":"c1657","lines":"A38","n":1,"tram":0,"op":"Małopolskie Linie Dowozowe"},"geometry":{"type":"LineString","coordinates":[[20.354879,50.006645],[20.360343,50.010171]]}},{"type":"Feature","properties":{"id":"c1658","lines":"A38","n":1,"tram":0,"op":"Małopolskie Linie Dowozowe"},"geometry":{"type":"LineString","coordinates":[[20.360343,50.010171],[20.368537,50.010171]]}},{"type":"Feature","properties":{"id":"c1659","lines":"A38","n":1,"tram":0,"op":"Małopolskie Linie Dowozowe"},"geometry":{"type":"LineString","coordinates":[[20.360343,50.010171],[20.368537,50.010171]]}},{"type":"Feature","properties":{"id":"c1660","lines":"A24","n":1,"tram":0,"op":"Małopolskie Linie Dowozowe"},"geometry":{"type":"LineString","coordinates":[[20.346685,50.001357],[20.354879,50.001357]]}},{"type":"Feature","properties":{"id":"c1661","lines":"A30 A35 A55","n":3,"tram":0,"op":"Małopolskie Linie Dowozowe"},"geometry":{"type":"LineString","coordinates":[[20.335759,49.974917],[20.335759,49.969629]]}},{"type":"Feature","properties":{"id":"c1662","lines":"A29","n":1,"tram":0,"op":"Małopolskie Linie Dowozowe"},"geometry":{"type":"LineString","coordinates":[[20.335759,49.974917],[20.333027,49.973155]]}},{"type":"Feature","properties":{"id":"c1663","lines":"A35 A55","n":2,"tram":0,"op":"Małopolskie Linie Dowozowe"},"geometry":{"type":"LineString","coordinates":[[20.335759,49.969629],[20.335759,49.960816]]}},{"type":"Feature","properties":{"id":"c1664","lines":"A30","n":1,"tram":0,"op":"Małopolskie Linie Dowozowe"},"geometry":{"type":"LineString","coordinates":[[20.335759,49.969629],[20.327564,49.969629]]}},{"type":"Feature","properties":{"id":"c1665","lines":"A35","n":1,"tram":0,"op":"Małopolskie Linie Dowozowe"},"geometry":{"type":"LineString","coordinates":[[20.335759,49.960816],[20.335759,49.948477]]}},{"type":"Feature","properties":{"id":"c1666","lines":"A55","n":1,"tram":0,"op":"Małopolskie Linie Dowozowe"},"geometry":{"type":"LineString","coordinates":[[20.297517,49.936139],[20.292054,49.932613]]}},{"type":"Feature","properties":{"id":"c1667","lines":"A55","n":1,"tram":0,"op":"Małopolskie Linie Dowozowe"},"geometry":{"type":"LineString","coordinates":[[20.292054,49.932613],[20.283859,49.927325],[20.283859,49.914987]]}},{"type":"Feature","properties":{"id":"c1668","lines":"A55","n":1,"tram":0,"op":"Małopolskie Linie Dowozowe"},"geometry":{"type":"LineString","coordinates":[[20.292054,49.932613],[20.292054,49.930851],[20.278396,49.922037],[20.278396,49.916749]]}},{"type":"Feature","properties":{"id":"c1669","lines":"A35 A55","n":2,"tram":0,"op":"Małopolskie Linie Dowozowe"},"geometry":{"type":"LineString","coordinates":[[20.330295,49.964341],[20.333027,49.966104]]}},{"type":"Feature","properties":{"id":"c1670","lines":"A35","n":1,"tram":0,"op":"Małopolskie Linie Dowozowe"},"geometry":{"type":"LineString","coordinates":[[20.330295,49.964341],[20.330295,49.955528],[20.327564,49.953765]]}},{"type":"Feature","properties":{"id":"c1671","lines":"A29 A35 A55","n":3,"tram":0,"op":"Małopolskie Linie Dowozowe"},"geometry":{"type":"LineString","coordinates":[[20.333027,49.966104],[20.33849,49.969629],[20.33849,49.971392]]}},{"type":"Feature","properties":{"id":"c1672","lines":"A29","n":1,"tram":0,"op":"Małopolskie Linie Dowozowe"},"geometry":{"type":"LineString","coordinates":[[20.333027,49.966104],[20.330295,49.967867]]}},{"type":"Feature","properties":{"id":"c1673","lines":"A30","n":1,"tram":0,"op":"Małopolskie Linie Dowozowe"},"geometry":{"type":"LineString","coordinates":[[20.33849,49.971392],[20.333027,49.971392]]}},{"type":"Feature","properties":{"id":"c1674","lines":"A46","n":1,"tram":0,"op":"Małopolskie Linie Dowozowe"},"geometry":{"type":"LineString","coordinates":[[20.363074,49.957291],[20.363074,49.953765],[20.360343,49.952003]]}},{"type":"Feature","properties":{"id":"c1675","lines":"A29 A30","n":2,"tram":0,"op":"Małopolskie Linie Dowozowe"},"geometry":{"type":"LineString","coordinates":[[20.343953,49.987256],[20.341222,49.989019],[20.341222,49.990781]]}},{"type":"Feature","properties":{"id":"c1676","lines":"A24","n":1,"tram":0,"op":"Małopolskie Linie Dowozowe"},"geometry":{"type":"LineString","coordinates":[[20.343953,49.987256],[20.343953,49.992544],[20.33849,49.996069],[20.33849,49.997832]]}},{"type":"Feature","properties":{"id":"c1677","lines":"A29 A30","n":2,"tram":0,"op":"Małopolskie Linie Dowozowe"},"geometry":{"type":"LineString","coordinates":[[20.341222,49.990781],[20.33849,49.989019]]}},{"type":"Feature","properties":{"id":"c1678","lines":"A29 A31","n":2,"tram":0,"op":"Małopolskie Linie Dowozowe"},"geometry":{"type":"LineString","coordinates":[[20.333027,49.973155],[20.330295,49.971392],[20.327564,49.971392]]}},{"type":"Feature","properties":{"id":"c1679","lines":"A29 A31","n":2,"tram":0,"op":"Małopolskie Linie Dowozowe"},"geometry":{"type":"LineString","coordinates":[[20.327564,49.971392],[20.330295,49.969629],[20.330295,49.967867]]}},{"type":"Feature","properties":{"id":"c1680","lines":"A30 A31","n":2,"tram":0,"op":"Małopolskie Linie Dowozowe"},"geometry":{"type":"LineString","coordinates":[[20.327564,49.971392],[20.327564,49.969629]]}},{"type":"Feature","properties":{"id":"c1681","lines":"A30 A31","n":2,"tram":0,"op":"Małopolskie Linie Dowozowe"},"geometry":{"type":"LineString","coordinates":[[20.327564,49.971392],[20.333027,49.971392]]}},{"type":"Feature","properties":{"id":"c1682","lines":"A31","n":1,"tram":0,"op":"Małopolskie Linie Dowozowe"},"geometry":{"type":"LineString","coordinates":[[20.330295,49.967867],[20.324832,49.964341],[20.324832,49.960816]]}},{"type":"Feature","properties":{"id":"c1683","lines":"A24","n":1,"tram":0,"op":"Małopolskie Linie Dowozowe"},"geometry":{"type":"LineString","coordinates":[[20.33849,49.989019],[20.33849,49.992544],[20.335759,49.994307],[20.335759,49.997832]]}},{"type":"Feature","properties":{"id":"c1684","lines":"A31","n":1,"tram":0,"op":"Małopolskie Linie Dowozowe"},"geometry":{"type":"LineString","coordinates":[[20.324832,49.960816],[20.324832,49.967867],[20.327564,49.969629]]}},{"type":"Feature","properties":{"id":"c1685","lines":"A24 A27","n":2,"tram":0,"op":"Małopolskie Linie Dowozowe"},"geometry":{"type":"LineString","coordinates":[[20.327564,49.980205],[20.330295,49.978443]]}},{"type":"Feature","properties":{"id":"c1686","lines":"A24 A27","n":2,"tram":0,"op":"Małopolskie Linie Dowozowe"},"geometry":{"type":"LineString","coordinates":[[20.327564,49.980205],[20.330295,49.978443]]}},{"type":"Feature","properties":{"id":"c1687","lines":"A54","n":1,"tram":0,"op":"Małopolskie Linie Dowozowe"},"geometry":{"type":"LineString","coordinates":[[20.327564,49.999595],[20.319369,50.004883]]}},{"type":"Feature","properties":{"id":"c1688","lines":"A54","n":1,"tram":0,"op":"Małopolskie Linie Dowozowe"},"geometry":{"type":"LineString","coordinates":[[20.327564,49.999595],[20.319369,50.004883]]}},{"type":"Feature","properties":{"id":"c1689","lines":"A24","n":1,"tram":0,"op":"Małopolskie Linie Dowozowe"},"geometry":{"type":"LineString","coordinates":[[20.335759,49.997832],[20.33849,49.997832]]}},{"type":"Feature","properties":{"id":"c1690","lines":"A3","n":1,"tram":0,"op":"Małopolskie Linie Dowozowe"},"geometry":{"type":"LineString","coordinates":[[20.226496,49.892072],[20.229228,49.893835]]}},{"type":"Feature","properties":{"id":"c1691","lines":"A3","n":1,"tram":0,"op":"Małopolskie Linie Dowozowe"},"geometry":{"type":"LineString","coordinates":[[20.229228,49.893835],[20.234691,49.89736],[20.237422,49.89736]]}},{"type":"Feature","properties":{"id":"c1692","lines":"A3","n":1,"tram":0,"op":"Małopolskie Linie Dowozowe"},"geometry":{"type":"LineString","coordinates":[[20.229228,49.893835],[20.231959,49.893835]]}},{"type":"Feature","properties":{"id":"c1693","lines":"A3","n":1,"tram":0,"op":"Małopolskie Linie Dowozowe"},"geometry":{"type":"LineString","coordinates":[[20.237422,49.89736],[20.240154,49.899123]]}},{"type":"Feature","properties":{"id":"c1694","lines":"A3","n":1,"tram":0,"op":"Małopolskie Linie Dowozowe"},"geometry":{"type":"LineString","coordinates":[[20.237422,49.89736],[20.231959,49.893835]]}},{"type":"Feature","properties":{"id":"c1695","lines":"A3","n":1,"tram":0,"op":"Małopolskie Linie Dowozowe"},"geometry":{"type":"LineString","coordinates":[[20.240154,49.899123],[20.248349,49.904411],[20.248349,49.932613]]}},{"type":"Feature","properties":{"id":"c1696","lines":"A3","n":1,"tram":0,"op":"Małopolskie Linie Dowozowe"},"geometry":{"type":"LineString","coordinates":[[20.240154,49.899123],[20.240154,49.927325],[20.248349,49.932613]]}},{"type":"Feature","properties":{"id":"c1697","lines":"A3","n":1,"tram":0,"op":"Małopolskie Linie Dowozowe"},"geometry":{"type":"LineString","coordinates":[[20.248349,49.932613],[20.248349,49.939664]]}},{"type":"Feature","properties":{"id":"c1698","lines":"A3","n":1,"tram":0,"op":"Małopolskie Linie Dowozowe"},"geometry":{"type":"LineString","coordinates":[[20.248349,49.939664],[20.253812,49.943189]]}},{"type":"Feature","properties":{"id":"c1699","lines":"A3","n":1,"tram":0,"op":"Małopolskie Linie Dowozowe"},"geometry":{"type":"LineString","coordinates":[[20.248349,49.939664],[20.248349,49.946715],[20.25108,49.948477]]}},{"type":"Feature","properties":{"id":"c1700","lines":"A20","n":1,"tram":0,"op":"Małopolskie Linie Dowozowe"},"geometry":{"type":"LineString","coordinates":[[20.253812,49.943189],[20.259275,49.939664],[20.259275,49.927325]]}},{"type":"Feature","properties":{"id":"c1701","lines":"A20","n":1,"tram":0,"op":"Małopolskie Linie Dowozowe"},"geometry":{"type":"LineString","coordinates":[[20.25108,49.948477],[20.25108,49.932613],[20.256543,49.929088]]}},{"type":"Feature","properties":{"id":"c1702","lines":"A3","n":1,"tram":0,"op":"Małopolskie Linie Dowozowe"},"geometry":{"type":"LineString","coordinates":[[20.231959,49.893835],[20.237422,49.890309]]}},{"type":"Feature","properties":{"id":"c1703","lines":"A20","n":1,"tram":0,"op":"Małopolskie Linie Dowozowe"},"geometry":{"type":"LineString","coordinates":[[20.262006,49.918512],[20.264738,49.918512],[20.270201,49.914987]]}},{"type":"Feature","properties":{"id":"c1704","lines":"A20","n":1,"tram":0,"op":"Małopolskie Linie Dowozowe"},"geometry":{"type":"LineString","coordinates":[[20.262006,49.918512],[20.26747,49.914987],[20.270201,49.914987]]}},{"type":"Feature","properties":{"id":"c1705","lines":"A20","n":1,"tram":0,"op":"Małopolskie Linie Dowozowe"},"geometry":{"type":"LineString","coordinates":[[20.270201,49.914987],[20.270201,49.911461]]}},{"type":"Feature","properties":{"id":"c1706","lines":"A20","n":1,"tram":0,"op":"Małopolskie Linie Dowozowe"},"geometry":{"type":"LineString","coordinates":[[20.270201,49.911461],[20.262006,49.911461]]}},{"type":"Feature","properties":{"id":"c1707","lines":"A20","n":1,"tram":0,"op":"Małopolskie Linie Dowozowe"},"geometry":{"type":"LineString","coordinates":[[20.270201,49.911461],[20.262006,49.911461]]}},{"type":"Feature","properties":{"id":"c1708","lines":"A20","n":1,"tram":0,"op":"Małopolskie Linie Dowozowe"},"geometry":{"type":"LineString","coordinates":[[20.262006,49.911461],[20.256543,49.911461]]}},{"type":"Feature","properties":{"id":"c1709","lines":"A20","n":1,"tram":0,"op":"Małopolskie Linie Dowozowe"},"geometry":{"type":"LineString","coordinates":[[20.256543,49.911461],[20.256543,49.929088]]}},{"type":"Feature","properties":{"id":"c1710","lines":"A20","n":1,"tram":0,"op":"Małopolskie Linie Dowozowe"},"geometry":{"type":"LineString","coordinates":[[20.256543,49.911461],[20.256543,49.925563],[20.259275,49.927325]]}},{"type":"Feature","properties":{"id":"c1711","lines":"A20","n":1,"tram":0,"op":"Małopolskie Linie Dowozowe"},"geometry":{"type":"LineString","coordinates":[[20.256543,49.929088],[20.259275,49.927325]]}},{"type":"Feature","properties":{"id":"c1712","lines":"A15","n":1,"tram":0,"op":"Małopolskie Linie Dowozowe"},"geometry":{"type":"LineString","coordinates":[[20.024361,49.807464],[20.035287,49.800413],[20.062603,49.800413]]}},{"type":"Feature","properties":{"id":"c1713","lines":"A15","n":1,"tram":0,"op":"Małopolskie Linie Dowozowe"},"geometry":{"type":"LineString","coordinates":[[20.024361,49.807464],[20.051676,49.807464],[20.062603,49.800413]]}},{"type":"Feature","properties":{"id":"c1714","lines":"A15","n":1,"tram":0,"op":"Małopolskie Linie Dowozowe"},"geometry":{"type":"LineString","coordinates":[[20.062603,49.800413],[20.065334,49.802176],[20.095381,49.802176]]}},{"type":"Feature","properties":{"id":"c1715","lines":"A15","n":1,"tram":0,"op":"Małopolskie Linie Dowozowe"},"geometry":{"type":"LineString","coordinates":[[20.062603,49.800413],[20.098113,49.800413]]}},{"type":"Feature","properties":{"id":"c1716","lines":"A15 A32","n":2,"tram":0,"op":"Małopolskie Linie Dowozowe"},"geometry":{"type":"LineString","coordinates":[[20.095381,49.802176],[20.098113,49.803939]]}},{"type":"Feature","properties":{"id":"c1717","lines":"A15","n":1,"tram":0,"op":"Małopolskie Linie Dowozowe"},"geometry":{"type":"LineString","coordinates":[[20.098113,49.803939],[20.100844,49.805701],[20.109039,49.805701]]}},{"type":"Feature","properties":{"id":"c1718","lines":"A15 A32","n":2,"tram":0,"op":"Małopolskie Linie Dowozowe"},"geometry":{"type":"LineString","coordinates":[[20.098113,49.803939],[20.100844,49.805701]]}},{"type":"Feature","properties":{"id":"c1719","lines":"A15 A45","n":2,"tram":0,"op":"Małopolskie Linie Dowozowe"},"geometry":{"type":"LineString","coordinates":[[20.109039,49.805701],[20.114502,49.802176],[20.114502,49.800413]]}},{"type":"Feature","properties":{"id":"c1720","lines":"A45","n":1,"tram":0,"op":"Małopolskie Linie Dowozowe"},"geometry":{"type":"LineString","coordinates":[[20.109039,49.805701],[20.103576,49.809227]]}},{"type":"Feature","properties":{"id":"c1721","lines":"A15 A45","n":2,"tram":0,"op":"Małopolskie Linie Dowozowe"},"geometry":{"type":"LineString","coordinates":[[20.114502,49.800413],[20.139086,49.784549]]}},{"type":"Feature","properties":{"id":"c1722","lines":"A15 A45","n":2,"tram":0,"op":"Małopolskie Linie Dowozowe"},"geometry":{"type":"LineString","coordinates":[[20.114502,49.800413],[20.139086,49.784549]]}},{"type":"Feature","properties":{"id":"c1723","lines":"A15 A45","n":2,"tram":0,"op":"Małopolskie Linie Dowozowe"},"geometry":{"type":"LineString","coordinates":[[20.114502,49.800413],[20.106308,49.805701]]}},{"type":"Feature","properties":{"id":"c1724","lines":"A15 A45","n":2,"tram":0,"op":"Małopolskie Linie Dowozowe"},"geometry":{"type":"LineString","coordinates":[[20.139086,49.784549],[20.136355,49.782787]]}},{"type":"Feature","properties":{"id":"c1725","lines":"A15 A45","n":2,"tram":0,"op":"Małopolskie Linie Dowozowe"},"geometry":{"type":"LineString","coordinates":[[20.139086,49.784549],[20.136355,49.782787]]}},{"type":"Feature","properties":{"id":"c1726","lines":"A15 A45","n":2,"tram":0,"op":"Małopolskie Linie Dowozowe"},"geometry":{"type":"LineString","coordinates":[[20.136355,49.782787],[20.12816,49.782787]]}},{"type":"Feature","properties":{"id":"c1727","lines":"A15 A45","n":2,"tram":0,"op":"Małopolskie Linie Dowozowe"},"geometry":{"type":"LineString","coordinates":[[20.12816,49.782787],[20.125429,49.781024]]}},{"type":"Feature","properties":{"id":"c1728","lines":"A15 A45","n":2,"tram":0,"op":"Małopolskie Linie Dowozowe"},"geometry":{"type":"LineString","coordinates":[[20.12816,49.782787],[20.125429,49.781024]]}},{"type":"Feature","properties":{"id":"c1729","lines":"A15 A45","n":2,"tram":0,"op":"Małopolskie Linie Dowozowe"},"geometry":{"type":"LineString","coordinates":[[20.125429,49.781024],[20.125429,49.779261],[20.139086,49.770448]]}},{"type":"Feature","properties":{"id":"c1730","lines":"A15 A45","n":2,"tram":0,"op":"Małopolskie Linie Dowozowe"},"geometry":{"type":"LineString","coordinates":[[20.125429,49.781024],[20.125429,49.779261],[20.139086,49.770448]]}},{"type":"Feature","properties":{"id":"c1731","lines":"A15","n":1,"tram":0,"op":"Małopolskie Linie Dowozowe"},"geometry":{"type":"LineString","coordinates":[[20.106308,49.805701],[20.103576,49.803939]]}},{"type":"Feature","properties":{"id":"c1732","lines":"A45","n":1,"tram":0,"op":"Małopolskie Linie Dowozowe"},"geometry":{"type":"LineString","coordinates":[[20.106308,49.805701],[20.100844,49.805701]]}},{"type":"Feature","properties":{"id":"c1733","lines":"A15 A32","n":2,"tram":0,"op":"Małopolskie Linie Dowozowe"},"geometry":{"type":"LineString","coordinates":[[20.103576,49.803939],[20.098113,49.800413]]}},{"type":"Feature","properties":{"id":"c1734","lines":"A15 A32","n":2,"tram":0,"op":"Małopolskie Linie Dowozowe"},"geometry":{"type":"LineString","coordinates":[[20.103576,49.803939],[20.103576,49.809227]]}},{"type":"Feature","properties":{"id":"c1735","lines":"A32","n":1,"tram":0,"op":"Małopolskie Linie Dowozowe"},"geometry":{"type":"LineString","coordinates":[[20.098113,49.800413],[20.098113,49.798651]]}},{"type":"Feature","properties":{"id":"c1736","lines":"A15 A32 A45","n":3,"tram":0,"op":"Małopolskie Linie Dowozowe"},"geometry":{"type":"LineString","coordinates":[[20.095381,49.81804],[20.095381,49.814515],[20.103576,49.809227]]}},{"type":"Feature","properties":{"id":"c1737","lines":"A33 A61","n":2,"tram":0,"op":"Małopolskie Linie Dowozowe"},"geometry":{"type":"LineString","coordinates":[[20.095381,49.81804],[20.106308,49.81804]]}},{"type":"Feature","properties":{"id":"c1738","lines":"A15 A32 A45","n":3,"tram":0,"op":"Małopolskie Linie Dowozowe"},"geometry":{"type":"LineString","coordinates":[[20.100844,49.805701],[20.09265,49.810989],[20.09265,49.816277]]}},{"type":"Feature","properties":{"id":"c1739","lines":"A33 A71","n":2,"tram":0,"op":"Małopolskie Linie Dowozowe"},"geometry":{"type":"LineString","coordinates":[[20.09265,49.816277],[20.114502,49.816277]]}},{"type":"Feature","properties":{"id":"c1740","lines":"A33","n":1,"tram":0,"op":"Małopolskie Linie Dowozowe"},"geometry":{"type":"LineString","coordinates":[[20.119965,49.812752],[20.114502,49.816277]]}},{"type":"Feature","properties":{"id":"c1741","lines":"A71","n":1,"tram":0,"op":"Małopolskie Linie Dowozowe"},"geometry":{"type":"LineString","coordinates":[[20.114502,49.816277],[20.155476,49.816277],[20.160939,49.819803]]}},{"type":"Feature","properties":{"id":"c1742","lines":"A32 A33 A61 A71","n":4,"tram":0,"op":"Małopolskie Linie Dowozowe"},"geometry":{"type":"LineString","coordinates":[[20.078992,49.825091],[20.07626,49.826853]]}},{"type":"Feature","properties":{"id":"c1743","lines":"A33","n":1,"tram":0,"op":"Małopolskie Linie Dowozowe"},"geometry":{"type":"LineString","coordinates":[[20.07626,49.826853],[20.073529,49.825091],[20.068066,49.825091]]}},{"type":"Feature","properties":{"id":"c1744","lines":"A32 A61 A71","n":3,"tram":0,"op":"Małopolskie Linie Dowozowe"},"geometry":{"type":"LineString","coordinates":[[20.07626,49.826853],[20.062603,49.826853]]}},{"type":"Feature","properties":{"id":"c1745","lines":"A32 A61 A71","n":3,"tram":0,"op":"Małopolskie Linie Dowozowe"},"geometry":{"type":"LineString","coordinates":[[20.068066,49.825091],[20.068066,49.828616]]}},{"type":"Feature","properties":{"id":"c1746","lines":"A33","n":1,"tram":0,"op":"Małopolskie Linie Dowozowe"},"geometry":{"type":"LineString","coordinates":[[20.103576,49.826853],[20.103576,49.825091]]}},{"type":"Feature","properties":{"id":"c1747","lines":"A33","n":1,"tram":0,"op":"Małopolskie Linie Dowozowe"},"geometry":{"type":"LineString","coordinates":[[20.141818,49.821565],[20.150013,49.821565]]}},{"type":"Feature","properties":{"id":"c1748","lines":"A33","n":1,"tram":0,"op":"Małopolskie Linie Dowozowe"},"geometry":{"type":"LineString","coordinates":[[20.150013,49.821565],[20.152744,49.823328],[20.166402,49.823328]]}},{"type":"Feature","properties":{"id":"c1749","lines":"A33","n":1,"tram":0,"op":"Małopolskie Linie Dowozowe"},"geometry":{"type":"LineString","coordinates":[[20.150013,49.821565],[20.152744,49.819803],[20.171865,49.819803]]}},{"type":"Feature","properties":{"id":"c1750","lines":"A33 A61","n":2,"tram":0,"op":"Małopolskie Linie Dowozowe"},"geometry":{"type":"LineString","coordinates":[[20.166402,49.823328],[20.169133,49.823328]]}},{"type":"Feature","properties":{"id":"c1751","lines":"A71","n":1,"tram":0,"op":"Małopolskie Linie Dowozowe"},"geometry":{"type":"LineString","coordinates":[[20.166402,49.823328],[20.171865,49.819803]]}},{"type":"Feature","properties":{"id":"c1752","lines":"A61 A71","n":2,"tram":0,"op":"Małopolskie Linie Dowozowe"},"geometry":{"type":"LineString","coordinates":[[20.166402,49.823328],[20.160939,49.819803]]}},{"type":"Feature","properties":{"id":"c1753","lines":"A33","n":1,"tram":0,"op":"Małopolskie Linie Dowozowe"},"geometry":{"type":"LineString","coordinates":[[20.169133,49.823328],[20.171865,49.825091]]}},{"type":"Feature","properties":{"id":"c1754","lines":"A61","n":1,"tram":0,"op":"Małopolskie Linie Dowozowe"},"geometry":{"type":"LineString","coordinates":[[20.169133,49.823328],[20.169133,49.821565],[20.171865,49.819803]]}},{"type":"Feature","properties":{"id":"c1755","lines":"A33","n":1,"tram":0,"op":"Małopolskie Linie Dowozowe"},"geometry":{"type":"LineString","coordinates":[[20.171865,49.825091],[20.174597,49.825091],[20.18006,49.821565]]}},{"type":"Feature","properties":{"id":"c1756","lines":"A33","n":1,"tram":0,"op":"Małopolskie Linie Dowozowe"},"geometry":{"type":"LineString","coordinates":[[20.171865,49.825091],[20.177328,49.821565]]}},{"type":"Feature","properties":{"id":"c1757","lines":"A33","n":1,"tram":0,"op":"Małopolskie Linie Dowozowe"},"geometry":{"type":"LineString","coordinates":[[20.171865,49.825091],[20.174597,49.823328],[20.174597,49.819803]]}},{"type":"Feature","properties":{"id":"c1758","lines":"A33 A61","n":2,"tram":0,"op":"Małopolskie Linie Dowozowe"},"geometry":{"type":"LineString","coordinates":[[20.18006,49.821565],[20.182791,49.821565]]}},{"type":"Feature","properties":{"id":"c1759","lines":"A61","n":1,"tram":0,"op":"Małopolskie Linie Dowozowe"},"geometry":{"type":"LineString","coordinates":[[20.18006,49.821565],[20.177328,49.819803],[20.174597,49.819803]]}},{"type":"Feature","properties":{"id":"c1760","lines":"A33 A61 A71","n":3,"tram":0,"op":"Małopolskie Linie Dowozowe"},"geometry":{"type":"LineString","coordinates":[[20.182791,49.821565],[20.188254,49.825091]]}},{"type":"Feature","properties":{"id":"c1761","lines":"A33 A71","n":2,"tram":0,"op":"Małopolskie Linie Dowozowe"},"geometry":{"type":"LineString","coordinates":[[20.182791,49.821565],[20.177328,49.821565]]}},{"type":"Feature","properties":{"id":"c1762","lines":"A33","n":1,"tram":0,"op":"Małopolskie Linie Dowozowe"},"geometry":{"type":"LineString","coordinates":[[20.188254,49.825091],[20.190986,49.823328]]}},{"type":"Feature","properties":{"id":"c1763","lines":"A33","n":1,"tram":0,"op":"Małopolskie Linie Dowozowe"},"geometry":{"type":"LineString","coordinates":[[20.188254,49.825091],[20.190986,49.823328]]}},{"type":"Feature","properties":{"id":"c1764","lines":"A71","n":1,"tram":0,"op":"Małopolskie Linie Dowozowe"},"geometry":{"type":"LineString","coordinates":[[20.188254,49.825091],[20.188254,49.828616]]}},{"type":"Feature","properties":{"id":"c1765","lines":"A61","n":1,"tram":0,"op":"Małopolskie Linie Dowozowe"},"geometry":{"type":"LineString","coordinates":[[20.188254,49.825091],[20.188254,49.828616]]}},{"type":"Feature","properties":{"id":"c1766","lines":"A33","n":1,"tram":0,"op":"Małopolskie Linie Dowozowe"},"geometry":{"type":"LineString","coordinates":[[20.190986,49.823328],[20.193717,49.821565]]}},{"type":"Feature","properties":{"id":"c1767","lines":"A33","n":1,"tram":0,"op":"Małopolskie Linie Dowozowe"},"geometry":{"type":"LineString","coordinates":[[20.193717,49.821565],[20.210107,49.821565]]}},{"type":"Feature","properties":{"id":"c1768","lines":"A33","n":1,"tram":0,"op":"Małopolskie Linie Dowozowe"},"geometry":{"type":"LineString","coordinates":[[20.193717,49.821565],[20.210107,49.821565]]}},{"type":"Feature","properties":{"id":"c1769","lines":"A33","n":1,"tram":0,"op":"Małopolskie Linie Dowozowe"},"geometry":{"type":"LineString","coordinates":[[20.210107,49.821565],[20.218302,49.821565]]}},{"type":"Feature","properties":{"id":"c1770","lines":"A71","n":1,"tram":0,"op":"Małopolskie Linie Dowozowe"},"geometry":{"type":"LineString","coordinates":[[20.177328,49.821565],[20.174597,49.819803]]}},{"type":"Feature","properties":{"id":"c1771","lines":"A33 A61 A71","n":3,"tram":0,"op":"Małopolskie Linie Dowozowe"},"geometry":{"type":"LineString","coordinates":[[20.174597,49.819803],[20.171865,49.819803]]}},{"type":"Feature","properties":{"id":"c1772","lines":"A33","n":1,"tram":0,"op":"Małopolskie Linie Dowozowe"},"geometry":{"type":"LineString","coordinates":[[20.106308,49.81804],[20.111771,49.81804],[20.114502,49.819803],[20.125429,49.819803]]}},{"type":"Feature","properties":{"id":"c1773","lines":"A61","n":1,"tram":0,"op":"Małopolskie Linie Dowozowe"},"geometry":{"type":"LineString","coordinates":[[20.106308,49.81804],[20.152744,49.81804],[20.155476,49.819803],[20.160939,49.819803]]}},{"type":"Feature","properties":{"id":"c1774","lines":"A32","n":1,"tram":0,"op":"Małopolskie Linie Dowozowe"},"geometry":{"type":"LineString","coordinates":[[19.999777,49.848005],[20.038019,49.848005],[20.068066,49.828616]]}},{"type":"Feature","properties":{"id":"c1775","lines":"A61 A71","n":2,"tram":0,"op":"Małopolskie Linie Dowozowe"},"geometry":{"type":"LineString","coordinates":[[20.068066,49.828616],[20.070797,49.830379],[20.070797,49.832141]]}},{"type":"Feature","properties":{"id":"c1776","lines":"A32","n":1,"tram":0,"op":"Małopolskie Linie Dowozowe"},"geometry":{"type":"LineString","coordinates":[[20.062603,49.826853],[20.024361,49.826853],[19.997045,49.84448]]}},{"type":"Feature","properties":{"id":"c1777","lines":"A61 A71","n":2,"tram":0,"op":"Małopolskie Linie Dowozowe"},"geometry":{"type":"LineString","coordinates":[[20.062603,49.826853],[20.070797,49.832141]]}},{"type":"Feature","properties":{"id":"c1778","lines":"A41","n":1,"tram":0,"op":"Małopolskie Linie Dowozowe"},"geometry":{"type":"LineString","coordinates":[[20.070797,49.863869],[20.07626,49.860344]]}},{"type":"Feature","properties":{"id":"c1779","lines":"A41","n":1,"tram":0,"op":"Małopolskie Linie Dowozowe"},"geometry":{"type":"LineString","coordinates":[[20.07626,49.860344],[20.081724,49.860344],[20.087187,49.856819]]}},{"type":"Feature","properties":{"id":"c1780","lines":"A41","n":1,"tram":0,"op":"Małopolskie Linie Dowozowe"},"geometry":{"type":"LineString","coordinates":[[20.07626,49.860344],[20.081724,49.856819],[20.087187,49.856819]]}},{"type":"Feature","properties":{"id":"c1781","lines":"A11","n":1,"tram":0,"op":"Małopolskie Linie Dowozowe"},"geometry":{"type":"LineString","coordinates":[[20.087187,49.856819],[20.089918,49.858581],[20.089918,49.869157]]}},{"type":"Feature","properties":{"id":"c1782","lines":"A11","n":1,"tram":0,"op":"Małopolskie Linie Dowozowe"},"geometry":{"type":"LineString","coordinates":[[20.087187,49.856819],[20.09265,49.853293]]}},{"type":"Feature","properties":{"id":"c1783","lines":"A11","n":1,"tram":0,"op":"Małopolskie Linie Dowozowe"},"geometry":{"type":"LineString","coordinates":[[20.087187,49.856819],[20.09265,49.853293]]}},{"type":"Feature","properties":{"id":"c1784","lines":"A11","n":1,"tram":0,"op":"Małopolskie Linie Dowozowe"},"geometry":{"type":"LineString","coordinates":[[20.087187,49.856819],[20.087187,49.867395],[20.089918,49.869157]]}},{"type":"Feature","properties":{"id":"c1785","lines":"A11","n":1,"tram":0,"op":"Małopolskie Linie Dowozowe"},"geometry":{"type":"LineString","coordinates":[[20.059871,49.893835],[20.070797,49.893835]]}},{"type":"Feature","properties":{"id":"c1786","lines":"A11","n":1,"tram":0,"op":"Małopolskie Linie Dowozowe"},"geometry":{"type":"LineString","coordinates":[[20.09265,49.853293],[20.089918,49.851531]]}},{"type":"Feature","properties":{"id":"c1787","lines":"A11","n":1,"tram":0,"op":"Małopolskie Linie Dowozowe"},"geometry":{"type":"LineString","coordinates":[[20.089918,49.851531],[20.089918,49.840955]]}},{"type":"Feature","properties":{"id":"c1788","lines":"A11","n":1,"tram":0,"op":"Małopolskie Linie Dowozowe"},"geometry":{"type":"LineString","coordinates":[[20.089918,49.851531],[20.089918,49.840955]]}},{"type":"Feature","properties":{"id":"c1789","lines":"A42 A48","n":2,"tram":0,"op":"Małopolskie Linie Dowozowe"},"geometry":{"type":"LineString","coordinates":[[19.887783,50.022509],[19.895978,50.027797],[19.895978,50.02956]]}},{"type":"Feature","properties":{"id":"c1790","lines":"A48","n":1,"tram":0,"op":"Małopolskie Linie Dowozowe"},"geometry":{"type":"LineString","coordinates":[[19.895978,50.02956],[19.895978,50.045424],[19.926025,50.064813]]}},{"type":"Feature","properties":{"id":"c1791","lines":"A42","n":1,"tram":0,"op":"Małopolskie Linie Dowozowe"},"geometry":{"type":"LineString","coordinates":[[19.895978,50.02956],[19.901441,50.033085]]}},{"type":"Feature","properties":{"id":"c1792","lines":"A42","n":1,"tram":0,"op":"Małopolskie Linie Dowozowe"},"geometry":{"type":"LineString","coordinates":[[19.895978,50.02956],[19.887783,50.024272],[19.885051,50.024272]]}},{"type":"Feature","properties":{"id":"c1793","lines":"A10 A48","n":2,"tram":0,"op":"Małopolskie Linie Dowozowe"},"geometry":{"type":"LineString","coordinates":[[19.926025,50.064813],[19.934219,50.064813]]}},{"type":"Feature","properties":{"id":"c1794","lines":"A10","n":1,"tram":0,"op":"Małopolskie Linie Dowozowe"},"geometry":{"type":"LineString","coordinates":[[19.926025,50.064813],[19.928756,50.063051],[19.928756,50.02956]]}},{"type":"Feature","properties":{"id":"c1795","lines":"A42","n":1,"tram":0,"op":"Małopolskie Linie Dowozowe"},"geometry":{"type":"LineString","coordinates":[[19.901441,50.033085],[19.904172,50.033085]]}},{"type":"Feature","properties":{"id":"c1796","lines":"A42","n":1,"tram":0,"op":"Małopolskie Linie Dowozowe"},"geometry":{"type":"LineString","coordinates":[[19.901441,50.033085],[19.904172,50.033085]]}},{"type":"Feature","properties":{"id":"c1797","lines":"A42","n":1,"tram":0,"op":"Małopolskie Linie Dowozowe"},"geometry":{"type":"LineString","coordinates":[[19.904172,50.033085],[19.904172,50.02956]]}},{"type":"Feature","properties":{"id":"c1798","lines":"A42","n":1,"tram":0,"op":"Małopolskie Linie Dowozowe"},"geometry":{"type":"LineString","coordinates":[[19.904172,50.02956],[19.906904,50.027797]]}},{"type":"Feature","properties":{"id":"c1799","lines":"A42","n":1,"tram":0,"op":"Małopolskie Linie Dowozowe"},"geometry":{"type":"LineString","coordinates":[[19.904172,50.02956],[19.906904,50.027797]]}},{"type":"Feature","properties":{"id":"c1800","lines":"A42","n":1,"tram":0,"op":"Małopolskie Linie Dowozowe"},"geometry":{"type":"LineString","coordinates":[[19.906904,50.027797],[19.909635,50.027797]]}},{"type":"Feature","properties":{"id":"c1801","lines":"A42","n":1,"tram":0,"op":"Małopolskie Linie Dowozowe"},"geometry":{"type":"LineString","coordinates":[[19.909635,50.027797],[19.915098,50.027797]]}},{"type":"Feature","properties":{"id":"c1802","lines":"A42","n":1,"tram":0,"op":"Małopolskie Linie Dowozowe"},"geometry":{"type":"LineString","coordinates":[[19.909635,50.027797],[19.915098,50.027797]]}},{"type":"Feature","properties":{"id":"c1803","lines":"A42","n":1,"tram":0,"op":"Małopolskie Linie Dowozowe"},"geometry":{"type":"LineString","coordinates":[[19.915098,50.027797],[19.91783,50.027797]]}},{"type":"Feature","properties":{"id":"c1804","lines":"A42","n":1,"tram":0,"op":"Małopolskie Linie Dowozowe"},"geometry":{"type":"LineString","coordinates":[[19.91783,50.027797],[19.920562,50.02956],[19.928756,50.02956]]}},{"type":"Feature","properties":{"id":"c1805","lines":"A42","n":1,"tram":0,"op":"Małopolskie Linie Dowozowe"},"geometry":{"type":"LineString","coordinates":[[19.91783,50.027797],[19.920562,50.02956],[19.928756,50.02956]]}},{"type":"Feature","properties":{"id":"c1806","lines":"A10 A42","n":2,"tram":0,"op":"Małopolskie Linie Dowozowe"},"geometry":{"type":"LineString","coordinates":[[19.928756,50.02956],[19.926025,50.027797]]}},{"type":"Feature","properties":{"id":"c1807","lines":"A61 A71","n":2,"tram":0,"op":"Małopolskie Linie Dowozowe"},"geometry":{"type":"LineString","coordinates":[[20.185523,49.830379],[20.188254,49.828616]]}},{"type":"Feature","properties":{"id":"c1808","lines":"G4","n":1,"tram":0,"op":"Wielicka Spółka Transportowa"},"geometry":{"type":"LineString","coordinates":[[20.087187,50.017221],[20.084455,50.017221]]}},{"type":"Feature","properties":{"id":"c1809","lines":"R2","n":1,"tram":0,"op":"Wielicka Spółka Transportowa"},"geometry":{"type":"LineString","coordinates":[[20.043482,49.930851],[20.048945,49.927325],[20.065334,49.927325]]}},{"type":"Feature","properties":{"id":"c1810","lines":"R2","n":1,"tram":0,"op":"Wielicka Spółka Transportowa"},"geometry":{"type":"LineString","coordinates":[[20.043482,49.930851],[20.046213,49.930851],[20.048945,49.929088],[20.062603,49.929088]]}}]}