{"type":"FeatureCollection","features":[{"type":"Feature","properties":{"text":"A59","n":1,"mode":"bus","angle":0,"op":"Małopolskie Linie Dowozowe"},"geometry":{"type":"Point","coordinates":[20.16367,49.974917]}},{"type":"Feature","properties":{"text":"A4 A65","n":2,"mode":"bus","angle":90,"op":"Małopolskie Linie Dowozowe"},"geometry":{"type":"Point","coordinates":[20.240154,49.998713]}},{"type":"Feature","properties":{"text":"A59","n":1,"mode":"bus","angle":0,"op":"Małopolskie Linie Dowozowe"},"geometry":{"type":"Point","coordinates":[20.184157,49.967867]}},{"type":"Feature","properties":{"text":"A41","n":1,"mode":"bus","angle":45,"op":"Małopolskie Linie Dowozowe"},"geometry":{"type":"Point","coordinates":[20.044848,49.882377]}},{"type":"Feature","properties":{"text":"A5","n":1,"mode":"bus","angle":90,"op":"Małopolskie Linie Dowozowe"},"geometry":{"type":"Point","coordinates":[20.283859,49.997832]}},{"type":"Feature","properties":{"text":"A1","n":1,"mode":"bus","angle":45,"op":"Małopolskie Linie Dowozowe"},"geometry":{"type":"Point","coordinates":[19.997045,49.913224]}},{"type":"Feature","properties":{"text":"A12","n":1,"mode":"bus","angle":0,"op":"Małopolskie Linie Dowozowe"},"geometry":{"type":"Point","coordinates":[19.973827,50.071864]}},{"type":"Feature","properties":{"text":"A6","n":1,"mode":"bus","angle":0,"op":"Małopolskie Linie Dowozowe"},"geometry":{"type":"Point","coordinates":[20.156841,49.927325]}},{"type":"Feature","properties":{"text":"A47","n":1,"mode":"bus","angle":90,"op":"Małopolskie Linie Dowozowe"},"geometry":{"type":"Point","coordinates":[19.844078,49.975799]}},{"type":"Feature","properties":{"text":"A10","n":1,"mode":"bus","angle":90,"op":"Małopolskie Linie Dowozowe"},"geometry":{"type":"Point","coordinates":[19.928756,50.046305]}},{"type":"Feature","properties":{"text":"200","n":1,"mode":"bus","angle":45,"op":"MPK Kraków — buses"},"geometry":{"type":"Point","coordinates":[19.965632,50.046305]}},{"type":"Feature","properties":{"text":"D2","n":1,"mode":"bus","angle":45,"op":"Wielicka Spółka Transportowa"},"geometry":{"type":"Point","coordinates":[20.080358,49.949359]}},{"type":"Feature","properties":{"text":"A1","n":1,"mode":"bus","angle":45,"op":"Małopolskie Linie Dowozowe"},"geometry":{"type":"Point","coordinates":[19.995679,49.929969]}},{"type":"Feature","properties":{"text":"A50 A7","n":2,"mode":"bus","angle":45,"op":"Małopolskie Linie Dowozowe"},"geometry":{"type":"Point","coordinates":[20.197815,50.053356]}},{"type":"Feature","properties":{"text":"A22","n":1,"mode":"bus","angle":-45,"op":"Małopolskie Linie Dowozowe"},"geometry":{"type":"Point","coordinates":[20.296151,49.903529]}},{"type":"Feature","properties":{"text":"A17","n":1,"mode":"bus","angle":0,"op":"Małopolskie Linie Dowozowe"},"geometry":{"type":"Point","coordinates":[20.109039,49.955528]}},{"type":"Feature","properties":{"text":"A22","n":1,"mode":"bus","angle":90,"op":"Małopolskie Linie Dowozowe"},"geometry":{"type":"Point","coordinates":[20.313906,49.952003]}},{"type":"Feature","properties":{"text":"A13","n":1,"mode":"bus","angle":0,"op":"Małopolskie Linie Dowozowe"},"geometry":{"type":"Point","coordinates":[19.962901,50.066576]}},{"type":"Feature","properties":{"text":"A47","n":1,"mode":"bus","angle":90,"op":"Małopolskie Linie Dowozowe"},"geometry":{"type":"Point","coordinates":[19.860467,49.96346]}},{"type":"Feature","properties":{"text":"A61","n":1,"mode":"bus","angle":0,"op":"Małopolskie Linie Dowozowe"},"geometry":{"type":"Point","coordinates":[20.129526,49.81804]}},{"type":"Feature","properties":{"text":"A6","n":1,"mode":"bus","angle":0,"op":"Małopolskie Linie Dowozowe"},"geometry":{"type":"Point","coordinates":[20.171865,49.914987]}},{"type":"Feature","properties":{"text":"A17","n":1,"mode":"bus","angle":0,"op":"Małopolskie Linie Dowozowe"},"geometry":{"type":"Point","coordinates":[20.103576,49.960816]}},{"type":"Feature","properties":{"text":"A20 A3","n":2,"mode":"bus","angle":90,"op":"Małopolskie Linie Dowozowe"},"geometry":{"type":"Point","coordinates":[20.253812,49.957291]}},{"type":"Feature","properties":{"text":"A3","n":1,"mode":"bus","angle":-90,"op":"Małopolskie Linie Dowozowe"},"geometry":{"type":"Point","coordinates":[20.248349,49.918512]}},{"type":"Feature","properties":{"text":"A3","n":1,"mode":"bus","angle":-90,"op":"Małopolskie Linie Dowozowe"},"geometry":{"type":"Point","coordinates":[20.240154,49.913224]}},{"type":"Feature","properties":{"text":"A50 A7","n":2,"mode":"bus","angle":45,"op":"Małopolskie Linie Dowozowe"},"geometry":{"type":"Point","coordinates":[20.200546,50.049831]}},{"type":"Feature","properties":{"text":"A48","n":1,"mode":"bus","angle":-45,"op":"Małopolskie Linie Dowozowe"},"geometry":{"type":"Point","coordinates":[19.911001,50.055119]}},{"type":"Feature","properties":{"text":"A32","n":1,"mode":"bus","angle":45,"op":"Małopolskie Linie Dowozowe"},"geometry":{"type":"Point","coordinates":[20.053042,49.838311]}},{"type":"Feature","properties":{"text":"264 A58","n":2,"mode":"bus","angle":0,"op":"mix"},"geometry":{"type":"Point","coordinates":[20.074895,50.022509]}},{"type":"Feature","properties":{"text":"A2","n":1,"mode":"bus","angle":90,"op":"Małopolskie Linie Dowozowe"},"geometry":{"type":"Point","coordinates":[20.018898,49.912343]}},{"type":"Feature","properties":{"text":"A21","n":1,"mode":"bus","angle":0,"op":"Małopolskie Linie Dowozowe"},"geometry":{"type":"Point","coordinates":[20.219667,49.846243]}},{"type":"Feature","properties":{"text":"A21","n":1,"mode":"bus","angle":0,"op":"Małopolskie Linie Dowozowe"},"geometry":{"type":"Point","coordinates":[20.230594,49.853293]}},{"type":"Feature","properties":{"text":"A71","n":1,"mode":"bus","angle":0,"op":"Małopolskie Linie Dowozowe"},"geometry":{"type":"Point","coordinates":[20.134989,49.816277]}},{"type":"Feature","properties":{"text":"A32","n":1,"mode":"bus","angle":45,"op":"Małopolskie Linie Dowozowe"},"geometry":{"type":"Point","coordinates":[20.010703,49.835667]}},{"type":"Feature","properties":{"text":"265","n":1,"mode":"bus","angle":90,"op":"MPK Kraków — buses"},"geometry":{"type":"Point","coordinates":[19.988851,49.967867]}},{"type":"Feature","properties":{"text":"212","n":1,"mode":"bus","angle":0,"op":"MPK Kraków — buses"},"geometry":{"type":"Point","coordinates":[20.119965,50.054237]}},{"type":"Feature","properties":{"text":"A25","n":1,"mode":"bus","angle":-90,"op":"Małopolskie Linie Dowozowe"},"geometry":{"type":"Point","coordinates":[19.874125,49.960816]}},{"type":"Feature","properties":{"text":"A23","n":1,"mode":"bus","angle":90,"op":"Małopolskie Linie Dowozowe"},"geometry":{"type":"Point","coordinates":[20.333027,49.886784]}},{"type":"Feature","properties":{"text":"A23","n":1,"mode":"bus","angle":90,"op":"Małopolskie Linie Dowozowe"},"geometry":{"type":"Point","coordinates":[20.349416,49.89736]}},{"type":"Feature","properties":{"text":"A37","n":1,"mode":"bus","angle":-90,"op":"Małopolskie Linie Dowozowe"},"geometry":{"type":"Point","coordinates":[20.185523,50.049831]}},{"type":"Feature","properties":{"text":"A15","n":1,"mode":"bus","angle":0,"op":"Małopolskie Linie Dowozowe"},"geometry":{"type":"Point","coordinates":[20.080358,49.800413]}},{"type":"Feature","properties":{"text":"111 161 211","n":3,"mode":"bus","angle":45,"op":"MPK Kraków — buses"},"geometry":{"type":"Point","coordinates":[20.145915,50.030441]}},{"type":"Feature","properties":{"text":"249","n":1,"mode":"bus","angle":-45,"op":"MPK Kraków — buses"},"geometry":{"type":"Point","coordinates":[19.935585,49.991663]}},{"type":"Feature","properties":{"text":"A18","n":1,"mode":"bus","angle":45,"op":"Małopolskie Linie Dowozowe"},"geometry":{"type":"Point","coordinates":[20.167768,49.96346]}},{"type":"Feature","properties":{"text":"A53","n":1,"mode":"bus","angle":-45,"op":"Małopolskie Linie Dowozowe"},"geometry":{"type":"Point","coordinates":[19.938317,49.900004]}},{"type":"Feature","properties":{"text":"A15 A45","n":2,"mode":"bus","angle":45,"op":"Małopolskie Linie Dowozowe"},"geometry":{"type":"Point","coordinates":[20.126794,49.792481]}},{"type":"Feature","properties":{"text":"A40","n":1,"mode":"bus","angle":90,"op":"Małopolskie Linie Dowozowe"},"geometry":{"type":"Point","coordinates":[19.983387,49.969629]}},{"type":"Feature","properties":{"text":"A11","n":1,"mode":"bus","angle":0,"op":"Małopolskie Linie Dowozowe"},"geometry":{"type":"Point","coordinates":[20.035287,49.899123]}},{"type":"Feature","properties":{"text":"A25","n":1,"mode":"bus","angle":-90,"op":"Małopolskie Linie Dowozowe"},"geometry":{"type":"Point","coordinates":[19.876857,49.964341]}},{"type":"Feature","properties":{"text":"A23","n":1,"mode":"bus","angle":90,"op":"Małopolskie Linie Dowozowe"},"geometry":{"type":"Point","coordinates":[20.335759,49.862107]}},{"type":"Feature","properties":{"text":"A55","n":1,"mode":"bus","angle":-45,"op":"Małopolskie Linie Dowozowe"},"geometry":{"type":"Point","coordinates":[20.324832,49.943189]}},{"type":"Feature","properties":{"text":"A2 A49","n":2,"mode":"bus","angle":45,"op":"Małopolskie Linie Dowozowe"},"geometry":{"type":"Point","coordinates":[20.00524,49.936139]}},{"type":"Feature","properties":{"text":"A8","n":1,"mode":"bus","angle":45,"op":"Małopolskie Linie Dowozowe"},"geometry":{"type":"Point","coordinates":[20.122697,49.893835]}},{"type":"Feature","properties":{"text":"A53","n":1,"mode":"bus","angle":-45,"op":"Małopolskie Linie Dowozowe"},"geometry":{"type":"Point","coordinates":[19.947877,49.899123]}},{"type":"Feature","properties":{"text":"A53","n":1,"mode":"bus","angle":-45,"op":"Małopolskie Linie Dowozowe"},"geometry":{"type":"Point","coordinates":[19.942414,49.874445]}},{"type":"Feature","properties":{"text":"221","n":1,"mode":"bus","angle":0,"op":"MPK Kraków — buses"},"geometry":{"type":"Point","coordinates":[20.085821,50.026035]}},{"type":"Feature","properties":{"text":"Z1","n":1,"mode":"bus","angle":-90,"op":"Wielicka Spółka Transportowa"},"geometry":{"type":"Point","coordinates":[20.109039,49.993425]}},{"type":"Feature","properties":{"text":"Z1","n":1,"mode":"bus","angle":-90,"op":"Wielicka Spółka Transportowa"},"geometry":{"type":"Point","coordinates":[20.100844,49.988137]}},{"type":"Feature","properties":{"text":"A17","n":1,"mode":"bus","angle":-90,"op":"Małopolskie Linie Dowozowe"},"geometry":{"type":"Point","coordinates":[20.125429,49.951121]}},{"type":"Feature","properties":{"text":"A18","n":1,"mode":"bus","angle":0,"op":"Małopolskie Linie Dowozowe"},"geometry":{"type":"Point","coordinates":[20.203278,49.960816]}},{"type":"Feature","properties":{"text":"A26","n":1,"mode":"bus","angle":0,"op":"Małopolskie Linie Dowozowe"},"geometry":{"type":"Point","coordinates":[20.266104,49.97668]}},{"type":"Feature","properties":{"text":"234","n":1,"mode":"bus","angle":0,"op":"MPK Kraków — buses"},"geometry":{"type":"Point","coordinates":[20.05714,50.011933]}},{"type":"Feature","properties":{"text":"211 A7","n":2,"mode":"bus","angle":0,"op":"mix"},"geometry":{"type":"Point","coordinates":[20.201912,50.022509]}},{"type":"Feature","properties":{"text":"253 A53","n":2,"mode":"bus","angle":-90,"op":"mix"},"geometry":{"type":"Point","coordinates":[19.95334,49.955528]}},{"type":"Feature","properties":{"text":"301","n":1,"mode":"bus","angle":0,"op":"MPK Kraków — buses"},"geometry":{"type":"Point","coordinates":[20.122697,50.00312]}},{"type":"Feature","properties":{"text":"A37","n":1,"mode":"bus","angle":-90,"op":"Małopolskie Linie Dowozowe"},"geometry":{"type":"Point","coordinates":[20.190986,50.045424]}},{"type":"Feature","properties":{"text":"A21 A71","n":2,"mode":"bus","angle":0,"op":"Małopolskie Linie Dowozowe"},"geometry":{"type":"Point","coordinates":[20.152744,49.830379]}},{"type":"Feature","properties":{"text":"A20","n":1,"mode":"bus","angle":-90,"op":"Małopolskie Linie Dowozowe"},"geometry":{"type":"Point","coordinates":[20.256543,49.920275]}},{"type":"Feature","properties":{"text":"A15","n":1,"mode":"bus","angle":0,"op":"Małopolskie Linie Dowozowe"},"geometry":{"type":"Point","coordinates":[20.048945,49.800413]}},{"type":"Feature","properties":{"text":"A15","n":1,"mode":"bus","angle":0,"op":"Małopolskie Linie Dowozowe"},"geometry":{"type":"Point","coordinates":[20.038019,49.807464]}},{"type":"Feature","properties":{"text":"274","n":1,"mode":"bus","angle":45,"op":"MPK Kraków — buses"},"geometry":{"type":"Point","coordinates":[20.143184,49.96346]}},{"type":"Feature","properties":{"text":"A6","n":1,"mode":"bus","angle":45,"op":"Małopolskie Linie Dowozowe"},"geometry":{"type":"Point","coordinates":[20.088552,49.944071]}},{"type":"Feature","properties":{"text":"G4","n":1,"mode":"bus","angle":-45,"op":"Wielicka Spółka Transportowa"},"geometry":{"type":"Point","coordinates":[20.058505,50.002239]}},{"type":"Feature","properties":{"text":"A49","n":1,"mode":"bus","angle":45,"op":"Małopolskie Linie Dowozowe"},"geometry":{"type":"Point","coordinates":[20.036653,49.914105]}},{"type":"Feature","properties":{"text":"A5","n":1,"mode":"bus","angle":45,"op":"Małopolskie Linie Dowozowe"},"geometry":{"type":"Point","coordinates":[20.271567,50.032204]}},{"type":"Feature","properties":{"text":"A53","n":1,"mode":"bus","angle":-45,"op":"Małopolskie Linie Dowozowe"},"geometry":{"type":"Point","coordinates":[19.94378,49.870039]}},{"type":"Feature","properties":{"text":"A21","n":1,"mode":"bus","angle":-45,"op":"Małopolskie Linie Dowozowe"},"geometry":{"type":"Point","coordinates":[20.260641,49.864751]}},{"type":"Feature","properties":{"text":"A21","n":1,"mode":"bus","angle":-45,"op":"Małopolskie Linie Dowozowe"},"geometry":{"type":"Point","coordinates":[20.260641,49.859463]}},{"type":"Feature","properties":{"text":"A21","n":1,"mode":"bus","angle":-45,"op":"Małopolskie Linie Dowozowe"},"geometry":{"type":"Point","coordinates":[20.18962,49.840073]}},{"type":"Feature","properties":{"text":"149","n":1,"mode":"bus","angle":0,"op":"MPK Kraków — buses"},"geometry":{"type":"Point","coordinates":[20.069432,50.02956]}},{"type":"Feature","properties":{"text":"A2 J1 R2","n":3,"mode":"bus","angle":90,"op":"mix"},"geometry":{"type":"Point","coordinates":[20.035287,49.96346]}},{"type":"Feature","properties":{"text":"A9","n":1,"mode":"bus","angle":0,"op":"Małopolskie Linie Dowozowe"},"geometry":{"type":"Point","coordinates":[20.115868,49.877971]}},{"type":"Feature","properties":{"text":"A9","n":1,"mode":"bus","angle":0,"op":"Małopolskie Linie Dowozowe"},"geometry":{"type":"Point","coordinates":[20.162305,49.869157]}},{"type":"Feature","properties":{"text":"A9","n":1,"mode":"bus","angle":0,"op":"Małopolskie Linie Dowozowe"},"geometry":{"type":"Point","coordinates":[20.167768,49.872683]}},{"type":"Feature","properties":{"text":"A40","n":1,"mode":"bus","angle":0,"op":"Małopolskie Linie Dowozowe"},"geometry":{"type":"Point","coordinates":[19.921927,49.929088]}},{"type":"Feature","properties":{"text":"A26","n":1,"mode":"bus","angle":0,"op":"Małopolskie Linie Dowozowe"},"geometry":{"type":"Point","coordinates":[20.255178,49.971392]}},{"type":"Feature","properties":{"text":"A65","n":1,"mode":"bus","angle":-90,"op":"Małopolskie Linie Dowozowe"},"geometry":{"type":"Point","coordinates":[20.242886,50.023391]}},{"type":"Feature","properties":{"text":"A21 A61","n":2,"mode":"bus","angle":0,"op":"Małopolskie Linie Dowozowe"},"geometry":{"type":"Point","coordinates":[20.159573,49.835667]}},{"type":"Feature","properties":{"text":"A20","n":1,"mode":"bus","angle":90,"op":"Małopolskie Linie Dowozowe"},"geometry":{"type":"Point","coordinates":[20.25108,49.940545]}},{"type":"Feature","properties":{"text":"A40","n":1,"mode":"bus","angle":45,"op":"Małopolskie Linie Dowozowe"},"geometry":{"type":"Point","coordinates":[19.863199,49.941427]}},{"type":"Feature","properties":{"text":"A55","n":1,"mode":"bus","angle":-45,"op":"Małopolskie Linie Dowozowe"},"geometry":{"type":"Point","coordinates":[20.322101,49.953765]}},{"type":"Feature","properties":{"text":"111 161 A37","n":3,"mode":"bus","angle":45,"op":"mix"},"geometry":{"type":"Point","coordinates":[20.158207,50.027797]}},{"type":"Feature","properties":{"text":"202","n":1,"mode":"bus","angle":-45,"op":"MPK Kraków — buses"},"geometry":{"type":"Point","coordinates":[20.111771,50.064813]}},{"type":"Feature","properties":{"text":"A18","n":1,"mode":"bus","angle":-45,"op":"Małopolskie Linie Dowozowe"},"geometry":{"type":"Point","coordinates":[20.065334,50.006645]}},{"type":"Feature","properties":{"text":"W2","n":1,"mode":"bus","angle":-45,"op":"Wielicka Spółka Transportowa"},"geometry":{"type":"Point","coordinates":[20.117234,50.008408]}},{"type":"Feature","properties":{"text":"A8 A9","n":2,"mode":"bus","angle":45,"op":"Małopolskie Linie Dowozowe"},"geometry":{"type":"Point","coordinates":[20.07626,49.929088]}},{"type":"Feature","properties":{"text":"A8 A9","n":2,"mode":"bus","angle":45,"op":"Małopolskie Linie Dowozowe"},"geometry":{"type":"Point","coordinates":[20.068066,49.927325]}},{"type":"Feature","properties":{"text":"D2","n":1,"mode":"bus","angle":-45,"op":"Wielicka Spółka Transportowa"},"geometry":{"type":"Point","coordinates":[20.054408,49.957291]}},{"type":"Feature","properties":{"text":"D2 R2","n":2,"mode":"bus","angle":-45,"op":"Wielicka Spółka Transportowa"},"geometry":{"type":"Point","coordinates":[20.054408,49.97668]}},{"type":"Feature","properties":{"text":"A17 D2","n":2,"mode":"bus","angle":45,"op":"mix"},"geometry":{"type":"Point","coordinates":[20.106308,49.932613]}},{"type":"Feature","properties":{"text":"A11","n":1,"mode":"bus","angle":45,"op":"Małopolskie Linie Dowozowe"},"geometry":{"type":"Point","coordinates":[20.09265,49.888547]}},{"type":"Feature","properties":{"text":"A11","n":1,"mode":"bus","angle":-45,"op":"Małopolskie Linie Dowozowe"},"geometry":{"type":"Point","coordinates":[20.098113,49.877971]}},{"type":"Feature","properties":{"text":"A3","n":1,"mode":"bus","angle":-45,"op":"Małopolskie Linie Dowozowe"},"geometry":{"type":"Point","coordinates":[20.218302,49.886784]}},{"type":"Feature","properties":{"text":"A11","n":1,"mode":"bus","angle":45,"op":"Małopolskie Linie Dowozowe"},"geometry":{"type":"Point","coordinates":[20.078992,49.888547]}},{"type":"Feature","properties":{"text":"A26","n":1,"mode":"bus","angle":-45,"op":"Małopolskie Linie Dowozowe"},"geometry":{"type":"Point","coordinates":[20.289322,49.97668]}},{"type":"Feature","properties":{"text":"215 915 A49","n":3,"mode":"bus","angle":-90,"op":"mix"},"geometry":{"type":"Point","coordinates":[19.997045,49.957291]}},{"type":"Feature","properties":{"text":"A40","n":1,"mode":"bus","angle":90,"op":"Małopolskie Linie Dowozowe"},"geometry":{"type":"Point","coordinates":[19.977924,49.948477]}},{"type":"Feature","properties":{"text":"234 A18 A58 B2","n":4,"mode":"bus","angle":0,"op":"mix"},"geometry":{"type":"Point","coordinates":[20.095381,50.013696]}},{"type":"Feature","properties":{"text":"A43","n":1,"mode":"bus","angle":90,"op":"Małopolskie Linie Dowozowe"},"geometry":{"type":"Point","coordinates":[19.928756,49.939664]}},{"type":"Feature","properties":{"text":"A43","n":1,"mode":"bus","angle":90,"op":"Małopolskie Linie Dowozowe"},"geometry":{"type":"Point","coordinates":[19.936951,49.944952]}},{"type":"Feature","properties":{"text":"301 W2","n":2,"mode":"bus","angle":0,"op":"mix"},"geometry":{"type":"Point","coordinates":[20.098113,50.00312]}},{"type":"Feature","properties":{"text":"A9","n":1,"mode":"bus","angle":90,"op":"Małopolskie Linie Dowozowe"},"geometry":{"type":"Point","coordinates":[20.106308,49.893835]}},{"type":"Feature","properties":{"text":"A17 A6","n":2,"mode":"bus","angle":0,"op":"Małopolskie Linie Dowozowe"},"geometry":{"type":"Point","coordinates":[20.109039,49.937901]}},{"type":"Feature","properties":{"text":"A4","n":1,"mode":"bus","angle":-90,"op":"Małopolskie Linie Dowozowe"},"geometry":{"type":"Point","coordinates":[20.248349,50.026035]}},{"type":"Feature","properties":{"text":"A53","n":1,"mode":"bus","angle":90,"op":"Małopolskie Linie Dowozowe"},"geometry":{"type":"Point","coordinates":[19.964267,49.913224]}},{"type":"Feature","properties":{"text":"A33","n":1,"mode":"bus","angle":0,"op":"Małopolskie Linie Dowozowe"},"geometry":{"type":"Point","coordinates":[20.130892,49.821565]}},{"type":"Feature","properties":{"text":"A36","n":1,"mode":"bus","angle":-90,"op":"Małopolskie Linie Dowozowe"},"geometry":{"type":"Point","coordinates":[20.335759,50.020747]}},{"type":"Feature","properties":{"text":"A63","n":1,"mode":"bus","angle":90,"op":"Małopolskie Linie Dowozowe"},"geometry":{"type":"Point","coordinates":[20.349416,49.969629]}},{"type":"Feature","properties":{"text":"A23","n":1,"mode":"bus","angle":90,"op":"Małopolskie Linie Dowozowe"},"geometry":{"type":"Point","coordinates":[20.349416,49.916749]}},{"type":"Feature","properties":{"text":"A33 A71","n":2,"mode":"bus","angle":0,"op":"Małopolskie Linie Dowozowe"},"geometry":{"type":"Point","coordinates":[20.103576,49.816277]}},{"type":"Feature","properties":{"text":"A21 A71","n":2,"mode":"bus","angle":-45,"op":"Małopolskie Linie Dowozowe"},"geometry":{"type":"Point","coordinates":[20.126794,49.825972]}},{"type":"Feature","properties":{"text":"194 494 608","n":3,"mode":"bus","angle":-45,"op":"MPK Kraków — buses"},"geometry":{"type":"Point","coordinates":[19.982022,49.998713]}},{"type":"Feature","properties":{"text":"662","n":1,"mode":"bus","angle":-45,"op":"mix"},"geometry":{"type":"Point","coordinates":[19.984753,50.002239]}},{"type":"Feature","properties":{"text":"11 17 18 52 62","n":5,"mode":"tram","angle":-45,"op":"mix"},"geometry":{"type":"Point","coordinates":[19.984753,50.002239]}},{"type":"Feature","properties":{"text":"262","n":1,"mode":"bus","angle":-45,"op":"MPK Kraków — buses"},"geometry":{"type":"Point","coordinates":[20.110405,50.060407]}},{"type":"Feature","properties":{"text":"249 259 A14 A44 A64","n":5,"mode":"bus","angle":-45,"op":"mix"},"geometry":{"type":"Point","coordinates":[19.962901,50.002239]}},{"type":"Feature","properties":{"text":"J1","n":1,"mode":"bus","angle":-45,"op":"Wielicka Spółka Transportowa"},"geometry":{"type":"Point","coordinates":[20.028458,49.949359]}},{"type":"Feature","properties":{"text":"229","n":1,"mode":"bus","angle":-45,"op":"MPK Kraków — buses"},"geometry":{"type":"Point","coordinates":[19.935585,49.988137]}},{"type":"Feature","properties":{"text":"221","n":1,"mode":"bus","angle":45,"op":"MPK Kraków — buses"},"geometry":{"type":"Point","coordinates":[20.137721,50.019865]}},{"type":"Feature","properties":{"text":"B2","n":1,"mode":"bus","angle":-45,"op":"Wielicka Spółka Transportowa"},"geometry":{"type":"Point","coordinates":[20.115868,50.019865]}},{"type":"Feature","properties":{"text":"A9","n":1,"mode":"bus","angle":-45,"op":"Małopolskie Linie Dowozowe"},"geometry":{"type":"Point","coordinates":[20.077626,49.919393]}},{"type":"Feature","properties":{"text":"A16 A17 A2 A6 A8 A9","n":6,"mode":"bus","angle":-45,"op":"Małopolskie Linie Dowozowe"},"geometry":{"type":"Point","coordinates":[20.055774,49.975799]}},{"type":"Feature","properties":{"text":"A9","n":1,"mode":"bus","angle":-45,"op":"Małopolskie Linie Dowozowe"},"geometry":{"type":"Point","coordinates":[20.072163,49.917631]}},{"type":"Feature","properties":{"text":"A17","n":1,"mode":"bus","angle":-45,"op":"Małopolskie Linie Dowozowe"},"geometry":{"type":"Point","coordinates":[20.113136,49.919393]}},{"type":"Feature","properties":{"text":"A8 A9","n":2,"mode":"bus","angle":45,"op":"Małopolskie Linie Dowozowe"},"geometry":{"type":"Point","coordinates":[20.10221,49.901767]}},{"type":"Feature","properties":{"text":"A17 A6","n":2,"mode":"bus","angle":45,"op":"Małopolskie Linie Dowozowe"},"geometry":{"type":"Point","coordinates":[20.069432,49.959935]}},{"type":"Feature","properties":{"text":"A6","n":1,"mode":"bus","angle":45,"op":"Małopolskie Linie Dowozowe"},"geometry":{"type":"Point","coordinates":[20.091284,49.951121]}},{"type":"Feature","properties":{"text":"R2","n":1,"mode":"bus","angle":-45,"op":"Wielicka Spółka Transportowa"},"geometry":{"type":"Point","coordinates":[20.03119,49.944071]}},{"type":"Feature","properties":{"text":"A11","n":1,"mode":"bus","angle":-45,"op":"Małopolskie Linie Dowozowe"},"geometry":{"type":"Point","coordinates":[20.096747,49.873564]}},{"type":"Feature","properties":{"text":"A66","n":1,"mode":"bus","angle":-45,"op":"Małopolskie Linie Dowozowe"},"geometry":{"type":"Point","coordinates":[19.859101,49.996951]}},{"type":"Feature","properties":{"text":"A40","n":1,"mode":"bus","angle":45,"op":"Małopolskie Linie Dowozowe"},"geometry":{"type":"Point","coordinates":[19.913733,49.933495]}},{"type":"Feature","properties":{"text":"A26","n":1,"mode":"bus","angle":45,"op":"Małopolskie Linie Dowozowe"},"geometry":{"type":"Point","coordinates":[20.309809,49.970511]}},{"type":"Feature","properties":{"text":"A62","n":1,"mode":"bus","angle":45,"op":"Małopolskie Linie Dowozowe"},"geometry":{"type":"Point","coordinates":[20.353514,49.981087]}},{"type":"Feature","properties":{"text":"A46","n":1,"mode":"bus","angle":-45,"op":"Małopolskie Linie Dowozowe"},"geometry":{"type":"Point","coordinates":[20.369903,49.952884]}},{"type":"Feature","properties":{"text":"A55","n":1,"mode":"bus","angle":-45,"op":"Małopolskie Linie Dowozowe"},"geometry":{"type":"Point","coordinates":[20.285225,49.926444]}},{"type":"Feature","properties":{"text":"A15 A45","n":2,"mode":"bus","angle":45,"op":"Małopolskie Linie Dowozowe"},"geometry":{"type":"Point","coordinates":[20.132257,49.774855]}},{"type":"Feature","properties":{"text":"J1","n":1,"mode":"bus","angle":-90,"op":"Wielicka Spółka Transportowa"},"geometry":{"type":"Point","coordinates":[20.021629,49.951121]}},{"type":"Feature","properties":{"text":"219 259 279","n":3,"mode":"bus","angle":90,"op":"MPK Kraków — buses"},"geometry":{"type":"Point","coordinates":[19.950609,49.988137]}},{"type":"Feature","properties":{"text":"223","n":1,"mode":"bus","angle":0,"op":"MPK Kraków — buses"},"geometry":{"type":"Point","coordinates":[19.930122,49.967867]}},{"type":"Feature","properties":{"text":"A19","n":1,"mode":"bus","angle":90,"op":"Małopolskie Linie Dowozowe"},"geometry":{"type":"Point","coordinates":[19.994314,49.942308]}},{"type":"Feature","properties":{"text":"A17","n":1,"mode":"bus","angle":0,"op":"Małopolskie Linie Dowozowe"},"geometry":{"type":"Point","coordinates":[20.10221,49.916749]}},{"type":"Feature","properties":{"text":"A8 A9","n":2,"mode":"bus","angle":-90,"op":"Małopolskie Linie Dowozowe"},"geometry":{"type":"Point","coordinates":[20.051676,49.942308]}},{"type":"Feature","properties":{"text":"A49 A9","n":2,"mode":"bus","angle":0,"op":"Małopolskie Linie Dowozowe"},"geometry":{"type":"Point","coordinates":[20.074895,49.911461]}},{"type":"Feature","properties":{"text":"A16","n":1,"mode":"bus","angle":90,"op":"Małopolskie Linie Dowozowe"},"geometry":{"type":"Point","coordinates":[20.027092,49.929969]}},{"type":"Feature","properties":{"text":"A2","n":1,"mode":"bus","angle":-90,"op":"Małopolskie Linie Dowozowe"},"geometry":{"type":"Point","coordinates":[20.007971,49.921156]}},{"type":"Feature","properties":{"text":"A11","n":1,"mode":"bus","angle":0,"op":"Małopolskie Linie Dowozowe"},"geometry":{"type":"Point","coordinates":[20.050311,49.893835]}},{"type":"Feature","properties":{"text":"A15 A21 A32 A45 A61 A71","n":6,"mode":"bus","angle":0,"op":"Małopolskie Linie Dowozowe"},"geometry":{"type":"Point","coordinates":[20.077626,49.823328]}},{"type":"Feature","properties":{"text":"A46 A62","n":2,"mode":"bus","angle":-90,"op":"Małopolskie Linie Dowozowe"},"geometry":{"type":"Point","coordinates":[20.360343,49.965223]}},{"type":"Feature","properties":{"text":"A35","n":1,"mode":"bus","angle":90,"op":"Małopolskie Linie Dowozowe"},"geometry":{"type":"Point","coordinates":[20.335759,49.954647]}},{"type":"Feature","properties":{"text":"A55","n":1,"mode":"bus","angle":90,"op":"Małopolskie Linie Dowozowe"},"geometry":{"type":"Point","coordinates":[20.283859,49.921156]}},{"type":"Feature","properties":{"text":"A20","n":1,"mode":"bus","angle":90,"op":"Małopolskie Linie Dowozowe"},"geometry":{"type":"Point","coordinates":[20.259275,49.933495]}},{"type":"Feature","properties":{"text":"A33","n":1,"mode":"bus","angle":0,"op":"Małopolskie Linie Dowozowe"},"geometry":{"type":"Point","coordinates":[20.162305,49.819803]}},{"type":"Feature","properties":{"text":"107","n":1,"mode":"bus","angle":90,"op":"MPK Kraków — buses"},"geometry":{"type":"Point","coordinates":[20.016166,49.989019]}},{"type":"Feature","properties":{"text":"A37 A50 A57","n":3,"mode":"bus","angle":0,"op":"Małopolskie Linie Dowozowe"},"geometry":{"type":"Point","coordinates":[20.160939,50.034848]}},{"type":"Feature","properties":{"text":"214 A19 P2","n":3,"mode":"bus","angle":-90,"op":"mix"},"geometry":{"type":"Point","coordinates":[20.016166,49.967867]}},{"type":"Feature","properties":{"text":"222","n":1,"mode":"bus","angle":90,"op":"MPK Kraków — buses"},"geometry":{"type":"Point","coordinates":[20.095381,50.073627]}},{"type":"Feature","properties":{"text":"A19 J1","n":2,"mode":"bus","angle":-90,"op":"mix"},"geometry":{"type":"Point","coordinates":[20.046213,49.985493]}},{"type":"Feature","properties":{"text":"275","n":1,"mode":"bus","angle":-90,"op":"MPK Kraków — buses"},"geometry":{"type":"Point","coordinates":[19.986119,49.943189]}},{"type":"Feature","properties":{"text":"274 A59 Z1","n":3,"mode":"bus","angle":0,"op":"mix"},"geometry":{"type":"Point","coordinates":[20.062603,49.987256]}},{"type":"Feature","properties":{"text":"274","n":1,"mode":"bus","angle":0,"op":"MPK Kraków — buses"},"geometry":{"type":"Point","coordinates":[20.062603,49.987256]}},{"type":"Feature","properties":{"text":"260","n":1,"mode":"bus","angle":0,"op":"MPK Kraków — buses"},"geometry":{"type":"Point","coordinates":[20.051676,50.059525]}},{"type":"Feature","properties":{"text":"267","n":1,"mode":"bus","angle":90,"op":"MPK Kraków — buses"},"geometry":{"type":"Point","coordinates":[20.007971,50.056]}},{"type":"Feature","properties":{"text":"L1","n":1,"mode":"bus","angle":0,"op":"Wielicka Spółka Transportowa"},"geometry":{"type":"Point","coordinates":[20.070797,49.983731]}},{"type":"Feature","properties":{"text":"A49 A9","n":2,"mode":"bus","angle":0,"op":"Małopolskie Linie Dowozowe"},"geometry":{"type":"Point","coordinates":[20.081724,49.907936]}},{"type":"Feature","properties":{"text":"A16 A8 A9","n":3,"mode":"bus","angle":-90,"op":"Małopolskie Linie Dowozowe"},"geometry":{"type":"Point","coordinates":[20.046213,49.957291]}},{"type":"Feature","properties":{"text":"D2","n":1,"mode":"bus","angle":-90,"op":"Wielicka Spółka Transportowa"},"geometry":{"type":"Point","coordinates":[20.046213,49.957291]}},{"type":"Feature","properties":{"text":"D2","n":1,"mode":"bus","angle":-90,"op":"Wielicka Spółka Transportowa"},"geometry":{"type":"Point","coordinates":[20.054408,49.962579]}},{"type":"Feature","properties":{"text":"D2","n":1,"mode":"bus","angle":-90,"op":"Wielicka Spółka Transportowa"},"geometry":{"type":"Point","coordinates":[20.048945,49.969629]}},{"type":"Feature","properties":{"text":"A40","n":1,"mode":"bus","angle":0,"op":"Małopolskie Linie Dowozowe"},"geometry":{"type":"Point","coordinates":[19.885051,49.936139]}},{"type":"Feature","properties":{"text":"A40","n":1,"mode":"bus","angle":0,"op":"Małopolskie Linie Dowozowe"},"geometry":{"type":"Point","coordinates":[19.942414,49.929088]}},{"type":"Feature","properties":{"text":"A4","n":1,"mode":"bus","angle":0,"op":"Małopolskie Linie Dowozowe"},"geometry":{"type":"Point","coordinates":[20.245617,50.02956]}},{"type":"Feature","properties":{"text":"A22","n":1,"mode":"bus","angle":90,"op":"Małopolskie Linie Dowozowe"},"geometry":{"type":"Point","coordinates":[20.272933,49.872683]}},{"type":"Feature","properties":{"text":"A55","n":1,"mode":"bus","angle":0,"op":"Małopolskie Linie Dowozowe"},"geometry":{"type":"Point","coordinates":[20.305711,49.936139]}},{"type":"Feature","properties":{"text":"A36","n":1,"mode":"bus","angle":-90,"op":"Małopolskie Linie Dowozowe"},"geometry":{"type":"Point","coordinates":[20.343953,50.001357]}},{"type":"Feature","properties":{"text":"A46 A62","n":2,"mode":"bus","angle":90,"op":"Małopolskie Linie Dowozowe"},"geometry":{"type":"Point","coordinates":[20.363074,49.969629]}},{"type":"Feature","properties":{"text":"A33","n":1,"mode":"bus","angle":0,"op":"Małopolskie Linie Dowozowe"},"geometry":{"type":"Point","coordinates":[20.201912,49.821565]}},{"type":"Feature","properties":{"text":"A11","n":1,"mode":"bus","angle":-90,"op":"Małopolskie Linie Dowozowe"},"geometry":{"type":"Point","coordinates":[20.089918,49.863869]}},{"type":"Feature","properties":{"text":"R2","n":1,"mode":"bus","angle":0,"op":"Wielicka Spółka Transportowa"},"geometry":{"type":"Point","coordinates":[20.05714,49.927325]}},{"type":"Feature","properties":{"text":"A11","n":1,"mode":"bus","angle":90,"op":"Małopolskie Linie Dowozowe"},"geometry":{"type":"Point","coordinates":[20.089918,49.846243]}},{"type":"Feature","properties":{"text":"A54","n":1,"mode":"bus","angle":-45,"op":"Małopolskie Linie Dowozowe"},"geometry":{"type":"Point","coordinates":[20.322101,49.996069]}},{"type":"Feature","properties":{"text":"A54","n":1,"mode":"bus","angle":-45,"op":"Małopolskie Linie Dowozowe"},"geometry":{"type":"Point","coordinates":[20.322101,49.990781]}},{"type":"Feature","properties":{"text":"A21 A61","n":2,"mode":"bus","angle":-45,"op":"Małopolskie Linie Dowozowe"},"geometry":{"type":"Point","coordinates":[20.133623,49.826853]}},{"type":"Feature","properties":{"text":"105 260 270","n":3,"mode":"bus","angle":-45,"op":"MPK Kraków — buses"},"geometry":{"type":"Point","coordinates":[20.038019,50.043661]}},{"type":"Feature","properties":{"text":"112 162 712","n":3,"mode":"bus","angle":-45,"op":"MPK Kraków — buses"},"geometry":{"type":"Point","coordinates":[19.986119,50.010171]}},{"type":"Feature","properties":{"text":"120 LR0","n":2,"mode":"bus","angle":-45,"op":"MPK Kraków — buses"},"geometry":{"type":"Point","coordinates":[19.991582,50.036611]}},{"type":"Feature","properties":{"text":"G3","n":1,"mode":"bus","angle":-45,"op":"Wielicka Spółka Transportowa"},"geometry":{"type":"Point","coordinates":[20.021629,49.97668]}},{"type":"Feature","properties":{"text":"254","n":1,"mode":"bus","angle":-45,"op":"MPK Kraków — buses"},"geometry":{"type":"Point","coordinates":[19.999777,49.980205]}},{"type":"Feature","properties":{"text":"225 915","n":2,"mode":"bus","angle":45,"op":"MPK Kraków — buses"},"geometry":{"type":"Point","coordinates":[19.999777,49.969629]}},{"type":"Feature","properties":{"text":"A58","n":1,"mode":"bus","angle":45,"op":"Małopolskie Linie Dowozowe"},"geometry":{"type":"Point","coordinates":[20.103576,50.018984]}},{"type":"Feature","properties":{"text":"278","n":1,"mode":"bus","angle":-45,"op":"MPK Kraków — buses"},"geometry":{"type":"Point","coordinates":[19.95334,50.036611]}},{"type":"Feature","properties":{"text":"310 910","n":2,"mode":"bus","angle":-45,"op":"MPK Kraków — buses"},"geometry":{"type":"Point","coordinates":[19.972461,50.054237]}},{"type":"Feature","properties":{"text":"LR0","n":1,"mode":"bus","angle":-45,"op":"MPK Kraków — buses"},"geometry":{"type":"Point","coordinates":[19.983387,50.061288]}},{"type":"Feature","properties":{"text":"274 A18 A59 L1 Z1","n":5,"mode":"bus","angle":45,"op":"mix"},"geometry":{"type":"Point","coordinates":[20.07626,49.983731]}},{"type":"Feature","properties":{"text":"301 W2","n":2,"mode":"bus","angle":-45,"op":"mix"},"geometry":{"type":"Point","coordinates":[20.078992,49.997832]}},{"type":"Feature","properties":{"text":"301","n":1,"mode":"bus","angle":-45,"op":"MPK Kraków — buses"},"geometry":{"type":"Point","coordinates":[20.07626,49.997832]}},{"type":"Feature","properties":{"text":"A18","n":1,"mode":"bus","angle":45,"op":"Małopolskie Linie Dowozowe"},"geometry":{"type":"Point","coordinates":[20.136355,50.010171]}},{"type":"Feature","properties":{"text":"A8 A9","n":2,"mode":"bus","angle":45,"op":"Małopolskie Linie Dowozowe"},"geometry":{"type":"Point","coordinates":[20.051676,49.948477]}},{"type":"Feature","properties":{"text":"A8","n":1,"mode":"bus","angle":45,"op":"Małopolskie Linie Dowozowe"},"geometry":{"type":"Point","coordinates":[20.084455,49.918512]}},{"type":"Feature","properties":{"text":"A6 D2","n":2,"mode":"bus","angle":45,"op":"mix"},"geometry":{"type":"Point","coordinates":[20.125429,49.934376]}},{"type":"Feature","properties":{"text":"A59","n":1,"mode":"bus","angle":45,"op":"Małopolskie Linie Dowozowe"},"geometry":{"type":"Point","coordinates":[20.226496,49.959053]}},{"type":"Feature","properties":{"text":"A58 B2","n":2,"mode":"bus","angle":-45,"op":"mix"},"geometry":{"type":"Point","coordinates":[20.078992,50.004883]}},{"type":"Feature","properties":{"text":"A62","n":1,"mode":"bus","angle":45,"op":"Małopolskie Linie Dowozowe"},"geometry":{"type":"Point","coordinates":[20.371269,49.960816]}},{"type":"Feature","properties":{"text":"A47","n":1,"mode":"bus","angle":0,"op":"Małopolskie Linie Dowozowe"},"geometry":{"type":"Point","coordinates":[19.867296,49.948477]}},{"type":"Feature","properties":{"text":"A33","n":1,"mode":"bus","angle":90,"op":"Małopolskie Linie Dowozowe"},"geometry":{"type":"Point","coordinates":[20.09265,49.820684]}},{"type":"Feature","properties":{"text":"A50 A57","n":2,"mode":"bus","angle":0,"op":"mix"},"geometry":{"type":"Point","coordinates":[20.096747,50.034848]}},{"type":"Feature","properties":{"text":"10 21","n":2,"mode":"tram","angle":0,"op":"mix"},"geometry":{"type":"Point","coordinates":[20.096747,50.034848]}},{"type":"Feature","properties":{"text":"111 161 A37 A50 A57","n":5,"mode":"bus","angle":0,"op":"mix"},"geometry":{"type":"Point","coordinates":[20.140452,50.038373]}},{"type":"Feature","properties":{"text":"122","n":1,"mode":"bus","angle":0,"op":"MPK Kraków — buses"},"geometry":{"type":"Point","coordinates":[20.072163,50.050712]}},{"type":"Feature","properties":{"text":"158 221","n":2,"mode":"bus","angle":0,"op":"MPK Kraków — buses"},"geometry":{"type":"Point","coordinates":[20.063968,50.026035]}},{"type":"Feature","properties":{"text":"160","n":1,"mode":"bus","angle":0,"op":"MPK Kraków — buses"},"geometry":{"type":"Point","coordinates":[20.077626,50.041899]}},{"type":"Feature","properties":{"text":"153","n":1,"mode":"bus","angle":0,"op":"MPK Kraków — buses"},"geometry":{"type":"Point","coordinates":[20.050311,50.006645]}},{"type":"Feature","properties":{"text":"242 272","n":2,"mode":"bus","angle":0,"op":"MPK Kraków — buses"},"geometry":{"type":"Point","coordinates":[20.10221,50.043661]}},{"type":"Feature","properties":{"text":"242","n":1,"mode":"bus","angle":0,"op":"MPK Kraków — buses"},"geometry":{"type":"Point","coordinates":[20.113136,50.050712]}},{"type":"Feature","properties":{"text":"A7","n":1,"mode":"bus","angle":-90,"op":"Małopolskie Linie Dowozowe"},"geometry":{"type":"Point","coordinates":[20.218302,50.028679]}},{"type":"Feature","properties":{"text":"G3","n":1,"mode":"bus","angle":0,"op":"Wielicka Spółka Transportowa"},"geometry":{"type":"Point","coordinates":[20.028458,49.974917]}},{"type":"Feature","properties":{"text":"273","n":1,"mode":"bus","angle":90,"op":"MPK Kraków — buses"},"geometry":{"type":"Point","coordinates":[19.950609,49.965223]}},{"type":"Feature","properties":{"text":"L1","n":1,"mode":"bus","angle":0,"op":"Wielicka Spółka Transportowa"},"geometry":{"type":"Point","coordinates":[20.058505,49.990781]}},{"type":"Feature","properties":{"text":"275 285 A1 A56","n":4,"mode":"bus","angle":-90,"op":"mix"},"geometry":{"type":"Point","coordinates":[19.975193,49.958172]}},{"type":"Feature","properties":{"text":"910","n":1,"mode":"bus","angle":0,"op":"MPK Kraków — buses"},"geometry":{"type":"Point","coordinates":[19.984753,50.043661]}},{"type":"Feature","properties":{"text":"Z1","n":1,"mode":"bus","angle":90,"op":"Wielicka Spółka Transportowa"},"geometry":{"type":"Point","coordinates":[20.109039,50.007527]}},{"type":"Feature","properties":{"text":"274 A18 A59 Z1","n":4,"mode":"bus","angle":0,"op":"mix"},"geometry":{"type":"Point","coordinates":[20.091284,49.980205]}},{"type":"Feature","properties":{"text":"301 A18","n":2,"mode":"bus","angle":0,"op":"mix"},"geometry":{"type":"Point","coordinates":[20.148647,50.006645]}},{"type":"Feature","properties":{"text":"A49","n":1,"mode":"bus","angle":0,"op":"Małopolskie Linie Dowozowe"},"geometry":{"type":"Point","coordinates":[20.0148,49.927325]}},{"type":"Feature","properties":{"text":"A16 A49","n":2,"mode":"bus","angle":90,"op":"Małopolskie Linie Dowozowe"},"geometry":{"type":"Point","coordinates":[20.029824,49.921156]}},{"type":"Feature","properties":{"text":"A66","n":1,"mode":"bus","angle":0,"op":"Małopolskie Linie Dowozowe"},"geometry":{"type":"Point","coordinates":[19.878222,50.004883]}},{"type":"Feature","properties":{"text":"A40","n":1,"mode":"bus","angle":0,"op":"Małopolskie Linie Dowozowe"},"geometry":{"type":"Point","coordinates":[19.946511,49.925563]}},{"type":"Feature","properties":{"text":"A53","n":1,"mode":"bus","angle":90,"op":"Małopolskie Linie Dowozowe"},"geometry":{"type":"Point","coordinates":[19.961535,49.928207]}},{"type":"Feature","properties":{"text":"A57","n":1,"mode":"bus","angle":0,"op":"Małopolskie Linie Dowozowe"},"geometry":{"type":"Point","coordinates":[20.255178,50.038373]}},{"type":"Feature","properties":{"text":"A57","n":1,"mode":"bus","angle":0,"op":"Małopolskie Linie Dowozowe"},"geometry":{"type":"Point","coordinates":[20.222399,50.040136]}},{"type":"Feature","properties":{"text":"A50 A57","n":2,"mode":"bus","angle":0,"op":"Małopolskie Linie Dowozowe"},"geometry":{"type":"Point","coordinates":[20.192352,50.038373]}},{"type":"Feature","properties":{"text":"A4 A65","n":2,"mode":"bus","angle":0,"op":"Małopolskie Linie Dowozowe"},"geometry":{"type":"Point","coordinates":[20.22513,50.033085]}},{"type":"Feature","properties":{"text":"A4","n":1,"mode":"bus","angle":0,"op":"Małopolskie Linie Dowozowe"},"geometry":{"type":"Point","coordinates":[20.24152,50.033085]}},{"type":"Feature","properties":{"text":"A21 A33 A61","n":3,"mode":"bus","angle":0,"op":"Małopolskie Linie Dowozowe"},"geometry":{"type":"Point","coordinates":[20.1186,49.823328]}},{"type":"Feature","properties":{"text":"A21 A33 A71","n":3,"mode":"bus","angle":0,"op":"Małopolskie Linie Dowozowe"},"geometry":{"type":"Point","coordinates":[20.088552,49.821565]}},{"type":"Feature","properties":{"text":"A35","n":1,"mode":"bus","angle":90,"op":"Małopolskie Linie Dowozowe"},"geometry":{"type":"Point","coordinates":[20.354879,49.993425]}},{"type":"Feature","properties":{"text":"A36 A38","n":2,"mode":"bus","angle":-90,"op":"Małopolskie Linie Dowozowe"},"geometry":{"type":"Point","coordinates":[20.343953,49.996951]}},{"type":"Feature","properties":{"text":"A35 A55","n":2,"mode":"bus","angle":90,"op":"Małopolskie Linie Dowozowe"},"geometry":{"type":"Point","coordinates":[20.335759,49.965223]}},{"type":"Feature","properties":{"text":"A35","n":1,"mode":"bus","angle":90,"op":"Małopolskie Linie Dowozowe"},"geometry":{"type":"Point","coordinates":[20.330295,49.959935]}},{"type":"Feature","properties":{"text":"A32 A61 A71","n":3,"mode":"bus","angle":0,"op":"Małopolskie Linie Dowozowe"},"geometry":{"type":"Point","coordinates":[20.069432,49.826853]}},{"type":"Feature","properties":{"text":"A33","n":1,"mode":"bus","angle":0,"op":"Małopolskie Linie Dowozowe"},"geometry":{"type":"Point","coordinates":[20.159573,49.823328]}},{"type":"Feature","properties":{"text":"A54","n":1,"mode":"bus","angle":45,"op":"Małopolskie Linie Dowozowe"},"geometry":{"type":"Point","coordinates":[20.323467,50.002239]}},{"type":"Feature","properties":{"text":"904","n":1,"mode":"bus","angle":-45,"op":"MPK Kraków — buses"},"geometry":{"type":"Point","coordinates":[20.028458,49.996951]}},{"type":"Feature","properties":{"text":"171 271","n":2,"mode":"bus","angle":-45,"op":"MPK Kraków — buses"},"geometry":{"type":"Point","coordinates":[20.137721,50.041017]}},{"type":"Feature","properties":{"text":"211 A37","n":2,"mode":"bus","angle":45,"op":"mix"},"geometry":{"type":"Point","coordinates":[20.170499,50.019865]}},{"type":"Feature","properties":{"text":"112 162 176 712","n":4,"mode":"bus","angle":-45,"op":"MPK Kraków — buses"},"geometry":{"type":"Point","coordinates":[19.976559,50.004001]}},{"type":"Feature","properties":{"text":"209 219 229 239 249 259 269 279 609 A14 A44 A60 A64","n":13,"mode":"bus","angle":-45,"op":"mix"},"geometry":{"type":"Point","coordinates":[19.973827,50.009289]}},{"type":"Feature","properties":{"text":"155 174","n":2,"mode":"bus","angle":-45,"op":"MPK Kraków — buses"},"geometry":{"type":"Point","coordinates":[20.006606,50.012815]}},{"type":"Feature","properties":{"text":"242 272","n":2,"mode":"bus","angle":-45,"op":"MPK Kraków — buses"},"geometry":{"type":"Point","coordinates":[20.083089,50.041017]}},{"type":"Feature","properties":{"text":"148","n":1,"mode":"bus","angle":-45,"op":"MPK Kraków — buses"},"geometry":{"type":"Point","coordinates":[20.039384,50.028679]}},{"type":"Feature","properties":{"text":"160","n":1,"mode":"bus","angle":-45,"op":"MPK Kraków — buses"},"geometry":{"type":"Point","coordinates":[20.099479,50.046305]}},{"type":"Feature","properties":{"text":"175 243 475 610","n":4,"mode":"bus","angle":-45,"op":"MPK Kraków — buses"},"geometry":{"type":"Point","coordinates":[19.976559,49.977561]}},{"type":"Feature","properties":{"text":"224","n":1,"mode":"bus","angle":-45,"op":"MPK Kraków — buses"},"geometry":{"type":"Point","coordinates":[20.055774,49.991663]}},{"type":"Feature","properties":{"text":"B2","n":1,"mode":"bus","angle":-45,"op":"Wielicka Spółka Transportowa"},"geometry":{"type":"Point","coordinates":[20.063968,49.998713]}},{"type":"Feature","properties":{"text":"224 244","n":2,"mode":"bus","angle":-45,"op":"MPK Kraków — buses"},"geometry":{"type":"Point","coordinates":[20.03119,49.995188]}},{"type":"Feature","properties":{"text":"224 244 304","n":3,"mode":"bus","angle":-45,"op":"MPK Kraków — buses"},"geometry":{"type":"Point","coordinates":[20.03119,49.995188]}},{"type":"Feature","properties":{"text":"227","n":1,"mode":"bus","angle":-45,"op":"MPK Kraków — buses"},"geometry":{"type":"Point","coordinates":[20.0148,50.049831]}},{"type":"Feature","properties":{"text":"218 918","n":2,"mode":"bus","angle":45,"op":"MPK Kraków — buses"},"geometry":{"type":"Point","coordinates":[19.957438,50.023391]}},{"type":"Feature","properties":{"text":"258 298","n":2,"mode":"bus","angle":45,"op":"MPK Kraków — buses"},"geometry":{"type":"Point","coordinates":[19.946511,50.021628]}},{"type":"Feature","properties":{"text":"A19","n":1,"mode":"bus","angle":-45,"op":"Małopolskie Linie Dowozowe"},"geometry":{"type":"Point","coordinates":[20.012069,49.959935]}},{"type":"Feature","properties":{"text":"215 A2","n":2,"mode":"bus","angle":45,"op":"mix"},"geometry":{"type":"Point","coordinates":[20.012069,49.944071]}},{"type":"Feature","properties":{"text":"A64","n":1,"mode":"bus","angle":-45,"op":"Małopolskie Linie Dowozowe"},"geometry":{"type":"Point","coordinates":[19.911001,49.993425]}},{"type":"Feature","properties":{"text":"221 A18 A37 A7","n":4,"mode":"bus","angle":45,"op":"mix"},"geometry":{"type":"Point","coordinates":[20.167768,50.012815]}},{"type":"Feature","properties":{"text":"A18 A37 A7","n":3,"mode":"bus","angle":-45,"op":"Małopolskie Linie Dowozowe"},"geometry":{"type":"Point","coordinates":[20.159573,50.012815]}},{"type":"Feature","properties":{"text":"295","n":1,"mode":"bus","angle":-45,"op":"MPK Kraków — buses"},"geometry":{"type":"Point","coordinates":[19.935585,49.965223]}},{"type":"Feature","properties":{"text":"A19 J1 P2","n":3,"mode":"bus","angle":-45,"op":"mix"},"geometry":{"type":"Point","coordinates":[20.036653,49.982849]}},{"type":"Feature","properties":{"text":"225 285 915","n":3,"mode":"bus","angle":45,"op":"MPK Kraków — buses"},"geometry":{"type":"Point","coordinates":[20.009337,49.952884]}},{"type":"Feature","properties":{"text":"A19","n":1,"mode":"bus","angle":45,"op":"Małopolskie Linie Dowozowe"},"geometry":{"type":"Point","coordinates":[20.009337,49.954647]}},{"type":"Feature","properties":{"text":"245","n":1,"mode":"bus","angle":45,"op":"MPK Kraków — buses"},"geometry":{"type":"Point","coordinates":[19.965632,49.958172]}},{"type":"Feature","properties":{"text":"P2","n":1,"mode":"bus","angle":-45,"op":"Wielicka Spółka Transportowa"},"geometry":{"type":"Point","coordinates":[20.03119,49.988137]}},{"type":"Feature","properties":{"text":"A53","n":1,"mode":"bus","angle":45,"op":"Małopolskie Linie Dowozowe"},"geometry":{"type":"Point","coordinates":[19.957438,49.942308]}},{"type":"Feature","properties":{"text":"257 277","n":2,"mode":"bus","angle":-45,"op":"MPK Kraków — buses"},"geometry":{"type":"Point","coordinates":[20.039384,50.055119]}},{"type":"Feature","properties":{"text":"269 A60","n":2,"mode":"bus","angle":-45,"op":"mix"},"geometry":{"type":"Point","coordinates":[19.924659,50.004001]}},{"type":"Feature","properties":{"text":"G4","n":1,"mode":"bus","angle":-45,"op":"Wielicka Spółka Transportowa"},"geometry":{"type":"Point","coordinates":[20.091284,50.019865]}},{"type":"Feature","properties":{"text":"A12","n":1,"mode":"bus","angle":45,"op":"Małopolskie Linie Dowozowe"},"geometry":{"type":"Point","coordinates":[20.003874,50.06922]}},{"type":"Feature","properties":{"text":"284 A18 A58","n":3,"mode":"bus","angle":-45,"op":"mix"},"geometry":{"type":"Point","coordinates":[20.050311,49.998713]}},{"type":"Feature","properties":{"text":"A16","n":1,"mode":"bus","angle":-45,"op":"Małopolskie Linie Dowozowe"},"geometry":{"type":"Point","coordinates":[20.042116,49.945833]}},{"type":"Feature","properties":{"text":"A17 A6","n":2,"mode":"bus","angle":45,"op":"Małopolskie Linie Dowozowe"},"geometry":{"type":"Point","coordinates":[20.074895,49.961697]}},{"type":"Feature","properties":{"text":"A16 A2","n":2,"mode":"bus","angle":-45,"op":"Małopolskie Linie Dowozowe"},"geometry":{"type":"Point","coordinates":[20.039384,49.942308]}},{"type":"Feature","properties":{"text":"R2","n":1,"mode":"bus","angle":45,"op":"Wielicka Spółka Transportowa"},"geometry":{"type":"Point","coordinates":[20.039384,49.933495]}},{"type":"Feature","properties":{"text":"A16","n":1,"mode":"bus","angle":-45,"op":"Małopolskie Linie Dowozowe"},"geometry":{"type":"Point","coordinates":[20.022995,49.901767]}},{"type":"Feature","properties":{"text":"A1","n":1,"mode":"bus","angle":45,"op":"Małopolskie Linie Dowozowe"},"geometry":{"type":"Point","coordinates":[20.017532,49.898241]}},{"type":"Feature","properties":{"text":"A17","n":1,"mode":"bus","angle":45,"op":"Małopolskie Linie Dowozowe"},"geometry":{"type":"Point","coordinates":[20.129526,49.958172]}},{"type":"Feature","properties":{"text":"A9","n":1,"mode":"bus","angle":45,"op":"Małopolskie Linie Dowozowe"},"geometry":{"type":"Point","coordinates":[20.137721,49.871801]}},{"type":"Feature","properties":{"text":"A60 A64","n":2,"mode":"bus","angle":45,"op":"Małopolskie Linie Dowozowe"},"geometry":{"type":"Point","coordinates":[19.90827,50.000476]}},{"type":"Feature","properties":{"text":"A44","n":1,"mode":"bus","angle":-45,"op":"Małopolskie Linie Dowozowe"},"geometry":{"type":"Point","coordinates":[19.919196,50.012815]}},{"type":"Feature","properties":{"text":"A40","n":1,"mode":"bus","angle":-45,"op":"Małopolskie Linie Dowozowe"},"geometry":{"type":"Point","coordinates":[19.957438,49.929969]}},{"type":"Feature","properties":{"text":"A56","n":1,"mode":"bus","angle":-45,"op":"Małopolskie Linie Dowozowe"},"geometry":{"type":"Point","coordinates":[19.957438,49.929969]}},{"type":"Feature","properties":{"text":"A25","n":1,"mode":"bus","angle":-45,"op":"Małopolskie Linie Dowozowe"},"geometry":{"type":"Point","coordinates":[19.889149,49.986375]}},{"type":"Feature","properties":{"text":"A37","n":1,"mode":"bus","angle":45,"op":"Małopolskie Linie Dowozowe"},"geometry":{"type":"Point","coordinates":[20.173231,50.062169]}},{"type":"Feature","properties":{"text":"A65","n":1,"mode":"bus","angle":45,"op":"Małopolskie Linie Dowozowe"},"geometry":{"type":"Point","coordinates":[20.230594,50.032204]}},{"type":"Feature","properties":{"text":"A53","n":1,"mode":"bus","angle":-45,"op":"Małopolskie Linie Dowozowe"},"geometry":{"type":"Point","coordinates":[19.957438,49.905292]}},{"type":"Feature","properties":{"text":"A46 A63","n":2,"mode":"bus","angle":45,"op":"Małopolskie Linie Dowozowe"},"geometry":{"type":"Point","coordinates":[20.348051,49.979324]}},{"type":"Feature","properties":{"text":"A34","n":1,"mode":"bus","angle":45,"op":"Małopolskie Linie Dowozowe"},"geometry":{"type":"Point","coordinates":[20.358977,49.995188]}},{"type":"Feature","properties":{"text":"A15 A45","n":2,"mode":"bus","angle":45,"op":"Małopolskie Linie Dowozowe"},"geometry":{"type":"Point","coordinates":[20.110405,49.803057]}},{"type":"Feature","properties":{"text":"A15 A32 A45","n":3,"mode":"bus","angle":45,"op":"Małopolskie Linie Dowozowe"},"geometry":{"type":"Point","coordinates":[20.099479,49.811871]}},{"type":"Feature","properties":{"text":"A15 A32 A45","n":3,"mode":"bus","angle":45,"op":"Małopolskie Linie Dowozowe"},"geometry":{"type":"Point","coordinates":[20.096747,49.808345]}},{"type":"Feature","properties":{"text":"A61 A71","n":2,"mode":"bus","angle":-45,"op":"Małopolskie Linie Dowozowe"},"geometry":{"type":"Point","coordinates":[20.0667,49.829497]}},{"type":"Feature","properties":{"text":"A42 A48","n":2,"mode":"bus","angle":-45,"op":"Małopolskie Linie Dowozowe"},"geometry":{"type":"Point","coordinates":[19.89188,50.025153]}},{"type":"Feature","properties":{"text":"A42","n":1,"mode":"bus","angle":-45,"op":"Małopolskie Linie Dowozowe"},"geometry":{"type":"Point","coordinates":[19.89188,50.026916]}},{"type":"Feature","properties":{"text":"111 160 161 171 211 271 A37 A50 A57","n":9,"mode":"bus","angle":0,"op":"mix"},"geometry":{"type":"Point","coordinates":[20.12816,50.038373]}},{"type":"Feature","properties":{"text":"160","n":1,"mode":"bus","angle":0,"op":"MPK Kraków — buses"},"geometry":{"type":"Point","coordinates":[20.117234,50.045424]}},{"type":"Feature","properties":{"text":"155","n":1,"mode":"bus","angle":-90,"op":"MPK Kraków — buses"},"geometry":{"type":"Point","coordinates":[19.997045,49.990781]}},{"type":"Feature","properties":{"text":"271","n":1,"mode":"bus","angle":-90,"op":"MPK Kraków — buses"},"geometry":{"type":"Point","coordinates":[20.141818,50.048949]}},{"type":"Feature","properties":{"text":"202 212 222 232 262","n":5,"mode":"bus","angle":0,"op":"MPK Kraków — buses"},"geometry":{"type":"Point","coordinates":[20.09265,50.052475]}},{"type":"Feature","properties":{"text":"204 301 904","n":3,"mode":"bus","angle":0,"op":"MPK Kraków — buses"},"geometry":{"type":"Point","coordinates":[20.046213,49.994307]}},{"type":"Feature","properties":{"text":"G3","n":1,"mode":"bus","angle":90,"op":"Wielicka Spółka Transportowa"},"geometry":{"type":"Point","coordinates":[20.04075,49.990781]}},{"type":"Feature","properties":{"text":"247","n":1,"mode":"bus","angle":0,"op":"MPK Kraków — buses"},"geometry":{"type":"Point","coordinates":[20.021629,50.048949]}},{"type":"Feature","properties":{"text":"A19 P2","n":2,"mode":"bus","angle":0,"op":"mix"},"geometry":{"type":"Point","coordinates":[20.027092,49.97668]}},{"type":"Feature","properties":{"text":"215 915","n":2,"mode":"bus","angle":-90,"op":"MPK Kraków — buses"},"geometry":{"type":"Point","coordinates":[19.994314,49.969629]}},{"type":"Feature","properties":{"text":"A44","n":1,"mode":"bus","angle":-90,"op":"Małopolskie Linie Dowozowe"},"geometry":{"type":"Point","coordinates":[19.950609,50.004883]}},{"type":"Feature","properties":{"text":"229 A64","n":2,"mode":"bus","angle":-90,"op":"mix"},"geometry":{"type":"Point","coordinates":[19.906904,49.985493]}},{"type":"Feature","properties":{"text":"221 264 B2","n":3,"mode":"bus","angle":0,"op":"mix"},"geometry":{"type":"Point","coordinates":[20.114502,50.026035]}},{"type":"Feature","properties":{"text":"B2","n":1,"mode":"bus","angle":0,"op":"Wielicka Spółka Transportowa"},"geometry":{"type":"Point","coordinates":[20.117234,50.024272]}},{"type":"Feature","properties":{"text":"224 A19 G3 J1","n":4,"mode":"bus","angle":-90,"op":"mix"},"geometry":{"type":"Point","coordinates":[20.04075,49.983731]}},{"type":"Feature","properties":{"text":"244 274 304","n":3,"mode":"bus","angle":0,"op":"MPK Kraków — buses"},"geometry":{"type":"Point","coordinates":[20.048945,49.987256]}},{"type":"Feature","properties":{"text":"A1 A56","n":2,"mode":"bus","angle":90,"op":"Małopolskie Linie Dowozowe"},"geometry":{"type":"Point","coordinates":[19.980656,49.946715]}},{"type":"Feature","properties":{"text":"A1 A56","n":2,"mode":"bus","angle":90,"op":"Małopolskie Linie Dowozowe"},"geometry":{"type":"Point","coordinates":[19.977924,49.952003]}},{"type":"Feature","properties":{"text":"234 A18 A58","n":3,"mode":"bus","angle":0,"op":"mix"},"geometry":{"type":"Point","coordinates":[20.078992,50.013696]}},{"type":"Feature","properties":{"text":"278","n":1,"mode":"bus","angle":-90,"op":"MPK Kraków — buses"},"geometry":{"type":"Point","coordinates":[19.945146,50.036611]}},{"type":"Feature","properties":{"text":"250 270","n":2,"mode":"bus","angle":0,"op":"MPK Kraków — buses"},"geometry":{"type":"Point","coordinates":[20.065334,50.052475]}},{"type":"Feature","properties":{"text":"277","n":1,"mode":"bus","angle":-90,"op":"MPK Kraków — buses"},"geometry":{"type":"Point","coordinates":[20.029824,50.066576]}},{"type":"Feature","properties":{"text":"337 937 A12 A13","n":4,"mode":"bus","angle":-90,"op":"mix"},"geometry":{"type":"Point","coordinates":[20.007971,50.054237]}},{"type":"Feature","properties":{"text":"A43","n":1,"mode":"bus","angle":-90,"op":"Małopolskie Linie Dowozowe"},"geometry":{"type":"Point","coordinates":[19.947877,49.962579]}},{"type":"Feature","properties":{"text":"274 A18","n":2,"mode":"bus","angle":0,"op":"mix"},"geometry":{"type":"Point","coordinates":[20.12816,49.971392]}},{"type":"Feature","properties":{"text":"274 A18 A59","n":3,"mode":"bus","angle":0,"op":"mix"},"geometry":{"type":"Point","coordinates":[20.106308,49.978443]}},{"type":"Feature","properties":{"text":"277","n":1,"mode":"bus","angle":0,"op":"MPK Kraków — buses"},"geometry":{"type":"Point","coordinates":[20.038019,50.071864]}},{"type":"Feature","properties":{"text":"A58","n":1,"mode":"bus","angle":0,"op":"Małopolskie Linie Dowozowe"},"geometry":{"type":"Point","coordinates":[20.062603,50.001357]}},{"type":"Feature","properties":{"text":"295","n":1,"mode":"bus","angle":90,"op":"MPK Kraków — buses"},"geometry":{"type":"Point","coordinates":[19.939682,49.957291]}},{"type":"Feature","properties":{"text":"A17 A8","n":2,"mode":"bus","angle":-90,"op":"Małopolskie Linie Dowozowe"},"geometry":{"type":"Point","coordinates":[20.09265,49.913224]}},{"type":"Feature","properties":{"text":"A16 A8 A9","n":3,"mode":"bus","angle":-90,"op":"Małopolskie Linie Dowozowe"},"geometry":{"type":"Point","coordinates":[20.048945,49.967867]}},{"type":"Feature","properties":{"text":"J1","n":1,"mode":"bus","angle":0,"op":"Wielicka Spółka Transportowa"},"geometry":{"type":"Point","coordinates":[20.029824,49.955528]}},{"type":"Feature","properties":{"text":"A49","n":1,"mode":"bus","angle":0,"op":"Małopolskie Linie Dowozowe"},"geometry":{"type":"Point","coordinates":[20.024361,49.925563]}},{"type":"Feature","properties":{"text":"A9","n":1,"mode":"bus","angle":0,"op":"Małopolskie Linie Dowozowe"},"geometry":{"type":"Point","coordinates":[20.204644,49.877971]}},{"type":"Feature","properties":{"text":"A49","n":1,"mode":"bus","angle":0,"op":"Małopolskie Linie Dowozowe"},"geometry":{"type":"Point","coordinates":[20.065334,49.909699]}},{"type":"Feature","properties":{"text":"A16","n":1,"mode":"bus","angle":90,"op":"Małopolskie Linie Dowozowe"},"geometry":{"type":"Point","coordinates":[20.029824,49.913224]}},{"type":"Feature","properties":{"text":"A16","n":1,"mode":"bus","angle":-90,"op":"Małopolskie Linie Dowozowe"},"geometry":{"type":"Point","coordinates":[20.027092,49.916749]}},{"type":"Feature","properties":{"text":"A44","n":1,"mode":"bus","angle":90,"op":"Małopolskie Linie Dowozowe"},"geometry":{"type":"Point","coordinates":[19.906904,50.004883]}},{"type":"Feature","properties":{"text":"A49","n":1,"mode":"bus","angle":0,"op":"Małopolskie Linie Dowozowe"},"geometry":{"type":"Point","coordinates":[20.051676,49.907936]}},{"type":"Feature","properties":{"text":"A37 A50 A57","n":3,"mode":"bus","angle":0,"op":"Małopolskie Linie Dowozowe"},"geometry":{"type":"Point","coordinates":[20.185523,50.036611]}},{"type":"Feature","properties":{"text":"A37 A50 A7","n":3,"mode":"bus","angle":0,"op":"Małopolskie Linie Dowozowe"},"geometry":{"type":"Point","coordinates":[20.174597,50.064813]}},{"type":"Feature","properties":{"text":"A26","n":1,"mode":"bus","angle":90,"op":"Małopolskie Linie Dowozowe"},"geometry":{"type":"Point","coordinates":[20.319369,49.973155]}},{"type":"Feature","properties":{"text":"A22","n":1,"mode":"bus","angle":-90,"op":"Małopolskie Linie Dowozowe"},"geometry":{"type":"Point","coordinates":[20.272933,49.885021]}},{"type":"Feature","properties":{"text":"A21 A61","n":2,"mode":"bus","angle":0,"op":"Małopolskie Linie Dowozowe"},"geometry":{"type":"Point","coordinates":[20.106308,49.823328]}},{"type":"Feature","properties":{"text":"A33","n":1,"mode":"bus","angle":0,"op":"Małopolskie Linie Dowozowe"},"geometry":{"type":"Point","coordinates":[20.084455,49.825091]}},{"type":"Feature","properties":{"text":"A33","n":1,"mode":"bus","angle":0,"op":"Małopolskie Linie Dowozowe"},"geometry":{"type":"Point","coordinates":[20.068066,49.821565]}},{"type":"Feature","properties":{"text":"A21 A71","n":2,"mode":"bus","angle":0,"op":"Małopolskie Linie Dowozowe"},"geometry":{"type":"Point","coordinates":[20.103576,49.821565]}},{"type":"Feature","properties":{"text":"A21 A33 A71","n":3,"mode":"bus","angle":0,"op":"Małopolskie Linie Dowozowe"},"geometry":{"type":"Point","coordinates":[20.114502,49.821565]}},{"type":"Feature","properties":{"text":"A21","n":1,"mode":"bus","angle":0,"op":"Małopolskie Linie Dowozowe"},"geometry":{"type":"Point","coordinates":[20.16367,49.832141]}},{"type":"Feature","properties":{"text":"A34 A35 A62","n":3,"mode":"bus","angle":0,"op":"Małopolskie Linie Dowozowe"},"geometry":{"type":"Point","coordinates":[20.341222,49.985493]}},{"type":"Feature","properties":{"text":"A34","n":1,"mode":"bus","angle":0,"op":"Małopolskie Linie Dowozowe"},"geometry":{"type":"Point","coordinates":[20.360343,49.989019]}},{"type":"Feature","properties":{"text":"A46","n":1,"mode":"bus","angle":0,"op":"Małopolskie Linie Dowozowe"},"geometry":{"type":"Point","coordinates":[20.354879,49.97668]}},{"type":"Feature","properties":{"text":"A46","n":1,"mode":"bus","angle":90,"op":"Małopolskie Linie Dowozowe"},"geometry":{"type":"Point","coordinates":[20.363074,49.960816]}},{"type":"Feature","properties":{"text":"A63","n":1,"mode":"bus","angle":0,"op":"Małopolskie Linie Dowozowe"},"geometry":{"type":"Point","coordinates":[20.354879,49.948477]}},{"type":"Feature","properties":{"text":"A31","n":1,"mode":"bus","angle":-90,"op":"Małopolskie Linie Dowozowe"},"geometry":{"type":"Point","coordinates":[20.324832,49.964341]}},{"type":"Feature","properties":{"text":"A3","n":1,"mode":"bus","angle":-90,"op":"Małopolskie Linie Dowozowe"},"geometry":{"type":"Point","coordinates":[20.248349,49.936139]}},{"type":"Feature","properties":{"text":"A3","n":1,"mode":"bus","angle":-90,"op":"Małopolskie Linie Dowozowe"},"geometry":{"type":"Point","coordinates":[20.248349,49.943189]}},{"type":"Feature","properties":{"text":"A33 A61","n":2,"mode":"bus","angle":0,"op":"Małopolskie Linie Dowozowe"},"geometry":{"type":"Point","coordinates":[20.100844,49.81804]}},{"type":"Feature","properties":{"text":"A33","n":1,"mode":"bus","angle":0,"op":"Małopolskie Linie Dowozowe"},"geometry":{"type":"Point","coordinates":[20.119965,49.819803]}},{"type":"Feature","properties":{"text":"A11","n":1,"mode":"bus","angle":0,"op":"Małopolskie Linie Dowozowe"},"geometry":{"type":"Point","coordinates":[20.065334,49.893835]}},{"type":"Feature","properties":{"text":"A26 A51 A52 A54","n":4,"mode":"bus","angle":0,"op":"Małopolskie Linie Dowozowe"},"geometry":{"type":"Point","coordinates":[20.323467,49.985493]}},{"type":"Feature","properties":{"text":"102","n":1,"mode":"bus","angle":90,"op":"MPK Kraków — buses"},"geometry":{"type":"Point","coordinates":[19.966998,50.009289]}},{"type":"Feature","properties":{"text":"138 572","n":2,"mode":"bus","angle":0,"op":"MPK Kraków — buses"},"geometry":{"type":"Point","coordinates":[20.020263,50.034848]}},{"type":"Feature","properties":{"text":"155 204 224 610","n":4,"mode":"bus","angle":0,"op":"mix"},"geometry":{"type":"Point","coordinates":[20.003874,49.999595]}},{"type":"Feature","properties":{"text":"11 50 74","n":3,"mode":"tram","angle":0,"op":"mix"},"geometry":{"type":"Point","coordinates":[20.003874,49.999595]}},{"type":"Feature","properties":{"text":"111 160 161 171 211 271","n":6,"mode":"bus","angle":0,"op":"MPK Kraków — buses"},"geometry":{"type":"Point","coordinates":[20.1186,50.038373]}},{"type":"Feature","properties":{"text":"A37 A50 A57","n":3,"mode":"bus","angle":0,"op":"Małopolskie Linie Dowozowe"},"geometry":{"type":"Point","coordinates":[20.1186,50.038373]}},{"type":"Feature","properties":{"text":"112 162","n":2,"mode":"bus","angle":-90,"op":"MPK Kraków — buses"},"geometry":{"type":"Point","coordinates":[19.96973,49.998713]}},{"type":"Feature","properties":{"text":"162","n":1,"mode":"bus","angle":90,"op":"MPK Kraków — buses"},"geometry":{"type":"Point","coordinates":[19.966998,49.991663]}},{"type":"Feature","properties":{"text":"204 610","n":2,"mode":"bus","angle":0,"op":"MPK Kraków — buses"},"geometry":{"type":"Point","coordinates":[19.992948,49.994307]}},{"type":"Feature","properties":{"text":"123 132 139 601","n":4,"mode":"bus","angle":0,"op":"MPK Kraków — buses"},"geometry":{"type":"Point","coordinates":[20.053042,50.040136]}},{"type":"Feature","properties":{"text":"149 A50 A57","n":3,"mode":"bus","angle":0,"op":"mix"},"geometry":{"type":"Point","coordinates":[20.069432,50.033085]}},{"type":"Feature","properties":{"text":"10 16","n":2,"mode":"tram","angle":0,"op":"mix"},"geometry":{"type":"Point","coordinates":[20.069432,50.033085]}},{"type":"Feature","properties":{"text":"123 125 195 264 605 A58","n":6,"mode":"bus","angle":0,"op":"mix"},"geometry":{"type":"Point","coordinates":[20.050311,50.022509]}},{"type":"Feature","properties":{"text":"123 125 195 221 264 A58","n":6,"mode":"bus","angle":0,"op":"mix"},"geometry":{"type":"Point","coordinates":[20.036653,50.018984]}},{"type":"Feature","properties":{"text":"664","n":1,"mode":"bus","angle":0,"op":"MPK Kraków — buses"},"geometry":{"type":"Point","coordinates":[20.03119,50.02956]}},{"type":"Feature","properties":{"text":"5 9 10 52 74 75","n":6,"mode":"tram","angle":0,"op":"MPK Kraków — trams"},"geometry":{"type":"Point","coordinates":[20.03119,50.02956]}},{"type":"Feature","properties":{"text":"195","n":1,"mode":"bus","angle":0,"op":"MPK Kraków — buses"},"geometry":{"type":"Point","coordinates":[20.055774,50.015459]}},{"type":"Feature","properties":{"text":"194 494 662","n":3,"mode":"bus","angle":90,"op":"mix"},"geometry":{"type":"Point","coordinates":[19.994314,50.011052]}},{"type":"Feature","properties":{"text":"18 22 52 62","n":4,"mode":"tram","angle":90,"op":"mix"},"geometry":{"type":"Point","coordinates":[19.994314,50.011052]}},{"type":"Feature","properties":{"text":"126","n":1,"mode":"bus","angle":-90,"op":"MPK Kraków — buses"},"geometry":{"type":"Point","coordinates":[19.980656,50.014577]}},{"type":"Feature","properties":{"text":"149 463","n":2,"mode":"bus","angle":0,"op":"mix"},"geometry":{"type":"Point","coordinates":[20.074895,50.038373]}},{"type":"Feature","properties":{"text":"21 22 74 75","n":4,"mode":"tram","angle":0,"op":"mix"},"geometry":{"type":"Point","coordinates":[20.074895,50.038373]}},{"type":"Feature","properties":{"text":"240","n":1,"mode":"bus","angle":0,"op":"MPK Kraków — buses"},"geometry":{"type":"Point","coordinates":[20.001143,50.033085]}},{"type":"Feature","properties":{"text":"204 224 904","n":3,"mode":"bus","angle":90,"op":"mix"},"geometry":{"type":"Point","coordinates":[20.016166,50.005764]}},{"type":"Feature","properties":{"text":"11 50 74","n":3,"mode":"tram","angle":90,"op":"mix"},"geometry":{"type":"Point","coordinates":[20.016166,50.005764]}},{"type":"Feature","properties":{"text":"608","n":1,"mode":"bus","angle":90,"op":"mix"},"geometry":{"type":"Point","coordinates":[19.999777,50.009289]}},{"type":"Feature","properties":{"text":"8 10 17","n":3,"mode":"tram","angle":90,"op":"mix"},"geometry":{"type":"Point","coordinates":[19.999777,50.009289]}},{"type":"Feature","properties":{"text":"463 A1 A40 A49 A56","n":5,"mode":"bus","angle":90,"op":"mix"},"geometry":{"type":"Point","coordinates":[19.999777,50.009289]}},{"type":"Feature","properties":{"text":"174 463 662","n":3,"mode":"bus","angle":0,"op":"mix"},"geometry":{"type":"Point","coordinates":[20.050311,50.033085]}},{"type":"Feature","properties":{"text":"10 22 62 74 75","n":5,"mode":"tram","angle":0,"op":"mix"},"geometry":{"type":"Point","coordinates":[20.050311,50.033085]}},{"type":"Feature","properties":{"text":"149 A50 A57","n":3,"mode":"bus","angle":0,"op":"mix"},"geometry":{"type":"Point","coordinates":[20.085821,50.034848]}},{"type":"Feature","properties":{"text":"10 21","n":2,"mode":"tram","angle":0,"op":"MPK Kraków — trams"},"geometry":{"type":"Point","coordinates":[20.085821,50.034848]}},{"type":"Feature","properties":{"text":"153 513","n":2,"mode":"bus","angle":90,"op":"MPK Kraków — buses"},"geometry":{"type":"Point","coordinates":[20.021629,50.000476]}},{"type":"Feature","properties":{"text":"284","n":1,"mode":"bus","angle":90,"op":"MPK Kraków — buses"},"geometry":{"type":"Point","coordinates":[20.05714,50.004001]}},{"type":"Feature","properties":{"text":"214 254","n":2,"mode":"bus","angle":0,"op":"MPK Kraków — buses"},"geometry":{"type":"Point","coordinates":[20.001143,49.983731]}},{"type":"Feature","properties":{"text":"160 242 272","n":3,"mode":"bus","angle":0,"op":"MPK Kraków — buses"},"geometry":{"type":"Point","coordinates":[20.091284,50.043661]}},{"type":"Feature","properties":{"text":"200 210 230 240 310 910","n":6,"mode":"bus","angle":-90,"op":"MPK Kraków — buses"},"geometry":{"type":"Point","coordinates":[19.988851,50.032204]}},{"type":"Feature","properties":{"text":"175 233 475 610","n":4,"mode":"bus","angle":90,"op":"MPK Kraków — buses"},"geometry":{"type":"Point","coordinates":[19.972461,49.977561]}},{"type":"Feature","properties":{"text":"A49","n":1,"mode":"bus","angle":90,"op":"Małopolskie Linie Dowozowe"},"geometry":{"type":"Point","coordinates":[19.986119,49.974036]}},{"type":"Feature","properties":{"text":"175 A49","n":2,"mode":"bus","angle":-90,"op":"mix"},"geometry":{"type":"Point","coordinates":[19.986119,49.981087]}},{"type":"Feature","properties":{"text":"223 235 273 295 A43","n":5,"mode":"bus","angle":90,"op":"mix"},"geometry":{"type":"Point","coordinates":[19.95334,49.972273]}},{"type":"Feature","properties":{"text":"223 253 283 293 903 A53","n":6,"mode":"bus","angle":90,"op":"mix"},"geometry":{"type":"Point","coordinates":[19.961535,49.972273]}},{"type":"Feature","properties":{"text":"204 301 904 A18 B2 D2 W2","n":7,"mode":"bus","angle":0,"op":"mix"},"geometry":{"type":"Point","coordinates":[20.055774,49.994307]}},{"type":"Feature","properties":{"text":"207","n":1,"mode":"bus","angle":90,"op":"MPK Kraków — buses"},"geometry":{"type":"Point","coordinates":[20.010703,50.049831]}},{"type":"Feature","properties":{"text":"228","n":1,"mode":"bus","angle":0,"op":"MPK Kraków — buses"},"geometry":{"type":"Point","coordinates":[19.94378,50.017221]}},{"type":"Feature","properties":{"text":"A60","n":1,"mode":"bus","angle":90,"op":"Małopolskie Linie Dowozowe"},"geometry":{"type":"Point","coordinates":[19.950609,50.011052]}},{"type":"Feature","properties":{"text":"269 A44","n":2,"mode":"bus","angle":0,"op":"mix"},"geometry":{"type":"Point","coordinates":[19.946511,50.008408]}},{"type":"Feature","properties":{"text":"G3","n":1,"mode":"bus","angle":0,"op":"Wielicka Spółka Transportowa"},"geometry":{"type":"Point","coordinates":[20.006606,49.973155]}},{"type":"Feature","properties":{"text":"254","n":1,"mode":"bus","angle":0,"op":"MPK Kraków — buses"},"geometry":{"type":"Point","coordinates":[19.998411,49.973155]}},{"type":"Feature","properties":{"text":"238 918","n":2,"mode":"bus","angle":0,"op":"MPK Kraków — buses"},"geometry":{"type":"Point","coordinates":[19.949243,50.027797]}},{"type":"Feature","properties":{"text":"218 228 918","n":3,"mode":"bus","angle":0,"op":"MPK Kraków — buses"},"geometry":{"type":"Point","coordinates":[19.968364,50.026035]}},{"type":"Feature","properties":{"text":"279 A44","n":2,"mode":"bus","angle":90,"op":"mix"},"geometry":{"type":"Point","coordinates":[19.950609,49.998713]}},{"type":"Feature","properties":{"text":"229 A64","n":2,"mode":"bus","angle":0,"op":"mix"},"geometry":{"type":"Point","coordinates":[19.919196,49.980205]}},{"type":"Feature","properties":{"text":"239 279 A14","n":3,"mode":"bus","angle":0,"op":"mix"},"geometry":{"type":"Point","coordinates":[19.94378,49.97668]}},{"type":"Feature","properties":{"text":"220","n":1,"mode":"bus","angle":-90,"op":"MPK Kraków — buses"},"geometry":{"type":"Point","coordinates":[19.994314,50.048068]}},{"type":"Feature","properties":{"text":"240 290","n":2,"mode":"bus","angle":-90,"op":"MPK Kraków — buses"},"geometry":{"type":"Point","coordinates":[19.999777,50.044543]}},{"type":"Feature","properties":{"text":"221 264 B2","n":3,"mode":"bus","angle":0,"op":"mix"},"geometry":{"type":"Point","coordinates":[20.126794,50.024272]}},{"type":"Feature","properties":{"text":"221 264 B2","n":3,"mode":"bus","angle":0,"op":"mix"},"geometry":{"type":"Point","coordinates":[20.104942,50.026035]}},{"type":"Feature","properties":{"text":"232","n":1,"mode":"bus","angle":0,"op":"MPK Kraków — buses"},"geometry":{"type":"Point","coordinates":[20.099479,50.068339]}},{"type":"Feature","properties":{"text":"245","n":1,"mode":"bus","angle":90,"op":"MPK Kraków — buses"},"geometry":{"type":"Point","coordinates":[19.961535,49.96346]}},{"type":"Feature","properties":{"text":"223 235 295","n":3,"mode":"bus","angle":0,"op":"MPK Kraków — buses"},"geometry":{"type":"Point","coordinates":[19.946511,49.969629]}},{"type":"Feature","properties":{"text":"224","n":1,"mode":"bus","angle":-90,"op":"MPK Kraków — buses"},"geometry":{"type":"Point","coordinates":[20.043482,49.984612]}},{"type":"Feature","properties":{"text":"274 304","n":2,"mode":"bus","angle":-90,"op":"MPK Kraków — buses"},"geometry":{"type":"Point","coordinates":[20.043482,49.9899]}},{"type":"Feature","properties":{"text":"285","n":1,"mode":"bus","angle":0,"op":"MPK Kraków — buses"},"geometry":{"type":"Point","coordinates":[19.990216,49.948477]}},{"type":"Feature","properties":{"text":"245 255 275 285 A1 A56","n":6,"mode":"bus","angle":-90,"op":"mix"},"geometry":{"type":"Point","coordinates":[19.977924,49.958172]}},{"type":"Feature","properties":{"text":"245 275 285 A1 A56","n":5,"mode":"bus","angle":-90,"op":"mix"},"geometry":{"type":"Point","coordinates":[19.975193,49.965223]}},{"type":"Feature","properties":{"text":"255","n":1,"mode":"bus","angle":0,"op":"MPK Kraków — buses"},"geometry":{"type":"Point","coordinates":[19.97929,49.962579]}},{"type":"Feature","properties":{"text":"280","n":1,"mode":"bus","angle":-90,"op":"MPK Kraków — buses"},"geometry":{"type":"Point","coordinates":[20.018898,50.056881]}},{"type":"Feature","properties":{"text":"235","n":1,"mode":"bus","angle":0,"op":"MPK Kraków — buses"},"geometry":{"type":"Point","coordinates":[19.973827,49.973155]}},{"type":"Feature","properties":{"text":"234 A18 Z1","n":3,"mode":"bus","angle":0,"op":"mix"},"geometry":{"type":"Point","coordinates":[20.113136,50.015459]}},{"type":"Feature","properties":{"text":"A58","n":1,"mode":"bus","angle":0,"op":"Małopolskie Linie Dowozowe"},"geometry":{"type":"Point","coordinates":[20.080358,50.011933]}},{"type":"Feature","properties":{"text":"238","n":1,"mode":"bus","angle":0,"op":"MPK Kraków — buses"},"geometry":{"type":"Point","coordinates":[19.941048,50.027797]}},{"type":"Feature","properties":{"text":"288","n":1,"mode":"bus","angle":-90,"op":"MPK Kraków — buses"},"geometry":{"type":"Point","coordinates":[19.977924,50.033967]}},{"type":"Feature","properties":{"text":"259","n":1,"mode":"bus","angle":90,"op":"MPK Kraków — buses"},"geometry":{"type":"Point","coordinates":[19.939682,49.984612]}},{"type":"Feature","properties":{"text":"D2","n":1,"mode":"bus","angle":90,"op":"Wielicka Spółka Transportowa"},"geometry":{"type":"Point","coordinates":[20.065334,49.988137]}},{"type":"Feature","properties":{"text":"A59 Z1","n":2,"mode":"bus","angle":0,"op":"mix"},"geometry":{"type":"Point","coordinates":[20.061237,49.989019]}},{"type":"Feature","properties":{"text":"244 P2","n":2,"mode":"bus","angle":-90,"op":"mix"},"geometry":{"type":"Point","coordinates":[20.024361,49.988137]}},{"type":"Feature","properties":{"text":"248 268 948","n":3,"mode":"bus","angle":90,"op":"MPK Kraków — buses"},"geometry":{"type":"Point","coordinates":[19.972461,50.04278]}},{"type":"Feature","properties":{"text":"250","n":1,"mode":"bus","angle":0,"op":"MPK Kraków — buses"},"geometry":{"type":"Point","coordinates":[20.044848,50.048949]}},{"type":"Feature","properties":{"text":"253","n":1,"mode":"bus","angle":0,"op":"MPK Kraków — buses"},"geometry":{"type":"Point","coordinates":[19.951975,49.941427]}},{"type":"Feature","properties":{"text":"257","n":1,"mode":"bus","angle":0,"op":"MPK Kraków — buses"},"geometry":{"type":"Point","coordinates":[20.025727,50.063051]}},{"type":"Feature","properties":{"text":"257","n":1,"mode":"bus","angle":0,"op":"MPK Kraków — buses"},"geometry":{"type":"Point","coordinates":[20.036653,50.063051]}},{"type":"Feature","properties":{"text":"277","n":1,"mode":"bus","angle":0,"op":"MPK Kraków — buses"},"geometry":{"type":"Point","coordinates":[20.039384,50.061288]}},{"type":"Feature","properties":{"text":"337 937","n":2,"mode":"bus","angle":0,"op":"MPK Kraków — buses"},"geometry":{"type":"Point","coordinates":[20.0148,50.059525]}},{"type":"Feature","properties":{"text":"307","n":1,"mode":"bus","angle":0,"op":"MPK Kraków — buses"},"geometry":{"type":"Point","coordinates":[20.03119,50.056]}},{"type":"Feature","properties":{"text":"A60","n":1,"mode":"bus","angle":0,"op":"Małopolskie Linie Dowozowe"},"geometry":{"type":"Point","coordinates":[19.930122,50.008408]}},{"type":"Feature","properties":{"text":"269","n":1,"mode":"bus","angle":0,"op":"MPK Kraków — buses"},"geometry":{"type":"Point","coordinates":[19.930122,49.997832]}},{"type":"Feature","properties":{"text":"A60","n":1,"mode":"bus","angle":0,"op":"Małopolskie Linie Dowozowe"},"geometry":{"type":"Point","coordinates":[19.919196,49.996069]}},{"type":"Feature","properties":{"text":"260","n":1,"mode":"bus","angle":0,"op":"MPK Kraków — buses"},"geometry":{"type":"Point","coordinates":[20.063968,50.059525]}},{"type":"Feature","properties":{"text":"273","n":1,"mode":"bus","angle":90,"op":"MPK Kraków — buses"},"geometry":{"type":"Point","coordinates":[19.945146,49.954647]}},{"type":"Feature","properties":{"text":"295","n":1,"mode":"bus","angle":0,"op":"MPK Kraków — buses"},"geometry":{"type":"Point","coordinates":[19.935585,49.960816]}},{"type":"Feature","properties":{"text":"301 A18","n":2,"mode":"bus","angle":0,"op":"mix"},"geometry":{"type":"Point","coordinates":[20.159573,50.006645]}},{"type":"Feature","properties":{"text":"A17 A49 A8 A9","n":4,"mode":"bus","angle":0,"op":"Małopolskie Linie Dowozowe"},"geometry":{"type":"Point","coordinates":[20.094016,49.907936]}},{"type":"Feature","properties":{"text":"A9","n":1,"mode":"bus","angle":0,"op":"Małopolskie Linie Dowozowe"},"geometry":{"type":"Point","coordinates":[20.058505,49.934376]}},{"type":"Feature","properties":{"text":"A16","n":1,"mode":"bus","angle":90,"op":"Małopolskie Linie Dowozowe"},"geometry":{"type":"Point","coordinates":[20.046213,49.949359]}},{"type":"Feature","properties":{"text":"R2","n":1,"mode":"bus","angle":0,"op":"Wielicka Spółka Transportowa"},"geometry":{"type":"Point","coordinates":[20.044848,49.974917]}},{"type":"Feature","properties":{"text":"A2 R2","n":2,"mode":"bus","angle":90,"op":"mix"},"geometry":{"type":"Point","coordinates":[20.038019,49.951121]}},{"type":"Feature","properties":{"text":"A2","n":1,"mode":"bus","angle":90,"op":"Małopolskie Linie Dowozowe"},"geometry":{"type":"Point","coordinates":[20.038019,49.945833]}},{"type":"Feature","properties":{"text":"A16 A2 R2","n":3,"mode":"bus","angle":0,"op":"mix"},"geometry":{"type":"Point","coordinates":[20.03119,49.936139]}},{"type":"Feature","properties":{"text":"A18 A59","n":2,"mode":"bus","angle":-90,"op":"Małopolskie Linie Dowozowe"},"geometry":{"type":"Point","coordinates":[20.218302,49.96346]}},{"type":"Feature","properties":{"text":"A9","n":1,"mode":"bus","angle":0,"op":"Małopolskie Linie Dowozowe"},"geometry":{"type":"Point","coordinates":[20.145915,49.869157]}},{"type":"Feature","properties":{"text":"A11 A9","n":2,"mode":"bus","angle":-90,"op":"Małopolskie Linie Dowozowe"},"geometry":{"type":"Point","coordinates":[20.103576,49.880615]}},{"type":"Feature","properties":{"text":"A47 A66","n":2,"mode":"bus","angle":0,"op":"Małopolskie Linie Dowozowe"},"geometry":{"type":"Point","coordinates":[19.848175,49.992544]}},{"type":"Feature","properties":{"text":"A47 A66","n":2,"mode":"bus","angle":0,"op":"Małopolskie Linie Dowozowe"},"geometry":{"type":"Point","coordinates":[19.853638,49.989019]}},{"type":"Feature","properties":{"text":"A40","n":1,"mode":"bus","angle":90,"op":"Małopolskie Linie Dowozowe"},"geometry":{"type":"Point","coordinates":[19.852273,49.942308]}},{"type":"Feature","properties":{"text":"A25 A47","n":2,"mode":"bus","angle":90,"op":"Małopolskie Linie Dowozowe"},"geometry":{"type":"Point","coordinates":[19.871394,49.947596]}},{"type":"Feature","properties":{"text":"A12 A13","n":2,"mode":"bus","angle":0,"op":"Małopolskie Linie Dowozowe"},"geometry":{"type":"Point","coordinates":[19.935585,50.066576]}},{"type":"Feature","properties":{"text":"A40 A53","n":2,"mode":"bus","angle":-90,"op":"Małopolskie Linie Dowozowe"},"geometry":{"type":"Point","coordinates":[19.96973,49.938783]}},{"type":"Feature","properties":{"text":"A40 A53","n":2,"mode":"bus","angle":90,"op":"Małopolskie Linie Dowozowe"},"geometry":{"type":"Point","coordinates":[19.966998,49.935257]}},{"type":"Feature","properties":{"text":"A25","n":1,"mode":"bus","angle":0,"op":"Małopolskie Linie Dowozowe"},"geometry":{"type":"Point","coordinates":[19.880954,49.981968]}},{"type":"Feature","properties":{"text":"A26 A5","n":2,"mode":"bus","angle":90,"op":"Małopolskie Linie Dowozowe"},"geometry":{"type":"Point","coordinates":[20.283859,49.972273]}},{"type":"Feature","properties":{"text":"A5","n":1,"mode":"bus","angle":0,"op":"Małopolskie Linie Dowozowe"},"geometry":{"type":"Point","coordinates":[20.285225,49.967867]}},{"type":"Feature","properties":{"text":"A4 A65 A7","n":3,"mode":"bus","angle":90,"op":"Małopolskie Linie Dowozowe"},"geometry":{"type":"Point","coordinates":[20.21557,50.037492]}},{"type":"Feature","properties":{"text":"A50 A57","n":2,"mode":"bus","angle":0,"op":"Małopolskie Linie Dowozowe"},"geometry":{"type":"Point","coordinates":[20.20601,50.036611]}},{"type":"Feature","properties":{"text":"A37 A50 A57","n":3,"mode":"bus","angle":0,"op":"Małopolskie Linie Dowozowe"},"geometry":{"type":"Point","coordinates":[20.173231,50.034848]}},{"type":"Feature","properties":{"text":"A26 A52","n":2,"mode":"bus","angle":90,"op":"Małopolskie Linie Dowozowe"},"geometry":{"type":"Point","coordinates":[20.324832,49.984612]}},{"type":"Feature","properties":{"text":"A26","n":1,"mode":"bus","angle":90,"op":"Małopolskie Linie Dowozowe"},"geometry":{"type":"Point","coordinates":[20.319369,49.968748]}},{"type":"Feature","properties":{"text":"A21 A22","n":2,"mode":"bus","angle":90,"op":"Małopolskie Linie Dowozowe"},"geometry":{"type":"Point","coordinates":[20.270201,49.868276]}},{"type":"Feature","properties":{"text":"A31","n":1,"mode":"bus","angle":90,"op":"Małopolskie Linie Dowozowe"},"geometry":{"type":"Point","coordinates":[20.333027,49.974036]}},{"type":"Feature","properties":{"text":"A29 A30 A35 A55","n":4,"mode":"bus","angle":90,"op":"Małopolskie Linie Dowozowe"},"geometry":{"type":"Point","coordinates":[20.33849,49.974036]}},{"type":"Feature","properties":{"text":"A29 A30 A35 A55","n":4,"mode":"bus","angle":90,"op":"Małopolskie Linie Dowozowe"},"geometry":{"type":"Point","coordinates":[20.333027,49.979324]}},{"type":"Feature","properties":{"text":"A21 A61","n":2,"mode":"bus","angle":0,"op":"Małopolskie Linie Dowozowe"},"geometry":{"type":"Point","coordinates":[20.178694,49.833904]}},{"type":"Feature","properties":{"text":"A32 A61 A71","n":3,"mode":"bus","angle":0,"op":"Małopolskie Linie Dowozowe"},"geometry":{"type":"Point","coordinates":[20.074895,49.825091]}},{"type":"Feature","properties":{"text":"A15 A21 A32 A33 A45 A61 A71","n":7,"mode":"bus","angle":0,"op":"Małopolskie Linie Dowozowe"},"geometry":{"type":"Point","coordinates":[20.077626,49.821565]}},{"type":"Feature","properties":{"text":"A15 A32 A45 A61","n":4,"mode":"bus","angle":0,"op":"Małopolskie Linie Dowozowe"},"geometry":{"type":"Point","coordinates":[20.091284,49.81804]}},{"type":"Feature","properties":{"text":"A21 A71","n":2,"mode":"bus","angle":0,"op":"Małopolskie Linie Dowozowe"},"geometry":{"type":"Point","coordinates":[20.173231,49.832141]}},{"type":"Feature","properties":{"text":"A23","n":1,"mode":"bus","angle":90,"op":"Małopolskie Linie Dowozowe"},"geometry":{"type":"Point","coordinates":[20.346685,49.961697]}},{"type":"Feature","properties":{"text":"A36 A38 A39","n":3,"mode":"bus","angle":-90,"op":"Małopolskie Linie Dowozowe"},"geometry":{"type":"Point","coordinates":[20.343953,49.986375]}},{"type":"Feature","properties":{"text":"A36","n":1,"mode":"bus","angle":90,"op":"Małopolskie Linie Dowozowe"},"geometry":{"type":"Point","coordinates":[20.341222,50.005764]}},{"type":"Feature","properties":{"text":"A63","n":1,"mode":"bus","angle":90,"op":"Małopolskie Linie Dowozowe"},"geometry":{"type":"Point","coordinates":[20.352148,49.958172]}},{"type":"Feature","properties":{"text":"A23 A63","n":2,"mode":"bus","angle":90,"op":"Małopolskie Linie Dowozowe"},"geometry":{"type":"Point","coordinates":[20.349416,49.951121]}},{"type":"Feature","properties":{"text":"A23","n":1,"mode":"bus","angle":90,"op":"Małopolskie Linie Dowozowe"},"geometry":{"type":"Point","coordinates":[20.349416,49.945833]}},{"type":"Feature","properties":{"text":"A24 A38","n":2,"mode":"bus","angle":0,"op":"Małopolskie Linie Dowozowe"},"geometry":{"type":"Point","coordinates":[20.345319,49.999595]}},{"type":"Feature","properties":{"text":"A38","n":1,"mode":"bus","angle":0,"op":"Małopolskie Linie Dowozowe"},"geometry":{"type":"Point","coordinates":[20.353514,49.999595]}},{"type":"Feature","properties":{"text":"A38","n":1,"mode":"bus","angle":0,"op":"Małopolskie Linie Dowozowe"},"geometry":{"type":"Point","coordinates":[20.36444,50.010171]}},{"type":"Feature","properties":{"text":"A24","n":1,"mode":"bus","angle":0,"op":"Małopolskie Linie Dowozowe"},"geometry":{"type":"Point","coordinates":[20.350782,50.001357]}},{"type":"Feature","properties":{"text":"A30 A35 A55","n":3,"mode":"bus","angle":90,"op":"Małopolskie Linie Dowozowe"},"geometry":{"type":"Point","coordinates":[20.335759,49.972273]}},{"type":"Feature","properties":{"text":"A30","n":1,"mode":"bus","angle":0,"op":"Małopolskie Linie Dowozowe"},"geometry":{"type":"Point","coordinates":[20.331661,49.969629]}},{"type":"Feature","properties":{"text":"A24","n":1,"mode":"bus","angle":-90,"op":"Małopolskie Linie Dowozowe"},"geometry":{"type":"Point","coordinates":[20.343953,49.9899]}},{"type":"Feature","properties":{"text":"A20","n":1,"mode":"bus","angle":0,"op":"Małopolskie Linie Dowozowe"},"geometry":{"type":"Point","coordinates":[20.266104,49.911461]}},{"type":"Feature","properties":{"text":"A15","n":1,"mode":"bus","angle":0,"op":"Małopolskie Linie Dowozowe"},"geometry":{"type":"Point","coordinates":[20.104942,49.805701]}},{"type":"Feature","properties":{"text":"A15 A45","n":2,"mode":"bus","angle":0,"op":"Małopolskie Linie Dowozowe"},"geometry":{"type":"Point","coordinates":[20.132257,49.782787]}},{"type":"Feature","properties":{"text":"A15 A32","n":2,"mode":"bus","angle":-90,"op":"Małopolskie Linie Dowozowe"},"geometry":{"type":"Point","coordinates":[20.103576,49.806583]}},{"type":"Feature","properties":{"text":"A33","n":1,"mode":"bus","angle":0,"op":"Małopolskie Linie Dowozowe"},"geometry":{"type":"Point","coordinates":[20.145915,49.821565]}},{"type":"Feature","properties":{"text":"A33","n":1,"mode":"bus","angle":0,"op":"Małopolskie Linie Dowozowe"},"geometry":{"type":"Point","coordinates":[20.214204,49.821565]}},{"type":"Feature","properties":{"text":"A10 A48","n":2,"mode":"bus","angle":0,"op":"Małopolskie Linie Dowozowe"},"geometry":{"type":"Point","coordinates":[19.930122,50.064813]}},{"type":"Feature","properties":{"text":"A42","n":1,"mode":"bus","angle":0,"op":"Małopolskie Linie Dowozowe"},"geometry":{"type":"Point","coordinates":[19.924659,50.02956]}},{"type":"Feature","properties":{"text":"A26","n":1,"mode":"bus","angle":-45,"op":"Małopolskie Linie Dowozowe"},"geometry":{"type":"Point","coordinates":[20.322101,49.980205]}},{"type":"Feature","properties":{"text":"A26 A52","n":2,"mode":"bus","angle":-45,"op":"Małopolskie Linie Dowozowe"},"geometry":{"type":"Point","coordinates":[20.322101,49.980205]}},{"type":"Feature","properties":{"text":"A52","n":1,"mode":"bus","angle":-45,"op":"Małopolskie Linie Dowozowe"},"geometry":{"type":"Point","coordinates":[20.322101,49.980205]}},{"type":"Feature","properties":{"text":"A22","n":1,"mode":"bus","angle":-45,"op":"Małopolskie Linie Dowozowe"},"geometry":{"type":"Point","coordinates":[20.324832,49.974917]}},{"type":"Feature","properties":{"text":"A33","n":1,"mode":"bus","angle":45,"op":"Małopolskie Linie Dowozowe"},"geometry":{"type":"Point","coordinates":[20.106308,49.825091]}},{"type":"Feature","properties":{"text":"A33","n":1,"mode":"bus","angle":45,"op":"Małopolskie Linie Dowozowe"},"geometry":{"type":"Point","coordinates":[20.177328,49.823328]}},{"type":"Feature","properties":{"text":"A33 A61 A71","n":3,"mode":"bus","angle":-45,"op":"Małopolskie Linie Dowozowe"},"geometry":{"type":"Point","coordinates":[20.185523,49.823328]}},{"type":"Feature","properties":{"text":"192 902","n":2,"mode":"bus","angle":-45,"op":"MPK Kraków — buses"},"geometry":{"type":"Point","coordinates":[19.999777,50.020747]}},{"type":"Feature","properties":{"text":"121","n":1,"mode":"bus","angle":-45,"op":"MPK Kraków — buses"},"geometry":{"type":"Point","coordinates":[19.983387,49.985493]}},{"type":"Feature","properties":{"text":"104 151 194 494 608","n":5,"mode":"bus","angle":-45,"op":"MPK Kraków — buses"},"geometry":{"type":"Point","coordinates":[19.977924,49.987256]}},{"type":"Feature","properties":{"text":"204 293","n":2,"mode":"bus","angle":-45,"op":"MPK Kraków — buses"},"geometry":{"type":"Point","coordinates":[19.980656,49.992544]}},{"type":"Feature","properties":{"text":"104 204 223 233 253 283 903","n":7,"mode":"bus","angle":-45,"op":"MPK Kraków — buses"},"geometry":{"type":"Point","coordinates":[19.975193,49.996069]}},{"type":"Feature","properties":{"text":"223 233 253 283 293 903","n":6,"mode":"bus","angle":-45,"op":"MPK Kraków — buses"},"geometry":{"type":"Point","coordinates":[19.96973,49.989019]}},{"type":"Feature","properties":{"text":"476","n":1,"mode":"bus","angle":45,"op":"MPK Kraków — buses"},"geometry":{"type":"Point","coordinates":[19.975193,49.999595]}},{"type":"Feature","properties":{"text":"250","n":1,"mode":"bus","angle":-45,"op":"MPK Kraków — buses"},"geometry":{"type":"Point","coordinates":[20.032555,50.041899]}},{"type":"Feature","properties":{"text":"307 503","n":2,"mode":"bus","angle":-45,"op":"MPK Kraków — buses"},"geometry":{"type":"Point","coordinates":[20.010703,50.031323]}},{"type":"Feature","properties":{"text":"139 169 199 469","n":4,"mode":"bus","angle":-45,"op":"MPK Kraków — buses"},"geometry":{"type":"Point","coordinates":[20.010703,50.02956]}},{"type":"Feature","properties":{"text":"608 669","n":2,"mode":"bus","angle":45,"op":"MPK Kraków — buses"},"geometry":{"type":"Point","coordinates":[20.013435,50.026035]}},{"type":"Feature","properties":{"text":"155 169 469","n":3,"mode":"bus","angle":-45,"op":"MPK Kraków — buses"},"geometry":{"type":"Point","coordinates":[20.007971,50.006645]}},{"type":"Feature","properties":{"text":"904","n":1,"mode":"bus","angle":45,"op":"MPK Kraków — buses"},"geometry":{"type":"Point","coordinates":[20.010703,49.997832]}},{"type":"Feature","properties":{"text":"214","n":1,"mode":"bus","angle":45,"op":"MPK Kraków — buses"},"geometry":{"type":"Point","coordinates":[20.007971,49.981968]}},{"type":"Feature","properties":{"text":"111 160 161","n":3,"mode":"bus","angle":45,"op":"MPK Kraków — buses"},"geometry":{"type":"Point","coordinates":[20.130892,50.040136]}},{"type":"Feature","properties":{"text":"112 162 712","n":3,"mode":"bus","angle":-45,"op":"MPK Kraków — buses"},"geometry":{"type":"Point","coordinates":[19.994314,50.015459]}},{"type":"Feature","properties":{"text":"120 144 904","n":3,"mode":"bus","angle":-45,"op":"MPK Kraków — buses"},"geometry":{"type":"Point","coordinates":[20.00524,50.036611]}},{"type":"Feature","properties":{"text":"168 173 240 572","n":4,"mode":"bus","angle":-45,"op":"MPK Kraków — buses"},"geometry":{"type":"Point","coordinates":[19.991582,50.02956]}},{"type":"Feature","properties":{"text":"122 180 202 212 222 232 262","n":7,"mode":"bus","angle":-45,"op":"MPK Kraków — buses"},"geometry":{"type":"Point","coordinates":[20.078992,50.047187]}},{"type":"Feature","properties":{"text":"122 202 212 222 232 262 608","n":7,"mode":"bus","angle":-45,"op":"mix"},"geometry":{"type":"Point","coordinates":[20.054408,50.038373]}},{"type":"Feature","properties":{"text":"1 5","n":2,"mode":"tram","angle":-45,"op":"mix"},"geometry":{"type":"Point","coordinates":[20.054408,50.038373]}},{"type":"Feature","properties":{"text":"202 212 222 232 262","n":5,"mode":"bus","angle":-45,"op":"MPK Kraków — buses"},"geometry":{"type":"Point","coordinates":[20.048945,50.034848]}},{"type":"Feature","properties":{"text":"664 A50 A57","n":3,"mode":"bus","angle":-45,"op":"mix"},"geometry":{"type":"Point","coordinates":[20.048945,50.034848]}},{"type":"Feature","properties":{"text":"1 5 9 14 52","n":5,"mode":"tram","angle":-45,"op":"mix"},"geometry":{"type":"Point","coordinates":[20.048945,50.034848]}},{"type":"Feature","properties":{"text":"138 511","n":2,"mode":"bus","angle":-45,"op":"MPK Kraków — buses"},"geometry":{"type":"Point","coordinates":[20.046213,50.040136]}},{"type":"Feature","properties":{"text":"149 463","n":2,"mode":"bus","angle":-45,"op":"mix"},"geometry":{"type":"Point","coordinates":[20.059871,50.036611]}},{"type":"Feature","properties":{"text":"21 22 74 75","n":4,"mode":"tram","angle":-45,"op":"mix"},"geometry":{"type":"Point","coordinates":[20.059871,50.036611]}},{"type":"Feature","properties":{"text":"158 221","n":2,"mode":"bus","angle":-45,"op":"MPK Kraków — buses"},"geometry":{"type":"Point","coordinates":[20.048945,50.024272]}},{"type":"Feature","properties":{"text":"123 125 158 195 221 264 605 A58","n":8,"mode":"bus","angle":-45,"op":"mix"},"geometry":{"type":"Point","coordinates":[20.043482,50.020747]}},{"type":"Feature","properties":{"text":"124 424","n":2,"mode":"bus","angle":-45,"op":"MPK Kraków — buses"},"geometry":{"type":"Point","coordinates":[20.029824,50.031323]}},{"type":"Feature","properties":{"text":"424","n":1,"mode":"bus","angle":-45,"op":"MPK Kraków — buses"},"geometry":{"type":"Point","coordinates":[20.027092,50.033085]}},{"type":"Feature","properties":{"text":"124","n":1,"mode":"bus","angle":-45,"op":"MPK Kraków — buses"},"geometry":{"type":"Point","coordinates":[20.024361,50.033085]}},{"type":"Feature","properties":{"text":"310 609","n":2,"mode":"bus","angle":-45,"op":"mix"},"geometry":{"type":"Point","coordinates":[19.997045,50.017221]}},{"type":"Feature","properties":{"text":"1 13","n":2,"mode":"tram","angle":-45,"op":"mix"},"geometry":{"type":"Point","coordinates":[19.997045,50.017221]}},{"type":"Feature","properties":{"text":"9 11 17 49 50 76","n":6,"mode":"tram","angle":-45,"op":"MPK Kraków — trams"},"geometry":{"type":"Point","coordinates":[20.016166,50.015459]}},{"type":"Feature","properties":{"text":"125 128","n":2,"mode":"bus","angle":-45,"op":"MPK Kraków — buses"},"geometry":{"type":"Point","coordinates":[20.024361,50.024272]}},{"type":"Feature","properties":{"text":"158 174 463","n":3,"mode":"bus","angle":-45,"op":"MPK Kraków — buses"},"geometry":{"type":"Point","coordinates":[20.018898,50.020747]}},{"type":"Feature","properties":{"text":"134","n":1,"mode":"bus","angle":-45,"op":"MPK Kraków — buses"},"geometry":{"type":"Point","coordinates":[19.977924,50.015459]}},{"type":"Feature","properties":{"text":"127 158 174 427 463 497","n":6,"mode":"bus","angle":-45,"op":"MPK Kraków — buses"},"geometry":{"type":"Point","coordinates":[20.013435,50.017221]}},{"type":"Feature","properties":{"text":"128 182 189 482 601 611","n":6,"mode":"bus","angle":-45,"op":"MPK Kraków — buses"},"geometry":{"type":"Point","coordinates":[20.024361,50.036611]}},{"type":"Feature","properties":{"text":"511 608","n":2,"mode":"bus","angle":-45,"op":"MPK Kraków — buses"},"geometry":{"type":"Point","coordinates":[20.027092,50.034848]}},{"type":"Feature","properties":{"text":"608","n":1,"mode":"bus","angle":-45,"op":"MPK Kraków — buses"},"geometry":{"type":"Point","coordinates":[20.024361,50.034848]}},{"type":"Feature","properties":{"text":"128 137 169 307 503 669","n":6,"mode":"bus","angle":-45,"op":"MPK Kraków — buses"},"geometry":{"type":"Point","coordinates":[20.024361,50.041899]}},{"type":"Feature","properties":{"text":"204 224 244 274 301 304 503","n":7,"mode":"bus","angle":45,"op":"MPK Kraków — buses"},"geometry":{"type":"Point","coordinates":[20.027092,50.001357]}},{"type":"Feature","properties":{"text":"463 904","n":2,"mode":"bus","angle":-45,"op":"mix"},"geometry":{"type":"Point","coordinates":[20.00524,50.013696]}},{"type":"Feature","properties":{"text":"8 10 17","n":3,"mode":"tram","angle":-45,"op":"mix"},"geometry":{"type":"Point","coordinates":[20.00524,50.013696]}},{"type":"Feature","properties":{"text":"148 174 463","n":3,"mode":"bus","angle":-45,"op":"MPK Kraków — buses"},"geometry":{"type":"Point","coordinates":[20.032555,50.024272]}},{"type":"Feature","properties":{"text":"463","n":1,"mode":"bus","angle":-45,"op":"MPK Kraków — buses"},"geometry":{"type":"Point","coordinates":[20.04075,50.031323]}},{"type":"Feature","properties":{"text":"572","n":1,"mode":"bus","angle":-45,"op":"MPK Kraków — buses"},"geometry":{"type":"Point","coordinates":[19.999777,50.034848]}},{"type":"Feature","properties":{"text":"173 244 274","n":3,"mode":"bus","angle":45,"op":"MPK Kraków — buses"},"geometry":{"type":"Point","coordinates":[20.029824,50.004883]}},{"type":"Feature","properties":{"text":"160 242 272","n":3,"mode":"bus","angle":45,"op":"MPK Kraków — buses"},"geometry":{"type":"Point","coordinates":[20.109039,50.047187]}},{"type":"Feature","properties":{"text":"272","n":1,"mode":"bus","angle":45,"op":"MPK Kraków — buses"},"geometry":{"type":"Point","coordinates":[20.100844,50.050712]}},{"type":"Feature","properties":{"text":"233","n":1,"mode":"bus","angle":45,"op":"MPK Kraków — buses"},"geometry":{"type":"Point","coordinates":[19.96973,49.981968]}},{"type":"Feature","properties":{"text":"175","n":1,"mode":"bus","angle":45,"op":"MPK Kraków — buses"},"geometry":{"type":"Point","coordinates":[19.983387,49.978443]}},{"type":"Feature","properties":{"text":"243 475 610","n":3,"mode":"bus","angle":-45,"op":"MPK Kraków — buses"},"geometry":{"type":"Point","coordinates":[19.983387,49.981968]}},{"type":"Feature","properties":{"text":"192 300 902","n":3,"mode":"bus","angle":-45,"op":"MPK Kraków — buses"},"geometry":{"type":"Point","coordinates":[19.966998,50.015459]}},{"type":"Feature","properties":{"text":"300","n":1,"mode":"bus","angle":45,"op":"MPK Kraków — buses"},"geometry":{"type":"Point","coordinates":[19.961535,50.015459]}},{"type":"Feature","properties":{"text":"234 284","n":2,"mode":"bus","angle":-45,"op":"MPK Kraków — buses"},"geometry":{"type":"Point","coordinates":[20.04075,50.010171]}},{"type":"Feature","properties":{"text":"195","n":1,"mode":"bus","angle":-45,"op":"MPK Kraków — buses"},"geometry":{"type":"Point","coordinates":[20.046213,50.013696]}},{"type":"Feature","properties":{"text":"222 232","n":2,"mode":"bus","angle":45,"op":"MPK Kraków — buses"},"geometry":{"type":"Point","coordinates":[20.100844,50.061288]}},{"type":"Feature","properties":{"text":"203 712","n":2,"mode":"bus","angle":-45,"op":"MPK Kraków — buses"},"geometry":{"type":"Point","coordinates":[19.961535,49.996069]}},{"type":"Feature","properties":{"text":"223","n":1,"mode":"bus","angle":-45,"op":"MPK Kraków — buses"},"geometry":{"type":"Point","coordinates":[19.961535,49.97668]}},{"type":"Feature","properties":{"text":"203 273 295 A43","n":4,"mode":"bus","angle":-45,"op":"mix"},"geometry":{"type":"Point","coordinates":[19.958803,49.973155]}},{"type":"Feature","properties":{"text":"D2","n":1,"mode":"bus","angle":45,"op":"Wielicka Spółka Transportowa"},"geometry":{"type":"Point","coordinates":[20.062603,49.992544]}},{"type":"Feature","properties":{"text":"204 274 301 904","n":4,"mode":"bus","angle":45,"op":"MPK Kraków — buses"},"geometry":{"type":"Point","coordinates":[20.038019,49.996069]}},{"type":"Feature","properties":{"text":"304 P2","n":2,"mode":"bus","angle":-45,"op":"mix"},"geometry":{"type":"Point","coordinates":[20.038019,49.992544]}},{"type":"Feature","properties":{"text":"219 229 239 279","n":4,"mode":"bus","angle":-45,"op":"MPK Kraków — buses"},"geometry":{"type":"Point","coordinates":[19.956072,50.004883]}},{"type":"Feature","properties":{"text":"209","n":1,"mode":"bus","angle":-45,"op":"MPK Kraków — buses"},"geometry":{"type":"Point","coordinates":[19.961535,50.018984]}},{"type":"Feature","properties":{"text":"209","n":1,"mode":"bus","angle":-45,"op":"MPK Kraków — buses"},"geometry":{"type":"Point","coordinates":[19.947877,50.011933]}},{"type":"Feature","properties":{"text":"209 A44","n":2,"mode":"bus","angle":45,"op":"mix"},"geometry":{"type":"Point","coordinates":[19.936951,50.010171]}},{"type":"Feature","properties":{"text":"A44","n":1,"mode":"bus","angle":45,"op":"Małopolskie Linie Dowozowe"},"geometry":{"type":"Point","coordinates":[19.931488,50.013696]}},{"type":"Feature","properties":{"text":"230 910","n":2,"mode":"bus","angle":45,"op":"MPK Kraków — buses"},"geometry":{"type":"Point","coordinates":[19.983387,50.041899]}},{"type":"Feature","properties":{"text":"211","n":1,"mode":"bus","angle":-45,"op":"MPK Kraków — buses"},"geometry":{"type":"Point","coordinates":[20.177328,50.013696]}},{"type":"Feature","properties":{"text":"215","n":1,"mode":"bus","angle":-45,"op":"MPK Kraków — buses"},"geometry":{"type":"Point","coordinates":[20.018898,49.943189]}},{"type":"Feature","properties":{"text":"A2","n":1,"mode":"bus","angle":45,"op":"Małopolskie Linie Dowozowe"},"geometry":{"type":"Point","coordinates":[20.021629,49.939664]}},{"type":"Feature","properties":{"text":"225 285 915 A19","n":4,"mode":"bus","angle":-45,"op":"mix"},"geometry":{"type":"Point","coordinates":[20.010703,49.948477]}},{"type":"Feature","properties":{"text":"A49","n":1,"mode":"bus","angle":45,"op":"Małopolskie Linie Dowozowe"},"geometry":{"type":"Point","coordinates":[19.991582,49.967867]}},{"type":"Feature","properties":{"text":"217 247","n":2,"mode":"bus","angle":-45,"op":"MPK Kraków — buses"},"geometry":{"type":"Point","coordinates":[20.035287,50.048949]}},{"type":"Feature","properties":{"text":"248 948","n":2,"mode":"bus","angle":-45,"op":"MPK Kraków — buses"},"geometry":{"type":"Point","coordinates":[19.96973,50.038373]}},{"type":"Feature","properties":{"text":"218 238","n":2,"mode":"bus","angle":-45,"op":"MPK Kraków — buses"},"geometry":{"type":"Point","coordinates":[19.958803,50.02956]}},{"type":"Feature","properties":{"text":"228 298","n":2,"mode":"bus","angle":-45,"op":"MPK Kraków — buses"},"geometry":{"type":"Point","coordinates":[19.96973,50.024272]}},{"type":"Feature","properties":{"text":"258","n":1,"mode":"bus","angle":-45,"op":"MPK Kraków — buses"},"geometry":{"type":"Point","coordinates":[19.966998,50.027797]}},{"type":"Feature","properties":{"text":"219 249","n":2,"mode":"bus","angle":45,"op":"MPK Kraków — buses"},"geometry":{"type":"Point","coordinates":[19.95334,49.999595]}},{"type":"Feature","properties":{"text":"229 239","n":2,"mode":"bus","angle":-45,"op":"MPK Kraków — buses"},"geometry":{"type":"Point","coordinates":[19.945146,49.997832]}},{"type":"Feature","properties":{"text":"219 259 A14 A44 A64","n":5,"mode":"bus","angle":-45,"op":"mix"},"geometry":{"type":"Point","coordinates":[19.95334,49.996069]}},{"type":"Feature","properties":{"text":"A14","n":1,"mode":"bus","angle":45,"op":"Małopolskie Linie Dowozowe"},"geometry":{"type":"Point","coordinates":[19.945146,49.981968]}},{"type":"Feature","properties":{"text":"301","n":1,"mode":"bus","angle":-45,"op":"MPK Kraków — buses"},"geometry":{"type":"Point","coordinates":[20.169133,50.008408]}},{"type":"Feature","properties":{"text":"264 B2","n":2,"mode":"bus","angle":-45,"op":"mix"},"geometry":{"type":"Point","coordinates":[20.098113,50.024272]}},{"type":"Feature","properties":{"text":"A43","n":1,"mode":"bus","angle":-45,"op":"Małopolskie Linie Dowozowe"},"geometry":{"type":"Point","coordinates":[19.950609,49.967867]}},{"type":"Feature","properties":{"text":"284 A18 A58","n":3,"mode":"bus","angle":45,"op":"mix"},"geometry":{"type":"Point","coordinates":[20.048945,49.990781]}},{"type":"Feature","properties":{"text":"G3","n":1,"mode":"bus","angle":-45,"op":"Wielicka Spółka Transportowa"},"geometry":{"type":"Point","coordinates":[20.038019,49.97668]}},{"type":"Feature","properties":{"text":"G3 P2","n":2,"mode":"bus","angle":-45,"op":"Wielicka Spółka Transportowa"},"geometry":{"type":"Point","coordinates":[20.043482,49.989019]}},{"type":"Feature","properties":{"text":"P2","n":1,"mode":"bus","angle":45,"op":"Wielicka Spółka Transportowa"},"geometry":{"type":"Point","coordinates":[20.038019,49.989019]}},{"type":"Feature","properties":{"text":"224","n":1,"mode":"bus","angle":45,"op":"MPK Kraków — buses"},"geometry":{"type":"Point","coordinates":[20.032555,49.989019]}},{"type":"Feature","properties":{"text":"224","n":1,"mode":"bus","angle":-45,"op":"MPK Kraków — buses"},"geometry":{"type":"Point","coordinates":[20.048945,49.989019]}},{"type":"Feature","properties":{"text":"245 255 275 285 A1 A56","n":6,"mode":"bus","angle":45,"op":"mix"},"geometry":{"type":"Point","coordinates":[19.977924,49.952003]}},{"type":"Feature","properties":{"text":"255","n":1,"mode":"bus","angle":-45,"op":"MPK Kraków — buses"},"geometry":{"type":"Point","coordinates":[19.980656,49.957291]}},{"type":"Feature","properties":{"text":"245 275 285","n":3,"mode":"bus","angle":-45,"op":"MPK Kraków — buses"},"geometry":{"type":"Point","coordinates":[19.977924,49.969629]}},{"type":"Feature","properties":{"text":"255","n":1,"mode":"bus","angle":45,"op":"MPK Kraków — buses"},"geometry":{"type":"Point","coordinates":[19.983387,49.973155]}},{"type":"Feature","properties":{"text":"227 280","n":2,"mode":"bus","angle":-45,"op":"MPK Kraków — buses"},"geometry":{"type":"Point","coordinates":[20.021629,50.056]}},{"type":"Feature","properties":{"text":"238 248 258 948","n":4,"mode":"bus","angle":-45,"op":"MPK Kraków — buses"},"geometry":{"type":"Point","coordinates":[19.972461,50.031323]}},{"type":"Feature","properties":{"text":"238 258","n":2,"mode":"bus","angle":-45,"op":"MPK Kraków — buses"},"geometry":{"type":"Point","coordinates":[19.972461,50.031323]}},{"type":"Feature","properties":{"text":"268 278","n":2,"mode":"bus","angle":45,"op":"MPK Kraków — buses"},"geometry":{"type":"Point","coordinates":[19.980656,50.034848]}},{"type":"Feature","properties":{"text":"259 279 A14","n":3,"mode":"bus","angle":45,"op":"mix"},"geometry":{"type":"Point","coordinates":[19.936951,49.978443]}},{"type":"Feature","properties":{"text":"259 279","n":2,"mode":"bus","angle":-45,"op":"MPK Kraków — buses"},"geometry":{"type":"Point","coordinates":[19.936951,49.985493]}},{"type":"Feature","properties":{"text":"244 304","n":2,"mode":"bus","angle":-45,"op":"MPK Kraków — buses"},"geometry":{"type":"Point","coordinates":[20.05714,49.989019]}},{"type":"Feature","properties":{"text":"A18","n":1,"mode":"bus","angle":45,"op":"Małopolskie Linie Dowozowe"},"geometry":{"type":"Point","coordinates":[20.068066,49.989019]}},{"type":"Feature","properties":{"text":"A16 A17 A2 A6 A8 A9 L1 R2 Z1","n":9,"mode":"bus","angle":45,"op":"mix"},"geometry":{"type":"Point","coordinates":[20.05714,49.985493]}},{"type":"Feature","properties":{"text":"A16 A17 A2 A59 A6 A8 A9 R2 Z1","n":9,"mode":"bus","angle":45,"op":"mix"},"geometry":{"type":"Point","coordinates":[20.048945,49.989019]}},{"type":"Feature","properties":{"text":"248 948","n":2,"mode":"bus","angle":-45,"op":"MPK Kraków — buses"},"geometry":{"type":"Point","coordinates":[19.975193,50.047187]}},{"type":"Feature","properties":{"text":"310 910 LR0","n":3,"mode":"bus","angle":45,"op":"MPK Kraków — buses"},"geometry":{"type":"Point","coordinates":[19.980656,50.056]}},{"type":"Feature","properties":{"text":"270","n":1,"mode":"bus","angle":-45,"op":"MPK Kraków — buses"},"geometry":{"type":"Point","coordinates":[20.073529,50.054237]}},{"type":"Feature","properties":{"text":"260","n":1,"mode":"bus","angle":45,"op":"MPK Kraków — buses"},"geometry":{"type":"Point","coordinates":[20.054408,50.052475]}},{"type":"Feature","properties":{"text":"250 297","n":2,"mode":"bus","angle":-45,"op":"MPK Kraków — buses"},"geometry":{"type":"Point","coordinates":[20.038019,50.047187]}},{"type":"Feature","properties":{"text":"270","n":1,"mode":"bus","angle":-45,"op":"MPK Kraków — buses"},"geometry":{"type":"Point","coordinates":[20.078992,50.057763]}},{"type":"Feature","properties":{"text":"253 A53","n":2,"mode":"bus","angle":-45,"op":"mix"},"geometry":{"type":"Point","coordinates":[19.956072,49.966104]}},{"type":"Feature","properties":{"text":"253","n":1,"mode":"bus","angle":-45,"op":"MPK Kraków — buses"},"geometry":{"type":"Point","coordinates":[19.956072,49.966104]}},{"type":"Feature","properties":{"text":"A53","n":1,"mode":"bus","angle":-45,"op":"Małopolskie Linie Dowozowe"},"geometry":{"type":"Point","coordinates":[19.956072,49.966104]}},{"type":"Feature","properties":{"text":"255","n":1,"mode":"bus","angle":-45,"op":"MPK Kraków — buses"},"geometry":{"type":"Point","coordinates":[19.986119,49.967867]}},{"type":"Feature","properties":{"text":"260","n":1,"mode":"bus","angle":45,"op":"MPK Kraków — buses"},"geometry":{"type":"Point","coordinates":[20.046213,50.056]}},{"type":"Feature","properties":{"text":"280 307 917","n":3,"mode":"bus","angle":45,"op":"MPK Kraków — buses"},"geometry":{"type":"Point","coordinates":[20.029824,50.054237]}},{"type":"Feature","properties":{"text":"269 A60","n":2,"mode":"bus","angle":45,"op":"mix"},"geometry":{"type":"Point","coordinates":[19.923293,49.999595]}},{"type":"Feature","properties":{"text":"269","n":1,"mode":"bus","angle":45,"op":"MPK Kraków — buses"},"geometry":{"type":"Point","coordinates":[19.920562,49.997832]}},{"type":"Feature","properties":{"text":"267 A13","n":2,"mode":"bus","angle":45,"op":"mix"},"geometry":{"type":"Point","coordinates":[20.00524,50.064813]}},{"type":"Feature","properties":{"text":"A43","n":1,"mode":"bus","angle":-45,"op":"Małopolskie Linie Dowozowe"},"geometry":{"type":"Point","coordinates":[19.942414,49.955528]}},{"type":"Feature","properties":{"text":"Z1","n":1,"mode":"bus","angle":-45,"op":"Wielicka Spółka Transportowa"},"geometry":{"type":"Point","coordinates":[20.068066,49.985493]}},{"type":"Feature","properties":{"text":"A18","n":1,"mode":"bus","angle":45,"op":"Małopolskie Linie Dowozowe"},"geometry":{"type":"Point","coordinates":[20.160939,50.008408]}},{"type":"Feature","properties":{"text":"608 915 A1 A40 A49 A56","n":6,"mode":"bus","angle":-45,"op":"mix"},"geometry":{"type":"Point","coordinates":[19.997045,50.004883]}},{"type":"Feature","properties":{"text":"8 10 11 22","n":4,"mode":"tram","angle":-45,"op":"mix"},"geometry":{"type":"Point","coordinates":[19.997045,50.004883]}},{"type":"Feature","properties":{"text":"A17 A49 A8 A9","n":4,"mode":"bus","angle":45,"op":"Małopolskie Linie Dowozowe"},"geometry":{"type":"Point","coordinates":[20.087187,49.909699]}},{"type":"Feature","properties":{"text":"A8","n":1,"mode":"bus","angle":45,"op":"Małopolskie Linie Dowozowe"},"geometry":{"type":"Point","coordinates":[20.059871,49.936139]}},{"type":"Feature","properties":{"text":"A8","n":1,"mode":"bus","angle":45,"op":"Małopolskie Linie Dowozowe"},"geometry":{"type":"Point","coordinates":[20.054408,49.934376]}},{"type":"Feature","properties":{"text":"A2","n":1,"mode":"bus","angle":45,"op":"Małopolskie Linie Dowozowe"},"geometry":{"type":"Point","coordinates":[20.048945,49.973155]}},{"type":"Feature","properties":{"text":"A17 A6","n":2,"mode":"bus","angle":45,"op":"Małopolskie Linie Dowozowe"},"geometry":{"type":"Point","coordinates":[20.051676,49.969629]}},{"type":"Feature","properties":{"text":"A17 A6 D2","n":3,"mode":"bus","angle":45,"op":"mix"},"geometry":{"type":"Point","coordinates":[20.05714,49.966104]}},{"type":"Feature","properties":{"text":"D2","n":1,"mode":"bus","angle":-45,"op":"Wielicka Spółka Transportowa"},"geometry":{"type":"Point","coordinates":[20.12816,49.925563]}},{"type":"Feature","properties":{"text":"A2 R2","n":2,"mode":"bus","angle":-45,"op":"mix"},"geometry":{"type":"Point","coordinates":[20.038019,49.973155]}},{"type":"Feature","properties":{"text":"A17","n":1,"mode":"bus","angle":45,"op":"Małopolskie Linie Dowozowe"},"geometry":{"type":"Point","coordinates":[20.119965,49.925563]}},{"type":"Feature","properties":{"text":"D2","n":1,"mode":"bus","angle":45,"op":"Wielicka Spółka Transportowa"},"geometry":{"type":"Point","coordinates":[20.119965,49.925563]}},{"type":"Feature","properties":{"text":"A9","n":1,"mode":"bus","angle":-45,"op":"Małopolskie Linie Dowozowe"},"geometry":{"type":"Point","coordinates":[20.182791,49.874445]}},{"type":"Feature","properties":{"text":"A3 A9","n":2,"mode":"bus","angle":-45,"op":"Małopolskie Linie Dowozowe"},"geometry":{"type":"Point","coordinates":[20.212838,49.874445]}},{"type":"Feature","properties":{"text":"A66","n":1,"mode":"bus","angle":45,"op":"Małopolskie Linie Dowozowe"},"geometry":{"type":"Point","coordinates":[19.846809,49.990781]}},{"type":"Feature","properties":{"text":"A66","n":1,"mode":"bus","angle":45,"op":"Małopolskie Linie Dowozowe"},"geometry":{"type":"Point","coordinates":[19.898709,50.001357]}},{"type":"Feature","properties":{"text":"A60","n":1,"mode":"bus","angle":-45,"op":"Małopolskie Linie Dowozowe"},"geometry":{"type":"Point","coordinates":[19.901441,49.997832]}},{"type":"Feature","properties":{"text":"A25 A47","n":2,"mode":"bus","angle":45,"op":"Małopolskie Linie Dowozowe"},"geometry":{"type":"Point","coordinates":[19.874125,49.941427]}},{"type":"Feature","properties":{"text":"A25 A40 A47","n":3,"mode":"bus","angle":45,"op":"Małopolskie Linie Dowozowe"},"geometry":{"type":"Point","coordinates":[19.874125,49.937901]}},{"type":"Feature","properties":{"text":"A40 A56","n":2,"mode":"bus","angle":-45,"op":"Małopolskie Linie Dowozowe"},"geometry":{"type":"Point","coordinates":[19.975193,49.937901]}},{"type":"Feature","properties":{"text":"A56","n":1,"mode":"bus","angle":-45,"op":"Małopolskie Linie Dowozowe"},"geometry":{"type":"Point","coordinates":[19.96973,49.934376]}},{"type":"Feature","properties":{"text":"A53","n":1,"mode":"bus","angle":-45,"op":"Małopolskie Linie Dowozowe"},"geometry":{"type":"Point","coordinates":[19.964267,49.941427]}},{"type":"Feature","properties":{"text":"A40 A53 A56","n":3,"mode":"bus","angle":-45,"op":"Małopolskie Linie Dowozowe"},"geometry":{"type":"Point","coordinates":[19.961535,49.930851]}},{"type":"Feature","properties":{"text":"A56","n":1,"mode":"bus","angle":-45,"op":"Małopolskie Linie Dowozowe"},"geometry":{"type":"Point","coordinates":[19.950609,49.9238]}},{"type":"Feature","properties":{"text":"A43","n":1,"mode":"bus","angle":45,"op":"Małopolskie Linie Dowozowe"},"geometry":{"type":"Point","coordinates":[19.931488,49.930851]}},{"type":"Feature","properties":{"text":"A56","n":1,"mode":"bus","angle":-45,"op":"Małopolskie Linie Dowozowe"},"geometry":{"type":"Point","coordinates":[19.945146,49.920275]}},{"type":"Feature","properties":{"text":"A5 A57","n":2,"mode":"bus","angle":-45,"op":"Małopolskie Linie Dowozowe"},"geometry":{"type":"Point","coordinates":[20.264738,50.040136]}},{"type":"Feature","properties":{"text":"A50 A57","n":2,"mode":"bus","angle":-45,"op":"Małopolskie Linie Dowozowe"},"geometry":{"type":"Point","coordinates":[20.212838,50.038373]}},{"type":"Feature","properties":{"text":"A50 A7","n":2,"mode":"bus","angle":45,"op":"Małopolskie Linie Dowozowe"},"geometry":{"type":"Point","coordinates":[20.171865,50.061288]}},{"type":"Feature","properties":{"text":"A26","n":1,"mode":"bus","angle":-45,"op":"Małopolskie Linie Dowozowe"},"geometry":{"type":"Point","coordinates":[20.248349,49.974917]}},{"type":"Feature","properties":{"text":"A26 A51 A52 A54","n":4,"mode":"bus","angle":45,"op":"Małopolskie Linie Dowozowe"},"geometry":{"type":"Point","coordinates":[20.335759,49.981968]}},{"type":"Feature","properties":{"text":"A46 A63","n":2,"mode":"bus","angle":45,"op":"Małopolskie Linie Dowozowe"},"geometry":{"type":"Point","coordinates":[20.341222,49.978443]}},{"type":"Feature","properties":{"text":"A24 A27","n":2,"mode":"bus","angle":-45,"op":"Małopolskie Linie Dowozowe"},"geometry":{"type":"Point","coordinates":[20.330295,49.981968]}},{"type":"Feature","properties":{"text":"A53","n":1,"mode":"bus","angle":45,"op":"Małopolskie Linie Dowozowe"},"geometry":{"type":"Point","coordinates":[19.950609,49.888547]}},{"type":"Feature","properties":{"text":"A22","n":1,"mode":"bus","angle":-45,"op":"Małopolskie Linie Dowozowe"},"geometry":{"type":"Point","coordinates":[20.275664,49.890309]}},{"type":"Feature","properties":{"text":"A22 A24","n":2,"mode":"bus","angle":-45,"op":"Małopolskie Linie Dowozowe"},"geometry":{"type":"Point","coordinates":[20.327564,49.973155]}},{"type":"Feature","properties":{"text":"A24 A27","n":2,"mode":"bus","angle":-45,"op":"Małopolskie Linie Dowozowe"},"geometry":{"type":"Point","coordinates":[20.327564,49.97668]}},{"type":"Feature","properties":{"text":"A15 A32 A45 A71","n":4,"mode":"bus","angle":45,"op":"Małopolskie Linie Dowozowe"},"geometry":{"type":"Point","coordinates":[20.089918,49.81804]}},{"type":"Feature","properties":{"text":"A15 A21 A33 A45","n":4,"mode":"bus","angle":-45,"op":"Małopolskie Linie Dowozowe"},"geometry":{"type":"Point","coordinates":[20.065334,49.821565]}},{"type":"Feature","properties":{"text":"A71","n":1,"mode":"bus","angle":45,"op":"Małopolskie Linie Dowozowe"},"geometry":{"type":"Point","coordinates":[20.182791,49.832141]}},{"type":"Feature","properties":{"text":"A31","n":1,"mode":"bus","angle":-45,"op":"Małopolskie Linie Dowozowe"},"geometry":{"type":"Point","coordinates":[20.341222,49.967867]}},{"type":"Feature","properties":{"text":"A34","n":1,"mode":"bus","angle":45,"op":"Małopolskie Linie Dowozowe"},"geometry":{"type":"Point","coordinates":[20.365806,49.992544]}},{"type":"Feature","properties":{"text":"A34 A35","n":2,"mode":"bus","angle":45,"op":"Małopolskie Linie Dowozowe"},"geometry":{"type":"Point","coordinates":[20.360343,49.996069]}},{"type":"Feature","properties":{"text":"A39","n":1,"mode":"bus","angle":-45,"op":"Małopolskie Linie Dowozowe"},"geometry":{"type":"Point","coordinates":[20.349416,49.992544]}},{"type":"Feature","properties":{"text":"A24","n":1,"mode":"bus","angle":-45,"op":"Małopolskie Linie Dowozowe"},"geometry":{"type":"Point","coordinates":[20.33849,49.999595]}},{"type":"Feature","properties":{"text":"A23","n":1,"mode":"bus","angle":-45,"op":"Małopolskie Linie Dowozowe"},"geometry":{"type":"Point","coordinates":[20.346685,49.941427]}},{"type":"Feature","properties":{"text":"A23","n":1,"mode":"bus","angle":45,"op":"Małopolskie Linie Dowozowe"},"geometry":{"type":"Point","coordinates":[20.33849,49.932613]}},{"type":"Feature","properties":{"text":"A38","n":1,"mode":"bus","angle":-45,"op":"Małopolskie Linie Dowozowe"},"geometry":{"type":"Point","coordinates":[20.357611,50.008408]}},{"type":"Feature","properties":{"text":"A29 A35 A55","n":3,"mode":"bus","angle":-45,"op":"Małopolskie Linie Dowozowe"},"geometry":{"type":"Point","coordinates":[20.335759,49.967867]}},{"type":"Feature","properties":{"text":"A3","n":1,"mode":"bus","angle":-45,"op":"Małopolskie Linie Dowozowe"},"geometry":{"type":"Point","coordinates":[20.231959,49.895597]}},{"type":"Feature","properties":{"text":"A3","n":1,"mode":"bus","angle":45,"op":"Małopolskie Linie Dowozowe"},"geometry":{"type":"Point","coordinates":[20.234691,49.892072]}},{"type":"Feature","properties":{"text":"A20","n":1,"mode":"bus","angle":45,"op":"Małopolskie Linie Dowozowe"},"geometry":{"type":"Point","coordinates":[20.26747,49.916749]}},{"type":"Feature","properties":{"text":"A45","n":1,"mode":"bus","angle":45,"op":"Małopolskie Linie Dowozowe"},"geometry":{"type":"Point","coordinates":[20.106308,49.807464]}},{"type":"Feature","properties":{"text":"A15 A32","n":2,"mode":"bus","angle":-45,"op":"Małopolskie Linie Dowozowe"},"geometry":{"type":"Point","coordinates":[20.100844,49.802176]}},{"type":"Feature","properties":{"text":"A33","n":1,"mode":"bus","angle":45,"op":"Małopolskie Linie Dowozowe"},"geometry":{"type":"Point","coordinates":[20.117234,49.814515]}},{"type":"Feature","properties":{"text":"A71","n":1,"mode":"bus","angle":45,"op":"Małopolskie Linie Dowozowe"},"geometry":{"type":"Point","coordinates":[20.169133,49.821565]}},{"type":"Feature","properties":{"text":"A61 A71","n":2,"mode":"bus","angle":-45,"op":"Małopolskie Linie Dowozowe"},"geometry":{"type":"Point","coordinates":[20.16367,49.821565]}},{"type":"Feature","properties":{"text":"A41","n":1,"mode":"bus","angle":45,"op":"Małopolskie Linie Dowozowe"},"geometry":{"type":"Point","coordinates":[20.073529,49.862107]}},{"type":"Feature","properties":{"text":"A41","n":1,"mode":"bus","angle":45,"op":"Małopolskie Linie Dowozowe"},"geometry":{"type":"Point","coordinates":[20.084455,49.858581]}},{"type":"Feature","properties":{"text":"A11","n":1,"mode":"bus","angle":45,"op":"Małopolskie Linie Dowozowe"},"geometry":{"type":"Point","coordinates":[20.089918,49.855056]}},{"type":"Feature","properties":{"text":"A42","n":1,"mode":"bus","angle":-45,"op":"Małopolskie Linie Dowozowe"},"geometry":{"type":"Point","coordinates":[19.898709,50.031323]}},{"type":"Feature","properties":{"text":"A55","n":1,"mode":"bus","angle":-45,"op":"Małopolskie Linie Dowozowe"},"geometry":{"type":"Point","coordinates":[20.294785,49.934376]}},{"type":"Feature","properties":{"text":"A66","n":1,"mode":"bus","angle":0,"op":"Małopolskie Linie Dowozowe"},"geometry":{"type":"Point","coordinates":[19.868662,50.004883]}},{"type":"Feature","properties":{"text":"337 669","n":2,"mode":"bus","angle":90,"op":"mix"},"geometry":{"type":"Point","coordinates":[20.007971,50.033085]}},{"type":"Feature","properties":{"text":"3 5 18 50 69 75","n":6,"mode":"tram","angle":90,"op":"mix"},"geometry":{"type":"Point","coordinates":[20.007971,50.033085]}},{"type":"Feature","properties":{"text":"140 904","n":2,"mode":"bus","angle":0,"op":"MPK Kraków — buses"},"geometry":{"type":"Point","coordinates":[19.999777,50.02956]}},{"type":"Feature","properties":{"text":"664 704 708 LR0","n":4,"mode":"bus","angle":0,"op":"MPK Kraków — buses"},"geometry":{"type":"Point","coordinates":[19.991582,50.026035]}},{"type":"Feature","properties":{"text":"102 134 192 300 902","n":5,"mode":"bus","angle":0,"op":"MPK Kraków — buses"},"geometry":{"type":"Point","coordinates":[19.994314,50.018984]}},{"type":"Feature","properties":{"text":"102 126 192 300 902","n":5,"mode":"bus","angle":0,"op":"MPK Kraków — buses"},"geometry":{"type":"Point","coordinates":[19.980656,50.018984]}},{"type":"Feature","properties":{"text":"102 126 192","n":3,"mode":"bus","angle":0,"op":"MPK Kraków — buses"},"geometry":{"type":"Point","coordinates":[19.975193,50.018984]}},{"type":"Feature","properties":{"text":"300 902","n":2,"mode":"bus","angle":0,"op":"MPK Kraków — buses"},"geometry":{"type":"Point","coordinates":[19.975193,50.018984]}},{"type":"Feature","properties":{"text":"209 219 229 239 269 279 A60","n":7,"mode":"bus","angle":0,"op":"mix"},"geometry":{"type":"Point","coordinates":[19.961535,50.006645]}},{"type":"Feature","properties":{"text":"8 14","n":2,"mode":"tram","angle":0,"op":"MPK Kraków — trams"},"geometry":{"type":"Point","coordinates":[19.997045,50.020747]}},{"type":"Feature","properties":{"text":"155 254","n":2,"mode":"bus","angle":90,"op":"MPK Kraków — buses"},"geometry":{"type":"Point","coordinates":[19.991582,49.987256]}},{"type":"Feature","properties":{"text":"175 214 215 225 235 243 245 254 255 265 275 285 475 610 915 A1 A40 A49 A56","n":19,"mode":"bus","angle":-90,"op":"mix"},"geometry":{"type":"Point","coordinates":[19.988851,49.989019]}},{"type":"Feature","properties":{"text":"104 194 494 608","n":4,"mode":"bus","angle":0,"op":"MPK Kraków — buses"},"geometry":{"type":"Point","coordinates":[19.980656,49.990781]}},{"type":"Feature","properties":{"text":"121 151","n":2,"mode":"bus","angle":-90,"op":"MPK Kraków — buses"},"geometry":{"type":"Point","coordinates":[19.983387,49.992544]}},{"type":"Feature","properties":{"text":"128","n":1,"mode":"bus","angle":0,"op":"MPK Kraków — buses"},"geometry":{"type":"Point","coordinates":[20.024361,50.040136]}},{"type":"Feature","properties":{"text":"132 139","n":2,"mode":"bus","angle":0,"op":"MPK Kraków — buses"},"geometry":{"type":"Point","coordinates":[20.021629,50.036611]}},{"type":"Feature","properties":{"text":"610 904","n":2,"mode":"bus","angle":90,"op":"MPK Kraków — buses"},"geometry":{"type":"Point","coordinates":[20.010703,50.026035]}},{"type":"Feature","properties":{"text":"107 155 164 169 610","n":5,"mode":"bus","angle":90,"op":"MPK Kraków — buses"},"geometry":{"type":"Point","coordinates":[20.00524,50.00312]}},{"type":"Feature","properties":{"text":"155 164 610","n":3,"mode":"bus","angle":90,"op":"MPK Kraków — buses"},"geometry":{"type":"Point","coordinates":[20.007971,50.001357]}},{"type":"Feature","properties":{"text":"107 214","n":2,"mode":"bus","angle":90,"op":"MPK Kraków — buses"},"geometry":{"type":"Point","coordinates":[20.010703,49.978443]}},{"type":"Feature","properties":{"text":"214","n":1,"mode":"bus","angle":90,"op":"MPK Kraków — buses"},"geometry":{"type":"Point","coordinates":[20.010703,49.974917]}},{"type":"Feature","properties":{"text":"111 160 161 171 211 271 A37 A50 A57","n":9,"mode":"bus","angle":0,"op":"mix"},"geometry":{"type":"Point","coordinates":[20.111771,50.038373]}},{"type":"Feature","properties":{"text":"176","n":1,"mode":"bus","angle":0,"op":"MPK Kraków — buses"},"geometry":{"type":"Point","coordinates":[19.977924,50.006645]}},{"type":"Feature","properties":{"text":"126 219 A14 A44 A60 A64","n":6,"mode":"bus","angle":0,"op":"mix"},"geometry":{"type":"Point","coordinates":[19.988851,50.013696]}},{"type":"Feature","properties":{"text":"124 144 164 169 173 179 194 300 304 424 469 494 608 708 A1 A14 A44 A56 A64","n":19,"mode":"bus","angle":-90,"op":"mix"},"geometry":{"type":"Point","coordinates":[19.999777,50.017221]}},{"type":"Feature","properties":{"text":"144 164 169 173 179 301 304 469 503 513 608 610 A1 A40 A49 A56","n":16,"mode":"bus","angle":90,"op":"mix"},"geometry":{"type":"Point","coordinates":[19.999777,50.013696]}},{"type":"Feature","properties":{"text":"301 503 513 A40 LR0","n":5,"mode":"bus","angle":-90,"op":"mix"},"geometry":{"type":"Point","coordinates":[19.999777,50.017221]}},{"type":"Feature","properties":{"text":"610 662","n":2,"mode":"bus","angle":0,"op":"MPK Kraków — buses"},"geometry":{"type":"Point","coordinates":[20.002508,50.015459]}},{"type":"Feature","properties":{"text":"18 22 52 62","n":4,"mode":"tram","angle":0,"op":"MPK Kraków — trams"},"geometry":{"type":"Point","coordinates":[20.00524,50.017221]}},{"type":"Feature","properties":{"text":"608","n":1,"mode":"bus","angle":90,"op":"mix"},"geometry":{"type":"Point","coordinates":[20.007971,50.026035]}},{"type":"Feature","properties":{"text":"18 20 75","n":3,"mode":"tram","angle":90,"op":"mix"},"geometry":{"type":"Point","coordinates":[20.007971,50.026035]}},{"type":"Feature","properties":{"text":"220 LR0","n":2,"mode":"bus","angle":-90,"op":"MPK Kraków — buses"},"geometry":{"type":"Point","coordinates":[19.997045,50.041899]}},{"type":"Feature","properties":{"text":"120 164 199 218 228 298 601 918","n":8,"mode":"bus","angle":0,"op":"MPK Kraków — buses"},"geometry":{"type":"Point","coordinates":[19.983387,50.026035]}},{"type":"Feature","properties":{"text":"120 572","n":2,"mode":"bus","angle":0,"op":"MPK Kraków — buses"},"geometry":{"type":"Point","coordinates":[19.983387,50.026035]}},{"type":"Feature","properties":{"text":"164 199 218 228 298 601 918","n":7,"mode":"bus","angle":0,"op":"MPK Kraków — buses"},"geometry":{"type":"Point","coordinates":[19.977924,50.026035]}},{"type":"Feature","properties":{"text":"669","n":1,"mode":"bus","angle":0,"op":"mix"},"geometry":{"type":"Point","coordinates":[20.013435,50.038373]}},{"type":"Feature","properties":{"text":"18 50 69 75","n":4,"mode":"tram","angle":0,"op":"mix"},"geometry":{"type":"Point","coordinates":[20.013435,50.038373]}},{"type":"Feature","properties":{"text":"A12 A13","n":2,"mode":"bus","angle":-90,"op":"Małopolskie Linie Dowozowe"},"geometry":{"type":"Point","coordinates":[20.010703,50.040136]}},{"type":"Feature","properties":{"text":"120 220","n":2,"mode":"bus","angle":0,"op":"MPK Kraków — buses"},"geometry":{"type":"Point","coordinates":[20.00524,50.040136]}},{"type":"Feature","properties":{"text":"220","n":1,"mode":"bus","angle":0,"op":"MPK Kraków — buses"},"geometry":{"type":"Point","coordinates":[20.002508,50.041899]}},{"type":"Feature","properties":{"text":"121 204 293","n":3,"mode":"bus","angle":0,"op":"MPK Kraków — buses"},"geometry":{"type":"Point","coordinates":[19.986119,49.994307]}},{"type":"Feature","properties":{"text":"175 214 215 225 235 243 245 254 255 265 275 285 475 610 915 A1 A49 A56","n":18,"mode":"bus","angle":90,"op":"mix"},"geometry":{"type":"Point","coordinates":[19.988851,49.992544]}},{"type":"Feature","properties":{"text":"151 915","n":2,"mode":"bus","angle":-90,"op":"MPK Kraków — buses"},"geometry":{"type":"Point","coordinates":[19.991582,49.997832]}},{"type":"Feature","properties":{"text":"610 A40","n":2,"mode":"bus","angle":90,"op":"mix"},"geometry":{"type":"Point","coordinates":[19.991582,49.994307]}},{"type":"Feature","properties":{"text":"915 A1 A40 A49 A56","n":5,"mode":"bus","angle":-90,"op":"mix"},"geometry":{"type":"Point","coordinates":[19.994314,49.999595]}},{"type":"Feature","properties":{"text":"8 22 50","n":3,"mode":"tram","angle":-90,"op":"MPK Kraków — trams"},"geometry":{"type":"Point","coordinates":[19.991582,49.997832]}},{"type":"Feature","properties":{"text":"180","n":1,"mode":"bus","angle":90,"op":"MPK Kraków — buses"},"geometry":{"type":"Point","coordinates":[20.081724,50.047187]}},{"type":"Feature","properties":{"text":"149 202 212 222 232 262","n":6,"mode":"bus","angle":0,"op":"MPK Kraków — buses"},"geometry":{"type":"Point","coordinates":[20.070797,50.043661]}},{"type":"Feature","properties":{"text":"180","n":1,"mode":"bus","angle":-90,"op":"MPK Kraków — buses"},"geometry":{"type":"Point","coordinates":[20.070797,50.045424]}},{"type":"Feature","properties":{"text":"122 182 511 601 608","n":5,"mode":"bus","angle":0,"op":"MPK Kraków — buses"},"geometry":{"type":"Point","coordinates":[20.065334,50.045424]}},{"type":"Feature","properties":{"text":"511","n":1,"mode":"bus","angle":0,"op":"MPK Kraków — buses"},"geometry":{"type":"Point","coordinates":[20.059871,50.045424]}},{"type":"Feature","properties":{"text":"182","n":1,"mode":"bus","angle":0,"op":"MPK Kraków — buses"},"geometry":{"type":"Point","coordinates":[20.05714,50.043661]}},{"type":"Feature","properties":{"text":"122 138 608","n":3,"mode":"bus","angle":0,"op":"MPK Kraków — buses"},"geometry":{"type":"Point","coordinates":[20.062603,50.041899]}},{"type":"Feature","properties":{"text":"122 160 202 212 222 232 262 608","n":8,"mode":"bus","angle":0,"op":"mix"},"geometry":{"type":"Point","coordinates":[20.059871,50.040136]}},{"type":"Feature","properties":{"text":"1 5","n":2,"mode":"tram","angle":0,"op":"mix"},"geometry":{"type":"Point","coordinates":[20.059871,50.040136]}},{"type":"Feature","properties":{"text":"138 160","n":2,"mode":"bus","angle":0,"op":"mix"},"geometry":{"type":"Point","coordinates":[20.068066,50.041899]}},{"type":"Feature","properties":{"text":"1 5","n":2,"mode":"tram","angle":0,"op":"mix"},"geometry":{"type":"Point","coordinates":[20.068066,50.041899]}},{"type":"Feature","properties":{"text":"123 132","n":2,"mode":"bus","angle":0,"op":"MPK Kraków — buses"},"geometry":{"type":"Point","coordinates":[20.059871,50.040136]}},{"type":"Feature","properties":{"text":"189 572 608","n":3,"mode":"bus","angle":0,"op":"MPK Kraków — buses"},"geometry":{"type":"Point","coordinates":[20.046213,50.038373]}},{"type":"Feature","properties":{"text":"611","n":1,"mode":"bus","angle":90,"op":"MPK Kraków — buses"},"geometry":{"type":"Point","coordinates":[20.043482,50.036611]}},{"type":"Feature","properties":{"text":"664","n":1,"mode":"bus","angle":-90,"op":"mix"},"geometry":{"type":"Point","coordinates":[20.046213,50.041899]}},{"type":"Feature","properties":{"text":"21 52","n":2,"mode":"tram","angle":-90,"op":"mix"},"geometry":{"type":"Point","coordinates":[20.046213,50.041899]}},{"type":"Feature","properties":{"text":"132 139 601","n":3,"mode":"bus","angle":0,"op":"MPK Kraków — buses"},"geometry":{"type":"Point","coordinates":[20.068066,50.038373]}},{"type":"Feature","properties":{"text":"149 463","n":2,"mode":"bus","angle":0,"op":"mix"},"geometry":{"type":"Point","coordinates":[20.068066,50.038373]}},{"type":"Feature","properties":{"text":"21 22 74 75","n":4,"mode":"tram","angle":0,"op":"mix"},"geometry":{"type":"Point","coordinates":[20.068066,50.038373]}},{"type":"Feature","properties":{"text":"123 A50 A57","n":3,"mode":"bus","angle":0,"op":"mix"},"geometry":{"type":"Point","coordinates":[20.062603,50.033085]}},{"type":"Feature","properties":{"text":"123 149 174 601 A50 A57","n":6,"mode":"bus","angle":0,"op":"mix"},"geometry":{"type":"Point","coordinates":[20.062603,50.033085]}},{"type":"Feature","properties":{"text":"10 16","n":2,"mode":"tram","angle":0,"op":"mix"},"geometry":{"type":"Point","coordinates":[20.062603,50.033085]}},{"type":"Feature","properties":{"text":"123","n":1,"mode":"bus","angle":90,"op":"MPK Kraków — buses"},"geometry":{"type":"Point","coordinates":[20.05714,50.027797]}},{"type":"Feature","properties":{"text":"497","n":1,"mode":"bus","angle":90,"op":"MPK Kraków — buses"},"geometry":{"type":"Point","coordinates":[20.029824,50.015459]}},{"type":"Feature","properties":{"text":"128 158 605","n":3,"mode":"bus","angle":0,"op":"MPK Kraków — buses"},"geometry":{"type":"Point","coordinates":[20.027092,50.018984]}},{"type":"Feature","properties":{"text":"124 424","n":2,"mode":"bus","angle":90,"op":"MPK Kraków — buses"},"geometry":{"type":"Point","coordinates":[20.018898,50.027797]}},{"type":"Feature","properties":{"text":"125","n":1,"mode":"bus","angle":0,"op":"MPK Kraków — buses"},"geometry":{"type":"Point","coordinates":[20.021629,50.026035]}},{"type":"Feature","properties":{"text":"124 424 601 605 608 609 611 662 664 669 902","n":11,"mode":"bus","angle":0,"op":"mix"},"geometry":{"type":"Point","coordinates":[20.013435,50.024272]}},{"type":"Feature","properties":{"text":"1 10 14 20 22 52 62 74 75 76","n":10,"mode":"tram","angle":0,"op":"mix"},"geometry":{"type":"Point","coordinates":[20.013435,50.024272]}},{"type":"Feature","properties":{"text":"124 169 179 192 301 304 307 424 469 503 513 608 708 902","n":14,"mode":"bus","angle":90,"op":"MPK Kraków — buses"},"geometry":{"type":"Point","coordinates":[20.002508,50.024272]}},{"type":"Feature","properties":{"text":"A1 A14 A40 A44 A56 A64","n":6,"mode":"bus","angle":90,"op":"Małopolskie Linie Dowozowe"},"geometry":{"type":"Point","coordinates":[19.999777,50.022509]}},{"type":"Feature","properties":{"text":"144 164 173 194 310 494 LR0","n":7,"mode":"bus","angle":-90,"op":"MPK Kraków — buses"},"geometry":{"type":"Point","coordinates":[19.999777,50.022509]}},{"type":"Feature","properties":{"text":"601 611","n":2,"mode":"bus","angle":0,"op":"MPK Kraków — buses"},"geometry":{"type":"Point","coordinates":[20.002508,50.024272]}},{"type":"Feature","properties":{"text":"125 605","n":2,"mode":"bus","angle":-90,"op":"MPK Kraków — buses"},"geometry":{"type":"Point","coordinates":[20.059871,50.018984]}},{"type":"Feature","properties":{"text":"125","n":1,"mode":"bus","angle":-90,"op":"MPK Kraków — buses"},"geometry":{"type":"Point","coordinates":[20.059871,50.018984]}},{"type":"Feature","properties":{"text":"125 427 497","n":3,"mode":"bus","angle":0,"op":"mix"},"geometry":{"type":"Point","coordinates":[20.021629,50.017221]}},{"type":"Feature","properties":{"text":"11 20 76","n":3,"mode":"tram","angle":0,"op":"mix"},"geometry":{"type":"Point","coordinates":[20.021629,50.017221]}},{"type":"Feature","properties":{"text":"127","n":1,"mode":"bus","angle":0,"op":"MPK Kraków — buses"},"geometry":{"type":"Point","coordinates":[20.024361,50.020747]}},{"type":"Feature","properties":{"text":"174 463","n":2,"mode":"bus","angle":0,"op":"MPK Kraków — buses"},"geometry":{"type":"Point","coordinates":[20.024361,50.022509]}},{"type":"Feature","properties":{"text":"669","n":1,"mode":"bus","angle":90,"op":"mix"},"geometry":{"type":"Point","coordinates":[20.010703,50.013696]}},{"type":"Feature","properties":{"text":"3 13 17 69 74 76","n":6,"mode":"tram","angle":90,"op":"mix"},"geometry":{"type":"Point","coordinates":[20.010703,50.013696]}},{"type":"Feature","properties":{"text":"3 69 74","n":3,"mode":"tram","angle":-90,"op":"mix"},"geometry":{"type":"Point","coordinates":[20.010703,50.017221]}},{"type":"Feature","properties":{"text":"127 427","n":2,"mode":"bus","angle":90,"op":"MPK Kraków — buses"},"geometry":{"type":"Point","coordinates":[20.027092,50.013696]}},{"type":"Feature","properties":{"text":"662","n":1,"mode":"bus","angle":0,"op":"mix"},"geometry":{"type":"Point","coordinates":[20.035287,50.02956]}},{"type":"Feature","properties":{"text":"1 14 22 62","n":4,"mode":"tram","angle":0,"op":"mix"},"geometry":{"type":"Point","coordinates":[20.035287,50.02956]}},{"type":"Feature","properties":{"text":"132 138 139 182 189 482 601 611","n":8,"mode":"bus","angle":0,"op":"MPK Kraków — buses"},"geometry":{"type":"Point","coordinates":[20.029824,50.038373]}},{"type":"Feature","properties":{"text":"128 669","n":2,"mode":"bus","angle":0,"op":"MPK Kraków — buses"},"geometry":{"type":"Point","coordinates":[20.024361,50.043661]}},{"type":"Feature","properties":{"text":"130 138 168 494 904","n":5,"mode":"bus","angle":0,"op":"MPK Kraków — buses"},"geometry":{"type":"Point","coordinates":[19.999777,50.031323]}},{"type":"Feature","properties":{"text":"149","n":1,"mode":"bus","angle":0,"op":"MPK Kraków — buses"},"geometry":{"type":"Point","coordinates":[20.070797,50.040136]}},{"type":"Feature","properties":{"text":"572","n":1,"mode":"bus","angle":0,"op":"MPK Kraków — buses"},"geometry":{"type":"Point","coordinates":[20.010703,50.036611]}},{"type":"Feature","properties":{"text":"138","n":1,"mode":"bus","angle":0,"op":"MPK Kraków — buses"},"geometry":{"type":"Point","coordinates":[20.073529,50.041899]}},{"type":"Feature","properties":{"text":"74","n":1,"mode":"tram","angle":0,"op":"MPK Kraków — trams"},"geometry":{"type":"Point","coordinates":[20.073529,50.041899]}},{"type":"Feature","properties":{"text":"182","n":1,"mode":"bus","angle":0,"op":"MPK Kraków — buses"},"geometry":{"type":"Point","coordinates":[20.048945,50.043661]}},{"type":"Feature","properties":{"text":"144 195","n":2,"mode":"bus","angle":90,"op":"MPK Kraków — buses"},"geometry":{"type":"Point","coordinates":[20.024361,50.001357]}},{"type":"Feature","properties":{"text":"144 173 301 304 503 513 904","n":7,"mode":"bus","angle":0,"op":"MPK Kraków — buses"},"geometry":{"type":"Point","coordinates":[20.013435,50.008408]}},{"type":"Feature","properties":{"text":"144 155 169 173 301 304 469 503 513 904","n":10,"mode":"bus","angle":0,"op":"MPK Kraków — buses"},"geometry":{"type":"Point","coordinates":[20.007971,50.008408]}},{"type":"Feature","properties":{"text":"664","n":1,"mode":"bus","angle":0,"op":"mix"},"geometry":{"type":"Point","coordinates":[20.043482,50.033085]}},{"type":"Feature","properties":{"text":"5 9 10 52 74 75","n":6,"mode":"tram","angle":0,"op":"mix"},"geometry":{"type":"Point","coordinates":[20.043482,50.033085]}},{"type":"Feature","properties":{"text":"149 A50 A57","n":3,"mode":"bus","angle":0,"op":"mix"},"geometry":{"type":"Point","coordinates":[20.078992,50.034848]}},{"type":"Feature","properties":{"text":"10","n":1,"mode":"tram","angle":0,"op":"mix"},"geometry":{"type":"Point","coordinates":[20.078992,50.034848]}},{"type":"Feature","properties":{"text":"240","n":1,"mode":"bus","angle":0,"op":"MPK Kraków — buses"},"geometry":{"type":"Point","coordinates":[19.991582,50.034848]}},{"type":"Feature","properties":{"text":"151","n":1,"mode":"bus","angle":-90,"op":"MPK Kraków — buses"},"geometry":{"type":"Point","coordinates":[19.988851,49.999595]}},{"type":"Feature","properties":{"text":"153 195 669","n":3,"mode":"bus","angle":0,"op":"mix"},"geometry":{"type":"Point","coordinates":[20.029824,50.006645]}},{"type":"Feature","properties":{"text":"3 9 13 49 69","n":5,"mode":"tram","angle":0,"op":"mix"},"geometry":{"type":"Point","coordinates":[20.029824,50.006645]}},{"type":"Feature","properties":{"text":"234 284","n":2,"mode":"bus","angle":90,"op":"MPK Kraków — buses"},"geometry":{"type":"Point","coordinates":[20.032555,50.004883]}},{"type":"Feature","properties":{"text":"153","n":1,"mode":"bus","angle":0,"op":"MPK Kraków — buses"},"geometry":{"type":"Point","coordinates":[20.04075,50.006645]}},{"type":"Feature","properties":{"text":"153 284","n":2,"mode":"bus","angle":0,"op":"MPK Kraków — buses"},"geometry":{"type":"Point","coordinates":[20.051676,50.010171]}},{"type":"Feature","properties":{"text":"284","n":1,"mode":"bus","angle":0,"op":"MPK Kraków — buses"},"geometry":{"type":"Point","coordinates":[20.051676,50.010171]}},{"type":"Feature","properties":{"text":"155 214 215 225 254 265 915","n":7,"mode":"bus","angle":-90,"op":"MPK Kraków — buses"},"geometry":{"type":"Point","coordinates":[19.997045,49.985493]}},{"type":"Feature","properties":{"text":"215 225 915","n":3,"mode":"bus","angle":90,"op":"MPK Kraków — buses"},"geometry":{"type":"Point","coordinates":[19.997045,49.981968]}},{"type":"Feature","properties":{"text":"155 174 179 204 610","n":5,"mode":"bus","angle":-90,"op":"MPK Kraków — buses"},"geometry":{"type":"Point","coordinates":[19.999777,49.997832]}},{"type":"Feature","properties":{"text":"174 179","n":2,"mode":"bus","angle":0,"op":"MPK Kraków — buses"},"geometry":{"type":"Point","coordinates":[20.002508,49.994307]}},{"type":"Feature","properties":{"text":"158","n":1,"mode":"bus","angle":90,"op":"MPK Kraków — buses"},"geometry":{"type":"Point","coordinates":[20.070797,50.027797]}},{"type":"Feature","properties":{"text":"207","n":1,"mode":"bus","angle":-90,"op":"MPK Kraków — buses"},"geometry":{"type":"Point","coordinates":[20.016166,50.040136]}},{"type":"Feature","properties":{"text":"503","n":1,"mode":"bus","angle":90,"op":"MPK Kraków — buses"},"geometry":{"type":"Point","coordinates":[20.032555,50.001357]}},{"type":"Feature","properties":{"text":"235 245 255 275 285 A1 A56","n":7,"mode":"bus","angle":90,"op":"mix"},"geometry":{"type":"Point","coordinates":[19.980656,49.97668]}},{"type":"Feature","properties":{"text":"195 234 284","n":3,"mode":"bus","angle":-90,"op":"MPK Kraków — buses"},"geometry":{"type":"Point","coordinates":[20.038019,50.010171]}},{"type":"Feature","properties":{"text":"210 230 310 910","n":4,"mode":"bus","angle":-90,"op":"MPK Kraków — buses"},"geometry":{"type":"Point","coordinates":[19.988851,50.036611]}},{"type":"Feature","properties":{"text":"202 222 232","n":3,"mode":"bus","angle":90,"op":"MPK Kraków — buses"},"geometry":{"type":"Point","coordinates":[20.103576,50.057763]}},{"type":"Feature","properties":{"text":"203","n":1,"mode":"bus","angle":-90,"op":"MPK Kraków — buses"},"geometry":{"type":"Point","coordinates":[19.964267,49.999595]}},{"type":"Feature","properties":{"text":"203 712","n":2,"mode":"bus","angle":90,"op":"MPK Kraków — buses"},"geometry":{"type":"Point","coordinates":[19.958803,49.992544]}},{"type":"Feature","properties":{"text":"203","n":1,"mode":"bus","angle":90,"op":"MPK Kraków — buses"},"geometry":{"type":"Point","coordinates":[19.958803,49.987256]}},{"type":"Feature","properties":{"text":"203","n":1,"mode":"bus","angle":90,"op":"MPK Kraków — buses"},"geometry":{"type":"Point","coordinates":[19.958803,49.980205]}},{"type":"Feature","properties":{"text":"203","n":1,"mode":"bus","angle":90,"op":"MPK Kraków — buses"},"geometry":{"type":"Point","coordinates":[19.95334,49.97668]}},{"type":"Feature","properties":{"text":"A53","n":1,"mode":"bus","angle":90,"op":"Małopolskie Linie Dowozowe"},"geometry":{"type":"Point","coordinates":[19.956072,49.973155]}},{"type":"Feature","properties":{"text":"223 253 283 293 903","n":5,"mode":"bus","angle":-90,"op":"MPK Kraków — buses"},"geometry":{"type":"Point","coordinates":[19.964267,49.978443]}},{"type":"Feature","properties":{"text":"204 224 904","n":3,"mode":"bus","angle":0,"op":"MPK Kraków — buses"},"geometry":{"type":"Point","coordinates":[20.065334,49.992544]}},{"type":"Feature","properties":{"text":"301 A18 W2","n":3,"mode":"bus","angle":0,"op":"mix"},"geometry":{"type":"Point","coordinates":[20.062603,49.994307]}},{"type":"Feature","properties":{"text":"A18 B2 D2 W2","n":4,"mode":"bus","angle":0,"op":"mix"},"geometry":{"type":"Point","coordinates":[20.054408,49.992544]}},{"type":"Feature","properties":{"text":"207 317","n":2,"mode":"bus","angle":90,"op":"MPK Kraków — buses"},"geometry":{"type":"Point","coordinates":[20.016166,50.047187]}},{"type":"Feature","properties":{"text":"209","n":1,"mode":"bus","angle":-90,"op":"MPK Kraków — buses"},"geometry":{"type":"Point","coordinates":[19.958803,50.008408]}},{"type":"Feature","properties":{"text":"269 A60","n":2,"mode":"bus","angle":0,"op":"mix"},"geometry":{"type":"Point","coordinates":[19.956072,50.006645]}},{"type":"Feature","properties":{"text":"209","n":1,"mode":"bus","angle":-90,"op":"MPK Kraków — buses"},"geometry":{"type":"Point","coordinates":[19.956072,50.015459]}},{"type":"Feature","properties":{"text":"209 228 258 298","n":4,"mode":"bus","angle":0,"op":"MPK Kraków — buses"},"geometry":{"type":"Point","coordinates":[19.958803,50.020747]}},{"type":"Feature","properties":{"text":"310","n":1,"mode":"bus","angle":-90,"op":"MPK Kraków — buses"},"geometry":{"type":"Point","coordinates":[19.991582,50.041899]}},{"type":"Feature","properties":{"text":"211 221 301 A18 A37 A7","n":6,"mode":"bus","angle":90,"op":"mix"},"geometry":{"type":"Point","coordinates":[20.174597,50.013696]}},{"type":"Feature","properties":{"text":"214 G3","n":2,"mode":"bus","angle":0,"op":"mix"},"geometry":{"type":"Point","coordinates":[20.013435,49.973155]}},{"type":"Feature","properties":{"text":"G3","n":1,"mode":"bus","angle":0,"op":"Wielicka Spółka Transportowa"},"geometry":{"type":"Point","coordinates":[20.013435,49.973155]}},{"type":"Feature","properties":{"text":"215 225 285 915 A19 A2","n":6,"mode":"bus","angle":0,"op":"mix"},"geometry":{"type":"Point","coordinates":[20.002508,49.948477]}},{"type":"Feature","properties":{"text":"285 A19 A2","n":3,"mode":"bus","angle":0,"op":"mix"},"geometry":{"type":"Point","coordinates":[19.997045,49.948477]}},{"type":"Feature","properties":{"text":"215 225 254 915","n":4,"mode":"bus","angle":-90,"op":"MPK Kraków — buses"},"geometry":{"type":"Point","coordinates":[19.994314,49.974917]}},{"type":"Feature","properties":{"text":"257 277 307 917","n":4,"mode":"bus","angle":-90,"op":"MPK Kraków — buses"},"geometry":{"type":"Point","coordinates":[20.029824,50.048949]}},{"type":"Feature","properties":{"text":"268 278 288","n":3,"mode":"bus","angle":-90,"op":"MPK Kraków — buses"},"geometry":{"type":"Point","coordinates":[19.972461,50.038373]}},{"type":"Feature","properties":{"text":"238","n":1,"mode":"bus","angle":0,"op":"MPK Kraków — buses"},"geometry":{"type":"Point","coordinates":[19.964267,50.031323]}},{"type":"Feature","properties":{"text":"259 A14 A64","n":3,"mode":"bus","angle":0,"op":"mix"},"geometry":{"type":"Point","coordinates":[19.931488,49.980205]}},{"type":"Feature","properties":{"text":"229","n":1,"mode":"bus","angle":0,"op":"MPK Kraków — buses"},"geometry":{"type":"Point","coordinates":[19.912367,49.980205]}},{"type":"Feature","properties":{"text":"A64","n":1,"mode":"bus","angle":0,"op":"Małopolskie Linie Dowozowe"},"geometry":{"type":"Point","coordinates":[19.912367,49.980205]}},{"type":"Feature","properties":{"text":"219 239 279 A14","n":4,"mode":"bus","angle":90,"op":"mix"},"geometry":{"type":"Point","coordinates":[19.947877,49.978443]}},{"type":"Feature","properties":{"text":"239 259","n":2,"mode":"bus","angle":-90,"op":"MPK Kraków — buses"},"geometry":{"type":"Point","coordinates":[19.947877,49.981968]}},{"type":"Feature","properties":{"text":"222","n":1,"mode":"bus","angle":90,"op":"MPK Kraków — buses"},"geometry":{"type":"Point","coordinates":[20.095381,50.066576]}},{"type":"Feature","properties":{"text":"223 233 243 283 293 903","n":6,"mode":"bus","angle":90,"op":"MPK Kraków — buses"},"geometry":{"type":"Point","coordinates":[19.961535,49.967867]}},{"type":"Feature","properties":{"text":"224 A19 J1","n":3,"mode":"bus","angle":90,"op":"mix"},"geometry":{"type":"Point","coordinates":[20.048945,49.983731]}},{"type":"Feature","properties":{"text":"224 A19 J1","n":3,"mode":"bus","angle":0,"op":"mix"},"geometry":{"type":"Point","coordinates":[20.043482,49.980205]}},{"type":"Feature","properties":{"text":"224 244","n":2,"mode":"bus","angle":0,"op":"MPK Kraków — buses"},"geometry":{"type":"Point","coordinates":[20.038019,49.987256]}},{"type":"Feature","properties":{"text":"244","n":1,"mode":"bus","angle":0,"op":"MPK Kraków — buses"},"geometry":{"type":"Point","coordinates":[20.029824,49.985493]}},{"type":"Feature","properties":{"text":"304 P2","n":2,"mode":"bus","angle":0,"op":"mix"},"geometry":{"type":"Point","coordinates":[20.032555,49.990781]}},{"type":"Feature","properties":{"text":"284 A18 A58 L1","n":4,"mode":"bus","angle":0,"op":"mix"},"geometry":{"type":"Point","coordinates":[20.048945,49.990781]}},{"type":"Feature","properties":{"text":"285","n":1,"mode":"bus","angle":-90,"op":"MPK Kraków — buses"},"geometry":{"type":"Point","coordinates":[20.00524,49.959053]}},{"type":"Feature","properties":{"text":"245 255 275 285","n":4,"mode":"bus","angle":-90,"op":"MPK Kraków — buses"},"geometry":{"type":"Point","coordinates":[19.980656,49.952003]}},{"type":"Feature","properties":{"text":"A1 A56","n":2,"mode":"bus","angle":-90,"op":"Małopolskie Linie Dowozowe"},"geometry":{"type":"Point","coordinates":[19.977924,49.971392]}},{"type":"Feature","properties":{"text":"A18 W2","n":2,"mode":"bus","angle":0,"op":"mix"},"geometry":{"type":"Point","coordinates":[20.122697,50.013696]}},{"type":"Feature","properties":{"text":"G4","n":1,"mode":"bus","angle":-90,"op":"Wielicka Spółka Transportowa"},"geometry":{"type":"Point","coordinates":[20.084455,50.015459]}},{"type":"Feature","properties":{"text":"A58","n":1,"mode":"bus","angle":-90,"op":"Małopolskie Linie Dowozowe"},"geometry":{"type":"Point","coordinates":[20.073529,50.015459]}},{"type":"Feature","properties":{"text":"235","n":1,"mode":"bus","angle":-90,"op":"MPK Kraków — buses"},"geometry":{"type":"Point","coordinates":[19.939682,49.971392]}},{"type":"Feature","properties":{"text":"238 248 948","n":3,"mode":"bus","angle":0,"op":"MPK Kraków — buses"},"geometry":{"type":"Point","coordinates":[19.972461,50.033085]}},{"type":"Feature","properties":{"text":"238 258 288 948","n":4,"mode":"bus","angle":90,"op":"MPK Kraków — buses"},"geometry":{"type":"Point","coordinates":[19.977924,50.031323]}},{"type":"Feature","properties":{"text":"238 248 268 278","n":4,"mode":"bus","angle":0,"op":"MPK Kraków — buses"},"geometry":{"type":"Point","coordinates":[19.980656,50.033085]}},{"type":"Feature","properties":{"text":"268 278 288","n":3,"mode":"bus","angle":-90,"op":"MPK Kraków — buses"},"geometry":{"type":"Point","coordinates":[19.977924,50.034848]}},{"type":"Feature","properties":{"text":"239 259 A14 A64","n":4,"mode":"bus","angle":-90,"op":"mix"},"geometry":{"type":"Point","coordinates":[19.945146,49.987256]}},{"type":"Feature","properties":{"text":"259 A14 A64","n":3,"mode":"bus","angle":-90,"op":"mix"},"geometry":{"type":"Point","coordinates":[19.947877,49.992544]}},{"type":"Feature","properties":{"text":"A64","n":1,"mode":"bus","angle":0,"op":"Małopolskie Linie Dowozowe"},"geometry":{"type":"Point","coordinates":[19.936951,49.981968]}},{"type":"Feature","properties":{"text":"A18","n":1,"mode":"bus","angle":-90,"op":"Małopolskie Linie Dowozowe"},"geometry":{"type":"Point","coordinates":[20.065334,49.992544]}},{"type":"Feature","properties":{"text":"310 910","n":2,"mode":"bus","angle":-90,"op":"MPK Kraków — buses"},"geometry":{"type":"Point","coordinates":[19.991582,50.045424]}},{"type":"Feature","properties":{"text":"250 260 270","n":3,"mode":"bus","angle":0,"op":"MPK Kraków — buses"},"geometry":{"type":"Point","coordinates":[20.051676,50.048949]}},{"type":"Feature","properties":{"text":"253 A53","n":2,"mode":"bus","angle":-90,"op":"mix"},"geometry":{"type":"Point","coordinates":[19.956072,49.943189]}},{"type":"Feature","properties":{"text":"260","n":1,"mode":"bus","angle":-90,"op":"MPK Kraków — buses"},"geometry":{"type":"Point","coordinates":[20.068066,50.064813]}},{"type":"Feature","properties":{"text":"267 A13","n":2,"mode":"bus","angle":-90,"op":"mix"},"geometry":{"type":"Point","coordinates":[19.999777,50.070101]}},{"type":"Feature","properties":{"text":"511 572 608","n":3,"mode":"bus","angle":0,"op":"MPK Kraków — buses"},"geometry":{"type":"Point","coordinates":[20.032555,50.036611]}},{"type":"Feature","properties":{"text":"610 662 669 904","n":4,"mode":"bus","angle":-90,"op":"mix"},"geometry":{"type":"Point","coordinates":[20.010703,50.020747]}},{"type":"Feature","properties":{"text":"3 22 52 62 69 74","n":6,"mode":"tram","angle":-90,"op":"mix"},"geometry":{"type":"Point","coordinates":[20.010703,50.020747]}},{"type":"Feature","properties":{"text":"J1","n":1,"mode":"bus","angle":-90,"op":"Wielicka Spółka Transportowa"},"geometry":{"type":"Point","coordinates":[20.035287,49.973155]}},{"type":"Feature","properties":{"text":"A58 B2 G4","n":3,"mode":"bus","angle":-90,"op":"mix"},"geometry":{"type":"Point","coordinates":[20.084455,50.010171]}},{"type":"Feature","properties":{"text":"A9","n":1,"mode":"bus","angle":90,"op":"Małopolskie Linie Dowozowe"},"geometry":{"type":"Point","coordinates":[20.106308,49.885021]}},{"type":"Feature","properties":{"text":"A9","n":1,"mode":"bus","angle":0,"op":"Małopolskie Linie Dowozowe"},"geometry":{"type":"Point","coordinates":[20.190986,49.876208]}},{"type":"Feature","properties":{"text":"A66","n":1,"mode":"bus","angle":0,"op":"Małopolskie Linie Dowozowe"},"geometry":{"type":"Point","coordinates":[19.890514,50.00312]}},{"type":"Feature","properties":{"text":"A44","n":1,"mode":"bus","angle":0,"op":"Małopolskie Linie Dowozowe"},"geometry":{"type":"Point","coordinates":[19.912367,50.010171]}},{"type":"Feature","properties":{"text":"A40","n":1,"mode":"bus","angle":0,"op":"Małopolskie Linie Dowozowe"},"geometry":{"type":"Point","coordinates":[19.96973,49.937901]}},{"type":"Feature","properties":{"text":"A60","n":1,"mode":"bus","angle":0,"op":"Małopolskie Linie Dowozowe"},"geometry":{"type":"Point","coordinates":[19.923293,50.008408]}},{"type":"Feature","properties":{"text":"A57","n":1,"mode":"bus","angle":0,"op":"Małopolskie Linie Dowozowe"},"geometry":{"type":"Point","coordinates":[20.245617,50.038373]}},{"type":"Feature","properties":{"text":"A57","n":1,"mode":"bus","angle":0,"op":"Małopolskie Linie Dowozowe"},"geometry":{"type":"Point","coordinates":[20.231959,50.040136]}},{"type":"Feature","properties":{"text":"A37 A50 A7","n":3,"mode":"bus","angle":0,"op":"Małopolskie Linie Dowozowe"},"geometry":{"type":"Point","coordinates":[20.18006,50.059525]}},{"type":"Feature","properties":{"text":"A4 A65","n":2,"mode":"bus","angle":-90,"op":"Małopolskie Linie Dowozowe"},"geometry":{"type":"Point","coordinates":[20.242886,49.969629]}},{"type":"Feature","properties":{"text":"A4 A65","n":2,"mode":"bus","angle":90,"op":"Małopolskie Linie Dowozowe"},"geometry":{"type":"Point","coordinates":[20.25108,49.974917]}},{"type":"Feature","properties":{"text":"A20 A3","n":2,"mode":"bus","angle":0,"op":"Małopolskie Linie Dowozowe"},"geometry":{"type":"Point","coordinates":[20.248349,49.97668]}},{"type":"Feature","properties":{"text":"A20 A26 A3 A4 A65","n":5,"mode":"bus","angle":0,"op":"Małopolskie Linie Dowozowe"},"geometry":{"type":"Point","coordinates":[20.248349,49.973155]}},{"type":"Feature","properties":{"text":"A20 A3 A4 A65","n":4,"mode":"bus","angle":-90,"op":"Małopolskie Linie Dowozowe"},"geometry":{"type":"Point","coordinates":[20.245617,49.974917]}},{"type":"Feature","properties":{"text":"A4","n":1,"mode":"bus","angle":0,"op":"Małopolskie Linie Dowozowe"},"geometry":{"type":"Point","coordinates":[20.25108,50.033085]}},{"type":"Feature","properties":{"text":"A23 A27 A28 A31","n":4,"mode":"bus","angle":0,"op":"Małopolskie Linie Dowozowe"},"geometry":{"type":"Point","coordinates":[20.341222,49.980205]}},{"type":"Feature","properties":{"text":"A24 A29 A30 A34 A35 A36 A38 A39 A62","n":9,"mode":"bus","angle":-90,"op":"Małopolskie Linie Dowozowe"},"geometry":{"type":"Point","coordinates":[20.33849,49.981968]}},{"type":"Feature","properties":{"text":"A53","n":1,"mode":"bus","angle":0,"op":"Małopolskie Linie Dowozowe"},"geometry":{"type":"Point","coordinates":[19.928756,49.892072]}},{"type":"Feature","properties":{"text":"A53","n":1,"mode":"bus","angle":0,"op":"Małopolskie Linie Dowozowe"},"geometry":{"type":"Point","coordinates":[19.936951,49.890309]}},{"type":"Feature","properties":{"text":"A22","n":1,"mode":"bus","angle":-90,"op":"Małopolskie Linie Dowozowe"},"geometry":{"type":"Point","coordinates":[20.272933,49.879733]}},{"type":"Feature","properties":{"text":"A22 A24 A27 A31","n":4,"mode":"bus","angle":90,"op":"Małopolskie Linie Dowozowe"},"geometry":{"type":"Point","coordinates":[20.333027,49.980205]}},{"type":"Feature","properties":{"text":"A21 A33 A61","n":3,"mode":"bus","angle":0,"op":"Małopolskie Linie Dowozowe"},"geometry":{"type":"Point","coordinates":[20.095381,49.825091]}},{"type":"Feature","properties":{"text":"A21","n":1,"mode":"bus","angle":-90,"op":"Małopolskie Linie Dowozowe"},"geometry":{"type":"Point","coordinates":[20.16367,49.839192]}},{"type":"Feature","properties":{"text":"A23 A27 A28 A31","n":4,"mode":"bus","angle":90,"op":"Małopolskie Linie Dowozowe"},"geometry":{"type":"Point","coordinates":[20.343953,49.974917]}},{"type":"Feature","properties":{"text":"A23 A28 A31","n":3,"mode":"bus","angle":90,"op":"Małopolskie Linie Dowozowe"},"geometry":{"type":"Point","coordinates":[20.343953,49.971392]}},{"type":"Feature","properties":{"text":"A23 A28","n":2,"mode":"bus","angle":90,"op":"Małopolskie Linie Dowozowe"},"geometry":{"type":"Point","coordinates":[20.343953,49.967867]}},{"type":"Feature","properties":{"text":"A23 A28","n":2,"mode":"bus","angle":90,"op":"Małopolskie Linie Dowozowe"},"geometry":{"type":"Point","coordinates":[20.343953,49.960816]}},{"type":"Feature","properties":{"text":"A34 A35","n":2,"mode":"bus","angle":0,"op":"Małopolskie Linie Dowozowe"},"geometry":{"type":"Point","coordinates":[20.354879,49.990781]}},{"type":"Feature","properties":{"text":"A36 A38","n":2,"mode":"bus","angle":-90,"op":"Małopolskie Linie Dowozowe"},"geometry":{"type":"Point","coordinates":[20.346685,49.992544]}},{"type":"Feature","properties":{"text":"A46","n":1,"mode":"bus","angle":-90,"op":"Małopolskie Linie Dowozowe"},"geometry":{"type":"Point","coordinates":[20.360343,49.95024]}},{"type":"Feature","properties":{"text":"A23","n":1,"mode":"bus","angle":0,"op":"Małopolskie Linie Dowozowe"},"geometry":{"type":"Point","coordinates":[20.333027,49.934376]}},{"type":"Feature","properties":{"text":"A46","n":1,"mode":"bus","angle":90,"op":"Małopolskie Linie Dowozowe"},"geometry":{"type":"Point","coordinates":[20.363074,49.955528]}},{"type":"Feature","properties":{"text":"A30 A31","n":2,"mode":"bus","angle":0,"op":"Małopolskie Linie Dowozowe"},"geometry":{"type":"Point","coordinates":[20.330295,49.971392]}},{"type":"Feature","properties":{"text":"A20","n":1,"mode":"bus","angle":0,"op":"Małopolskie Linie Dowozowe"},"geometry":{"type":"Point","coordinates":[20.259275,49.911461]}},{"type":"Feature","properties":{"text":"A33","n":1,"mode":"bus","angle":0,"op":"Małopolskie Linie Dowozowe"},"geometry":{"type":"Point","coordinates":[20.070797,49.825091]}},{"type":"Feature","properties":{"text":"A33 A71","n":2,"mode":"bus","angle":0,"op":"Małopolskie Linie Dowozowe"},"geometry":{"type":"Point","coordinates":[20.18006,49.821565]}},{"type":"Feature","properties":{"text":"A71","n":1,"mode":"bus","angle":-90,"op":"Małopolskie Linie Dowozowe"},"geometry":{"type":"Point","coordinates":[20.188254,49.826853]}},{"type":"Feature","properties":{"text":"A61","n":1,"mode":"bus","angle":-90,"op":"Małopolskie Linie Dowozowe"},"geometry":{"type":"Point","coordinates":[20.188254,49.826853]}},{"type":"Feature","properties":{"text":"A42","n":1,"mode":"bus","angle":0,"op":"Małopolskie Linie Dowozowe"},"geometry":{"type":"Point","coordinates":[19.912367,50.027797]}},{"type":"Feature","properties":{"text":"A22","n":1,"mode":"bus","angle":-45,"op":"Małopolskie Linie Dowozowe"},"geometry":{"type":"Point","coordinates":[20.323467,49.970511]}},{"type":"Feature","properties":{"text":"A21 A61","n":2,"mode":"bus","angle":-45,"op":"Małopolskie Linie Dowozowe"},"geometry":{"type":"Point","coordinates":[20.088552,49.824209]}},{"type":"Feature","properties":{"text":"A33","n":1,"mode":"bus","angle":-45,"op":"Małopolskie Linie Dowozowe"},"geometry":{"type":"Point","coordinates":[20.170499,49.824209]}},{"type":"Feature","properties":{"text":"A33","n":1,"mode":"bus","angle":45,"op":"Małopolskie Linie Dowozowe"},"geometry":{"type":"Point","coordinates":[20.18962,49.824209]}},{"type":"Feature","properties":{"text":"102","n":1,"mode":"bus","angle":-45,"op":"MPK Kraków — buses"},"geometry":{"type":"Point","coordinates":[20.006606,50.033967]}},{"type":"Feature","properties":{"text":"138 168 194 220 240 290","n":6,"mode":"bus","angle":-45,"op":"MPK Kraków — buses"},"geometry":{"type":"Point","coordinates":[20.006606,50.033967]}},{"type":"Feature","properties":{"text":"150","n":1,"mode":"bus","angle":45,"op":"MPK Kraków — buses"},"geometry":{"type":"Point","coordinates":[20.006606,50.035729]}},{"type":"Feature","properties":{"text":"220 227 267 337 513 669 937","n":7,"mode":"bus","angle":-45,"op":"mix"},"geometry":{"type":"Point","coordinates":[20.009337,50.035729]}},{"type":"Feature","properties":{"text":"102 140","n":2,"mode":"bus","angle":-45,"op":"MPK Kraków — buses"},"geometry":{"type":"Point","coordinates":[20.003874,50.030441]}},{"type":"Feature","properties":{"text":"120","n":1,"mode":"bus","angle":45,"op":"MPK Kraków — buses"},"geometry":{"type":"Point","coordinates":[20.003874,50.032204]}},{"type":"Feature","properties":{"text":"102 144 194 494","n":4,"mode":"bus","angle":-45,"op":"MPK Kraków — buses"},"geometry":{"type":"Point","coordinates":[20.001143,50.026916]}},{"type":"Feature","properties":{"text":"130 904","n":2,"mode":"bus","angle":45,"op":"MPK Kraków — buses"},"geometry":{"type":"Point","coordinates":[20.003874,50.028679]}},{"type":"Feature","properties":{"text":"144 194 494","n":3,"mode":"bus","angle":-45,"op":"MPK Kraków — buses"},"geometry":{"type":"Point","coordinates":[19.998411,50.025153]}},{"type":"Feature","properties":{"text":"102","n":1,"mode":"bus","angle":-45,"op":"MPK Kraków — buses"},"geometry":{"type":"Point","coordinates":[19.995679,50.025153]}},{"type":"Feature","properties":{"text":"102","n":1,"mode":"bus","angle":-45,"op":"MPK Kraków — buses"},"geometry":{"type":"Point","coordinates":[19.992948,50.021628]}},{"type":"Feature","properties":{"text":"139 164 173 199 310 511 601 611","n":8,"mode":"bus","angle":-45,"op":"MPK Kraków — buses"},"geometry":{"type":"Point","coordinates":[19.992948,50.023391]}},{"type":"Feature","properties":{"text":"139 164 173 199 310 511 601 611 LR0","n":9,"mode":"bus","angle":45,"op":"MPK Kraków — buses"},"geometry":{"type":"Point","coordinates":[19.995679,50.023391]}},{"type":"Feature","properties":{"text":"102 134 192 300 902","n":5,"mode":"bus","angle":45,"op":"MPK Kraków — buses"},"geometry":{"type":"Point","coordinates":[19.987485,50.018103]}},{"type":"Feature","properties":{"text":"102 134 192 902","n":4,"mode":"bus","angle":45,"op":"MPK Kraków — buses"},"geometry":{"type":"Point","coordinates":[19.987485,50.018103]}},{"type":"Feature","properties":{"text":"126 134","n":2,"mode":"bus","angle":-45,"op":"MPK Kraków — buses"},"geometry":{"type":"Point","coordinates":[19.982022,50.018103]}},{"type":"Feature","properties":{"text":"134 192 300 902","n":4,"mode":"bus","angle":-45,"op":"MPK Kraków — buses"},"geometry":{"type":"Point","coordinates":[19.998411,50.019865]}},{"type":"Feature","properties":{"text":"104 254","n":2,"mode":"bus","angle":-45,"op":"MPK Kraków — buses"},"geometry":{"type":"Point","coordinates":[19.990216,49.988137]}},{"type":"Feature","properties":{"text":"175 235 243 245 255 275 285 475 610 A1 A40 A49 A56","n":13,"mode":"bus","angle":-45,"op":"mix"},"geometry":{"type":"Point","coordinates":[19.987485,49.986375]}},{"type":"Feature","properties":{"text":"214 215 225 265 915","n":5,"mode":"bus","angle":45,"op":"MPK Kraków — buses"},"geometry":{"type":"Point","coordinates":[19.990216,49.986375]}},{"type":"Feature","properties":{"text":"104 121","n":2,"mode":"bus","angle":45,"op":"MPK Kraków — buses"},"geometry":{"type":"Point","coordinates":[19.984753,49.988137]}},{"type":"Feature","properties":{"text":"128 250 260 270","n":4,"mode":"bus","angle":-45,"op":"MPK Kraków — buses"},"geometry":{"type":"Point","coordinates":[20.028458,50.039255]}},{"type":"Feature","properties":{"text":"105 128 199 405 610","n":5,"mode":"bus","angle":-45,"op":"MPK Kraków — buses"},"geometry":{"type":"Point","coordinates":[20.022995,50.039255]}},{"type":"Feature","properties":{"text":"105 132 137 139 199 307 317 405 503 610","n":10,"mode":"bus","angle":-45,"op":"MPK Kraków — buses"},"geometry":{"type":"Point","coordinates":[20.017532,50.035729]}},{"type":"Feature","properties":{"text":"137 307 317 503","n":4,"mode":"bus","angle":-45,"op":"MPK Kraków — buses"},"geometry":{"type":"Point","coordinates":[20.020263,50.039255]}},{"type":"Feature","properties":{"text":"137 138 169 469 572 A12 A13","n":7,"mode":"bus","angle":45,"op":"mix"},"geometry":{"type":"Point","coordinates":[20.0148,50.035729]}},{"type":"Feature","properties":{"text":"307 317","n":2,"mode":"bus","angle":-45,"op":"MPK Kraków — buses"},"geometry":{"type":"Point","coordinates":[20.0148,50.033967]}},{"type":"Feature","properties":{"text":"608","n":1,"mode":"bus","angle":45,"op":"MPK Kraków — buses"},"geometry":{"type":"Point","coordinates":[20.017532,50.032204]}},{"type":"Feature","properties":{"text":"A12 A13","n":2,"mode":"bus","angle":-45,"op":"Małopolskie Linie Dowozowe"},"geometry":{"type":"Point","coordinates":[20.0148,50.032204]}},{"type":"Feature","properties":{"text":"317","n":1,"mode":"bus","angle":45,"op":"MPK Kraków — buses"},"geometry":{"type":"Point","coordinates":[20.0148,50.030441]}},{"type":"Feature","properties":{"text":"105 132 405 608 610","n":5,"mode":"bus","angle":-45,"op":"MPK Kraków — buses"},"geometry":{"type":"Point","coordinates":[20.012069,50.028679]}},{"type":"Feature","properties":{"text":"105 130 132 179 304 405 608 610 669 704 904","n":11,"mode":"bus","angle":45,"op":"mix"},"geometry":{"type":"Point","coordinates":[20.012069,50.026916]}},{"type":"Feature","properties":{"text":"3 69","n":2,"mode":"tram","angle":45,"op":"mix"},"geometry":{"type":"Point","coordinates":[20.012069,50.026916]}},{"type":"Feature","properties":{"text":"511","n":1,"mode":"bus","angle":45,"op":"MPK Kraków — buses"},"geometry":{"type":"Point","coordinates":[20.0148,50.026916]}},{"type":"Feature","properties":{"text":"608 609 610 669 704 902 904","n":7,"mode":"bus","angle":-45,"op":"mix"},"geometry":{"type":"Point","coordinates":[20.012069,50.025153]}},{"type":"Feature","properties":{"text":"164 610","n":2,"mode":"bus","angle":45,"op":"MPK Kraków — buses"},"geometry":{"type":"Point","coordinates":[20.003874,50.007527]}},{"type":"Feature","properties":{"text":"174 179","n":2,"mode":"bus","angle":-45,"op":"MPK Kraków — buses"},"geometry":{"type":"Point","coordinates":[20.003874,50.005764]}},{"type":"Feature","properties":{"text":"107 155 164 469 610","n":5,"mode":"bus","angle":45,"op":"MPK Kraków — buses"},"geometry":{"type":"Point","coordinates":[20.006606,50.004001]}},{"type":"Feature","properties":{"text":"107 469","n":2,"mode":"bus","angle":45,"op":"MPK Kraków — buses"},"geometry":{"type":"Point","coordinates":[20.009337,50.002239]}},{"type":"Feature","properties":{"text":"107 169 469 904","n":4,"mode":"bus","angle":45,"op":"MPK Kraków — buses"},"geometry":{"type":"Point","coordinates":[20.012069,49.998713]}},{"type":"Feature","properties":{"text":"107 169 469 904","n":4,"mode":"bus","angle":45,"op":"MPK Kraków — buses"},"geometry":{"type":"Point","coordinates":[20.0148,49.995188]}},{"type":"Feature","properties":{"text":"164 204 224 904","n":4,"mode":"bus","angle":-45,"op":"mix"},"geometry":{"type":"Point","coordinates":[20.009337,50.000476]}},{"type":"Feature","properties":{"text":"712","n":1,"mode":"bus","angle":-45,"op":"MPK Kraków — buses"},"geometry":{"type":"Point","coordinates":[19.968364,50.000476]}},{"type":"Feature","properties":{"text":"126 194 219 494 662","n":5,"mode":"bus","angle":-45,"op":"mix"},"geometry":{"type":"Point","coordinates":[19.995679,50.014577]}},{"type":"Feature","properties":{"text":"112 124 126 162 219 300 424 708 712 A49 A60 LR0","n":12,"mode":"bus","angle":45,"op":"mix"},"geometry":{"type":"Point","coordinates":[20.001143,50.014577]}},{"type":"Feature","properties":{"text":"126 219 A14 A44 A60 A64","n":6,"mode":"bus","angle":-45,"op":"mix"},"geometry":{"type":"Point","coordinates":[19.998411,50.014577]}},{"type":"Feature","properties":{"text":"139 169 179 192 199 469 608 704 A1 A14 A40 A44 A56 A64","n":14,"mode":"bus","angle":-45,"op":"mix"},"geometry":{"type":"Point","coordinates":[20.006606,50.026916]}},{"type":"Feature","properties":{"text":"301 304 307 503 511 513","n":6,"mode":"bus","angle":-45,"op":"MPK Kraków — buses"},"geometry":{"type":"Point","coordinates":[20.003874,50.026916]}},{"type":"Feature","properties":{"text":"513","n":1,"mode":"bus","angle":-45,"op":"MPK Kraków — buses"},"geometry":{"type":"Point","coordinates":[20.009337,50.032204]}},{"type":"Feature","properties":{"text":"120 150 220 240 290","n":5,"mode":"bus","angle":45,"op":"MPK Kraków — buses"},"geometry":{"type":"Point","coordinates":[20.001143,50.035729]}},{"type":"Feature","properties":{"text":"220 240 290","n":3,"mode":"bus","angle":45,"op":"MPK Kraków — buses"},"geometry":{"type":"Point","coordinates":[20.003874,50.033967]}},{"type":"Feature","properties":{"text":"150 240","n":2,"mode":"bus","angle":-45,"op":"MPK Kraków — buses"},"geometry":{"type":"Point","coordinates":[19.998411,50.035729]}},{"type":"Feature","properties":{"text":"120 220 240","n":3,"mode":"bus","angle":45,"op":"MPK Kraków — buses"},"geometry":{"type":"Point","coordinates":[19.998411,50.039255]}},{"type":"Feature","properties":{"text":"120 290","n":2,"mode":"bus","angle":-45,"op":"MPK Kraków — buses"},"geometry":{"type":"Point","coordinates":[20.001143,50.039255]}},{"type":"Feature","properties":{"text":"240","n":1,"mode":"bus","angle":-45,"op":"MPK Kraków — buses"},"geometry":{"type":"Point","coordinates":[19.998411,50.041017]}},{"type":"Feature","properties":{"text":"120 238 248 258 268 278 288 948 LR0","n":9,"mode":"bus","angle":45,"op":"MPK Kraków — buses"},"geometry":{"type":"Point","coordinates":[19.987485,50.028679]}},{"type":"Feature","properties":{"text":"164 199 601","n":3,"mode":"bus","angle":45,"op":"MPK Kraków — buses"},"geometry":{"type":"Point","coordinates":[19.987485,50.025153]}},{"type":"Feature","properties":{"text":"120 220 227 267 337 513 937","n":7,"mode":"bus","angle":45,"op":"MPK Kraków — buses"},"geometry":{"type":"Point","coordinates":[20.009337,50.039255]}},{"type":"Feature","properties":{"text":"144 904","n":2,"mode":"bus","angle":-45,"op":"MPK Kraków — buses"},"geometry":{"type":"Point","coordinates":[20.012069,50.039255]}},{"type":"Feature","properties":{"text":"227 267 937","n":3,"mode":"bus","angle":-45,"op":"MPK Kraków — buses"},"geometry":{"type":"Point","coordinates":[20.009337,50.041017]}},{"type":"Feature","properties":{"text":"337","n":1,"mode":"bus","angle":-45,"op":"MPK Kraków — buses"},"geometry":{"type":"Point","coordinates":[20.009337,50.04278]}},{"type":"Feature","properties":{"text":"220 290","n":2,"mode":"bus","angle":45,"op":"MPK Kraków — buses"},"geometry":{"type":"Point","coordinates":[20.001143,50.041017]}},{"type":"Feature","properties":{"text":"151","n":1,"mode":"bus","angle":-45,"op":"MPK Kraków — buses"},"geometry":{"type":"Point","coordinates":[19.984753,49.995188]}},{"type":"Feature","properties":{"text":"121 175 204 214 215 225 235 243 245 254 255 265 275 285 293 475 610 915 A1 A49 A56","n":21,"mode":"bus","angle":-45,"op":"mix"},"geometry":{"type":"Point","coordinates":[19.990216,49.995188]}},{"type":"Feature","properties":{"text":"202 212 222 232 262","n":5,"mode":"bus","angle":-45,"op":"MPK Kraków — buses"},"geometry":{"type":"Point","coordinates":[20.083089,50.049831]}},{"type":"Feature","properties":{"text":"122 149 180 202 212 222 232 262 608","n":9,"mode":"bus","angle":-45,"op":"mix"},"geometry":{"type":"Point","coordinates":[20.074895,50.044543]}},{"type":"Feature","properties":{"text":"1 5 74","n":3,"mode":"tram","angle":-45,"op":"mix"},"geometry":{"type":"Point","coordinates":[20.074895,50.044543]}},{"type":"Feature","properties":{"text":"608","n":1,"mode":"bus","angle":45,"op":"MPK Kraków — buses"},"geometry":{"type":"Point","coordinates":[20.072163,50.046305]}},{"type":"Feature","properties":{"text":"122 601 608","n":3,"mode":"bus","angle":45,"op":"MPK Kraków — buses"},"geometry":{"type":"Point","coordinates":[20.069432,50.044543]}},{"type":"Feature","properties":{"text":"601","n":1,"mode":"bus","angle":45,"op":"MPK Kraków — buses"},"geometry":{"type":"Point","coordinates":[20.074895,50.04278]}},{"type":"Feature","properties":{"text":"182 511","n":2,"mode":"bus","angle":-45,"op":"MPK Kraków — buses"},"geometry":{"type":"Point","coordinates":[20.069432,50.046305]}},{"type":"Feature","properties":{"text":"122 182 601 608","n":4,"mode":"bus","angle":-45,"op":"MPK Kraków — buses"},"geometry":{"type":"Point","coordinates":[20.061237,50.044543]}},{"type":"Feature","properties":{"text":"132 139 160 601","n":4,"mode":"bus","angle":45,"op":"MPK Kraków — buses"},"geometry":{"type":"Point","coordinates":[20.058505,50.039255]}},{"type":"Feature","properties":{"text":"189 572 608 664","n":4,"mode":"bus","angle":45,"op":"mix"},"geometry":{"type":"Point","coordinates":[20.050311,50.037492]}},{"type":"Feature","properties":{"text":"9 14 16 21 52","n":5,"mode":"tram","angle":45,"op":"mix"},"geometry":{"type":"Point","coordinates":[20.050311,50.037492]}},{"type":"Feature","properties":{"text":"189 A50 A57","n":3,"mode":"bus","angle":45,"op":"mix"},"geometry":{"type":"Point","coordinates":[20.055774,50.035729]}},{"type":"Feature","properties":{"text":"16 21","n":2,"mode":"tram","angle":45,"op":"mix"},"geometry":{"type":"Point","coordinates":[20.055774,50.035729]}},{"type":"Feature","properties":{"text":"132 139 182 482 601","n":5,"mode":"bus","angle":-45,"op":"MPK Kraków — buses"},"geometry":{"type":"Point","coordinates":[20.036653,50.041017]}},{"type":"Feature","properties":{"text":"511 572 608","n":3,"mode":"bus","angle":-45,"op":"MPK Kraków — buses"},"geometry":{"type":"Point","coordinates":[20.039384,50.037492]}},{"type":"Feature","properties":{"text":"123","n":1,"mode":"bus","angle":-45,"op":"MPK Kraków — buses"},"geometry":{"type":"Point","coordinates":[20.044848,50.039255]}},{"type":"Feature","properties":{"text":"132 139 601","n":3,"mode":"bus","angle":45,"op":"mix"},"geometry":{"type":"Point","coordinates":[20.044848,50.041017]}},{"type":"Feature","properties":{"text":"14 16","n":2,"mode":"tram","angle":45,"op":"mix"},"geometry":{"type":"Point","coordinates":[20.044848,50.041017]}},{"type":"Feature","properties":{"text":"132","n":1,"mode":"bus","angle":-45,"op":"MPK Kraków — buses"},"geometry":{"type":"Point","coordinates":[20.061237,50.039255]}},{"type":"Feature","properties":{"text":"123 601","n":2,"mode":"bus","angle":45,"op":"MPK Kraków — buses"},"geometry":{"type":"Point","coordinates":[20.0667,50.037492]}},{"type":"Feature","properties":{"text":"139","n":1,"mode":"bus","angle":-45,"op":"MPK Kraków — buses"},"geometry":{"type":"Point","coordinates":[20.061237,50.037492]}},{"type":"Feature","properties":{"text":"123 174 601","n":3,"mode":"bus","angle":-45,"op":"MPK Kraków — buses"},"geometry":{"type":"Point","coordinates":[20.0667,50.035729]}},{"type":"Feature","properties":{"text":"174","n":1,"mode":"bus","angle":-45,"op":"MPK Kraków — buses"},"geometry":{"type":"Point","coordinates":[20.069432,50.037492]}},{"type":"Feature","properties":{"text":"123 174","n":2,"mode":"bus","angle":-45,"op":"MPK Kraków — buses"},"geometry":{"type":"Point","coordinates":[20.0667,50.033967]}},{"type":"Feature","properties":{"text":"123","n":1,"mode":"bus","angle":-45,"op":"MPK Kraków — buses"},"geometry":{"type":"Point","coordinates":[20.058505,50.032204]}},{"type":"Feature","properties":{"text":"149 174 601 A50 A57","n":5,"mode":"bus","angle":45,"op":"mix"},"geometry":{"type":"Point","coordinates":[20.058505,50.033967]}},{"type":"Feature","properties":{"text":"123 158 605","n":3,"mode":"bus","angle":-45,"op":"MPK Kraków — buses"},"geometry":{"type":"Point","coordinates":[20.039384,50.018103]}},{"type":"Feature","properties":{"text":"123 128 148 158 605","n":5,"mode":"bus","angle":45,"op":"MPK Kraków — buses"},"geometry":{"type":"Point","coordinates":[20.033921,50.018103]}},{"type":"Feature","properties":{"text":"125 128 148 158 497 605","n":6,"mode":"bus","angle":-45,"op":"mix"},"geometry":{"type":"Point","coordinates":[20.028458,50.018103]}},{"type":"Feature","properties":{"text":"11 20 76","n":3,"mode":"tram","angle":-45,"op":"mix"},"geometry":{"type":"Point","coordinates":[20.028458,50.018103]}},{"type":"Feature","properties":{"text":"124 128 424","n":3,"mode":"bus","angle":45,"op":"MPK Kraków — buses"},"geometry":{"type":"Point","coordinates":[20.025727,50.030441]}},{"type":"Feature","properties":{"text":"128","n":1,"mode":"bus","angle":45,"op":"MPK Kraków — buses"},"geometry":{"type":"Point","coordinates":[20.028458,50.028679]}},{"type":"Feature","properties":{"text":"5 9 10 49 52 74 75","n":7,"mode":"tram","angle":-45,"op":"mix"},"geometry":{"type":"Point","coordinates":[20.025727,50.028679]}},{"type":"Feature","properties":{"text":"128 182 189 482 511 601 611","n":7,"mode":"bus","angle":45,"op":"MPK Kraków — buses"},"geometry":{"type":"Point","coordinates":[20.022995,50.032204]}},{"type":"Feature","properties":{"text":"76","n":1,"mode":"tram","angle":-45,"op":"MPK Kraków — trams"},"geometry":{"type":"Point","coordinates":[20.017532,50.026916]}},{"type":"Feature","properties":{"text":"124 125 424 601 605 611 662 664","n":8,"mode":"bus","angle":-45,"op":"mix"},"geometry":{"type":"Point","coordinates":[20.017532,50.025153]}},{"type":"Feature","properties":{"text":"1 10 14 20 22 52 62 74 75","n":9,"mode":"tram","angle":-45,"op":"mix"},"geometry":{"type":"Point","coordinates":[20.017532,50.025153]}},{"type":"Feature","properties":{"text":"125 664","n":2,"mode":"bus","angle":-45,"op":"mix"},"geometry":{"type":"Point","coordinates":[20.020263,50.026916]}},{"type":"Feature","properties":{"text":"5 9 10 49 52 74 75","n":7,"mode":"tram","angle":-45,"op":"mix"},"geometry":{"type":"Point","coordinates":[20.020263,50.026916]}},{"type":"Feature","properties":{"text":"182 189 482 511 601 611","n":6,"mode":"bus","angle":-45,"op":"MPK Kraków — buses"},"geometry":{"type":"Point","coordinates":[20.020263,50.026916]}},{"type":"Feature","properties":{"text":"605 662","n":2,"mode":"bus","angle":-45,"op":"mix"},"geometry":{"type":"Point","coordinates":[20.017532,50.023391]}},{"type":"Feature","properties":{"text":"1 9 14 17 20 22 49 50 62","n":9,"mode":"tram","angle":-45,"op":"mix"},"geometry":{"type":"Point","coordinates":[20.017532,50.023391]}},{"type":"Feature","properties":{"text":"5 17 50","n":3,"mode":"tram","angle":45,"op":"MPK Kraków — trams"},"geometry":{"type":"Point","coordinates":[20.017532,50.026916]}},{"type":"Feature","properties":{"text":"125 609 902","n":3,"mode":"bus","angle":45,"op":"MPK Kraków — buses"},"geometry":{"type":"Point","coordinates":[20.0148,50.025153]}},{"type":"Feature","properties":{"text":"124 424 601 611 664 902","n":6,"mode":"bus","angle":45,"op":"MPK Kraków — buses"},"geometry":{"type":"Point","coordinates":[20.006606,50.025153]}},{"type":"Feature","properties":{"text":"139 199 511 601 611","n":5,"mode":"bus","angle":-45,"op":"MPK Kraków — buses"},"geometry":{"type":"Point","coordinates":[20.001143,50.025153]}},{"type":"Feature","properties":{"text":"664 704","n":2,"mode":"bus","angle":45,"op":"MPK Kraków — buses"},"geometry":{"type":"Point","coordinates":[20.003874,50.025153]}},{"type":"Feature","properties":{"text":"124 144 164 169 173 179 192 194 301 304 307 310 424 469 494 503 513 608 708 902","n":20,"mode":"bus","angle":-45,"op":"MPK Kraków — buses"},"geometry":{"type":"Point","coordinates":[20.001143,50.021628]}},{"type":"Feature","properties":{"text":"124 424 902","n":3,"mode":"bus","angle":-45,"op":"MPK Kraków — buses"},"geometry":{"type":"Point","coordinates":[20.003874,50.023391]}},{"type":"Feature","properties":{"text":"144 164 173 194 310 494","n":6,"mode":"bus","angle":45,"op":"MPK Kraków — buses"},"geometry":{"type":"Point","coordinates":[20.001143,50.023391]}},{"type":"Feature","properties":{"text":"609","n":1,"mode":"bus","angle":-45,"op":"mix"},"geometry":{"type":"Point","coordinates":[20.001143,50.019865]}},{"type":"Feature","properties":{"text":"127 148","n":2,"mode":"bus","angle":-45,"op":"MPK Kraków — buses"},"geometry":{"type":"Point","coordinates":[20.025727,50.018103]}},{"type":"Feature","properties":{"text":"125 605","n":2,"mode":"bus","angle":-45,"op":"MPK Kraków — buses"},"geometry":{"type":"Point","coordinates":[20.020263,50.018103]}},{"type":"Feature","properties":{"text":"427 497 605","n":3,"mode":"bus","angle":45,"op":"mix"},"geometry":{"type":"Point","coordinates":[20.017532,50.018103]}},{"type":"Feature","properties":{"text":"9 17 20 49 50","n":5,"mode":"tram","angle":45,"op":"mix"},"geometry":{"type":"Point","coordinates":[20.017532,50.018103]}},{"type":"Feature","properties":{"text":"128 662","n":2,"mode":"bus","angle":-45,"op":"mix"},"geometry":{"type":"Point","coordinates":[20.028458,50.026916]}},{"type":"Feature","properties":{"text":"1 14 22 62","n":4,"mode":"tram","angle":-45,"op":"mix"},"geometry":{"type":"Point","coordinates":[20.028458,50.026916]}},{"type":"Feature","properties":{"text":"662","n":1,"mode":"bus","angle":-45,"op":"MPK Kraków — buses"},"geometry":{"type":"Point","coordinates":[20.025727,50.025153]}},{"type":"Feature","properties":{"text":"1 14 22 62","n":4,"mode":"tram","angle":-45,"op":"MPK Kraków — trams"},"geometry":{"type":"Point","coordinates":[20.022995,50.025153]}},{"type":"Feature","properties":{"text":"125 182 189 482","n":4,"mode":"bus","angle":45,"op":"MPK Kraków — buses"},"geometry":{"type":"Point","coordinates":[20.0148,50.026916]}},{"type":"Feature","properties":{"text":"126 209 219 229 239 249 259 269 279 609 A14 A44 A60 A64","n":14,"mode":"bus","angle":-45,"op":"mix"},"geometry":{"type":"Point","coordinates":[19.984753,50.012815]}},{"type":"Feature","properties":{"text":"209 229 239 249 259 269 279 609","n":8,"mode":"bus","angle":-45,"op":"MPK Kraków — buses"},"geometry":{"type":"Point","coordinates":[19.987485,50.014577]}},{"type":"Feature","properties":{"text":"137 169 469 503","n":4,"mode":"bus","angle":-45,"op":"MPK Kraków — buses"},"geometry":{"type":"Point","coordinates":[20.025727,50.041017]}},{"type":"Feature","properties":{"text":"169","n":1,"mode":"bus","angle":-45,"op":"MPK Kraków — buses"},"geometry":{"type":"Point","coordinates":[20.020263,50.039255]}},{"type":"Feature","properties":{"text":"169 469","n":2,"mode":"bus","angle":-45,"op":"MPK Kraków — buses"},"geometry":{"type":"Point","coordinates":[20.020263,50.039255]}},{"type":"Feature","properties":{"text":"18 50 69 75","n":4,"mode":"tram","angle":-45,"op":"mix"},"geometry":{"type":"Point","coordinates":[20.022995,50.044543]}},{"type":"Feature","properties":{"text":"217 247 257 277 280 297 307 917","n":8,"mode":"bus","angle":-45,"op":"MPK Kraków — buses"},"geometry":{"type":"Point","coordinates":[20.028458,50.046305]}},{"type":"Feature","properties":{"text":"138 168 194","n":3,"mode":"bus","angle":-45,"op":"MPK Kraków — buses"},"geometry":{"type":"Point","coordinates":[20.003874,50.032204]}},{"type":"Feature","properties":{"text":"168","n":1,"mode":"bus","angle":45,"op":"MPK Kraków — buses"},"geometry":{"type":"Point","coordinates":[19.995679,50.032204]}},{"type":"Feature","properties":{"text":"132 139 149 174 601","n":5,"mode":"bus","angle":45,"op":"MPK Kraków — buses"},"geometry":{"type":"Point","coordinates":[20.074895,50.039255]}},{"type":"Feature","properties":{"text":"164 173 199 601 611","n":5,"mode":"bus","angle":45,"op":"MPK Kraków — buses"},"geometry":{"type":"Point","coordinates":[19.990216,50.023391]}},{"type":"Feature","properties":{"text":"310 511","n":2,"mode":"bus","angle":45,"op":"MPK Kraków — buses"},"geometry":{"type":"Point","coordinates":[19.990216,50.023391]}},{"type":"Feature","properties":{"text":"139 144 164 173 194 199 310 494 511 601 611 LR0","n":12,"mode":"bus","angle":-45,"op":"MPK Kraków — buses"},"geometry":{"type":"Point","coordinates":[19.998411,50.023391]}},{"type":"Feature","properties":{"text":"134 434","n":2,"mode":"bus","angle":-45,"op":"MPK Kraków — buses"},"geometry":{"type":"Point","coordinates":[19.973827,50.012815]}},{"type":"Feature","properties":{"text":"137 138 207","n":3,"mode":"bus","angle":-45,"op":"MPK Kraków — buses"},"geometry":{"type":"Point","coordinates":[20.012069,50.035729]}},{"type":"Feature","properties":{"text":"169 207 469","n":3,"mode":"bus","angle":-45,"op":"MPK Kraków — buses"},"geometry":{"type":"Point","coordinates":[20.0148,50.037492]}},{"type":"Feature","properties":{"text":"138 601","n":2,"mode":"bus","angle":45,"op":"mix"},"geometry":{"type":"Point","coordinates":[20.077626,50.041017]}},{"type":"Feature","properties":{"text":"138 182","n":2,"mode":"bus","angle":45,"op":"MPK Kraków — buses"},"geometry":{"type":"Point","coordinates":[20.055774,50.04278]}},{"type":"Feature","properties":{"text":"138","n":1,"mode":"bus","angle":-45,"op":"MPK Kraków — buses"},"geometry":{"type":"Point","coordinates":[20.050311,50.04278]}},{"type":"Feature","properties":{"text":"511","n":1,"mode":"bus","angle":-45,"op":"MPK Kraków — buses"},"geometry":{"type":"Point","coordinates":[20.050311,50.04278]}},{"type":"Feature","properties":{"text":"608","n":1,"mode":"bus","angle":-45,"op":"MPK Kraków — buses"},"geometry":{"type":"Point","coordinates":[20.036653,50.037492]}},{"type":"Feature","properties":{"text":"240 572","n":2,"mode":"bus","angle":-45,"op":"MPK Kraków — buses"},"geometry":{"type":"Point","coordinates":[19.995679,50.032204]}},{"type":"Feature","properties":{"text":"144 195 224 244 274 301 304 503","n":8,"mode":"bus","angle":45,"op":"MPK Kraków — buses"},"geometry":{"type":"Point","coordinates":[20.022995,50.004001]}},{"type":"Feature","properties":{"text":"144 173 204 224 301 304 503 513 669","n":9,"mode":"bus","angle":45,"op":"MPK Kraków — buses"},"geometry":{"type":"Point","coordinates":[20.020263,50.005764]}},{"type":"Feature","properties":{"text":"153 173 195 244 274 669","n":6,"mode":"bus","angle":-45,"op":"mix"},"geometry":{"type":"Point","coordinates":[20.022995,50.005764]}},{"type":"Feature","properties":{"text":"3 9 13 49 69","n":5,"mode":"tram","angle":-45,"op":"mix"},"geometry":{"type":"Point","coordinates":[20.022995,50.005764]}},{"type":"Feature","properties":{"text":"3 9 13 49 69","n":5,"mode":"tram","angle":45,"op":"mix"},"geometry":{"type":"Point","coordinates":[20.017532,50.007527]}},{"type":"Feature","properties":{"text":"669","n":1,"mode":"bus","angle":45,"op":"mix"},"geometry":{"type":"Point","coordinates":[20.0148,50.009289]}},{"type":"Feature","properties":{"text":"3 9 11 13 49 50 69 74","n":8,"mode":"tram","angle":45,"op":"mix"},"geometry":{"type":"Point","coordinates":[20.0148,50.009289]}},{"type":"Feature","properties":{"text":"144 155 169 173 174 179 469","n":7,"mode":"bus","angle":45,"op":"MPK Kraków — buses"},"geometry":{"type":"Point","coordinates":[20.003874,50.009289]}},{"type":"Feature","properties":{"text":"301 304 503 513 904","n":5,"mode":"bus","angle":45,"op":"MPK Kraków — buses"},"geometry":{"type":"Point","coordinates":[20.003874,50.009289]}},{"type":"Feature","properties":{"text":"144 164 169 173 179 301 304 469 503 513 610 904","n":12,"mode":"bus","angle":45,"op":"MPK Kraków — buses"},"geometry":{"type":"Point","coordinates":[20.001143,50.011052]}},{"type":"Feature","properties":{"text":"174 463","n":2,"mode":"bus","angle":-45,"op":"MPK Kraków — buses"},"geometry":{"type":"Point","coordinates":[20.036653,50.026916]}},{"type":"Feature","properties":{"text":"148 174 662","n":3,"mode":"bus","angle":-45,"op":"mix"},"geometry":{"type":"Point","coordinates":[20.044848,50.032204]}},{"type":"Feature","properties":{"text":"1 14 22 62","n":4,"mode":"tram","angle":-45,"op":"mix"},"geometry":{"type":"Point","coordinates":[20.044848,50.032204]}},{"type":"Feature","properties":{"text":"174 662","n":2,"mode":"bus","angle":-45,"op":"mix"},"geometry":{"type":"Point","coordinates":[20.042116,50.030441]}},{"type":"Feature","properties":{"text":"148 202 212 222 232 262 A50 A57","n":8,"mode":"bus","angle":45,"op":"mix"},"geometry":{"type":"Point","coordinates":[20.044848,50.033967]}},{"type":"Feature","properties":{"text":"21","n":1,"mode":"tram","angle":45,"op":"MPK Kraków — trams"},"geometry":{"type":"Point","coordinates":[20.080358,50.035729]}},{"type":"Feature","properties":{"text":"915","n":1,"mode":"bus","angle":-45,"op":"mix"},"geometry":{"type":"Point","coordinates":[19.992948,50.000476]}},{"type":"Feature","properties":{"text":"153 195 234 284 669","n":5,"mode":"bus","angle":-45,"op":"mix"},"geometry":{"type":"Point","coordinates":[20.033921,50.007527]}},{"type":"Feature","properties":{"text":"195","n":1,"mode":"bus","angle":-45,"op":"MPK Kraków — buses"},"geometry":{"type":"Point","coordinates":[20.036653,50.011052]}},{"type":"Feature","properties":{"text":"284","n":1,"mode":"bus","angle":45,"op":"MPK Kraków — buses"},"geometry":{"type":"Point","coordinates":[20.044848,50.011052]}},{"type":"Feature","properties":{"text":"155 204 610","n":3,"mode":"bus","angle":-45,"op":"MPK Kraków — buses"},"geometry":{"type":"Point","coordinates":[19.998411,49.995188]}},{"type":"Feature","properties":{"text":"174 179","n":2,"mode":"bus","angle":-45,"op":"MPK Kraków — buses"},"geometry":{"type":"Point","coordinates":[20.001143,50.000476]}},{"type":"Feature","properties":{"text":"168 240 511 611","n":4,"mode":"bus","angle":-45,"op":"MPK Kraków — buses"},"geometry":{"type":"Point","coordinates":[19.990216,50.032204]}},{"type":"Feature","properties":{"text":"233 243","n":2,"mode":"bus","angle":-45,"op":"MPK Kraków — buses"},"geometry":{"type":"Point","coordinates":[19.971095,49.974036]}},{"type":"Feature","properties":{"text":"175 235 243 245 255 275 285 475 610 A1 A40 A49 A56","n":13,"mode":"bus","angle":-45,"op":"mix"},"geometry":{"type":"Point","coordinates":[19.984753,49.981087]}},{"type":"Feature","properties":{"text":"180 182 511 608","n":4,"mode":"bus","angle":45,"op":"MPK Kraków — buses"},"geometry":{"type":"Point","coordinates":[20.069432,50.048068]}},{"type":"Feature","properties":{"text":"902","n":1,"mode":"bus","angle":45,"op":"MPK Kraków — buses"},"geometry":{"type":"Point","coordinates":[19.960169,50.014577]}},{"type":"Feature","properties":{"text":"22","n":1,"mode":"tram","angle":45,"op":"MPK Kraków — trams"},"geometry":{"type":"Point","coordinates":[19.995679,50.007527]}},{"type":"Feature","properties":{"text":"194 494","n":2,"mode":"bus","angle":-45,"op":"MPK Kraków — buses"},"geometry":{"type":"Point","coordinates":[19.990216,50.005764]}},{"type":"Feature","properties":{"text":"608","n":1,"mode":"bus","angle":45,"op":"MPK Kraków — buses"},"geometry":{"type":"Point","coordinates":[19.992948,50.002239]}},{"type":"Feature","properties":{"text":"202 222 232 262 272","n":5,"mode":"bus","angle":-45,"op":"MPK Kraków — buses"},"geometry":{"type":"Point","coordinates":[20.10221,50.055119]}},{"type":"Feature","properties":{"text":"202 212 222 232 262 272","n":6,"mode":"bus","angle":-45,"op":"MPK Kraków — buses"},"geometry":{"type":"Point","coordinates":[20.099479,50.053356]}},{"type":"Feature","properties":{"text":"235 253 283 293 903 A53","n":6,"mode":"bus","angle":45,"op":"mix"},"geometry":{"type":"Point","coordinates":[19.962901,49.972273]}},{"type":"Feature","properties":{"text":"235","n":1,"mode":"bus","angle":45,"op":"MPK Kraków — buses"},"geometry":{"type":"Point","coordinates":[19.962901,49.974036]}},{"type":"Feature","properties":{"text":"244 304","n":2,"mode":"bus","angle":-45,"op":"MPK Kraków — buses"},"geometry":{"type":"Point","coordinates":[20.0667,49.991663]}},{"type":"Feature","properties":{"text":"G4","n":1,"mode":"bus","angle":45,"op":"Wielicka Spółka Transportowa"},"geometry":{"type":"Point","coordinates":[20.050311,49.995188]}},{"type":"Feature","properties":{"text":"274 304 G3 P2","n":4,"mode":"bus","angle":45,"op":"mix"},"geometry":{"type":"Point","coordinates":[20.042116,49.993425]}},{"type":"Feature","properties":{"text":"204 224 244 274 301 304 904","n":7,"mode":"bus","angle":45,"op":"MPK Kraków — buses"},"geometry":{"type":"Point","coordinates":[20.033921,49.998713]}},{"type":"Feature","properties":{"text":"267 337 937 A12 A13","n":5,"mode":"bus","angle":45,"op":"mix"},"geometry":{"type":"Point","coordinates":[20.009337,50.048068]}},{"type":"Feature","properties":{"text":"317","n":1,"mode":"bus","angle":45,"op":"MPK Kraków — buses"},"geometry":{"type":"Point","coordinates":[20.017532,50.041017]}},{"type":"Feature","properties":{"text":"209 902","n":2,"mode":"bus","angle":45,"op":"MPK Kraków — buses"},"geometry":{"type":"Point","coordinates":[19.957438,50.01634]}},{"type":"Feature","properties":{"text":"218 228 258 298 918","n":5,"mode":"bus","angle":-45,"op":"MPK Kraków — buses"},"geometry":{"type":"Point","coordinates":[19.965632,50.021628]}},{"type":"Feature","properties":{"text":"209 228","n":2,"mode":"bus","angle":-45,"op":"MPK Kraków — buses"},"geometry":{"type":"Point","coordinates":[19.949243,50.018103]}},{"type":"Feature","properties":{"text":"209 A60","n":2,"mode":"bus","angle":-45,"op":"mix"},"geometry":{"type":"Point","coordinates":[19.94378,50.009289]}},{"type":"Feature","properties":{"text":"210 230 910","n":3,"mode":"bus","angle":45,"op":"MPK Kraków — buses"},"geometry":{"type":"Point","coordinates":[19.987485,50.039255]}},{"type":"Feature","properties":{"text":"A7","n":1,"mode":"bus","angle":-45,"op":"Małopolskie Linie Dowozowe"},"geometry":{"type":"Point","coordinates":[20.175962,50.01634]}},{"type":"Feature","properties":{"text":"221 301 A18 A37 A7","n":5,"mode":"bus","angle":-45,"op":"mix"},"geometry":{"type":"Point","coordinates":[20.173231,50.011052]}},{"type":"Feature","properties":{"text":"215 915","n":2,"mode":"bus","angle":45,"op":"MPK Kraków — buses"},"geometry":{"type":"Point","coordinates":[19.998411,49.949359]}},{"type":"Feature","properties":{"text":"A49","n":1,"mode":"bus","angle":-45,"op":"Małopolskie Linie Dowozowe"},"geometry":{"type":"Point","coordinates":[19.995679,49.949359]}},{"type":"Feature","properties":{"text":"297","n":1,"mode":"bus","angle":45,"op":"MPK Kraków — buses"},"geometry":{"type":"Point","coordinates":[20.033921,50.046305]}},{"type":"Feature","properties":{"text":"247 280","n":2,"mode":"bus","angle":45,"op":"MPK Kraków — buses"},"geometry":{"type":"Point","coordinates":[20.028458,50.048068]}},{"type":"Feature","properties":{"text":"280","n":1,"mode":"bus","angle":-45,"op":"MPK Kraków — buses"},"geometry":{"type":"Point","coordinates":[20.028458,50.049831]}},{"type":"Feature","properties":{"text":"218","n":1,"mode":"bus","angle":-45,"op":"MPK Kraków — buses"},"geometry":{"type":"Point","coordinates":[19.968364,50.035729]}},{"type":"Feature","properties":{"text":"218 248 948","n":3,"mode":"bus","angle":-45,"op":"MPK Kraków — buses"},"geometry":{"type":"Point","coordinates":[19.965632,50.033967]}},{"type":"Feature","properties":{"text":"218","n":1,"mode":"bus","angle":-45,"op":"MPK Kraków — buses"},"geometry":{"type":"Point","coordinates":[19.962901,50.032204]}},{"type":"Feature","properties":{"text":"248 948","n":2,"mode":"bus","angle":45,"op":"MPK Kraków — buses"},"geometry":{"type":"Point","coordinates":[19.965632,50.032204]}},{"type":"Feature","properties":{"text":"218 228 258 918","n":4,"mode":"bus","angle":45,"op":"MPK Kraków — buses"},"geometry":{"type":"Point","coordinates":[19.965632,50.023391]}},{"type":"Feature","properties":{"text":"229 239 249","n":3,"mode":"bus","angle":-45,"op":"MPK Kraków — buses"},"geometry":{"type":"Point","coordinates":[19.949243,50.000476]}},{"type":"Feature","properties":{"text":"239","n":1,"mode":"bus","angle":45,"op":"MPK Kraków — buses"},"geometry":{"type":"Point","coordinates":[19.94378,49.991663]}},{"type":"Feature","properties":{"text":"229 259 A14 A64","n":4,"mode":"bus","angle":-45,"op":"mix"},"geometry":{"type":"Point","coordinates":[19.92739,49.979324]}},{"type":"Feature","properties":{"text":"229 249 A64","n":3,"mode":"bus","angle":45,"op":"mix"},"geometry":{"type":"Point","coordinates":[19.924659,49.979324]}},{"type":"Feature","properties":{"text":"LR0","n":1,"mode":"bus","angle":45,"op":"MPK Kraków — buses"},"geometry":{"type":"Point","coordinates":[19.992948,50.046305]}},{"type":"Feature","properties":{"text":"223 233 243 253 283 293 903 A53","n":8,"mode":"bus","angle":-45,"op":"mix"},"geometry":{"type":"Point","coordinates":[19.962901,49.970511]}},{"type":"Feature","properties":{"text":"235","n":1,"mode":"bus","angle":-45,"op":"MPK Kraków — buses"},"geometry":{"type":"Point","coordinates":[19.949243,49.968748]}},{"type":"Feature","properties":{"text":"223 253 283 293 903","n":5,"mode":"bus","angle":-45,"op":"MPK Kraków — buses"},"geometry":{"type":"Point","coordinates":[19.965632,49.982849]}},{"type":"Feature","properties":{"text":"233","n":1,"mode":"bus","angle":-45,"op":"MPK Kraków — buses"},"geometry":{"type":"Point","coordinates":[19.968364,49.972273]}},{"type":"Feature","properties":{"text":"235 243","n":2,"mode":"bus","angle":-45,"op":"MPK Kraków — buses"},"geometry":{"type":"Point","coordinates":[19.965632,49.972273]}},{"type":"Feature","properties":{"text":"284 A18 A58 L1 Z1","n":5,"mode":"bus","angle":45,"op":"mix"},"geometry":{"type":"Point","coordinates":[20.047579,49.9899]}},{"type":"Feature","properties":{"text":"L1 Z1","n":2,"mode":"bus","angle":45,"op":"Wielicka Spółka Transportowa"},"geometry":{"type":"Point","coordinates":[20.053042,49.988137]}},{"type":"Feature","properties":{"text":"224 304","n":2,"mode":"bus","angle":45,"op":"MPK Kraków — buses"},"geometry":{"type":"Point","coordinates":[20.028458,49.991663]}},{"type":"Feature","properties":{"text":"224","n":1,"mode":"bus","angle":-45,"op":"MPK Kraków — buses"},"geometry":{"type":"Point","coordinates":[19.995679,49.998713]}},{"type":"Feature","properties":{"text":"10 11 50","n":3,"mode":"tram","angle":45,"op":"MPK Kraków — trams"},"geometry":{"type":"Point","coordinates":[19.995679,50.000476]}},{"type":"Feature","properties":{"text":"275 285","n":2,"mode":"bus","angle":45,"op":"MPK Kraków — buses"},"geometry":{"type":"Point","coordinates":[19.984753,49.949359]}},{"type":"Feature","properties":{"text":"245 255 275 285","n":4,"mode":"bus","angle":45,"op":"MPK Kraków — buses"},"geometry":{"type":"Point","coordinates":[19.971095,49.954647]}},{"type":"Feature","properties":{"text":"280 917","n":2,"mode":"bus","angle":45,"op":"MPK Kraków — buses"},"geometry":{"type":"Point","coordinates":[20.025727,50.056881]}},{"type":"Feature","properties":{"text":"288","n":1,"mode":"bus","angle":-45,"op":"MPK Kraków — buses"},"geometry":{"type":"Point","coordinates":[19.976559,50.041017]}},{"type":"Feature","properties":{"text":"234 A18 A58 B2 Z1","n":5,"mode":"bus","angle":-45,"op":"mix"},"geometry":{"type":"Point","coordinates":[20.107673,50.014577]}},{"type":"Feature","properties":{"text":"259 A14 A64","n":3,"mode":"bus","angle":-45,"op":"mix"},"geometry":{"type":"Point","coordinates":[19.94378,49.984612]}},{"type":"Feature","properties":{"text":"268","n":1,"mode":"bus","angle":45,"op":"MPK Kraków — buses"},"geometry":{"type":"Point","coordinates":[19.971095,50.046305]}},{"type":"Feature","properties":{"text":"310 910 LR0","n":3,"mode":"bus","angle":45,"op":"MPK Kraków — buses"},"geometry":{"type":"Point","coordinates":[19.990216,50.048068]}},{"type":"Feature","properties":{"text":"310 910","n":2,"mode":"bus","angle":45,"op":"MPK Kraków — buses"},"geometry":{"type":"Point","coordinates":[19.987485,50.051593]}},{"type":"Feature","properties":{"text":"LR0","n":1,"mode":"bus","angle":45,"op":"MPK Kraków — buses"},"geometry":{"type":"Point","coordinates":[19.987485,50.051593]}},{"type":"Feature","properties":{"text":"259 A64","n":2,"mode":"bus","angle":-45,"op":"mix"},"geometry":{"type":"Point","coordinates":[19.941048,49.982849]}},{"type":"Feature","properties":{"text":"250","n":1,"mode":"bus","angle":-45,"op":"MPK Kraków — buses"},"geometry":{"type":"Point","coordinates":[20.055774,50.049831]}},{"type":"Feature","properties":{"text":"260 270","n":2,"mode":"bus","angle":-45,"op":"MPK Kraków — buses"},"geometry":{"type":"Point","coordinates":[20.055774,50.049831]}},{"type":"Feature","properties":{"text":"260","n":1,"mode":"bus","angle":45,"op":"MPK Kraków — buses"},"geometry":{"type":"Point","coordinates":[20.072163,50.058644]}},{"type":"Feature","properties":{"text":"255 A49","n":2,"mode":"bus","angle":45,"op":"mix"},"geometry":{"type":"Point","coordinates":[19.987485,49.970511]}},{"type":"Feature","properties":{"text":"277","n":1,"mode":"bus","angle":45,"op":"MPK Kraków — buses"},"geometry":{"type":"Point","coordinates":[20.03119,50.060407]}},{"type":"Feature","properties":{"text":"257 277 280 307 917","n":5,"mode":"bus","angle":-45,"op":"MPK Kraków — buses"},"geometry":{"type":"Point","coordinates":[20.03119,50.051593]}},{"type":"Feature","properties":{"text":"269","n":1,"mode":"bus","angle":-45,"op":"MPK Kraków — buses"},"geometry":{"type":"Point","coordinates":[19.932854,50.007527]}},{"type":"Feature","properties":{"text":"267","n":1,"mode":"bus","angle":45,"op":"MPK Kraków — buses"},"geometry":{"type":"Point","coordinates":[20.001143,50.067457]}},{"type":"Feature","properties":{"text":"A12 A13","n":2,"mode":"bus","angle":45,"op":"Małopolskie Linie Dowozowe"},"geometry":{"type":"Point","coordinates":[20.009337,50.060407]}},{"type":"Feature","properties":{"text":"273","n":1,"mode":"bus","angle":-45,"op":"MPK Kraków — buses"},"geometry":{"type":"Point","coordinates":[19.949243,49.959935]}},{"type":"Feature","properties":{"text":"273 A43","n":2,"mode":"bus","angle":-45,"op":"mix"},"geometry":{"type":"Point","coordinates":[19.946511,49.958172]}},{"type":"Feature","properties":{"text":"A18 A59 L1 Z1","n":4,"mode":"bus","angle":45,"op":"mix"},"geometry":{"type":"Point","coordinates":[20.0667,49.988137]}},{"type":"Feature","properties":{"text":"A18 B2 D2 G4 W2","n":5,"mode":"bus","angle":-45,"op":"mix"},"geometry":{"type":"Point","coordinates":[20.050311,49.991663]}},{"type":"Feature","properties":{"text":"295 A43","n":2,"mode":"bus","angle":-45,"op":"mix"},"geometry":{"type":"Point","coordinates":[19.938317,49.952884]}},{"type":"Feature","properties":{"text":"662","n":1,"mode":"bus","angle":-45,"op":"MPK Kraków — buses"},"geometry":{"type":"Point","coordinates":[20.020263,50.023391]}},{"type":"Feature","properties":{"text":"610 662 904","n":3,"mode":"bus","angle":-45,"op":"mix"},"geometry":{"type":"Point","coordinates":[20.009337,50.018103]}},{"type":"Feature","properties":{"text":"22 52 62","n":3,"mode":"tram","angle":-45,"op":"mix"},"geometry":{"type":"Point","coordinates":[20.009337,50.018103]}},{"type":"Feature","properties":{"text":"609","n":1,"mode":"bus","angle":-45,"op":"mix"},"geometry":{"type":"Point","coordinates":[20.006606,50.021628]}},{"type":"Feature","properties":{"text":"1 14","n":2,"mode":"tram","angle":-45,"op":"mix"},"geometry":{"type":"Point","coordinates":[20.006606,50.021628]}},{"type":"Feature","properties":{"text":"10 18 76","n":3,"mode":"tram","angle":-45,"op":"MPK Kraków — trams"},"geometry":{"type":"Point","coordinates":[20.009337,50.019865]}},{"type":"Feature","properties":{"text":"3 13 69 74","n":4,"mode":"tram","angle":45,"op":"mix"},"geometry":{"type":"Point","coordinates":[20.012069,50.011052]}},{"type":"Feature","properties":{"text":"A2 R2","n":2,"mode":"bus","angle":45,"op":"mix"},"geometry":{"type":"Point","coordinates":[20.025727,49.93702]}},{"type":"Feature","properties":{"text":"A1 A11 A16 A2 A41","n":5,"mode":"bus","angle":45,"op":"Małopolskie Linie Dowozowe"},"geometry":{"type":"Point","coordinates":[20.020263,49.896479]}},{"type":"Feature","properties":{"text":"A11 A16","n":2,"mode":"bus","angle":-45,"op":"Małopolskie Linie Dowozowe"},"geometry":{"type":"Point","coordinates":[20.020263,49.900004]}},{"type":"Feature","properties":{"text":"A16","n":1,"mode":"bus","angle":-45,"op":"Małopolskie Linie Dowozowe"},"geometry":{"type":"Point","coordinates":[20.028458,49.908817]}},{"type":"Feature","properties":{"text":"A47","n":1,"mode":"bus","angle":45,"op":"Małopolskie Linie Dowozowe"},"geometry":{"type":"Point","coordinates":[19.853638,49.991663]}},{"type":"Feature","properties":{"text":"A44 A64","n":2,"mode":"bus","angle":-45,"op":"Małopolskie Linie Dowozowe"},"geometry":{"type":"Point","coordinates":[19.900075,50.000476]}},{"type":"Feature","properties":{"text":"A44 A60 A64","n":3,"mode":"bus","angle":-45,"op":"Małopolskie Linie Dowozowe"},"geometry":{"type":"Point","coordinates":[19.902806,50.002239]}},{"type":"Feature","properties":{"text":"A47","n":1,"mode":"bus","angle":45,"op":"Małopolskie Linie Dowozowe"},"geometry":{"type":"Point","coordinates":[19.859101,49.988137]}},{"type":"Feature","properties":{"text":"A47","n":1,"mode":"bus","angle":-45,"op":"Małopolskie Linie Dowozowe"},"geometry":{"type":"Point","coordinates":[19.859101,49.947596]}},{"type":"Feature","properties":{"text":"A25","n":1,"mode":"bus","angle":-45,"op":"Małopolskie Linie Dowozowe"},"geometry":{"type":"Point","coordinates":[19.878222,49.975799]}},{"type":"Feature","properties":{"text":"A26","n":1,"mode":"bus","angle":45,"op":"Małopolskie Linie Dowozowe"},"geometry":{"type":"Point","coordinates":[20.282493,49.975799]}},{"type":"Feature","properties":{"text":"A20 A26 A3 A4 A65","n":5,"mode":"bus","angle":45,"op":"Małopolskie Linie Dowozowe"},"geometry":{"type":"Point","coordinates":[20.24152,49.968748]}},{"type":"Feature","properties":{"text":"A20 A26 A3","n":3,"mode":"bus","angle":-45,"op":"Małopolskie Linie Dowozowe"},"geometry":{"type":"Point","coordinates":[20.24152,49.970511]}},{"type":"Feature","properties":{"text":"A26 A52 A54","n":3,"mode":"bus","angle":45,"op":"Małopolskie Linie Dowozowe"},"geometry":{"type":"Point","coordinates":[20.318003,49.986375]}},{"type":"Feature","properties":{"text":"A51","n":1,"mode":"bus","angle":45,"op":"Małopolskie Linie Dowozowe"},"geometry":{"type":"Point","coordinates":[20.318003,49.986375]}},{"type":"Feature","properties":{"text":"A22 A26","n":2,"mode":"bus","angle":-45,"op":"Małopolskie Linie Dowozowe"},"geometry":{"type":"Point","coordinates":[20.320735,49.972273]}},{"type":"Feature","properties":{"text":"A22 A26","n":2,"mode":"bus","angle":-45,"op":"Małopolskie Linie Dowozowe"},"geometry":{"type":"Point","coordinates":[20.320735,49.966985]}},{"type":"Feature","properties":{"text":"A22 A24 A27 A29 A30 A31 A35 A55","n":8,"mode":"bus","angle":-45,"op":"Małopolskie Linie Dowozowe"},"geometry":{"type":"Point","coordinates":[20.337124,49.982849]}},{"type":"Feature","properties":{"text":"A27 A31","n":2,"mode":"bus","angle":45,"op":"Małopolskie Linie Dowozowe"},"geometry":{"type":"Point","coordinates":[20.339856,49.982849]}},{"type":"Feature","properties":{"text":"A53","n":1,"mode":"bus","angle":45,"op":"Małopolskie Linie Dowozowe"},"geometry":{"type":"Point","coordinates":[19.962901,49.922919]}},{"type":"Feature","properties":{"text":"A22 A24 A27","n":3,"mode":"bus","angle":-45,"op":"Małopolskie Linie Dowozowe"},"geometry":{"type":"Point","coordinates":[20.331661,49.975799]}},{"type":"Feature","properties":{"text":"A27","n":1,"mode":"bus","angle":-45,"op":"Małopolskie Linie Dowozowe"},"geometry":{"type":"Point","coordinates":[20.32893,49.972273]}},{"type":"Feature","properties":{"text":"A22 A55","n":2,"mode":"bus","angle":-45,"op":"Małopolskie Linie Dowozowe"},"geometry":{"type":"Point","coordinates":[20.337124,49.981087]}},{"type":"Feature","properties":{"text":"A61","n":1,"mode":"bus","angle":45,"op":"Małopolskie Linie Dowozowe"},"geometry":{"type":"Point","coordinates":[20.184157,49.83126]}},{"type":"Feature","properties":{"text":"A21","n":1,"mode":"bus","angle":-45,"op":"Małopolskie Linie Dowozowe"},"geometry":{"type":"Point","coordinates":[20.170499,49.834785]}},{"type":"Feature","properties":{"text":"A15 A21 A45","n":3,"mode":"bus","angle":-45,"op":"Małopolskie Linie Dowozowe"},"geometry":{"type":"Point","coordinates":[20.0667,49.822447]}},{"type":"Feature","properties":{"text":"A15 A21 A32 A45 A61 A71","n":6,"mode":"bus","angle":45,"op":"Małopolskie Linie Dowozowe"},"geometry":{"type":"Point","coordinates":[20.069432,49.822447]}},{"type":"Feature","properties":{"text":"A27","n":1,"mode":"bus","angle":45,"op":"Małopolskie Linie Dowozowe"},"geometry":{"type":"Point","coordinates":[20.345319,49.972273]}},{"type":"Feature","properties":{"text":"A28","n":1,"mode":"bus","angle":-45,"op":"Małopolskie Linie Dowozowe"},"geometry":{"type":"Point","coordinates":[20.345319,49.96346]}},{"type":"Feature","properties":{"text":"A24 A29 A30 A36 A38 A39","n":6,"mode":"bus","angle":-45,"op":"Małopolskie Linie Dowozowe"},"geometry":{"type":"Point","coordinates":[20.337124,49.986375]}},{"type":"Feature","properties":{"text":"A34 A35","n":2,"mode":"bus","angle":-45,"op":"Małopolskie Linie Dowozowe"},"geometry":{"type":"Point","coordinates":[20.348051,49.988137]}},{"type":"Feature","properties":{"text":"A34","n":1,"mode":"bus","angle":-45,"op":"Małopolskie Linie Dowozowe"},"geometry":{"type":"Point","coordinates":[20.350782,49.9899]}},{"type":"Feature","properties":{"text":"A35","n":1,"mode":"bus","angle":-45,"op":"Małopolskie Linie Dowozowe"},"geometry":{"type":"Point","coordinates":[20.350782,49.9899]}},{"type":"Feature","properties":{"text":"A34 A35 A36 A38 A39 A62","n":6,"mode":"bus","angle":45,"op":"Małopolskie Linie Dowozowe"},"geometry":{"type":"Point","coordinates":[20.342587,49.984612]}},{"type":"Feature","properties":{"text":"A24 A29 A30","n":3,"mode":"bus","angle":-45,"op":"Małopolskie Linie Dowozowe"},"geometry":{"type":"Point","coordinates":[20.342587,49.986375]}},{"type":"Feature","properties":{"text":"A38","n":1,"mode":"bus","angle":45,"op":"Małopolskie Linie Dowozowe"},"geometry":{"type":"Point","coordinates":[20.342587,49.996951]}},{"type":"Feature","properties":{"text":"A23","n":1,"mode":"bus","angle":45,"op":"Małopolskie Linie Dowozowe"},"geometry":{"type":"Point","coordinates":[20.350782,49.956409]}},{"type":"Feature","properties":{"text":"A23","n":1,"mode":"bus","angle":45,"op":"Małopolskie Linie Dowozowe"},"geometry":{"type":"Point","coordinates":[20.345319,49.926444]}},{"type":"Feature","properties":{"text":"A23","n":1,"mode":"bus","angle":-45,"op":"Małopolskie Linie Dowozowe"},"geometry":{"type":"Point","coordinates":[20.334393,49.875327]}},{"type":"Feature","properties":{"text":"A29","n":1,"mode":"bus","angle":-45,"op":"Małopolskie Linie Dowozowe"},"geometry":{"type":"Point","coordinates":[20.334393,49.974036]}},{"type":"Feature","properties":{"text":"A29","n":1,"mode":"bus","angle":45,"op":"Małopolskie Linie Dowozowe"},"geometry":{"type":"Point","coordinates":[20.331661,49.966985]}},{"type":"Feature","properties":{"text":"A29 A30","n":2,"mode":"bus","angle":45,"op":"Małopolskie Linie Dowozowe"},"geometry":{"type":"Point","coordinates":[20.342587,49.988137]}},{"type":"Feature","properties":{"text":"A29 A31","n":2,"mode":"bus","angle":-45,"op":"Małopolskie Linie Dowozowe"},"geometry":{"type":"Point","coordinates":[20.331661,49.972273]}},{"type":"Feature","properties":{"text":"A3","n":1,"mode":"bus","angle":-45,"op":"Małopolskie Linie Dowozowe"},"geometry":{"type":"Point","coordinates":[20.238788,49.898241]}},{"type":"Feature","properties":{"text":"A20","n":1,"mode":"bus","angle":45,"op":"Małopolskie Linie Dowozowe"},"geometry":{"type":"Point","coordinates":[20.257909,49.928207]}},{"type":"Feature","properties":{"text":"A32 A33 A61 A71","n":4,"mode":"bus","angle":45,"op":"Małopolskie Linie Dowozowe"},"geometry":{"type":"Point","coordinates":[20.077626,49.825972]}},{"type":"Feature","properties":{"text":"A61","n":1,"mode":"bus","angle":45,"op":"Małopolskie Linie Dowozowe"},"geometry":{"type":"Point","coordinates":[20.170499,49.820684]}},{"type":"Feature","properties":{"text":"A61","n":1,"mode":"bus","angle":-45,"op":"Małopolskie Linie Dowozowe"},"geometry":{"type":"Point","coordinates":[20.178694,49.820684]}},{"type":"Feature","properties":{"text":"A71","n":1,"mode":"bus","angle":-45,"op":"Małopolskie Linie Dowozowe"},"geometry":{"type":"Point","coordinates":[20.175962,49.820684]}},{"type":"Feature","properties":{"text":"A42","n":1,"mode":"bus","angle":45,"op":"Małopolskie Linie Dowozowe"},"geometry":{"type":"Point","coordinates":[19.905538,50.028679]}},{"type":"Feature","properties":{"text":"A10 A42","n":2,"mode":"bus","angle":-45,"op":"Małopolskie Linie Dowozowe"},"geometry":{"type":"Point","coordinates":[19.92739,50.028679]}},{"type":"Feature","properties":{"text":"A61 A71","n":2,"mode":"bus","angle":45,"op":"Małopolskie Linie Dowozowe"},"geometry":{"type":"Point","coordinates":[20.186889,49.829497]}},{"type":"Feature","properties":{"text":"A32 A33 A61 A71","n":4,"mode":"bus","angle":-90,"op":"Małopolskie Linie Dowozowe"},"geometry":{"type":"Point","coordinates":[20.068066,49.824209]}},{"type":"Feature","properties":{"text":"137 138 207 513","n":4,"mode":"bus","angle":0,"op":"MPK Kraków — buses"},"geometry":{"type":"Point","coordinates":[20.009337,50.034848]}},{"type":"Feature","properties":{"text":"120 140","n":2,"mode":"bus","angle":0,"op":"MPK Kraków — buses"},"geometry":{"type":"Point","coordinates":[20.006606,50.031323]}},{"type":"Feature","properties":{"text":"130 144 194 494","n":4,"mode":"bus","angle":-90,"op":"MPK Kraków — buses"},"geometry":{"type":"Point","coordinates":[20.002508,50.030441]}},{"type":"Feature","properties":{"text":"102 664 704 708","n":4,"mode":"bus","angle":0,"op":"MPK Kraków — buses"},"geometry":{"type":"Point","coordinates":[19.998411,50.026035]}},{"type":"Feature","properties":{"text":"664 704 708","n":3,"mode":"bus","angle":0,"op":"MPK Kraków — buses"},"geometry":{"type":"Point","coordinates":[20.001143,50.026035]}},{"type":"Feature","properties":{"text":"102 LR0","n":2,"mode":"bus","angle":90,"op":"MPK Kraków — buses"},"geometry":{"type":"Point","coordinates":[19.994314,50.025153]}},{"type":"Feature","properties":{"text":"139 164 173 199 601 611","n":6,"mode":"bus","angle":0,"op":"MPK Kraków — buses"},"geometry":{"type":"Point","coordinates":[19.995679,50.024272]}},{"type":"Feature","properties":{"text":"192 902","n":2,"mode":"bus","angle":0,"op":"MPK Kraków — buses"},"geometry":{"type":"Point","coordinates":[19.971095,50.018984]}},{"type":"Feature","properties":{"text":"300","n":1,"mode":"bus","angle":0,"op":"MPK Kraków — buses"},"geometry":{"type":"Point","coordinates":[19.971095,50.018984]}},{"type":"Feature","properties":{"text":"102 209 219 229 239 269 279 609 A60","n":9,"mode":"bus","angle":0,"op":"mix"},"geometry":{"type":"Point","coordinates":[19.965632,50.006645]}},{"type":"Feature","properties":{"text":"209 219 229 239 269 279 609 A60","n":8,"mode":"bus","angle":0,"op":"mix"},"geometry":{"type":"Point","coordinates":[19.968364,50.006645]}},{"type":"Feature","properties":{"text":"134","n":1,"mode":"bus","angle":-90,"op":"MPK Kraków — buses"},"geometry":{"type":"Point","coordinates":[19.997045,50.019865]}},{"type":"Feature","properties":{"text":"300","n":1,"mode":"bus","angle":0,"op":"MPK Kraków — buses"},"geometry":{"type":"Point","coordinates":[19.998411,50.018984]}},{"type":"Feature","properties":{"text":"104","n":1,"mode":"bus","angle":0,"op":"MPK Kraków — buses"},"geometry":{"type":"Point","coordinates":[19.987485,49.987256]}},{"type":"Feature","properties":{"text":"104","n":1,"mode":"bus","angle":0,"op":"MPK Kraków — buses"},"geometry":{"type":"Point","coordinates":[19.982022,49.989019]}},{"type":"Feature","properties":{"text":"121","n":1,"mode":"bus","angle":-90,"op":"MPK Kraków — buses"},"geometry":{"type":"Point","coordinates":[19.983387,49.9899]}},{"type":"Feature","properties":{"text":"104 194 204 293 494 608","n":6,"mode":"bus","angle":0,"op":"MPK Kraków — buses"},"geometry":{"type":"Point","coordinates":[19.976559,49.990781]}},{"type":"Feature","properties":{"text":"104 204 293","n":3,"mode":"bus","angle":0,"op":"MPK Kraków — buses"},"geometry":{"type":"Point","coordinates":[19.973827,49.990781]}},{"type":"Feature","properties":{"text":"105","n":1,"mode":"bus","angle":-90,"op":"MPK Kraków — buses"},"geometry":{"type":"Point","coordinates":[20.048945,50.046305]}},{"type":"Feature","properties":{"text":"260 270","n":2,"mode":"bus","angle":-90,"op":"MPK Kraków — buses"},"geometry":{"type":"Point","coordinates":[20.048945,50.048068]}},{"type":"Feature","properties":{"text":"105 199 405 610","n":4,"mode":"bus","angle":90,"op":"MPK Kraków — buses"},"geometry":{"type":"Point","coordinates":[20.021629,50.037492]}},{"type":"Feature","properties":{"text":"105 132 139 199 405 610","n":6,"mode":"bus","angle":0,"op":"MPK Kraków — buses"},"geometry":{"type":"Point","coordinates":[20.020263,50.036611]}},{"type":"Feature","properties":{"text":"105 132 139 169 199 405 469 503 610 A12 A13","n":11,"mode":"bus","angle":90,"op":"mix"},"geometry":{"type":"Point","coordinates":[20.016166,50.033967]}},{"type":"Feature","properties":{"text":"105 132 139 169 199 405 469 503 608 610","n":10,"mode":"bus","angle":0,"op":"MPK Kraków — buses"},"geometry":{"type":"Point","coordinates":[20.0148,50.033085]}},{"type":"Feature","properties":{"text":"105 132 139 169 199 405 469 608 610","n":9,"mode":"bus","angle":90,"op":"MPK Kraków — buses"},"geometry":{"type":"Point","coordinates":[20.013435,50.032204]}},{"type":"Feature","properties":{"text":"130 179 189 192 304 511 669 704 904 A1 A14 A40 A44 A56 A64","n":15,"mode":"bus","angle":0,"op":"mix"},"geometry":{"type":"Point","coordinates":[20.009337,50.027797]}},{"type":"Feature","properties":{"text":"189 192 A1 A14 A40 A44 A56 A64","n":8,"mode":"bus","angle":0,"op":"mix"},"geometry":{"type":"Point","coordinates":[20.012069,50.027797]}},{"type":"Feature","properties":{"text":"3 5 17 50 69","n":5,"mode":"tram","angle":-90,"op":"MPK Kraków — trams"},"geometry":{"type":"Point","coordinates":[20.010703,50.028679]}},{"type":"Feature","properties":{"text":"609 902","n":2,"mode":"bus","angle":-90,"op":"MPK Kraków — buses"},"geometry":{"type":"Point","coordinates":[20.013435,50.026916]}},{"type":"Feature","properties":{"text":"107 164 169 174 179 610","n":6,"mode":"bus","angle":90,"op":"MPK Kraków — buses"},"geometry":{"type":"Point","coordinates":[20.00524,50.005764]}},{"type":"Feature","properties":{"text":"107 169","n":2,"mode":"bus","angle":0,"op":"MPK Kraków — buses"},"geometry":{"type":"Point","coordinates":[20.009337,49.999595]}},{"type":"Feature","properties":{"text":"112 162 176 476 712","n":5,"mode":"bus","angle":0,"op":"MPK Kraków — buses"},"geometry":{"type":"Point","coordinates":[19.971095,50.001357]}},{"type":"Feature","properties":{"text":"112 126 162 194 219 494 662 712","n":8,"mode":"bus","angle":0,"op":"mix"},"geometry":{"type":"Point","coordinates":[19.998411,50.015459]}},{"type":"Feature","properties":{"text":"18 22 52 62","n":4,"mode":"tram","angle":0,"op":"mix"},"geometry":{"type":"Point","coordinates":[19.998411,50.015459]}},{"type":"Feature","properties":{"text":"120 140 337 513 669","n":5,"mode":"bus","angle":90,"op":"MPK Kraków — buses"},"geometry":{"type":"Point","coordinates":[20.007971,50.028679]}},{"type":"Feature","properties":{"text":"120 144 220 240 290 904","n":6,"mode":"bus","angle":-90,"op":"MPK Kraków — buses"},"geometry":{"type":"Point","coordinates":[20.002508,50.033967]}},{"type":"Feature","properties":{"text":"138 144 168 194 904","n":5,"mode":"bus","angle":90,"op":"MPK Kraków — buses"},"geometry":{"type":"Point","coordinates":[20.002508,50.032204]}},{"type":"Feature","properties":{"text":"120 220 240 290","n":4,"mode":"bus","angle":-90,"op":"MPK Kraków — buses"},"geometry":{"type":"Point","coordinates":[19.999777,50.037492]}},{"type":"Feature","properties":{"text":"238 248 258 268 278 288 948","n":7,"mode":"bus","angle":-90,"op":"MPK Kraków — buses"},"geometry":{"type":"Point","coordinates":[19.986119,50.030441]}},{"type":"Feature","properties":{"text":"120 173 200 210 230 238 248 258 268 278 288 310 511 572 611 910 948 LR0","n":18,"mode":"bus","angle":90,"op":"MPK Kraków — buses"},"geometry":{"type":"Point","coordinates":[19.988851,50.026916]}},{"type":"Feature","properties":{"text":"168 200 210 230 240 310 511 611 910","n":9,"mode":"bus","angle":-90,"op":"MPK Kraków — buses"},"geometry":{"type":"Point","coordinates":[19.988851,50.028679]}},{"type":"Feature","properties":{"text":"120 164 199 200 210 230 238 248 258 268 278 288 572 601 664 704 708 910 948","n":19,"mode":"bus","angle":0,"op":"MPK Kraków — buses"},"geometry":{"type":"Point","coordinates":[19.987485,50.026035]}},{"type":"Feature","properties":{"text":"164 173 199 310 511 601 611","n":7,"mode":"bus","angle":90,"op":"MPK Kraków — buses"},"geometry":{"type":"Point","coordinates":[19.988851,50.025153]}},{"type":"Feature","properties":{"text":"149","n":1,"mode":"bus","angle":-90,"op":"MPK Kraków — buses"},"geometry":{"type":"Point","coordinates":[20.07626,50.046305]}},{"type":"Feature","properties":{"text":"122 180 608","n":3,"mode":"bus","angle":0,"op":"MPK Kraków — buses"},"geometry":{"type":"Point","coordinates":[20.072163,50.043661]}},{"type":"Feature","properties":{"text":"122 601 608","n":3,"mode":"bus","angle":90,"op":"MPK Kraków — buses"},"geometry":{"type":"Point","coordinates":[20.059871,50.04278]}},{"type":"Feature","properties":{"text":"138","n":1,"mode":"bus","angle":0,"op":"MPK Kraków — buses"},"geometry":{"type":"Point","coordinates":[20.058505,50.041899]}},{"type":"Feature","properties":{"text":"122 189 572 A50 A57","n":5,"mode":"bus","angle":0,"op":"mix"},"geometry":{"type":"Point","coordinates":[20.053042,50.036611]}},{"type":"Feature","properties":{"text":"122 572","n":2,"mode":"bus","angle":0,"op":"MPK Kraków — buses"},"geometry":{"type":"Point","coordinates":[20.055774,50.036611]}},{"type":"Feature","properties":{"text":"160 601","n":2,"mode":"bus","angle":0,"op":"MPK Kraków — buses"},"geometry":{"type":"Point","coordinates":[20.058505,50.036611]}},{"type":"Feature","properties":{"text":"601","n":1,"mode":"bus","angle":90,"op":"MPK Kraków — buses"},"geometry":{"type":"Point","coordinates":[20.05714,50.035729]}},{"type":"Feature","properties":{"text":"123 132 139 182 601","n":5,"mode":"bus","angle":0,"op":"mix"},"geometry":{"type":"Point","coordinates":[20.039384,50.041899]}},{"type":"Feature","properties":{"text":"132 139 182 601","n":4,"mode":"bus","angle":0,"op":"mix"},"geometry":{"type":"Point","coordinates":[20.042116,50.041899]}},{"type":"Feature","properties":{"text":"123 189 608 611","n":4,"mode":"bus","angle":0,"op":"MPK Kraków — buses"},"geometry":{"type":"Point","coordinates":[20.042116,50.038373]}},{"type":"Feature","properties":{"text":"138 189 608 611","n":4,"mode":"bus","angle":0,"op":"MPK Kraków — buses"},"geometry":{"type":"Point","coordinates":[20.039384,50.038373]}},{"type":"Feature","properties":{"text":"572","n":1,"mode":"bus","angle":0,"op":"MPK Kraków — buses"},"geometry":{"type":"Point","coordinates":[20.042116,50.038373]}},{"type":"Feature","properties":{"text":"123 132 139 601 664","n":5,"mode":"bus","angle":0,"op":"mix"},"geometry":{"type":"Point","coordinates":[20.047579,50.040136]}},{"type":"Feature","properties":{"text":"14 16 21 52","n":4,"mode":"tram","angle":0,"op":"mix"},"geometry":{"type":"Point","coordinates":[20.047579,50.040136]}},{"type":"Feature","properties":{"text":"123","n":1,"mode":"bus","angle":90,"op":"MPK Kraków — buses"},"geometry":{"type":"Point","coordinates":[20.068066,50.035729]}},{"type":"Feature","properties":{"text":"125 195 605","n":3,"mode":"bus","angle":90,"op":"MPK Kraków — buses"},"geometry":{"type":"Point","coordinates":[20.054408,50.021628]}},{"type":"Feature","properties":{"text":"123 125 128 148 158 195 221 264 497 605 A58","n":11,"mode":"bus","angle":0,"op":"mix"},"geometry":{"type":"Point","coordinates":[20.03119,50.018984]}},{"type":"Feature","properties":{"text":"124 182 189 424 482 511 601 611","n":8,"mode":"bus","angle":0,"op":"MPK Kraków — buses"},"geometry":{"type":"Point","coordinates":[20.022995,50.031323]}},{"type":"Feature","properties":{"text":"511","n":1,"mode":"bus","angle":-90,"op":"MPK Kraków — buses"},"geometry":{"type":"Point","coordinates":[20.021629,50.032204]}},{"type":"Feature","properties":{"text":"182 189 482 511","n":4,"mode":"bus","angle":0,"op":"MPK Kraków — buses"},"geometry":{"type":"Point","coordinates":[20.017532,50.026035]}},{"type":"Feature","properties":{"text":"124 424 601 608 611 664 704 902","n":8,"mode":"bus","angle":0,"op":"mix"},"geometry":{"type":"Point","coordinates":[20.009337,50.024272]}},{"type":"Feature","properties":{"text":"609 610 662 669 904","n":5,"mode":"bus","angle":90,"op":"mix"},"geometry":{"type":"Point","coordinates":[20.010703,50.023391]}},{"type":"Feature","properties":{"text":"1 3 10 14 18 22 52 62 69 74 76","n":11,"mode":"tram","angle":90,"op":"mix"},"geometry":{"type":"Point","coordinates":[20.010703,50.023391]}},{"type":"Feature","properties":{"text":"124 424 601 611 664 704 902","n":7,"mode":"bus","angle":0,"op":"MPK Kraków — buses"},"geometry":{"type":"Point","coordinates":[20.006606,50.024272]}},{"type":"Feature","properties":{"text":"124 139 169 179 192 199 424 469 601 608 611 664 704 902 A1 A14 A40 A44 A56 A64","n":20,"mode":"bus","angle":0,"op":"mix"},"geometry":{"type":"Point","coordinates":[20.003874,50.026035]}},{"type":"Feature","properties":{"text":"124 144 164 169 173 179 194 300 301 304 310 424 469 494 503 513 608 708 A1 A14 A40 A44 A56 A64 LR0","n":25,"mode":"bus","angle":90,"op":"mix"},"geometry":{"type":"Point","coordinates":[19.999777,50.019865]}},{"type":"Feature","properties":{"text":"134 307","n":2,"mode":"bus","angle":0,"op":"MPK Kraków — buses"},"geometry":{"type":"Point","coordinates":[19.998411,50.020747]}},{"type":"Feature","properties":{"text":"125 128 158","n":3,"mode":"bus","angle":-90,"op":"MPK Kraków — buses"},"geometry":{"type":"Point","coordinates":[20.021629,50.021628]}},{"type":"Feature","properties":{"text":"A1 A14 A40 A44 A56 A64","n":6,"mode":"bus","angle":0,"op":"Małopolskie Linie Dowozowe"},"geometry":{"type":"Point","coordinates":[20.0148,50.027797]}},{"type":"Feature","properties":{"text":"463","n":1,"mode":"bus","angle":0,"op":"MPK Kraków — buses"},"geometry":{"type":"Point","coordinates":[20.009337,50.015459]}},{"type":"Feature","properties":{"text":"13 17 76","n":3,"mode":"tram","angle":0,"op":"MPK Kraków — trams"},"geometry":{"type":"Point","coordinates":[20.009337,50.015459]}},{"type":"Feature","properties":{"text":"127","n":1,"mode":"bus","angle":0,"op":"MPK Kraków — buses"},"geometry":{"type":"Point","coordinates":[20.017532,50.018984]}},{"type":"Feature","properties":{"text":"605","n":1,"mode":"bus","angle":-90,"op":"mix"},"geometry":{"type":"Point","coordinates":[20.016166,50.019865]}},{"type":"Feature","properties":{"text":"148","n":1,"mode":"bus","angle":-90,"op":"MPK Kraków — buses"},"geometry":{"type":"Point","coordinates":[20.027092,50.021628]}},{"type":"Feature","properties":{"text":"138","n":1,"mode":"bus","angle":90,"op":"MPK Kraków — buses"},"geometry":{"type":"Point","coordinates":[20.027092,50.037492]}},{"type":"Feature","properties":{"text":"317 669","n":2,"mode":"bus","angle":0,"op":"MPK Kraków — buses"},"geometry":{"type":"Point","coordinates":[20.020263,50.040136]}},{"type":"Feature","properties":{"text":"169 307 469 503","n":4,"mode":"bus","angle":-90,"op":"MPK Kraków — buses"},"geometry":{"type":"Point","coordinates":[20.027092,50.044543]}},{"type":"Feature","properties":{"text":"140 168 173","n":3,"mode":"bus","angle":0,"op":"MPK Kraków — buses"},"geometry":{"type":"Point","coordinates":[19.995679,50.031323]}},{"type":"Feature","properties":{"text":"74","n":1,"mode":"tram","angle":-90,"op":"mix"},"geometry":{"type":"Point","coordinates":[20.078992,50.039255]}},{"type":"Feature","properties":{"text":"21 22 75","n":3,"mode":"tram","angle":90,"op":"MPK Kraków — trams"},"geometry":{"type":"Point","coordinates":[20.078992,50.037492]}},{"type":"Feature","properties":{"text":"139 160 601","n":3,"mode":"bus","angle":90,"op":"MPK Kraków — buses"},"geometry":{"type":"Point","coordinates":[20.059871,50.037492]}},{"type":"Feature","properties":{"text":"138 189 611","n":3,"mode":"bus","angle":0,"op":"MPK Kraków — buses"},"geometry":{"type":"Point","coordinates":[20.036653,50.038373]}},{"type":"Feature","properties":{"text":"139 144 164 173 194 199 494 601 611","n":9,"mode":"bus","angle":0,"op":"MPK Kraków — buses"},"geometry":{"type":"Point","coordinates":[19.998411,50.024272]}},{"type":"Feature","properties":{"text":"138 182 511","n":3,"mode":"bus","angle":0,"op":"MPK Kraków — buses"},"geometry":{"type":"Point","coordinates":[20.053042,50.043661]}},{"type":"Feature","properties":{"text":"572 608","n":2,"mode":"bus","angle":0,"op":"MPK Kraków — buses"},"geometry":{"type":"Point","coordinates":[20.028458,50.036611]}},{"type":"Feature","properties":{"text":"140","n":1,"mode":"bus","angle":90,"op":"MPK Kraków — buses"},"geometry":{"type":"Point","coordinates":[19.994314,50.030441]}},{"type":"Feature","properties":{"text":"204","n":1,"mode":"bus","angle":0,"op":"MPK Kraków — buses"},"geometry":{"type":"Point","coordinates":[20.022995,50.00312]}},{"type":"Feature","properties":{"text":"153","n":1,"mode":"bus","angle":90,"op":"MPK Kraków — buses"},"geometry":{"type":"Point","coordinates":[20.021629,50.004001]}},{"type":"Feature","properties":{"text":"153 204 513","n":3,"mode":"bus","angle":90,"op":"MPK Kraków — buses"},"geometry":{"type":"Point","coordinates":[20.021629,50.004001]}},{"type":"Feature","properties":{"text":"150 572","n":2,"mode":"bus","angle":0,"op":"MPK Kraków — buses"},"geometry":{"type":"Point","coordinates":[20.006606,50.036611]}},{"type":"Feature","properties":{"text":"164 199 601","n":3,"mode":"bus","angle":-90,"op":"MPK Kraków — buses"},"geometry":{"type":"Point","coordinates":[19.975193,50.026916]}},{"type":"Feature","properties":{"text":"218 228 298 918","n":4,"mode":"bus","angle":0,"op":"MPK Kraków — buses"},"geometry":{"type":"Point","coordinates":[19.973827,50.026035]}},{"type":"Feature","properties":{"text":"168 240","n":2,"mode":"bus","angle":0,"op":"MPK Kraków — buses"},"geometry":{"type":"Point","coordinates":[19.992948,50.033085]}},{"type":"Feature","properties":{"text":"18 52 62","n":3,"mode":"tram","angle":90,"op":"mix"},"geometry":{"type":"Point","coordinates":[19.994314,50.007527]}},{"type":"Feature","properties":{"text":"194 494 662","n":3,"mode":"bus","angle":0,"op":"mix"},"geometry":{"type":"Point","coordinates":[19.992948,50.006645]}},{"type":"Feature","properties":{"text":"11 17 18 52 62","n":5,"mode":"tram","angle":0,"op":"mix"},"geometry":{"type":"Point","coordinates":[19.992948,50.006645]}},{"type":"Feature","properties":{"text":"11 17","n":2,"mode":"tram","angle":0,"op":"MPK Kraków — trams"},"geometry":{"type":"Point","coordinates":[19.995679,50.006645]}},{"type":"Feature","properties":{"text":"203 223 235 273 295 A43","n":6,"mode":"bus","angle":0,"op":"mix"},"geometry":{"type":"Point","coordinates":[19.954706,49.974917]}},{"type":"Feature","properties":{"text":"203 223 235 273 295 A43 A53","n":7,"mode":"bus","angle":0,"op":"mix"},"geometry":{"type":"Point","coordinates":[19.957438,49.974917]}},{"type":"Feature","properties":{"text":"207 227 267 337 937 A12 A13","n":7,"mode":"bus","angle":90,"op":"mix"},"geometry":{"type":"Point","coordinates":[20.010703,50.046305]}},{"type":"Feature","properties":{"text":"227 267 337 937 A12 A13","n":6,"mode":"bus","angle":90,"op":"mix"},"geometry":{"type":"Point","coordinates":[20.010703,50.044543]}},{"type":"Feature","properties":{"text":"209 218 228 258 298 918","n":6,"mode":"bus","angle":0,"op":"MPK Kraków — buses"},"geometry":{"type":"Point","coordinates":[19.962901,50.020747]}},{"type":"Feature","properties":{"text":"209 269 A44 A60","n":4,"mode":"bus","angle":0,"op":"mix"},"geometry":{"type":"Point","coordinates":[19.941048,50.008408]}},{"type":"Feature","properties":{"text":"269 A60","n":2,"mode":"bus","angle":0,"op":"mix"},"geometry":{"type":"Point","coordinates":[19.938317,50.008408]}},{"type":"Feature","properties":{"text":"210","n":1,"mode":"bus","angle":0,"op":"MPK Kraków — buses"},"geometry":{"type":"Point","coordinates":[19.984753,50.040136]}},{"type":"Feature","properties":{"text":"217 247 297","n":3,"mode":"bus","angle":0,"op":"MPK Kraków — buses"},"geometry":{"type":"Point","coordinates":[20.03119,50.047187]}},{"type":"Feature","properties":{"text":"219 229 239 279","n":4,"mode":"bus","angle":0,"op":"MPK Kraków — buses"},"geometry":{"type":"Point","coordinates":[19.951975,50.001357]}},{"type":"Feature","properties":{"text":"259 279 A14 A44 A64","n":5,"mode":"bus","angle":0,"op":"mix"},"geometry":{"type":"Point","coordinates":[19.949243,49.994307]}},{"type":"Feature","properties":{"text":"223 235 273 295","n":4,"mode":"bus","angle":0,"op":"MPK Kraków — buses"},"geometry":{"type":"Point","coordinates":[19.951975,49.969629]}},{"type":"Feature","properties":{"text":"243","n":1,"mode":"bus","angle":-90,"op":"MPK Kraków — buses"},"geometry":{"type":"Point","coordinates":[19.964267,49.972273]}},{"type":"Feature","properties":{"text":"244","n":1,"mode":"bus","angle":0,"op":"MPK Kraków — buses"},"geometry":{"type":"Point","coordinates":[20.042116,49.987256]}},{"type":"Feature","properties":{"text":"244","n":1,"mode":"bus","angle":90,"op":"MPK Kraków — buses"},"geometry":{"type":"Point","coordinates":[20.024361,49.991663]}},{"type":"Feature","properties":{"text":"227 267 937 A12 A13","n":5,"mode":"bus","angle":-90,"op":"mix"},"geometry":{"type":"Point","coordinates":[20.010703,50.04278]}},{"type":"Feature","properties":{"text":"238 258 948","n":3,"mode":"bus","angle":90,"op":"MPK Kraków — buses"},"geometry":{"type":"Point","coordinates":[19.977924,50.032204]}},{"type":"Feature","properties":{"text":"259 279 A64","n":3,"mode":"bus","angle":-90,"op":"mix"},"geometry":{"type":"Point","coordinates":[19.934219,49.981087]}},{"type":"Feature","properties":{"text":"A18 L1","n":2,"mode":"bus","angle":90,"op":"mix"},"geometry":{"type":"Point","coordinates":[20.065334,49.9899]}},{"type":"Feature","properties":{"text":"P2","n":1,"mode":"bus","angle":0,"op":"Wielicka Spółka Transportowa"},"geometry":{"type":"Point","coordinates":[20.025727,49.985493]}},{"type":"Feature","properties":{"text":"310","n":1,"mode":"bus","angle":-90,"op":"MPK Kraków — buses"},"geometry":{"type":"Point","coordinates":[19.983387,50.055119]}},{"type":"Feature","properties":{"text":"297","n":1,"mode":"bus","angle":-90,"op":"MPK Kraków — buses"},"geometry":{"type":"Point","coordinates":[20.04075,50.049831]}},{"type":"Feature","properties":{"text":"257 277","n":2,"mode":"bus","angle":90,"op":"MPK Kraków — buses"},"geometry":{"type":"Point","coordinates":[20.029824,50.062169]}},{"type":"Feature","properties":{"text":"257 277","n":2,"mode":"bus","angle":0,"op":"MPK Kraków — buses"},"geometry":{"type":"Point","coordinates":[20.042116,50.061288]}},{"type":"Feature","properties":{"text":"257 260 277","n":3,"mode":"bus","angle":90,"op":"MPK Kraków — buses"},"geometry":{"type":"Point","coordinates":[20.043482,50.058644]}},{"type":"Feature","properties":{"text":"267 A12 A13","n":3,"mode":"bus","angle":90,"op":"mix"},"geometry":{"type":"Point","coordinates":[20.007971,50.062169]}},{"type":"Feature","properties":{"text":"11 17 22","n":3,"mode":"tram","angle":0,"op":"MPK Kraków — trams"},"geometry":{"type":"Point","coordinates":[19.998411,50.006645]}},{"type":"Feature","properties":{"text":"904","n":1,"mode":"bus","angle":90,"op":"mix"},"geometry":{"type":"Point","coordinates":[20.007971,50.01634]}},{"type":"Feature","properties":{"text":"8 10 13 76","n":4,"mode":"tram","angle":90,"op":"mix"},"geometry":{"type":"Point","coordinates":[20.007971,50.01634]}},{"type":"Feature","properties":{"text":"8 10 13 18 76","n":5,"mode":"tram","angle":-90,"op":"MPK Kraków — trams"},"geometry":{"type":"Point","coordinates":[20.007971,50.018103]}},{"type":"Feature","properties":{"text":"9 11 49 50","n":4,"mode":"tram","angle":-90,"op":"MPK Kraków — trams"},"geometry":{"type":"Point","coordinates":[20.013435,50.011052]}},{"type":"Feature","properties":{"text":"17 76","n":2,"mode":"tram","angle":0,"op":"MPK Kraków — trams"},"geometry":{"type":"Point","coordinates":[20.012069,50.011933]}},{"type":"Feature","properties":{"text":"1 8 13 14","n":4,"mode":"tram","angle":0,"op":"mix"},"geometry":{"type":"Point","coordinates":[20.003874,50.020747]}},{"type":"Feature","properties":{"text":"8 13","n":2,"mode":"tram","angle":0,"op":"MPK Kraków — trams"},"geometry":{"type":"Point","coordinates":[20.006606,50.020747]}},{"type":"Feature","properties":{"text":"A44 A64 A66","n":3,"mode":"bus","angle":0,"op":"Małopolskie Linie Dowozowe"},"geometry":{"type":"Point","coordinates":[19.902806,49.999595]}},{"type":"Feature","properties":{"text":"A23 A28 A34 A36 A38 A39 A46 A62 A63","n":9,"mode":"bus","angle":-90,"op":"Małopolskie Linie Dowozowe"},"geometry":{"type":"Point","coordinates":[20.33849,49.981087]}},{"type":"Feature","properties":{"text":"A24 A27 A29 A30 A31 A35","n":6,"mode":"bus","angle":0,"op":"Małopolskie Linie Dowozowe"},"geometry":{"type":"Point","coordinates":[20.337124,49.980205]}},{"type":"Feature","properties":{"text":"A22 A34 A36 A38 A39 A55 A62","n":7,"mode":"bus","angle":90,"op":"Małopolskie Linie Dowozowe"},"geometry":{"type":"Point","coordinates":[20.33849,49.982849]}},{"type":"Feature","properties":{"text":"A23 A28 A46 A63","n":4,"mode":"bus","angle":0,"op":"Małopolskie Linie Dowozowe"},"geometry":{"type":"Point","coordinates":[20.339856,49.981968]}},{"type":"Feature","properties":{"text":"A21 A33 A71","n":3,"mode":"bus","angle":0,"op":"Małopolskie Linie Dowozowe"},"geometry":{"type":"Point","coordinates":[20.096747,49.821565]}},{"type":"Feature","properties":{"text":"A23 A27 A28 A31 A46 A63","n":6,"mode":"bus","angle":0,"op":"Małopolskie Linie Dowozowe"},"geometry":{"type":"Point","coordinates":[20.342587,49.981968]}},{"type":"Feature","properties":{"text":"A23","n":1,"mode":"bus","angle":0,"op":"Małopolskie Linie Dowozowe"},"geometry":{"type":"Point","coordinates":[20.339856,49.937901]}},{"type":"Feature","properties":{"text":"A32","n":1,"mode":"bus","angle":90,"op":"Małopolskie Linie Dowozowe"},"geometry":{"type":"Point","coordinates":[20.098113,49.799532]}},{"type":"Feature","properties":{"text":"A33 A61","n":2,"mode":"bus","angle":0,"op":"Małopolskie Linie Dowozowe"},"geometry":{"type":"Point","coordinates":[20.167768,49.823328]}},{"type":"Feature","properties":{"text":"A33 A61","n":2,"mode":"bus","angle":0,"op":"Małopolskie Linie Dowozowe"},"geometry":{"type":"Point","coordinates":[20.181425,49.821565]}},{"type":"Feature","properties":{"text":"A33 A61 A71","n":3,"mode":"bus","angle":0,"op":"Małopolskie Linie Dowozowe"},"geometry":{"type":"Point","coordinates":[20.173231,49.819803]}}]}